date,store_nbr,family,deepar_pred
2017-08-16,1,AUTOMOTIVE,2.3230836
2017-08-17,1,AUTOMOTIVE,1.9357998
2017-08-18,1,AUTOMOTIVE,2.206655
2017-08-19,1,AUTOMOTIVE,2.325857
2017-08-20,1,AUTOMOTIVE,1.8784384
2017-08-21,1,AUTOMOTIVE,1.7987663
2017-08-22,1,AUTOMOTIVE,1.8363086
2017-08-23,1,AUTOMOTIVE,2.2066555
2017-08-24,1,AUTOMOTIVE,1.8036237
2017-08-25,1,AUTOMOTIVE,1.9394618
2017-08-26,1,AUTOMOTIVE,1.9934112
2017-08-27,1,AUTOMOTIVE,2.0142646
2017-08-28,1,AUTOMOTIVE,1.759342
2017-08-29,1,AUTOMOTIVE,2.2692165
2017-08-30,1,AUTOMOTIVE,2.5135717
2017-08-16,1,BEAUTY,0.005167521
2017-08-17,1,BEAUTY,0.0
2017-08-18,1,BEAUTY,0.08690937
2017-08-19,1,BEAUTY,0.018684698
2017-08-20,1,BEAUTY,0.054474488
2017-08-21,1,BEAUTY,0.0
2017-08-22,1,BEAUTY,0.0
2017-08-23,1,BEAUTY,0.051892545
2017-08-24,1,BEAUTY,0.0
2017-08-25,1,BEAUTY,0.08683791
2017-08-26,1,BEAUTY,0.043884914
2017-08-27,1,BEAUTY,0.058287308
2017-08-28,1,BEAUTY,0.0
2017-08-29,1,BEAUTY,0.046749182
2017-08-30,1,BEAUTY,0.0
2017-08-16,1,BEVERAGES,2.3340826
2017-08-17,1,BEVERAGES,2.2942996
2017-08-18,1,BEVERAGES,1.7637327
2017-08-19,1,BEVERAGES,2.5937762
2017-08-20,1,BEVERAGES,1.8887615
2017-08-21,1,BEVERAGES,1.6934543
2017-08-22,1,BEVERAGES,1.8538322
2017-08-23,1,BEVERAGES,2.0964065
2017-08-24,1,BEVERAGES,1.8589236
2017-08-25,1,BEVERAGES,1.9007784
2017-08-26,1,BEVERAGES,2.0527785
2017-08-27,1,BEVERAGES,1.8731524
2017-08-28,1,BEVERAGES,1.5281233
2017-08-29,1,BEVERAGES,1.7127713
2017-08-30,1,BEVERAGES,2.0607526
2017-08-16,1,BOOKS,1677.3335
2017-08-17,1,BOOKS,1315.1188
2017-08-18,1,BOOKS,1575.8021
2017-08-19,1,BOOKS,1586.1174
2017-08-20,1,BOOKS,1353.1948
2017-08-21,1,BOOKS,1316.753
2017-08-22,1,BOOKS,1223.0515
2017-08-23,1,BOOKS,1441.3009
2017-08-24,1,BOOKS,1277.9642
2017-08-25,1,BOOKS,1492.465
2017-08-26,1,BOOKS,1491.0604
2017-08-27,1,BOOKS,1278.7433
2017-08-28,1,BOOKS,1215.6412
2017-08-29,1,BOOKS,1179.5721
2017-08-30,1,BOOKS,1664.0153
2017-08-16,1,BREAD/BAKERY,103.11458
2017-08-17,1,BREAD/BAKERY,90.21613
2017-08-18,1,BREAD/BAKERY,99.202126
2017-08-19,1,BREAD/BAKERY,107.20882
2017-08-20,1,BREAD/BAKERY,99.19423
2017-08-21,1,BREAD/BAKERY,90.54835
2017-08-22,1,BREAD/BAKERY,93.22588
2017-08-23,1,BREAD/BAKERY,99.21117
2017-08-24,1,BREAD/BAKERY,86.13725
2017-08-25,1,BREAD/BAKERY,106.30898
2017-08-26,1,BREAD/BAKERY,119.986595
2017-08-27,1,BREAD/BAKERY,102.95937
2017-08-28,1,BREAD/BAKERY,91.93449
2017-08-29,1,BREAD/BAKERY,92.29527
2017-08-30,1,BREAD/BAKERY,109.7583
2017-08-16,1,CELEBRATION,4.7485833
2017-08-17,1,CELEBRATION,3.9071615
2017-08-18,1,CELEBRATION,4.923134
2017-08-19,1,CELEBRATION,4.7222004
2017-08-20,1,CELEBRATION,3.3043878
2017-08-21,1,CELEBRATION,3.9691558
2017-08-22,1,CELEBRATION,4.205948
2017-08-23,1,CELEBRATION,5.6562347
2017-08-24,1,CELEBRATION,4.0684867
2017-08-25,1,CELEBRATION,4.761907
2017-08-26,1,CELEBRATION,4.0161304
2017-08-27,1,CELEBRATION,3.6371965
2017-08-28,1,CELEBRATION,3.9849985
2017-08-29,1,CELEBRATION,3.8703449
2017-08-30,1,CELEBRATION,4.7459617
2017-08-16,1,CLEANING,793.4922
2017-08-17,1,CLEANING,639.0418
2017-08-18,1,CLEANING,713.3642
2017-08-19,1,CLEANING,882.9819
2017-08-20,1,CLEANING,712.6096
2017-08-21,1,CLEANING,666.67566
2017-08-22,1,CLEANING,757.9911
2017-08-23,1,CLEANING,779.23425
2017-08-24,1,CLEANING,650.83203
2017-08-25,1,CLEANING,823.7367
2017-08-26,1,CLEANING,934.22437
2017-08-27,1,CLEANING,673.75
2017-08-28,1,CLEANING,597.168
2017-08-29,1,CLEANING,745.08215
2017-08-30,1,CLEANING,1102.5366
2017-08-16,1,DAIRY,390.57175
2017-08-17,1,DAIRY,264.29556
2017-08-18,1,DAIRY,281.50693
2017-08-19,1,DAIRY,309.10733
2017-08-20,1,DAIRY,292.68384
2017-08-21,1,DAIRY,269.77478
2017-08-22,1,DAIRY,293.69855
2017-08-23,1,DAIRY,392.505
2017-08-24,1,DAIRY,281.7935
2017-08-25,1,DAIRY,307.57053
2017-08-26,1,DAIRY,320.14447
2017-08-27,1,DAIRY,299.53793
2017-08-28,1,DAIRY,284.5549
2017-08-29,1,DAIRY,302.55176
2017-08-30,1,DAIRY,383.68436
2017-08-16,1,DELI,244.54646
2017-08-17,1,DELI,200.00911
2017-08-18,1,DELI,325.1901
2017-08-19,1,DELI,290.678
2017-08-20,1,DELI,231.09354
2017-08-21,1,DELI,218.9126
2017-08-22,1,DELI,223.91808
2017-08-23,1,DELI,252.76657
2017-08-24,1,DELI,229.94525
2017-08-25,1,DELI,323.56577
2017-08-26,1,DELI,287.69263
2017-08-27,1,DELI,226.74669
2017-08-28,1,DELI,210.32628
2017-08-29,1,DELI,234.48991
2017-08-30,1,DELI,291.74323
2017-08-16,1,EGGS,49.626297
2017-08-17,1,EGGS,39.956673
2017-08-18,1,EGGS,55.204735
2017-08-19,1,EGGS,57.851902
2017-08-20,1,EGGS,45.05049
2017-08-21,1,EGGS,49.593777
2017-08-22,1,EGGS,45.14182
2017-08-23,1,EGGS,52.554344
2017-08-24,1,EGGS,42.444588
2017-08-25,1,EGGS,62.389355
2017-08-26,1,EGGS,63.077152
2017-08-27,1,EGGS,43.104393
2017-08-28,1,EGGS,47.144245
2017-08-29,1,EGGS,38.45117
2017-08-30,1,EGGS,48.561436
2017-08-16,1,FROZEN FOODS,41.399277
2017-08-17,1,FROZEN FOODS,38.141087
2017-08-18,1,FROZEN FOODS,35.522564
2017-08-19,1,FROZEN FOODS,46.02997
2017-08-20,1,FROZEN FOODS,34.333538
2017-08-21,1,FROZEN FOODS,36.64433
2017-08-22,1,FROZEN FOODS,34.283176
2017-08-23,1,FROZEN FOODS,39.423367
2017-08-24,1,FROZEN FOODS,35.77651
2017-08-25,1,FROZEN FOODS,35.43417
2017-08-26,1,FROZEN FOODS,44.524075
2017-08-27,1,FROZEN FOODS,32.91525
2017-08-28,1,FROZEN FOODS,35.606876
2017-08-29,1,FROZEN FOODS,35.110363
2017-08-30,1,FROZEN FOODS,46.407387
2017-08-16,1,GROCERY I,3178.5574
2017-08-17,1,GROCERY I,2373.896
2017-08-18,1,GROCERY I,2686.9575
2017-08-19,1,GROCERY I,3098.8638
2017-08-20,1,GROCERY I,2787.1897
2017-08-21,1,GROCERY I,2603.5452
2017-08-22,1,GROCERY I,2843.8884
2017-08-23,1,GROCERY I,2995.1985
2017-08-24,1,GROCERY I,2761.8994
2017-08-25,1,GROCERY I,3115.9836
2017-08-26,1,GROCERY I,3374.6274
2017-08-27,1,GROCERY I,2620.4202
2017-08-28,1,GROCERY I,2546.2153
2017-08-29,1,GROCERY I,2728.8984
2017-08-30,1,GROCERY I,3830.6797
2017-08-16,1,GROCERY II,5.147468
2017-08-17,1,GROCERY II,4.1560917
2017-08-18,1,GROCERY II,5.3333116
2017-08-19,1,GROCERY II,6.9432726
2017-08-20,1,GROCERY II,5.6878476
2017-08-21,1,GROCERY II,3.6478245
2017-08-22,1,GROCERY II,4.264154
2017-08-23,1,GROCERY II,4.8541093
2017-08-24,1,GROCERY II,4.374395
2017-08-25,1,GROCERY II,5.074002
2017-08-26,1,GROCERY II,5.445223
2017-08-27,1,GROCERY II,5.031986
2017-08-28,1,GROCERY II,4.3609147
2017-08-29,1,GROCERY II,3.622687
2017-08-30,1,GROCERY II,5.1404033
2017-08-16,1,HARDWARE,0.62549
2017-08-17,1,HARDWARE,0.55767155
2017-08-18,1,HARDWARE,0.6152384
2017-08-19,1,HARDWARE,0.82604635
2017-08-20,1,HARDWARE,0.45184427
2017-08-21,1,HARDWARE,0.68143296
2017-08-22,1,HARDWARE,0.537664
2017-08-23,1,HARDWARE,0.4726585
2017-08-24,1,HARDWARE,0.5233555
2017-08-25,1,HARDWARE,0.67669934
2017-08-26,1,HARDWARE,0.6919321
2017-08-27,1,HARDWARE,0.55071294
2017-08-28,1,HARDWARE,0.6786867
2017-08-29,1,HARDWARE,0.49607095
2017-08-30,1,HARDWARE,0.6032697
2017-08-16,1,HOME AND KITCHEN I,11.479267
2017-08-17,1,HOME AND KITCHEN I,8.9450655
2017-08-18,1,HOME AND KITCHEN I,8.6261835
2017-08-19,1,HOME AND KITCHEN I,9.658157
2017-08-20,1,HOME AND KITCHEN I,9.526246
2017-08-21,1,HOME AND KITCHEN I,8.711147
2017-08-22,1,HOME AND KITCHEN I,9.14553
2017-08-23,1,HOME AND KITCHEN I,10.986077
2017-08-24,1,HOME AND KITCHEN I,10.415829
2017-08-25,1,HOME AND KITCHEN I,10.019043
2017-08-26,1,HOME AND KITCHEN I,10.629549
2017-08-27,1,HOME AND KITCHEN I,7.008294
2017-08-28,1,HOME AND KITCHEN I,8.86164
2017-08-29,1,HOME AND KITCHEN I,7.545974
2017-08-30,1,HOME AND KITCHEN I,10.14053
2017-08-16,1,HOME AND KITCHEN II,10.940431
2017-08-17,1,HOME AND KITCHEN II,8.2064295
2017-08-18,1,HOME AND KITCHEN II,9.094558
2017-08-19,1,HOME AND KITCHEN II,10.168329
2017-08-20,1,HOME AND KITCHEN II,9.542322
2017-08-21,1,HOME AND KITCHEN II,8.339902
2017-08-22,1,HOME AND KITCHEN II,8.129831
2017-08-23,1,HOME AND KITCHEN II,10.038308
2017-08-24,1,HOME AND KITCHEN II,7.2157397
2017-08-25,1,HOME AND KITCHEN II,9.117866
2017-08-26,1,HOME AND KITCHEN II,12.730101
2017-08-27,1,HOME AND KITCHEN II,9.090215
2017-08-28,1,HOME AND KITCHEN II,7.4793925
2017-08-29,1,HOME AND KITCHEN II,8.027492
2017-08-30,1,HOME AND KITCHEN II,10.561965
2017-08-16,1,HOME APPLIANCES,0.120869406
2017-08-17,1,HOME APPLIANCES,0.066494465
2017-08-18,1,HOME APPLIANCES,0.1178955
2017-08-19,1,HOME APPLIANCES,0.19773136
2017-08-20,1,HOME APPLIANCES,0.17970629
2017-08-21,1,HOME APPLIANCES,0.13353294
2017-08-22,1,HOME APPLIANCES,0.13786446
2017-08-23,1,HOME APPLIANCES,0.1572546
2017-08-24,1,HOME APPLIANCES,0.11823488
2017-08-25,1,HOME APPLIANCES,0.16518609
2017-08-26,1,HOME APPLIANCES,0.16356918
2017-08-27,1,HOME APPLIANCES,0.2033432
2017-08-28,1,HOME APPLIANCES,0.08943068
2017-08-29,1,HOME APPLIANCES,0.19159384
2017-08-30,1,HOME APPLIANCES,0.20144165
2017-08-16,1,HOME CARE,155.13744
2017-08-17,1,HOME CARE,118.72328
2017-08-18,1,HOME CARE,142.7304
2017-08-19,1,HOME CARE,147.89014
2017-08-20,1,HOME CARE,142.90234
2017-08-21,1,HOME CARE,111.122055
2017-08-22,1,HOME CARE,118.21929
2017-08-23,1,HOME CARE,134.50124
2017-08-24,1,HOME CARE,106.66429
2017-08-25,1,HOME CARE,134.46887
2017-08-26,1,HOME CARE,142.53616
2017-08-27,1,HOME CARE,133.59642
2017-08-28,1,HOME CARE,111.87701
2017-08-29,1,HOME CARE,109.58943
2017-08-30,1,HOME CARE,159.27249
2017-08-16,1,LADIESWEAR,5.235362
2017-08-17,1,LADIESWEAR,4.9436584
2017-08-18,1,LADIESWEAR,4.463562
2017-08-19,1,LADIESWEAR,4.6926913
2017-08-20,1,LADIESWEAR,4.0264935
2017-08-21,1,LADIESWEAR,2.9925282
2017-08-22,1,LADIESWEAR,3.654729
2017-08-23,1,LADIESWEAR,4.1511497
2017-08-24,1,LADIESWEAR,3.8708534
2017-08-25,1,LADIESWEAR,4.5797696
2017-08-26,1,LADIESWEAR,4.13471
2017-08-27,1,LADIESWEAR,3.840957
2017-08-28,1,LADIESWEAR,3.226762
2017-08-29,1,LADIESWEAR,3.607787
2017-08-30,1,LADIESWEAR,3.8132586
2017-08-16,1,LAWN AND GARDEN,0.0
2017-08-17,1,LAWN AND GARDEN,0.0
2017-08-18,1,LAWN AND GARDEN,0.0
2017-08-19,1,LAWN AND GARDEN,0.0
2017-08-20,1,LAWN AND GARDEN,0.0
2017-08-21,1,LAWN AND GARDEN,0.0
2017-08-22,1,LAWN AND GARDEN,0.0
2017-08-23,1,LAWN AND GARDEN,0.0
2017-08-24,1,LAWN AND GARDEN,0.0
2017-08-25,1,LAWN AND GARDEN,0.0
2017-08-26,1,LAWN AND GARDEN,0.0
2017-08-27,1,LAWN AND GARDEN,0.0
2017-08-28,1,LAWN AND GARDEN,0.0
2017-08-29,1,LAWN AND GARDEN,0.0
2017-08-30,1,LAWN AND GARDEN,0.0
2017-08-16,1,LINGERIE,3.3230388
2017-08-17,1,LINGERIE,2.4781957
2017-08-18,1,LINGERIE,3.0140772
2017-08-19,1,LINGERIE,2.6943114
2017-08-20,1,LINGERIE,2.2102914
2017-08-21,1,LINGERIE,2.4541516
2017-08-22,1,LINGERIE,2.784434
2017-08-23,1,LINGERIE,2.463701
2017-08-24,1,LINGERIE,2.931226
2017-08-25,1,LINGERIE,2.8937807
2017-08-26,1,LINGERIE,2.7332697
2017-08-27,1,LINGERIE,2.188923
2017-08-28,1,LINGERIE,2.1268039
2017-08-29,1,LINGERIE,2.02437
2017-08-30,1,LINGERIE,2.9288485
2017-08-16,1,"LIQUOR,WINE,BEER",18.509415
2017-08-17,1,"LIQUOR,WINE,BEER",14.910226
2017-08-18,1,"LIQUOR,WINE,BEER",13.448639
2017-08-19,1,"LIQUOR,WINE,BEER",22.788198
2017-08-20,1,"LIQUOR,WINE,BEER",14.471218
2017-08-21,1,"LIQUOR,WINE,BEER",21.656809
2017-08-22,1,"LIQUOR,WINE,BEER",15.010671
2017-08-23,1,"LIQUOR,WINE,BEER",18.43785
2017-08-24,1,"LIQUOR,WINE,BEER",17.234966
2017-08-25,1,"LIQUOR,WINE,BEER",14.576434
2017-08-26,1,"LIQUOR,WINE,BEER",17.776415
2017-08-27,1,"LIQUOR,WINE,BEER",10.937307
2017-08-28,1,"LIQUOR,WINE,BEER",17.946974
2017-08-29,1,"LIQUOR,WINE,BEER",13.936081
2017-08-30,1,"LIQUOR,WINE,BEER",16.998335
2017-08-16,1,MAGAZINES,0.48024413
2017-08-17,1,MAGAZINES,0.37273625
2017-08-18,1,MAGAZINES,0.39097476
2017-08-19,1,MAGAZINES,0.53030133
2017-08-20,1,MAGAZINES,0.4561223
2017-08-21,1,MAGAZINES,0.40976307
2017-08-22,1,MAGAZINES,0.43798998
2017-08-23,1,MAGAZINES,0.5918105
2017-08-24,1,MAGAZINES,0.428322
2017-08-25,1,MAGAZINES,0.4012156
2017-08-26,1,MAGAZINES,0.46099827
2017-08-27,1,MAGAZINES,0.450084
2017-08-28,1,MAGAZINES,0.40349075
2017-08-29,1,MAGAZINES,0.5237049
2017-08-30,1,MAGAZINES,0.4725048
2017-08-16,1,MEATS,191.05124
2017-08-17,1,MEATS,187.8164
2017-08-18,1,MEATS,180.76617
2017-08-19,1,MEATS,199.31491
2017-08-20,1,MEATS,166.76695
2017-08-21,1,MEATS,187.74295
2017-08-22,1,MEATS,156.55869
2017-08-23,1,MEATS,187.35072
2017-08-24,1,MEATS,189.49446
2017-08-25,1,MEATS,171.30164
2017-08-26,1,MEATS,209.02765
2017-08-27,1,MEATS,161.5465
2017-08-28,1,MEATS,180.36559
2017-08-29,1,MEATS,156.85037
2017-08-30,1,MEATS,211.5966
2017-08-16,1,PERSONAL CARE,194.76408
2017-08-17,1,PERSONAL CARE,160.09267
2017-08-18,1,PERSONAL CARE,182.99625
2017-08-19,1,PERSONAL CARE,203.21089
2017-08-20,1,PERSONAL CARE,175.81595
2017-08-21,1,PERSONAL CARE,164.5095
2017-08-22,1,PERSONAL CARE,180.66498
2017-08-23,1,PERSONAL CARE,189.80952
2017-08-24,1,PERSONAL CARE,157.66415
2017-08-25,1,PERSONAL CARE,186.55582
2017-08-26,1,PERSONAL CARE,222.88339
2017-08-27,1,PERSONAL CARE,173.79283
2017-08-28,1,PERSONAL CARE,165.89406
2017-08-29,1,PERSONAL CARE,178.0328
2017-08-30,1,PERSONAL CARE,212.37259
2017-08-16,1,PET SUPPLIES,0.5601061
2017-08-17,1,PET SUPPLIES,0.44594055
2017-08-18,1,PET SUPPLIES,0.60651916
2017-08-19,1,PET SUPPLIES,0.7669842
2017-08-20,1,PET SUPPLIES,0.7187471
2017-08-21,1,PET SUPPLIES,0.469929
2017-08-22,1,PET SUPPLIES,0.5763928
2017-08-23,1,PET SUPPLIES,0.6455743
2017-08-24,1,PET SUPPLIES,0.76647305
2017-08-25,1,PET SUPPLIES,0.65607804
2017-08-26,1,PET SUPPLIES,0.74253166
2017-08-27,1,PET SUPPLIES,0.6219363
2017-08-28,1,PET SUPPLIES,0.6029696
2017-08-29,1,PET SUPPLIES,0.632014
2017-08-30,1,PET SUPPLIES,0.7252498
2017-08-16,1,PLAYERS AND ELECTRONICS,3.8268816
2017-08-17,1,PLAYERS AND ELECTRONICS,3.4026895
2017-08-18,1,PLAYERS AND ELECTRONICS,3.363522
2017-08-19,1,PLAYERS AND ELECTRONICS,4.2392254
2017-08-20,1,PLAYERS AND ELECTRONICS,3.4489236
2017-08-21,1,PLAYERS AND ELECTRONICS,3.6752493
2017-08-22,1,PLAYERS AND ELECTRONICS,3.5282183
2017-08-23,1,PLAYERS AND ELECTRONICS,3.629587
2017-08-24,1,PLAYERS AND ELECTRONICS,3.1879241
2017-08-25,1,PLAYERS AND ELECTRONICS,3.7986999
2017-08-26,1,PLAYERS AND ELECTRONICS,4.1027
2017-08-27,1,PLAYERS AND ELECTRONICS,3.0203993
2017-08-28,1,PLAYERS AND ELECTRONICS,2.970197
2017-08-29,1,PLAYERS AND ELECTRONICS,3.6347506
2017-08-30,1,PLAYERS AND ELECTRONICS,4.250822
2017-08-16,1,POULTRY,143.5482
2017-08-17,1,POULTRY,117.632675
2017-08-18,1,POULTRY,176.30339
2017-08-19,1,POULTRY,165.74971
2017-08-20,1,POULTRY,142.88466
2017-08-21,1,POULTRY,138.60393
2017-08-22,1,POULTRY,128.38646
2017-08-23,1,POULTRY,154.96306
2017-08-24,1,POULTRY,127.57056
2017-08-25,1,POULTRY,173.92949
2017-08-26,1,POULTRY,162.56602
2017-08-27,1,POULTRY,139.51183
2017-08-28,1,POULTRY,125.404
2017-08-29,1,POULTRY,124.65832
2017-08-30,1,POULTRY,172.52534
2017-08-16,1,PREPARED FOODS,25.354712
2017-08-17,1,PREPARED FOODS,23.544136
2017-08-18,1,PREPARED FOODS,27.49395
2017-08-19,1,PREPARED FOODS,29.129051
2017-08-20,1,PREPARED FOODS,24.637325
2017-08-21,1,PREPARED FOODS,24.867397
2017-08-22,1,PREPARED FOODS,25.894562
2017-08-23,1,PREPARED FOODS,24.207886
2017-08-24,1,PREPARED FOODS,22.024645
2017-08-25,1,PREPARED FOODS,26.864388
2017-08-26,1,PREPARED FOODS,31.583807
2017-08-27,1,PREPARED FOODS,24.730299
2017-08-28,1,PREPARED FOODS,24.267353
2017-08-29,1,PREPARED FOODS,22.367338
2017-08-30,1,PREPARED FOODS,26.732248
2017-08-16,1,PRODUCE,435.70667
2017-08-17,1,PRODUCE,178.78633
2017-08-18,1,PRODUCE,180.74672
2017-08-19,1,PRODUCE,184.86671
2017-08-20,1,PRODUCE,184.79094
2017-08-21,1,PRODUCE,189.86623
2017-08-22,1,PRODUCE,257.32544
2017-08-23,1,PRODUCE,212.88269
2017-08-24,1,PRODUCE,166.96947
2017-08-25,1,PRODUCE,214.22206
2017-08-26,1,PRODUCE,236.80922
2017-08-27,1,PRODUCE,201.62413
2017-08-28,1,PRODUCE,198.44072
2017-08-29,1,PRODUCE,257.26694
2017-08-30,1,PRODUCE,267.28094
2017-08-16,1,SCHOOL AND OFFICE SUPPLIES,3.8757255
2017-08-17,1,SCHOOL AND OFFICE SUPPLIES,4.523503
2017-08-18,1,SCHOOL AND OFFICE SUPPLIES,2.8055751
2017-08-19,1,SCHOOL AND OFFICE SUPPLIES,2.8815732
2017-08-20,1,SCHOOL AND OFFICE SUPPLIES,2.9183626
2017-08-21,1,SCHOOL AND OFFICE SUPPLIES,1.7280219
2017-08-22,1,SCHOOL AND OFFICE SUPPLIES,1.6040426
2017-08-23,1,SCHOOL AND OFFICE SUPPLIES,1.7726672
2017-08-24,1,SCHOOL AND OFFICE SUPPLIES,1.6561551
2017-08-25,1,SCHOOL AND OFFICE SUPPLIES,1.7017776
2017-08-26,1,SCHOOL AND OFFICE SUPPLIES,1.8551255
2017-08-27,1,SCHOOL AND OFFICE SUPPLIES,1.2136409
2017-08-28,1,SCHOOL AND OFFICE SUPPLIES,1.1700643
2017-08-29,1,SCHOOL AND OFFICE SUPPLIES,1.1278198
2017-08-30,1,SCHOOL AND OFFICE SUPPLIES,1.5000677
2017-08-16,1,SEAFOOD,2.6817627
2017-08-17,1,SEAFOOD,2.0065231
2017-08-18,1,SEAFOOD,2.04385
2017-08-19,1,SEAFOOD,2.559064
2017-08-20,1,SEAFOOD,1.940549
2017-08-21,1,SEAFOOD,1.556109
2017-08-22,1,SEAFOOD,1.9780265
2017-08-23,1,SEAFOOD,2.4477563
2017-08-24,1,SEAFOOD,2.0043874
2017-08-25,1,SEAFOOD,2.2950575
2017-08-26,1,SEAFOOD,1.9436395
2017-08-27,1,SEAFOOD,1.8828596
2017-08-28,1,SEAFOOD,2.4028928
2017-08-29,1,SEAFOOD,1.8007175
2017-08-30,1,SEAFOOD,2.650486
2017-08-16,10,AUTOMOTIVE,8.41954
2017-08-17,10,AUTOMOTIVE,7.0920596
2017-08-18,10,AUTOMOTIVE,8.856482
2017-08-19,10,AUTOMOTIVE,7.3820505
2017-08-20,10,AUTOMOTIVE,7.265854
2017-08-21,10,AUTOMOTIVE,6.8811765
2017-08-22,10,AUTOMOTIVE,6.744825
2017-08-23,10,AUTOMOTIVE,9.115728
2017-08-24,10,AUTOMOTIVE,8.498161
2017-08-25,10,AUTOMOTIVE,8.972543
2017-08-26,10,AUTOMOTIVE,8.9310055
2017-08-27,10,AUTOMOTIVE,7.55475
2017-08-28,10,AUTOMOTIVE,6.6676097
2017-08-29,10,AUTOMOTIVE,6.575598
2017-08-30,10,AUTOMOTIVE,6.917908
2017-08-16,10,BABY CARE,0.15399104
2017-08-17,10,BABY CARE,0.19190057
2017-08-18,10,BABY CARE,0.213954
2017-08-19,10,BABY CARE,0.2506279
2017-08-20,10,BABY CARE,0.24615778
2017-08-21,10,BABY CARE,0.21159469
2017-08-22,10,BABY CARE,0.22254618
2017-08-23,10,BABY CARE,0.25742194
2017-08-24,10,BABY CARE,0.21941078
2017-08-25,10,BABY CARE,0.23935238
2017-08-26,10,BABY CARE,0.18933405
2017-08-27,10,BABY CARE,0.17290294
2017-08-28,10,BABY CARE,0.18836622
2017-08-29,10,BABY CARE,0.21796574
2017-08-30,10,BABY CARE,0.21566182
2017-08-16,10,BEAUTY,5.387949
2017-08-17,10,BEAUTY,5.8008804
2017-08-18,10,BEAUTY,5.4333825
2017-08-19,10,BEAUTY,6.141925
2017-08-20,10,BEAUTY,5.3114905
2017-08-21,10,BEAUTY,4.7722898
2017-08-22,10,BEAUTY,4.5184464
2017-08-23,10,BEAUTY,6.1713777
2017-08-24,10,BEAUTY,5.2024035
2017-08-25,10,BEAUTY,5.4097147
2017-08-26,10,BEAUTY,5.671477
2017-08-27,10,BEAUTY,5.0627666
2017-08-28,10,BEAUTY,5.167163
2017-08-29,10,BEAUTY,4.5051947
2017-08-30,10,BEAUTY,5.188337
2017-08-16,10,BEVERAGES,4685.489
2017-08-17,10,BEVERAGES,4869.996
2017-08-18,10,BEVERAGES,5181.806
2017-08-19,10,BEVERAGES,4800.802
2017-08-20,10,BEVERAGES,4354.7847
2017-08-21,10,BEVERAGES,4434.929
2017-08-22,10,BEVERAGES,3992.5999
2017-08-23,10,BEVERAGES,4562.1406
2017-08-24,10,BEVERAGES,4991.569
2017-08-25,10,BEVERAGES,5415.1797
2017-08-26,10,BEVERAGES,5190.1626
2017-08-27,10,BEVERAGES,4529.8794
2017-08-28,10,BEVERAGES,4768.1113
2017-08-29,10,BEVERAGES,4045.4236
2017-08-30,10,BEVERAGES,4676.422
2017-08-16,10,BREAD/BAKERY,788.76184
2017-08-17,10,BREAD/BAKERY,701.6438
2017-08-18,10,BREAD/BAKERY,817.44324
2017-08-19,10,BREAD/BAKERY,820.8228
2017-08-20,10,BREAD/BAKERY,804.4667
2017-08-21,10,BREAD/BAKERY,656.7321
2017-08-22,10,BREAD/BAKERY,562.9259
2017-08-23,10,BREAD/BAKERY,691.5524
2017-08-24,10,BREAD/BAKERY,626.5852
2017-08-25,10,BREAD/BAKERY,762.5635
2017-08-26,10,BREAD/BAKERY,795.3614
2017-08-27,10,BREAD/BAKERY,811.89685
2017-08-28,10,BREAD/BAKERY,639.15955
2017-08-29,10,BREAD/BAKERY,538.67035
2017-08-30,10,BREAD/BAKERY,661.8486
2017-08-16,10,CELEBRATION,16.815685
2017-08-17,10,CELEBRATION,14.803615
2017-08-18,10,CELEBRATION,14.884528
2017-08-19,10,CELEBRATION,12.782813
2017-08-20,10,CELEBRATION,13.825324
2017-08-21,10,CELEBRATION,15.358446
2017-08-22,10,CELEBRATION,13.03306
2017-08-23,10,CELEBRATION,17.14615
2017-08-24,10,CELEBRATION,13.242477
2017-08-25,10,CELEBRATION,14.307468
2017-08-26,10,CELEBRATION,13.895544
2017-08-27,10,CELEBRATION,12.964724
2017-08-28,10,CELEBRATION,14.762353
2017-08-29,10,CELEBRATION,12.137657
2017-08-30,10,CELEBRATION,16.89053
2017-08-16,10,CLEANING,1902.3253
2017-08-17,10,CLEANING,1943.6285
2017-08-18,10,CLEANING,1926.2465
2017-08-19,10,CLEANING,2096.2935
2017-08-20,10,CLEANING,1874.0204
2017-08-21,10,CLEANING,1973.4292
2017-08-22,10,CLEANING,1872.7046
2017-08-23,10,CLEANING,2040.6018
2017-08-24,10,CLEANING,2098.7126
2017-08-25,10,CLEANING,2143.4514
2017-08-26,10,CLEANING,2221.136
2017-08-27,10,CLEANING,1943.2212
2017-08-28,10,CLEANING,2043.7257
2017-08-29,10,CLEANING,1804.9528
2017-08-30,10,CLEANING,2017.4205
2017-08-16,10,DAIRY,787.4933
2017-08-17,10,DAIRY,622.5212
2017-08-18,10,DAIRY,649.8797
2017-08-19,10,DAIRY,675.1371
2017-08-20,10,DAIRY,627.25476
2017-08-21,10,DAIRY,650.5042
2017-08-22,10,DAIRY,614.60785
2017-08-23,10,DAIRY,790.3527
2017-08-24,10,DAIRY,664.9646
2017-08-25,10,DAIRY,669.80054
2017-08-26,10,DAIRY,697.14813
2017-08-27,10,DAIRY,617.03375
2017-08-28,10,DAIRY,653.70197
2017-08-29,10,DAIRY,614.821
2017-08-30,10,DAIRY,789.2278
2017-08-16,10,DELI,500.61206
2017-08-17,10,DELI,519.90625
2017-08-18,10,DELI,623.1075
2017-08-19,10,DELI,576.5216
2017-08-20,10,DELI,469.3177
2017-08-21,10,DELI,468.10556
2017-08-22,10,DELI,427.31723
2017-08-23,10,DELI,486.3167
2017-08-24,10,DELI,547.0284
2017-08-25,10,DELI,686.32196
2017-08-26,10,DELI,577.9256
2017-08-27,10,DELI,467.79803
2017-08-28,10,DELI,491.18982
2017-08-29,10,DELI,437.3665
2017-08-30,10,DELI,485.48718
2017-08-16,10,EGGS,208.64697
2017-08-17,10,EGGS,224.30017
2017-08-18,10,EGGS,302.84653
2017-08-19,10,EGGS,310.82578
2017-08-20,10,EGGS,214.6823
2017-08-21,10,EGGS,303.62256
2017-08-22,10,EGGS,168.6156
2017-08-23,10,EGGS,203.99486
2017-08-24,10,EGGS,247.74672
2017-08-25,10,EGGS,318.7826
2017-08-26,10,EGGS,251.65097
2017-08-27,10,EGGS,196.92831
2017-08-28,10,EGGS,299.8159
2017-08-29,10,EGGS,138.9716
2017-08-30,10,EGGS,241.08394
2017-08-16,10,FROZEN FOODS,95.06897
2017-08-17,10,FROZEN FOODS,88.81775
2017-08-18,10,FROZEN FOODS,80.14493
2017-08-19,10,FROZEN FOODS,107.90317
2017-08-20,10,FROZEN FOODS,71.94685
2017-08-21,10,FROZEN FOODS,86.77868
2017-08-22,10,FROZEN FOODS,75.745155
2017-08-23,10,FROZEN FOODS,88.90236
2017-08-24,10,FROZEN FOODS,96.64019
2017-08-25,10,FROZEN FOODS,84.51826
2017-08-26,10,FROZEN FOODS,103.02293
2017-08-27,10,FROZEN FOODS,71.550446
2017-08-28,10,FROZEN FOODS,89.18138
2017-08-29,10,FROZEN FOODS,83.18698
2017-08-30,10,FROZEN FOODS,93.15562
2017-08-16,10,GROCERY I,8271.728
2017-08-17,10,GROCERY I,7370.847
2017-08-18,10,GROCERY I,7552.662
2017-08-19,10,GROCERY I,8044.7935
2017-08-20,10,GROCERY I,7638.152
2017-08-21,10,GROCERY I,7867.389
2017-08-22,10,GROCERY I,7114.2925
2017-08-23,10,GROCERY I,7944.347
2017-08-24,10,GROCERY I,7788.4507
2017-08-25,10,GROCERY I,8124.202
2017-08-26,10,GROCERY I,8328.367
2017-08-27,10,GROCERY I,7218.7573
2017-08-28,10,GROCERY I,7763.097
2017-08-29,10,GROCERY I,7131.799
2017-08-30,10,GROCERY I,8075.2485
2017-08-16,10,GROCERY II,23.391375
2017-08-17,10,GROCERY II,22.422455
2017-08-18,10,GROCERY II,24.43545
2017-08-19,10,GROCERY II,26.874203
2017-08-20,10,GROCERY II,24.726488
2017-08-21,10,GROCERY II,25.442524
2017-08-22,10,GROCERY II,18.12704
2017-08-23,10,GROCERY II,23.165634
2017-08-24,10,GROCERY II,21.696049
2017-08-25,10,GROCERY II,25.112196
2017-08-26,10,GROCERY II,27.241972
2017-08-27,10,GROCERY II,23.94894
2017-08-28,10,GROCERY II,22.684706
2017-08-29,10,GROCERY II,18.299738
2017-08-30,10,GROCERY II,24.360624
2017-08-16,10,HARDWARE,0.7825994
2017-08-17,10,HARDWARE,0.88216275
2017-08-18,10,HARDWARE,0.75397474
2017-08-19,10,HARDWARE,0.98820007
2017-08-20,10,HARDWARE,0.56480426
2017-08-21,10,HARDWARE,0.8323411
2017-08-22,10,HARDWARE,0.78994787
2017-08-23,10,HARDWARE,0.8674352
2017-08-24,10,HARDWARE,0.8364646
2017-08-25,10,HARDWARE,0.87116104
2017-08-26,10,HARDWARE,0.69163746
2017-08-27,10,HARDWARE,0.9520063
2017-08-28,10,HARDWARE,0.73814774
2017-08-29,10,HARDWARE,0.8929937
2017-08-30,10,HARDWARE,0.7265531
2017-08-16,10,HOME AND KITCHEN I,27.448416
2017-08-17,10,HOME AND KITCHEN I,25.576752
2017-08-18,10,HOME AND KITCHEN I,25.435843
2017-08-19,10,HOME AND KITCHEN I,26.708689
2017-08-20,10,HOME AND KITCHEN I,24.76349
2017-08-21,10,HOME AND KITCHEN I,24.858622
2017-08-22,10,HOME AND KITCHEN I,24.810904
2017-08-23,10,HOME AND KITCHEN I,26.787731
2017-08-24,10,HOME AND KITCHEN I,23.60834
2017-08-25,10,HOME AND KITCHEN I,27.750107
2017-08-26,10,HOME AND KITCHEN I,27.978605
2017-08-27,10,HOME AND KITCHEN I,25.932661
2017-08-28,10,HOME AND KITCHEN I,25.360064
2017-08-29,10,HOME AND KITCHEN I,20.533289
2017-08-30,10,HOME AND KITCHEN I,28.081512
2017-08-16,10,HOME AND KITCHEN II,19.771725
2017-08-17,10,HOME AND KITCHEN II,17.423693
2017-08-18,10,HOME AND KITCHEN II,17.57155
2017-08-19,10,HOME AND KITCHEN II,18.913326
2017-08-20,10,HOME AND KITCHEN II,19.291697
2017-08-21,10,HOME AND KITCHEN II,15.967626
2017-08-22,10,HOME AND KITCHEN II,17.678776
2017-08-23,10,HOME AND KITCHEN II,19.118744
2017-08-24,10,HOME AND KITCHEN II,18.441753
2017-08-25,10,HOME AND KITCHEN II,19.566412
2017-08-26,10,HOME AND KITCHEN II,20.55269
2017-08-27,10,HOME AND KITCHEN II,20.16489
2017-08-28,10,HOME AND KITCHEN II,18.052942
2017-08-29,10,HOME AND KITCHEN II,16.881598
2017-08-30,10,HOME AND KITCHEN II,17.921583
2017-08-16,10,HOME APPLIANCES,0.15440407
2017-08-17,10,HOME APPLIANCES,0.14839217
2017-08-18,10,HOME APPLIANCES,0.23700206
2017-08-19,10,HOME APPLIANCES,0.312428
2017-08-20,10,HOME APPLIANCES,0.19543596
2017-08-21,10,HOME APPLIANCES,0.19121316
2017-08-22,10,HOME APPLIANCES,0.24748695
2017-08-23,10,HOME APPLIANCES,0.30792618
2017-08-24,10,HOME APPLIANCES,0.25576377
2017-08-25,10,HOME APPLIANCES,0.29687542
2017-08-26,10,HOME APPLIANCES,0.29703748
2017-08-27,10,HOME APPLIANCES,0.31495753
2017-08-28,10,HOME APPLIANCES,0.2985519
2017-08-29,10,HOME APPLIANCES,0.3449751
2017-08-30,10,HOME APPLIANCES,0.48912936
2017-08-16,10,HOME CARE,344.62518
2017-08-17,10,HOME CARE,332.2373
2017-08-18,10,HOME CARE,380.47717
2017-08-19,10,HOME CARE,352.4671
2017-08-20,10,HOME CARE,343.17593
2017-08-21,10,HOME CARE,305.60687
2017-08-22,10,HOME CARE,268.62497
2017-08-23,10,HOME CARE,300.74747
2017-08-24,10,HOME CARE,288.20596
2017-08-25,10,HOME CARE,359.88522
2017-08-26,10,HOME CARE,319.99448
2017-08-27,10,HOME CARE,313.6147
2017-08-28,10,HOME CARE,297.66864
2017-08-29,10,HOME CARE,250.11282
2017-08-30,10,HOME CARE,264.06027
2017-08-16,10,LADIESWEAR,11.975516
2017-08-17,10,LADIESWEAR,11.496783
2017-08-18,10,LADIESWEAR,12.205154
2017-08-19,10,LADIESWEAR,12.649868
2017-08-20,10,LADIESWEAR,11.341304
2017-08-21,10,LADIESWEAR,11.270317
2017-08-22,10,LADIESWEAR,11.18855
2017-08-23,10,LADIESWEAR,10.9087715
2017-08-24,10,LADIESWEAR,11.500794
2017-08-25,10,LADIESWEAR,13.001329
2017-08-26,10,LADIESWEAR,11.317761
2017-08-27,10,LADIESWEAR,9.817104
2017-08-28,10,LADIESWEAR,8.614195
2017-08-29,10,LADIESWEAR,9.931911
2017-08-30,10,LADIESWEAR,10.775417
2017-08-16,10,LAWN AND GARDEN,3.1453729
2017-08-17,10,LAWN AND GARDEN,2.2262425
2017-08-18,10,LAWN AND GARDEN,2.3857095
2017-08-19,10,LAWN AND GARDEN,2.3535635
2017-08-20,10,LAWN AND GARDEN,2.6161966
2017-08-21,10,LAWN AND GARDEN,2.8323367
2017-08-22,10,LAWN AND GARDEN,1.7931181
2017-08-23,10,LAWN AND GARDEN,2.7278934
2017-08-24,10,LAWN AND GARDEN,2.298337
2017-08-25,10,LAWN AND GARDEN,2.361887
2017-08-26,10,LAWN AND GARDEN,2.5115638
2017-08-27,10,LAWN AND GARDEN,2.1779306
2017-08-28,10,LAWN AND GARDEN,2.7386582
2017-08-29,10,LAWN AND GARDEN,1.8776343
2017-08-30,10,LAWN AND GARDEN,2.418592
2017-08-16,10,LINGERIE,10.347124
2017-08-17,10,LINGERIE,11.29385
2017-08-18,10,LINGERIE,11.12289
2017-08-19,10,LINGERIE,9.772989
2017-08-20,10,LINGERIE,9.74534
2017-08-21,10,LINGERIE,8.613732
2017-08-22,10,LINGERIE,8.526523
2017-08-23,10,LINGERIE,10.380192
2017-08-24,10,LINGERIE,10.065671
2017-08-25,10,LINGERIE,9.905935
2017-08-26,10,LINGERIE,11.219801
2017-08-27,10,LINGERIE,9.375551
2017-08-28,10,LINGERIE,10.193012
2017-08-29,10,LINGERIE,8.219573
2017-08-30,10,LINGERIE,11.193269
2017-08-16,10,"LIQUOR,WINE,BEER",43.696617
2017-08-17,10,"LIQUOR,WINE,BEER",53.757538
2017-08-18,10,"LIQUOR,WINE,BEER",50.253323
2017-08-19,10,"LIQUOR,WINE,BEER",40.36128
2017-08-20,10,"LIQUOR,WINE,BEER",36.780872
2017-08-21,10,"LIQUOR,WINE,BEER",55.689957
2017-08-22,10,"LIQUOR,WINE,BEER",42.114334
2017-08-23,10,"LIQUOR,WINE,BEER",42.83666
2017-08-24,10,"LIQUOR,WINE,BEER",46.658054
2017-08-25,10,"LIQUOR,WINE,BEER",58.78099
2017-08-26,10,"LIQUOR,WINE,BEER",33.89616
2017-08-27,10,"LIQUOR,WINE,BEER",30.772318
2017-08-28,10,"LIQUOR,WINE,BEER",49.389606
2017-08-29,10,"LIQUOR,WINE,BEER",38.932034
2017-08-30,10,"LIQUOR,WINE,BEER",42.83278
2017-08-16,10,MAGAZINES,3.0673976
2017-08-17,10,MAGAZINES,2.7154758
2017-08-18,10,MAGAZINES,2.9954271
2017-08-19,10,MAGAZINES,2.5426657
2017-08-20,10,MAGAZINES,2.2659323
2017-08-21,10,MAGAZINES,2.4413629
2017-08-22,10,MAGAZINES,2.3632634
2017-08-23,10,MAGAZINES,2.562525
2017-08-24,10,MAGAZINES,3.1513772
2017-08-25,10,MAGAZINES,3.1341166
2017-08-26,10,MAGAZINES,2.8626995
2017-08-27,10,MAGAZINES,2.4091213
2017-08-28,10,MAGAZINES,2.239129
2017-08-29,10,MAGAZINES,1.9312668
2017-08-30,10,MAGAZINES,2.4299774
2017-08-16,10,MEATS,728.7167
2017-08-17,10,MEATS,708.5567
2017-08-18,10,MEATS,698.6537
2017-08-19,10,MEATS,751.1013
2017-08-20,10,MEATS,612.7001
2017-08-21,10,MEATS,728.62286
2017-08-22,10,MEATS,520.414
2017-08-23,10,MEATS,650.80493
2017-08-24,10,MEATS,786.48157
2017-08-25,10,MEATS,672.4041
2017-08-26,10,MEATS,749.1705
2017-08-27,10,MEATS,562.78687
2017-08-28,10,MEATS,691.6982
2017-08-29,10,MEATS,507.74414
2017-08-30,10,MEATS,636.84607
2017-08-16,10,PERSONAL CARE,402.14386
2017-08-17,10,PERSONAL CARE,415.66495
2017-08-18,10,PERSONAL CARE,419.96765
2017-08-19,10,PERSONAL CARE,458.79257
2017-08-20,10,PERSONAL CARE,405.98352
2017-08-21,10,PERSONAL CARE,385.83853
2017-08-22,10,PERSONAL CARE,356.86856
2017-08-23,10,PERSONAL CARE,385.57477
2017-08-24,10,PERSONAL CARE,442.7498
2017-08-25,10,PERSONAL CARE,445.77853
2017-08-26,10,PERSONAL CARE,497.2899
2017-08-27,10,PERSONAL CARE,450.07693
2017-08-28,10,PERSONAL CARE,462.57492
2017-08-29,10,PERSONAL CARE,400.47382
2017-08-30,10,PERSONAL CARE,406.90625
2017-08-16,10,PET SUPPLIES,2.1877935
2017-08-17,10,PET SUPPLIES,2.279247
2017-08-18,10,PET SUPPLIES,2.66124
2017-08-19,10,PET SUPPLIES,2.3729286
2017-08-20,10,PET SUPPLIES,2.4157474
2017-08-21,10,PET SUPPLIES,2.24948
2017-08-22,10,PET SUPPLIES,2.0419533
2017-08-23,10,PET SUPPLIES,1.802499
2017-08-24,10,PET SUPPLIES,1.5205531
2017-08-25,10,PET SUPPLIES,2.079345
2017-08-26,10,PET SUPPLIES,1.9793464
2017-08-27,10,PET SUPPLIES,1.7678998
2017-08-28,10,PET SUPPLIES,1.953071
2017-08-29,10,PET SUPPLIES,1.7001607
2017-08-30,10,PET SUPPLIES,2.1838827
2017-08-16,10,PLAYERS AND ELECTRONICS,15.585049
2017-08-17,10,PLAYERS AND ELECTRONICS,16.524872
2017-08-18,10,PLAYERS AND ELECTRONICS,16.99971
2017-08-19,10,PLAYERS AND ELECTRONICS,17.197039
2017-08-20,10,PLAYERS AND ELECTRONICS,14.2874565
2017-08-21,10,PLAYERS AND ELECTRONICS,14.020637
2017-08-22,10,PLAYERS AND ELECTRONICS,12.566241
2017-08-23,10,PLAYERS AND ELECTRONICS,12.883789
2017-08-24,10,PLAYERS AND ELECTRONICS,13.332905
2017-08-25,10,PLAYERS AND ELECTRONICS,14.35591
2017-08-26,10,PLAYERS AND ELECTRONICS,15.643831
2017-08-27,10,PLAYERS AND ELECTRONICS,12.813621
2017-08-28,10,PLAYERS AND ELECTRONICS,11.024765
2017-08-29,10,PLAYERS AND ELECTRONICS,11.168097
2017-08-30,10,PLAYERS AND ELECTRONICS,13.179013
2017-08-16,10,POULTRY,440.53577
2017-08-17,10,POULTRY,405.8877
2017-08-18,10,POULTRY,575.44977
2017-08-19,10,POULTRY,428.24945
2017-08-20,10,POULTRY,443.73795
2017-08-21,10,POULTRY,422.45053
2017-08-22,10,POULTRY,348.21133
2017-08-23,10,POULTRY,444.55615
2017-08-24,10,POULTRY,447.3571
2017-08-25,10,POULTRY,584.6161
2017-08-26,10,POULTRY,453.02643
2017-08-27,10,POULTRY,415.97287
2017-08-28,10,POULTRY,430.1386
2017-08-29,10,POULTRY,318.80524
2017-08-30,10,POULTRY,447.86703
2017-08-16,10,PREPARED FOODS,93.653755
2017-08-17,10,PREPARED FOODS,96.83633
2017-08-18,10,PREPARED FOODS,108.009285
2017-08-19,10,PREPARED FOODS,108.79564
2017-08-20,10,PREPARED FOODS,89.889275
2017-08-21,10,PREPARED FOODS,91.419014
2017-08-22,10,PREPARED FOODS,67.20349
2017-08-23,10,PREPARED FOODS,80.309425
2017-08-24,10,PREPARED FOODS,85.21672
2017-08-25,10,PREPARED FOODS,97.45904
2017-08-26,10,PREPARED FOODS,101.02127
2017-08-27,10,PREPARED FOODS,81.43679
2017-08-28,10,PREPARED FOODS,87.986755
2017-08-29,10,PREPARED FOODS,66.1054
2017-08-30,10,PREPARED FOODS,81.910904
2017-08-16,10,PRODUCE,1650.4794
2017-08-17,10,PRODUCE,870.9742
2017-08-18,10,PRODUCE,841.3577
2017-08-19,10,PRODUCE,851.5795
2017-08-20,10,PRODUCE,906.6124
2017-08-21,10,PRODUCE,990.2381
2017-08-22,10,PRODUCE,1199.8071
2017-08-23,10,PRODUCE,795.511
2017-08-24,10,PRODUCE,727.26074
2017-08-25,10,PRODUCE,804.85754
2017-08-26,10,PRODUCE,914.5686
2017-08-27,10,PRODUCE,793.125
2017-08-28,10,PRODUCE,891.68646
2017-08-29,10,PRODUCE,1084.4258
2017-08-30,10,PRODUCE,713.321
2017-08-16,10,SCHOOL AND OFFICE SUPPLIES,29.450048
2017-08-17,10,SCHOOL AND OFFICE SUPPLIES,37.32513
2017-08-18,10,SCHOOL AND OFFICE SUPPLIES,43.925213
2017-08-19,10,SCHOOL AND OFFICE SUPPLIES,56.28207
2017-08-20,10,SCHOOL AND OFFICE SUPPLIES,41.933144
2017-08-21,10,SCHOOL AND OFFICE SUPPLIES,36.465183
2017-08-22,10,SCHOOL AND OFFICE SUPPLIES,29.019096
2017-08-23,10,SCHOOL AND OFFICE SUPPLIES,24.226627
2017-08-24,10,SCHOOL AND OFFICE SUPPLIES,30.23477
2017-08-25,10,SCHOOL AND OFFICE SUPPLIES,51.989746
2017-08-26,10,SCHOOL AND OFFICE SUPPLIES,36.938637
2017-08-27,10,SCHOOL AND OFFICE SUPPLIES,25.473063
2017-08-28,10,SCHOOL AND OFFICE SUPPLIES,26.862865
2017-08-29,10,SCHOOL AND OFFICE SUPPLIES,18.701988
2017-08-30,10,SCHOOL AND OFFICE SUPPLIES,24.567255
2017-08-16,10,SEAFOOD,9.334522
2017-08-17,10,SEAFOOD,10.079338
2017-08-18,10,SEAFOOD,11.131108
2017-08-19,10,SEAFOOD,11.343633
2017-08-20,10,SEAFOOD,8.15011
2017-08-21,10,SEAFOOD,8.995795
2017-08-22,10,SEAFOOD,7.6079674
2017-08-23,10,SEAFOOD,9.613319
2017-08-24,10,SEAFOOD,10.079493
2017-08-25,10,SEAFOOD,10.357511
2017-08-26,10,SEAFOOD,10.804062
2017-08-27,10,SEAFOOD,7.9252334
2017-08-28,10,SEAFOOD,10.433481
2017-08-29,10,SEAFOOD,8.301677
2017-08-30,10,SEAFOOD,9.607787
2017-08-16,11,AUTOMOTIVE,7.1225643
2017-08-17,11,AUTOMOTIVE,5.743581
2017-08-18,11,AUTOMOTIVE,5.854311
2017-08-19,11,AUTOMOTIVE,7.1901646
2017-08-20,11,AUTOMOTIVE,7.346694
2017-08-21,11,AUTOMOTIVE,6.3323965
2017-08-22,11,AUTOMOTIVE,6.6965184
2017-08-23,11,AUTOMOTIVE,6.3570695
2017-08-24,11,AUTOMOTIVE,5.416907
2017-08-25,11,AUTOMOTIVE,5.194159
2017-08-26,11,AUTOMOTIVE,6.6294236
2017-08-27,11,AUTOMOTIVE,6.6897216
2017-08-28,11,AUTOMOTIVE,6.1992264
2017-08-29,11,AUTOMOTIVE,5.658057
2017-08-30,11,AUTOMOTIVE,5.745765
2017-08-16,11,BABY CARE,0.0
2017-08-17,11,BABY CARE,0.0
2017-08-18,11,BABY CARE,0.032286987
2017-08-19,11,BABY CARE,0.028186046
2017-08-20,11,BABY CARE,0.023679208
2017-08-21,11,BABY CARE,0.019893313
2017-08-22,11,BABY CARE,0.0
2017-08-23,11,BABY CARE,0.05019565
2017-08-24,11,BABY CARE,0.0
2017-08-25,11,BABY CARE,0.0
2017-08-26,11,BABY CARE,0.02424993
2017-08-27,11,BABY CARE,0.06948168
2017-08-28,11,BABY CARE,0.018271092
2017-08-29,11,BABY CARE,0.054943435
2017-08-30,11,BABY CARE,0.025793213
2017-08-16,11,BEAUTY,1.3655936
2017-08-17,11,BEAUTY,1.2254026
2017-08-18,11,BEAUTY,1.263485
2017-08-19,11,BEAUTY,1.5689797
2017-08-20,11,BEAUTY,1.2536601
2017-08-21,11,BEAUTY,1.0020094
2017-08-22,11,BEAUTY,1.253884
2017-08-23,11,BEAUTY,1.0763378
2017-08-24,11,BEAUTY,1.0597429
2017-08-25,11,BEAUTY,1.2231376
2017-08-26,11,BEAUTY,1.2836038
2017-08-27,11,BEAUTY,1.4248866
2017-08-28,11,BEAUTY,0.83807397
2017-08-29,11,BEAUTY,1.1001217
2017-08-30,11,BEAUTY,1.1680061
2017-08-16,11,BEVERAGES,1592.2667
2017-08-17,11,BEVERAGES,1653.849
2017-08-18,11,BEVERAGES,1635.3326
2017-08-19,11,BEVERAGES,1481.6942
2017-08-20,11,BEVERAGES,1395.8969
2017-08-21,11,BEVERAGES,1384.5968
2017-08-22,11,BEVERAGES,1442.3297
2017-08-23,11,BEVERAGES,1447.6763
2017-08-24,11,BEVERAGES,1513.6619
2017-08-25,11,BEVERAGES,1623.3276
2017-08-26,11,BEVERAGES,1497.8251
2017-08-27,11,BEVERAGES,1346.7278
2017-08-28,11,BEVERAGES,1323.5948
2017-08-29,11,BEVERAGES,1359.0706
2017-08-30,11,BEVERAGES,1434.6792
2017-08-16,11,BREAD/BAKERY,187.28197
2017-08-17,11,BREAD/BAKERY,180.82433
2017-08-18,11,BREAD/BAKERY,203.57686
2017-08-19,11,BREAD/BAKERY,207.05716
2017-08-20,11,BREAD/BAKERY,198.11374
2017-08-21,11,BREAD/BAKERY,184.22615
2017-08-22,11,BREAD/BAKERY,189.01132
2017-08-23,11,BREAD/BAKERY,182.72394
2017-08-24,11,BREAD/BAKERY,181.70013
2017-08-25,11,BREAD/BAKERY,192.25343
2017-08-26,11,BREAD/BAKERY,206.93826
2017-08-27,11,BREAD/BAKERY,193.66833
2017-08-28,11,BREAD/BAKERY,178.45139
2017-08-29,11,BREAD/BAKERY,179.02034
2017-08-30,11,BREAD/BAKERY,190.29709
2017-08-16,11,CELEBRATION,14.714857
2017-08-17,11,CELEBRATION,12.328264
2017-08-18,11,CELEBRATION,13.506396
2017-08-19,11,CELEBRATION,13.567481
2017-08-20,11,CELEBRATION,12.77329
2017-08-21,11,CELEBRATION,11.19571
2017-08-22,11,CELEBRATION,13.296812
2017-08-23,11,CELEBRATION,14.861705
2017-08-24,11,CELEBRATION,12.389017
2017-08-25,11,CELEBRATION,12.622803
2017-08-26,11,CELEBRATION,14.453305
2017-08-27,11,CELEBRATION,10.356472
2017-08-28,11,CELEBRATION,9.689078
2017-08-29,11,CELEBRATION,9.992761
2017-08-30,11,CELEBRATION,13.428155
2017-08-16,11,CLEANING,818.58606
2017-08-17,11,CLEANING,766.2316
2017-08-18,11,CLEANING,788.0997
2017-08-19,11,CLEANING,816.4711
2017-08-20,11,CLEANING,765.4655
2017-08-21,11,CLEANING,760.52875
2017-08-22,11,CLEANING,785.218
2017-08-23,11,CLEANING,785.846
2017-08-24,11,CLEANING,788.7592
2017-08-25,11,CLEANING,829.07904
2017-08-26,11,CLEANING,846.39075
2017-08-27,11,CLEANING,788.6814
2017-08-28,11,CLEANING,767.7214
2017-08-29,11,CLEANING,767.2628
2017-08-30,11,CLEANING,819.5349
2017-08-16,11,DAIRY,442.15125
2017-08-17,11,DAIRY,363.2435
2017-08-18,11,DAIRY,373.45535
2017-08-19,11,DAIRY,389.78934
2017-08-20,11,DAIRY,374.2153
2017-08-21,11,DAIRY,361.42493
2017-08-22,11,DAIRY,381.41446
2017-08-23,11,DAIRY,451.4914
2017-08-24,11,DAIRY,390.64615
2017-08-25,11,DAIRY,372.45526
2017-08-26,11,DAIRY,372.03528
2017-08-27,11,DAIRY,367.3503
2017-08-28,11,DAIRY,354.63852
2017-08-29,11,DAIRY,366.3403
2017-08-30,11,DAIRY,444.56528
2017-08-16,11,DELI,191.60777
2017-08-17,11,DELI,195.88103
2017-08-18,11,DELI,233.60097
2017-08-19,11,DELI,221.02472
2017-08-20,11,DELI,189.85432
2017-08-21,11,DELI,180.49179
2017-08-22,11,DELI,194.85382
2017-08-23,11,DELI,189.50925
2017-08-24,11,DELI,196.32707
2017-08-25,11,DELI,237.4964
2017-08-26,11,DELI,239.42209
2017-08-27,11,DELI,187.97334
2017-08-28,11,DELI,190.1592
2017-08-29,11,DELI,194.66759
2017-08-30,11,DELI,195.87593
2017-08-16,11,EGGS,48.996563
2017-08-17,11,EGGS,62.891155
2017-08-18,11,EGGS,69.600845
2017-08-19,11,EGGS,65.35248
2017-08-20,11,EGGS,54.3659
2017-08-21,11,EGGS,56.654003
2017-08-22,11,EGGS,44.829857
2017-08-23,11,EGGS,53.83165
2017-08-24,11,EGGS,59.62242
2017-08-25,11,EGGS,74.9468
2017-08-26,11,EGGS,77.81997
2017-08-27,11,EGGS,52.34975
2017-08-28,11,EGGS,57.733887
2017-08-29,11,EGGS,50.06894
2017-08-30,11,EGGS,56.22827
2017-08-16,11,FROZEN FOODS,44.98195
2017-08-17,11,FROZEN FOODS,44.397556
2017-08-18,11,FROZEN FOODS,38.050335
2017-08-19,11,FROZEN FOODS,49.902435
2017-08-20,11,FROZEN FOODS,38.21037
2017-08-21,11,FROZEN FOODS,37.24476
2017-08-22,11,FROZEN FOODS,41.24617
2017-08-23,11,FROZEN FOODS,45.378513
2017-08-24,11,FROZEN FOODS,41.88451
2017-08-25,11,FROZEN FOODS,39.272896
2017-08-26,11,FROZEN FOODS,50.83988
2017-08-27,11,FROZEN FOODS,40.289722
2017-08-28,11,FROZEN FOODS,38.271362
2017-08-29,11,FROZEN FOODS,40.540752
2017-08-30,11,FROZEN FOODS,45.061752
2017-08-16,11,GROCERY I,2989.8342
2017-08-17,11,GROCERY I,2649.9758
2017-08-18,11,GROCERY I,2741.3608
2017-08-19,11,GROCERY I,2877.5916
2017-08-20,11,GROCERY I,2699.6812
2017-08-21,11,GROCERY I,2573.047
2017-08-22,11,GROCERY I,2809.246
2017-08-23,11,GROCERY I,2867.6624
2017-08-24,11,GROCERY I,2856.5952
2017-08-25,11,GROCERY I,2966.8403
2017-08-26,11,GROCERY I,2973.3606
2017-08-27,11,GROCERY I,2730.7617
2017-08-28,11,GROCERY I,2660.0537
2017-08-29,11,GROCERY I,2760.5212
2017-08-30,11,GROCERY I,2966.1108
2017-08-16,11,GROCERY II,8.106553
2017-08-17,11,GROCERY II,7.748335
2017-08-18,11,GROCERY II,8.528174
2017-08-19,11,GROCERY II,7.463841
2017-08-20,11,GROCERY II,9.023021
2017-08-21,11,GROCERY II,8.297596
2017-08-22,11,GROCERY II,7.0733566
2017-08-23,11,GROCERY II,8.075762
2017-08-24,11,GROCERY II,8.710658
2017-08-25,11,GROCERY II,8.191384
2017-08-26,11,GROCERY II,10.489266
2017-08-27,11,GROCERY II,10.321906
2017-08-28,11,GROCERY II,7.5763745
2017-08-29,11,GROCERY II,8.242966
2017-08-30,11,GROCERY II,9.578077
2017-08-16,11,HARDWARE,0.4305815
2017-08-17,11,HARDWARE,0.5169849
2017-08-18,11,HARDWARE,0.58853745
2017-08-19,11,HARDWARE,0.69325364
2017-08-20,11,HARDWARE,0.59294087
2017-08-21,11,HARDWARE,0.5702329
2017-08-22,11,HARDWARE,0.59542775
2017-08-23,11,HARDWARE,0.72523266
2017-08-24,11,HARDWARE,0.6361205
2017-08-25,11,HARDWARE,0.478038
2017-08-26,11,HARDWARE,0.70232755
2017-08-27,11,HARDWARE,0.5367642
2017-08-28,11,HARDWARE,0.5616167
2017-08-29,11,HARDWARE,0.86242414
2017-08-30,11,HARDWARE,0.68378377
2017-08-16,11,HOME AND KITCHEN I,15.896683
2017-08-17,11,HOME AND KITCHEN I,13.306763
2017-08-18,11,HOME AND KITCHEN I,14.600506
2017-08-19,11,HOME AND KITCHEN I,14.952447
2017-08-20,11,HOME AND KITCHEN I,14.058277
2017-08-21,11,HOME AND KITCHEN I,10.96593
2017-08-22,11,HOME AND KITCHEN I,12.510344
2017-08-23,11,HOME AND KITCHEN I,15.100869
2017-08-24,11,HOME AND KITCHEN I,12.879772
2017-08-25,11,HOME AND KITCHEN I,11.380764
2017-08-26,11,HOME AND KITCHEN I,13.615372
2017-08-27,11,HOME AND KITCHEN I,12.503646
2017-08-28,11,HOME AND KITCHEN I,11.923794
2017-08-29,11,HOME AND KITCHEN I,12.742224
2017-08-30,11,HOME AND KITCHEN I,13.774028
2017-08-16,11,HOME AND KITCHEN II,24.374882
2017-08-17,11,HOME AND KITCHEN II,20.590145
2017-08-18,11,HOME AND KITCHEN II,19.935986
2017-08-19,11,HOME AND KITCHEN II,24.235392
2017-08-20,11,HOME AND KITCHEN II,20.925812
2017-08-21,11,HOME AND KITCHEN II,18.063713
2017-08-22,11,HOME AND KITCHEN II,17.16581
2017-08-23,11,HOME AND KITCHEN II,18.904633
2017-08-24,11,HOME AND KITCHEN II,18.855175
2017-08-25,11,HOME AND KITCHEN II,17.1474
2017-08-26,11,HOME AND KITCHEN II,22.956293
2017-08-27,11,HOME AND KITCHEN II,19.000057
2017-08-28,11,HOME AND KITCHEN II,14.725246
2017-08-29,11,HOME AND KITCHEN II,14.917869
2017-08-30,11,HOME AND KITCHEN II,16.982893
2017-08-16,11,HOME APPLIANCES,0.11328987
2017-08-17,11,HOME APPLIANCES,0.16921148
2017-08-18,11,HOME APPLIANCES,0.13300978
2017-08-19,11,HOME APPLIANCES,0.20121045
2017-08-20,11,HOME APPLIANCES,0.19903553
2017-08-21,11,HOME APPLIANCES,0.17362772
2017-08-22,11,HOME APPLIANCES,0.20728704
2017-08-23,11,HOME APPLIANCES,0.26465905
2017-08-24,11,HOME APPLIANCES,0.16070047
2017-08-25,11,HOME APPLIANCES,0.1996234
2017-08-26,11,HOME APPLIANCES,0.2727934
2017-08-27,11,HOME APPLIANCES,0.28188664
2017-08-28,11,HOME APPLIANCES,0.17676046
2017-08-29,11,HOME APPLIANCES,0.2045879
2017-08-30,11,HOME APPLIANCES,0.29920992
2017-08-16,11,HOME CARE,140.49605
2017-08-17,11,HOME CARE,123.47883
2017-08-18,11,HOME CARE,132.0808
2017-08-19,11,HOME CARE,138.76653
2017-08-20,11,HOME CARE,122.1549
2017-08-21,11,HOME CARE,104.85617
2017-08-22,11,HOME CARE,109.80978
2017-08-23,11,HOME CARE,120.81209
2017-08-24,11,HOME CARE,113.19435
2017-08-25,11,HOME CARE,121.42063
2017-08-26,11,HOME CARE,127.145386
2017-08-27,11,HOME CARE,123.04131
2017-08-28,11,HOME CARE,106.221466
2017-08-29,11,HOME CARE,111.67594
2017-08-30,11,HOME CARE,116.53767
2017-08-16,11,LADIESWEAR,5.477996
2017-08-17,11,LADIESWEAR,6.600429
2017-08-18,11,LADIESWEAR,7.7039895
2017-08-19,11,LADIESWEAR,6.15862
2017-08-20,11,LADIESWEAR,5.5320983
2017-08-21,11,LADIESWEAR,5.4764447
2017-08-22,11,LADIESWEAR,4.7838187
2017-08-23,11,LADIESWEAR,3.673462
2017-08-24,11,LADIESWEAR,5.5721927
2017-08-25,11,LADIESWEAR,4.8349075
2017-08-26,11,LADIESWEAR,4.122865
2017-08-27,11,LADIESWEAR,3.9771197
2017-08-28,11,LADIESWEAR,3.5570586
2017-08-29,11,LADIESWEAR,2.9615614
2017-08-30,11,LADIESWEAR,3.5402956
2017-08-16,11,LAWN AND GARDEN,0.0
2017-08-17,11,LAWN AND GARDEN,4.195988e-05
2017-08-18,11,LAWN AND GARDEN,0.0007949787
2017-08-19,11,LAWN AND GARDEN,0.00084785995
2017-08-20,11,LAWN AND GARDEN,0.0005049938
2017-08-21,11,LAWN AND GARDEN,0.00079887506
2017-08-22,11,LAWN AND GARDEN,0.0011240846
2017-08-23,11,LAWN AND GARDEN,0.00022224127
2017-08-24,11,LAWN AND GARDEN,0.0002327138
2017-08-25,11,LAWN AND GARDEN,0.00074355066
2017-08-26,11,LAWN AND GARDEN,0.0008772415
2017-08-27,11,LAWN AND GARDEN,0.0006680894
2017-08-28,11,LAWN AND GARDEN,0.00094322796
2017-08-29,11,LAWN AND GARDEN,0.0010184025
2017-08-30,11,LAWN AND GARDEN,0.000427441
2017-08-16,11,LINGERIE,6.646642
2017-08-17,11,LINGERIE,4.5312324
2017-08-18,11,LINGERIE,5.2147303
2017-08-19,11,LINGERIE,5.9977093
2017-08-20,11,LINGERIE,4.603554
2017-08-21,11,LINGERIE,5.7144
2017-08-22,11,LINGERIE,5.5018578
2017-08-23,11,LINGERIE,6.1313815
2017-08-24,11,LINGERIE,5.867387
2017-08-25,11,LINGERIE,5.5031047
2017-08-26,11,LINGERIE,5.879437
2017-08-27,11,LINGERIE,5.591174
2017-08-28,11,LINGERIE,4.3645463
2017-08-29,11,LINGERIE,6.268412
2017-08-30,11,LINGERIE,5.531711
2017-08-16,11,"LIQUOR,WINE,BEER",56.88046
2017-08-17,11,"LIQUOR,WINE,BEER",52.08816
2017-08-18,11,"LIQUOR,WINE,BEER",57.898823
2017-08-19,11,"LIQUOR,WINE,BEER",59.133335
2017-08-20,11,"LIQUOR,WINE,BEER",46.037464
2017-08-21,11,"LIQUOR,WINE,BEER",74.471375
2017-08-22,11,"LIQUOR,WINE,BEER",46.112026
2017-08-23,11,"LIQUOR,WINE,BEER",53.402657
2017-08-24,11,"LIQUOR,WINE,BEER",34.19778
2017-08-25,11,"LIQUOR,WINE,BEER",37.289165
2017-08-26,11,"LIQUOR,WINE,BEER",48.517567
2017-08-27,11,"LIQUOR,WINE,BEER",45.18534
2017-08-28,11,"LIQUOR,WINE,BEER",45.237385
2017-08-29,11,"LIQUOR,WINE,BEER",52.67685
2017-08-30,11,"LIQUOR,WINE,BEER",67.23046
2017-08-16,11,MAGAZINES,1.9545547
2017-08-17,11,MAGAZINES,1.613877
2017-08-18,11,MAGAZINES,1.9397314
2017-08-19,11,MAGAZINES,1.9243875
2017-08-20,11,MAGAZINES,2.3966887
2017-08-21,11,MAGAZINES,1.7384036
2017-08-22,11,MAGAZINES,2.1044967
2017-08-23,11,MAGAZINES,2.213293
2017-08-24,11,MAGAZINES,1.8855972
2017-08-25,11,MAGAZINES,2.0003405
2017-08-26,11,MAGAZINES,2.2669091
2017-08-27,11,MAGAZINES,2.3473833
2017-08-28,11,MAGAZINES,1.7863002
2017-08-29,11,MAGAZINES,1.9633899
2017-08-30,11,MAGAZINES,2.2929385
2017-08-16,11,MEATS,149.18723
2017-08-17,11,MEATS,163.11519
2017-08-18,11,MEATS,137.16739
2017-08-19,11,MEATS,154.3244
2017-08-20,11,MEATS,137.72684
2017-08-21,11,MEATS,147.33153
2017-08-22,11,MEATS,118.27114
2017-08-23,11,MEATS,143.38068
2017-08-24,11,MEATS,159.46602
2017-08-25,11,MEATS,131.45522
2017-08-26,11,MEATS,159.72554
2017-08-27,11,MEATS,129.95244
2017-08-28,11,MEATS,146.25491
2017-08-29,11,MEATS,123.79525
2017-08-30,11,MEATS,137.82973
2017-08-16,11,PERSONAL CARE,166.82771
2017-08-17,11,PERSONAL CARE,152.13097
2017-08-18,11,PERSONAL CARE,179.84904
2017-08-19,11,PERSONAL CARE,192.93906
2017-08-20,11,PERSONAL CARE,170.59433
2017-08-21,11,PERSONAL CARE,160.3696
2017-08-22,11,PERSONAL CARE,165.60568
2017-08-23,11,PERSONAL CARE,166.43195
2017-08-24,11,PERSONAL CARE,161.4538
2017-08-25,11,PERSONAL CARE,176.80031
2017-08-26,11,PERSONAL CARE,186.33092
2017-08-27,11,PERSONAL CARE,170.72023
2017-08-28,11,PERSONAL CARE,164.20312
2017-08-29,11,PERSONAL CARE,163.88908
2017-08-30,11,PERSONAL CARE,163.12595
2017-08-16,11,PET SUPPLIES,1.4860395
2017-08-17,11,PET SUPPLIES,1.5471252
2017-08-18,11,PET SUPPLIES,1.5369688
2017-08-19,11,PET SUPPLIES,1.9979659
2017-08-20,11,PET SUPPLIES,1.7524948
2017-08-21,11,PET SUPPLIES,1.5086823
2017-08-22,11,PET SUPPLIES,1.4708683
2017-08-23,11,PET SUPPLIES,1.596087
2017-08-24,11,PET SUPPLIES,1.2738464
2017-08-25,11,PET SUPPLIES,1.2788975
2017-08-26,11,PET SUPPLIES,1.6645334
2017-08-27,11,PET SUPPLIES,1.5282552
2017-08-28,11,PET SUPPLIES,1.3106403
2017-08-29,11,PET SUPPLIES,1.4613192
2017-08-30,11,PET SUPPLIES,1.1851268
2017-08-16,11,PLAYERS AND ELECTRONICS,8.215484
2017-08-17,11,PLAYERS AND ELECTRONICS,8.689762
2017-08-18,11,PLAYERS AND ELECTRONICS,8.558774
2017-08-19,11,PLAYERS AND ELECTRONICS,7.668943
2017-08-20,11,PLAYERS AND ELECTRONICS,7.165724
2017-08-21,11,PLAYERS AND ELECTRONICS,5.6095057
2017-08-22,11,PLAYERS AND ELECTRONICS,6.707014
2017-08-23,11,PLAYERS AND ELECTRONICS,7.697223
2017-08-24,11,PLAYERS AND ELECTRONICS,6.4964795
2017-08-25,11,PLAYERS AND ELECTRONICS,5.9122477
2017-08-26,11,PLAYERS AND ELECTRONICS,7.1602416
2017-08-27,11,PLAYERS AND ELECTRONICS,7.350261
2017-08-28,11,PLAYERS AND ELECTRONICS,6.1083627
2017-08-29,11,PLAYERS AND ELECTRONICS,5.9978952
2017-08-30,11,PLAYERS AND ELECTRONICS,6.5757666
2017-08-16,11,POULTRY,155.9859
2017-08-17,11,POULTRY,146.61818
2017-08-18,11,POULTRY,173.67914
2017-08-19,11,POULTRY,173.19604
2017-08-20,11,POULTRY,148.90974
2017-08-21,11,POULTRY,144.51108
2017-08-22,11,POULTRY,140.3902
2017-08-23,11,POULTRY,154.92697
2017-08-24,11,POULTRY,156.21753
2017-08-25,11,POULTRY,174.525
2017-08-26,11,POULTRY,176.46379
2017-08-27,11,POULTRY,160.95027
2017-08-28,11,POULTRY,155.12488
2017-08-29,11,POULTRY,144.24634
2017-08-30,11,POULTRY,162.13205
2017-08-16,11,PREPARED FOODS,34.193752
2017-08-17,11,PREPARED FOODS,32.50512
2017-08-18,11,PREPARED FOODS,33.34913
2017-08-19,11,PREPARED FOODS,36.80122
2017-08-20,11,PREPARED FOODS,31.312313
2017-08-21,11,PREPARED FOODS,31.309408
2017-08-22,11,PREPARED FOODS,26.867134
2017-08-23,11,PREPARED FOODS,31.433983
2017-08-24,11,PREPARED FOODS,30.536283
2017-08-25,11,PREPARED FOODS,36.492947
2017-08-26,11,PREPARED FOODS,37.344143
2017-08-27,11,PREPARED FOODS,34.758675
2017-08-28,11,PREPARED FOODS,29.120897
2017-08-29,11,PREPARED FOODS,31.34633
2017-08-30,11,PREPARED FOODS,31.076294
2017-08-16,11,PRODUCE,475.74576
2017-08-17,11,PRODUCE,282.854
2017-08-18,11,PRODUCE,269.26898
2017-08-19,11,PRODUCE,250.92328
2017-08-20,11,PRODUCE,259.2421
2017-08-21,11,PRODUCE,260.2496
2017-08-22,11,PRODUCE,310.6231
2017-08-23,11,PRODUCE,233.68236
2017-08-24,11,PRODUCE,235.45773
2017-08-25,11,PRODUCE,266.9152
2017-08-26,11,PRODUCE,252.98003
2017-08-27,11,PRODUCE,236.49171
2017-08-28,11,PRODUCE,233.45435
2017-08-29,11,PRODUCE,295.90936
2017-08-30,11,PRODUCE,212.69128
2017-08-16,11,SCHOOL AND OFFICE SUPPLIES,5.4283323
2017-08-17,11,SCHOOL AND OFFICE SUPPLIES,7.142154
2017-08-18,11,SCHOOL AND OFFICE SUPPLIES,5.0269403
2017-08-19,11,SCHOOL AND OFFICE SUPPLIES,4.841769
2017-08-20,11,SCHOOL AND OFFICE SUPPLIES,4.751453
2017-08-21,11,SCHOOL AND OFFICE SUPPLIES,4.5152626
2017-08-22,11,SCHOOL AND OFFICE SUPPLIES,2.5997124
2017-08-23,11,SCHOOL AND OFFICE SUPPLIES,2.8525488
2017-08-24,11,SCHOOL AND OFFICE SUPPLIES,3.5970266
2017-08-25,11,SCHOOL AND OFFICE SUPPLIES,3.4143023
2017-08-26,11,SCHOOL AND OFFICE SUPPLIES,4.33062
2017-08-27,11,SCHOOL AND OFFICE SUPPLIES,3.3447134
2017-08-28,11,SCHOOL AND OFFICE SUPPLIES,2.8456051
2017-08-29,11,SCHOOL AND OFFICE SUPPLIES,2.636443
2017-08-30,11,SCHOOL AND OFFICE SUPPLIES,2.9433453
2017-08-16,11,SEAFOOD,3.053887
2017-08-17,11,SEAFOOD,3.7450452
2017-08-18,11,SEAFOOD,2.8949924
2017-08-19,11,SEAFOOD,3.8790326
2017-08-20,11,SEAFOOD,2.8377678
2017-08-21,11,SEAFOOD,2.9305093
2017-08-22,11,SEAFOOD,2.6786284
2017-08-23,11,SEAFOOD,3.1489892
2017-08-24,11,SEAFOOD,2.2863457
2017-08-25,11,SEAFOOD,2.6650994
2017-08-26,11,SEAFOOD,3.3450792
2017-08-27,11,SEAFOOD,2.7121468
2017-08-28,11,SEAFOOD,3.1213744
2017-08-29,11,SEAFOOD,2.393469
2017-08-30,11,SEAFOOD,3.048095
2017-08-16,12,AUTOMOTIVE,5.018185
2017-08-17,12,AUTOMOTIVE,4.1251936
2017-08-18,12,AUTOMOTIVE,5.049048
2017-08-19,12,AUTOMOTIVE,5.560273
2017-08-20,12,AUTOMOTIVE,4.878067
2017-08-21,12,AUTOMOTIVE,4.710168
2017-08-22,12,AUTOMOTIVE,4.817877
2017-08-23,12,AUTOMOTIVE,5.043728
2017-08-24,12,AUTOMOTIVE,4.0959487
2017-08-25,12,AUTOMOTIVE,5.12004
2017-08-26,12,AUTOMOTIVE,5.2852206
2017-08-27,12,AUTOMOTIVE,4.309138
2017-08-28,12,AUTOMOTIVE,4.310619
2017-08-29,12,AUTOMOTIVE,4.5957913
2017-08-30,12,AUTOMOTIVE,4.653163
2017-08-16,12,BABY CARE,3.2544818
2017-08-17,12,BABY CARE,2.5300903
2017-08-18,12,BABY CARE,2.5103846
2017-08-19,12,BABY CARE,3.2043016
2017-08-20,12,BABY CARE,2.3352804
2017-08-21,12,BABY CARE,2.4454224
2017-08-22,12,BABY CARE,2.3109963
2017-08-23,12,BABY CARE,2.7302415
2017-08-24,12,BABY CARE,2.020917
2017-08-25,12,BABY CARE,2.5346706
2017-08-26,12,BABY CARE,2.5896018
2017-08-27,12,BABY CARE,2.408424
2017-08-28,12,BABY CARE,2.1885571
2017-08-29,12,BABY CARE,2.3590121
2017-08-30,12,BABY CARE,2.1896944
2017-08-16,12,BEAUTY,1470.8373
2017-08-17,12,BEAUTY,1413.6272
2017-08-18,12,BEAUTY,1591.2444
2017-08-19,12,BEAUTY,1577.485
2017-08-20,12,BEAUTY,1495.1631
2017-08-21,12,BEAUTY,1528.1554
2017-08-22,12,BEAUTY,1656.9009
2017-08-23,12,BEAUTY,1666.2368
2017-08-24,12,BEAUTY,1448.0237
2017-08-25,12,BEAUTY,1820.2665
2017-08-26,12,BEAUTY,1771.6244
2017-08-27,12,BEAUTY,1524.2507
2017-08-28,12,BEAUTY,1618.9961
2017-08-29,12,BEAUTY,1636.6177
2017-08-30,12,BEAUTY,1601.2614
2017-08-16,12,BEVERAGES,126.79402
2017-08-17,12,BEVERAGES,104.77493
2017-08-18,12,BEVERAGES,133.5991
2017-08-19,12,BEVERAGES,137.25327
2017-08-20,12,BEVERAGES,123.43098
2017-08-21,12,BEVERAGES,107.94193
2017-08-22,12,BEVERAGES,120.497086
2017-08-23,12,BEVERAGES,122.740425
2017-08-24,12,BEVERAGES,102.34338
2017-08-25,12,BEVERAGES,138.03427
2017-08-26,12,BEVERAGES,150.66687
2017-08-27,12,BEVERAGES,138.67003
2017-08-28,12,BEVERAGES,114.41836
2017-08-29,12,BEVERAGES,120.5129
2017-08-30,12,BEVERAGES,122.509995
2017-08-16,12,BREAD/BAKERY,8.444452
2017-08-17,12,BREAD/BAKERY,5.1620817
2017-08-18,12,BREAD/BAKERY,6.5601196
2017-08-19,12,BREAD/BAKERY,9.028228
2017-08-20,12,BREAD/BAKERY,6.173262
2017-08-21,12,BREAD/BAKERY,7.197704
2017-08-22,12,BREAD/BAKERY,6.5318213
2017-08-23,12,BREAD/BAKERY,6.594045
2017-08-24,12,BREAD/BAKERY,5.8964243
2017-08-25,12,BREAD/BAKERY,6.325931
2017-08-26,12,BREAD/BAKERY,6.526391
2017-08-27,12,BREAD/BAKERY,6.162452
2017-08-28,12,BREAD/BAKERY,5.5694327
2017-08-29,12,BREAD/BAKERY,6.972661
2017-08-30,12,BREAD/BAKERY,7.4988756
2017-08-16,12,CELEBRATION,681.46277
2017-08-17,12,CELEBRATION,553.8269
2017-08-18,12,CELEBRATION,738.4526
2017-08-19,12,CELEBRATION,857.8421
2017-08-20,12,CELEBRATION,646.9489
2017-08-21,12,CELEBRATION,651.9979
2017-08-22,12,CELEBRATION,813.7702
2017-08-23,12,CELEBRATION,802.7434
2017-08-24,12,CELEBRATION,612.1148
2017-08-25,12,CELEBRATION,854.9812
2017-08-26,12,CELEBRATION,982.61554
2017-08-27,12,CELEBRATION,670.7635
2017-08-28,12,CELEBRATION,671.1581
2017-08-29,12,CELEBRATION,861.7861
2017-08-30,12,CELEBRATION,822.8596
2017-08-16,12,CLEANING,351.55008
2017-08-17,12,CLEANING,244.30843
2017-08-18,12,CLEANING,264.5059
2017-08-19,12,CLEANING,288.14737
2017-08-20,12,CLEANING,281.4637
2017-08-21,12,CLEANING,275.91373
2017-08-22,12,CLEANING,318.0748
2017-08-23,12,CLEANING,360.32343
2017-08-24,12,CLEANING,231.87552
2017-08-25,12,CLEANING,281.14697
2017-08-26,12,CLEANING,302.02283
2017-08-27,12,CLEANING,289.4603
2017-08-28,12,CLEANING,276.1292
2017-08-29,12,CLEANING,313.26178
2017-08-30,12,CLEANING,356.87994
2017-08-16,12,DAIRY,159.55563
2017-08-17,12,DAIRY,130.95653
2017-08-18,12,DAIRY,209.42459
2017-08-19,12,DAIRY,172.89789
2017-08-20,12,DAIRY,146.58403
2017-08-21,12,DAIRY,136.10197
2017-08-22,12,DAIRY,168.06142
2017-08-23,12,DAIRY,162.20793
2017-08-24,12,DAIRY,140.18661
2017-08-25,12,DAIRY,224.35925
2017-08-26,12,DAIRY,188.92
2017-08-27,12,DAIRY,136.22554
2017-08-28,12,DAIRY,154.03152
2017-08-29,12,DAIRY,164.10477
2017-08-30,12,DAIRY,164.35959
2017-08-16,12,DELI,47.033955
2017-08-17,12,DELI,36.03941
2017-08-18,12,DELI,63.221836
2017-08-19,12,DELI,67.71352
2017-08-20,12,DELI,43.0548
2017-08-21,12,DELI,43.64455
2017-08-22,12,DELI,42.71951
2017-08-23,12,DELI,44.776775
2017-08-24,12,DELI,43.05579
2017-08-25,12,DELI,67.03414
2017-08-26,12,DELI,62.078724
2017-08-27,12,DELI,46.489937
2017-08-28,12,DELI,47.915527
2017-08-29,12,DELI,43.89099
2017-08-30,12,DELI,51.12466
2017-08-16,12,EGGS,34.987755
2017-08-17,12,EGGS,28.713083
2017-08-18,12,EGGS,31.614775
2017-08-19,12,EGGS,37.432327
2017-08-20,12,EGGS,26.414202
2017-08-21,12,EGGS,33.227135
2017-08-22,12,EGGS,35.571068
2017-08-23,12,EGGS,37.15153
2017-08-24,12,EGGS,28.505106
2017-08-25,12,EGGS,32.001457
2017-08-26,12,EGGS,41.986492
2017-08-27,12,EGGS,25.666216
2017-08-28,12,EGGS,30.328814
2017-08-29,12,EGGS,35.32884
2017-08-30,12,EGGS,35.02562
2017-08-16,12,FROZEN FOODS,3156.025
2017-08-17,12,FROZEN FOODS,2430.6455
2017-08-18,12,FROZEN FOODS,2859.5962
2017-08-19,12,FROZEN FOODS,3166.1238
2017-08-20,12,FROZEN FOODS,2734.3716
2017-08-21,12,FROZEN FOODS,2789.3025
2017-08-22,12,FROZEN FOODS,3360.979
2017-08-23,12,FROZEN FOODS,3226.8625
2017-08-24,12,FROZEN FOODS,2479.0479
2017-08-25,12,FROZEN FOODS,3362.1687
2017-08-26,12,FROZEN FOODS,3261.988
2017-08-27,12,FROZEN FOODS,2719.3274
2017-08-28,12,FROZEN FOODS,2668.8005
2017-08-29,12,FROZEN FOODS,3223.1624
2017-08-30,12,FROZEN FOODS,3223.0256
2017-08-16,12,GROCERY I,9.196163
2017-08-17,12,GROCERY I,6.898596
2017-08-18,12,GROCERY I,11.789415
2017-08-19,12,GROCERY I,16.412926
2017-08-20,12,GROCERY I,9.775796
2017-08-21,12,GROCERY I,9.333803
2017-08-22,12,GROCERY I,10.131719
2017-08-23,12,GROCERY I,11.558692
2017-08-24,12,GROCERY I,8.934332
2017-08-25,12,GROCERY I,10.454381
2017-08-26,12,GROCERY I,13.6753435
2017-08-27,12,GROCERY I,8.529004
2017-08-28,12,GROCERY I,9.030397
2017-08-29,12,GROCERY I,9.197491
2017-08-30,12,GROCERY I,11.318636
2017-08-16,12,GROCERY II,0.25348163
2017-08-17,12,GROCERY II,0.20304155
2017-08-18,12,GROCERY II,0.23360151
2017-08-19,12,GROCERY II,0.26130906
2017-08-20,12,GROCERY II,0.1830492
2017-08-21,12,GROCERY II,0.15388279
2017-08-22,12,GROCERY II,0.26970643
2017-08-23,12,GROCERY II,0.22961897
2017-08-24,12,GROCERY II,0.20679314
2017-08-25,12,GROCERY II,0.30722457
2017-08-26,12,GROCERY II,0.48120207
2017-08-27,12,GROCERY II,0.30128568
2017-08-28,12,GROCERY II,0.23746124
2017-08-29,12,GROCERY II,0.30084834
2017-08-30,12,GROCERY II,0.22470474
2017-08-16,12,HARDWARE,15.313144
2017-08-17,12,HARDWARE,10.892653
2017-08-18,12,HARDWARE,14.790001
2017-08-19,12,HARDWARE,12.5697365
2017-08-20,12,HARDWARE,12.869088
2017-08-21,12,HARDWARE,12.407499
2017-08-22,12,HARDWARE,13.20696
2017-08-23,12,HARDWARE,15.533836
2017-08-24,12,HARDWARE,10.299881
2017-08-25,12,HARDWARE,10.775457
2017-08-26,12,HARDWARE,13.04973
2017-08-27,12,HARDWARE,11.480996
2017-08-28,12,HARDWARE,11.198518
2017-08-29,12,HARDWARE,11.868018
2017-08-30,12,HARDWARE,14.241943
2017-08-16,12,HOME AND KITCHEN I,11.219805
2017-08-17,12,HOME AND KITCHEN I,8.296641
2017-08-18,12,HOME AND KITCHEN I,9.554444
2017-08-19,12,HOME AND KITCHEN I,11.943775
2017-08-20,12,HOME AND KITCHEN I,10.445996
2017-08-21,12,HOME AND KITCHEN I,8.3704
2017-08-22,12,HOME AND KITCHEN I,10.5777645
2017-08-23,12,HOME AND KITCHEN I,10.214778
2017-08-24,12,HOME AND KITCHEN I,8.501481
2017-08-25,12,HOME AND KITCHEN I,11.849034
2017-08-26,12,HOME AND KITCHEN I,11.02863
2017-08-27,12,HOME AND KITCHEN I,10.68013
2017-08-28,12,HOME AND KITCHEN I,9.419516
2017-08-29,12,HOME AND KITCHEN I,10.369153
2017-08-30,12,HOME AND KITCHEN I,10.725054
2017-08-16,12,HOME AND KITCHEN II,0.024947943
2017-08-17,12,HOME AND KITCHEN II,0.004651766
2017-08-18,12,HOME AND KITCHEN II,0.070944205
2017-08-19,12,HOME AND KITCHEN II,0.081180125
2017-08-20,12,HOME AND KITCHEN II,0.07361603
2017-08-21,12,HOME AND KITCHEN II,0.046346128
2017-08-22,12,HOME AND KITCHEN II,0.05847458
2017-08-23,12,HOME AND KITCHEN II,0.10277735
2017-08-24,12,HOME AND KITCHEN II,0.0487112
2017-08-25,12,HOME AND KITCHEN II,0.06308642
2017-08-26,12,HOME AND KITCHEN II,0.13854615
2017-08-27,12,HOME AND KITCHEN II,0.12739679
2017-08-28,12,HOME AND KITCHEN II,0.059522092
2017-08-29,12,HOME AND KITCHEN II,0.09194675
2017-08-30,12,HOME AND KITCHEN II,0.11880852
2017-08-16,12,HOME APPLIANCES,133.2892
2017-08-17,12,HOME APPLIANCES,91.22068
2017-08-18,12,HOME APPLIANCES,112.97315
2017-08-19,12,HOME APPLIANCES,133.43399
2017-08-20,12,HOME APPLIANCES,124.98888
2017-08-21,12,HOME APPLIANCES,100.42775
2017-08-22,12,HOME APPLIANCES,114.11441
2017-08-23,12,HOME APPLIANCES,120.17779
2017-08-24,12,HOME APPLIANCES,85.30323
2017-08-25,12,HOME APPLIANCES,119.70593
2017-08-26,12,HOME APPLIANCES,138.10602
2017-08-27,12,HOME APPLIANCES,118.21321
2017-08-28,12,HOME APPLIANCES,104.9736
2017-08-29,12,HOME APPLIANCES,101.628555
2017-08-30,12,HOME APPLIANCES,113.80838
2017-08-16,12,HOME CARE,1.9475348
2017-08-17,12,HOME CARE,1.7526686
2017-08-18,12,HOME CARE,1.8073242
2017-08-19,12,HOME CARE,2.463899
2017-08-20,12,HOME CARE,2.1609988
2017-08-21,12,HOME CARE,1.8382348
2017-08-22,12,HOME CARE,1.883102
2017-08-23,12,HOME CARE,2.477413
2017-08-24,12,HOME CARE,2.0183594
2017-08-25,12,HOME CARE,2.0767095
2017-08-26,12,HOME CARE,2.1480718
2017-08-27,12,HOME CARE,2.0570464
2017-08-28,12,HOME CARE,2.0753908
2017-08-29,12,HOME CARE,2.178129
2017-08-30,12,HOME CARE,1.8947297
2017-08-16,12,LADIESWEAR,0.0
2017-08-17,12,LADIESWEAR,0.0
2017-08-18,12,LADIESWEAR,0.0
2017-08-19,12,LADIESWEAR,0.0
2017-08-20,12,LADIESWEAR,0.0
2017-08-21,12,LADIESWEAR,0.0
2017-08-22,12,LADIESWEAR,0.0
2017-08-23,12,LADIESWEAR,0.0
2017-08-24,12,LADIESWEAR,0.0
2017-08-25,12,LADIESWEAR,0.0
2017-08-26,12,LADIESWEAR,0.0
2017-08-27,12,LADIESWEAR,0.0
2017-08-28,12,LADIESWEAR,0.0
2017-08-29,12,LADIESWEAR,0.0
2017-08-30,12,LADIESWEAR,0.0
2017-08-16,12,LAWN AND GARDEN,2.6503854
2017-08-17,12,LAWN AND GARDEN,2.2375062
2017-08-18,12,LAWN AND GARDEN,2.5583055
2017-08-19,12,LAWN AND GARDEN,2.8147376
2017-08-20,12,LAWN AND GARDEN,2.1831686
2017-08-21,12,LAWN AND GARDEN,2.218008
2017-08-22,12,LAWN AND GARDEN,2.4438472
2017-08-23,12,LAWN AND GARDEN,2.5738683
2017-08-24,12,LAWN AND GARDEN,2.956551
2017-08-25,12,LAWN AND GARDEN,2.9724627
2017-08-26,12,LAWN AND GARDEN,3.0858812
2017-08-27,12,LAWN AND GARDEN,2.8545334
2017-08-28,12,LAWN AND GARDEN,2.5467415
2017-08-29,12,LAWN AND GARDEN,2.757588
2017-08-30,12,LAWN AND GARDEN,2.9673214
2017-08-16,12,LINGERIE,41.374393
2017-08-17,12,LINGERIE,38.120613
2017-08-18,12,LINGERIE,52.768665
2017-08-19,12,LINGERIE,72.11723
2017-08-20,12,LINGERIE,32.842182
2017-08-21,12,LINGERIE,53.48157
2017-08-22,12,LINGERIE,47.21407
2017-08-23,12,LINGERIE,43.79869
2017-08-24,12,LINGERIE,29.529808
2017-08-25,12,LINGERIE,49.903572
2017-08-26,12,LINGERIE,38.33269
2017-08-27,12,LINGERIE,26.301527
2017-08-28,12,LINGERIE,38.820457
2017-08-29,12,LINGERIE,36.375137
2017-08-30,12,LINGERIE,34.236816
2017-08-16,12,"LIQUOR,WINE,BEER",0.8028172
2017-08-17,12,"LIQUOR,WINE,BEER",0.85972625
2017-08-18,12,"LIQUOR,WINE,BEER",0.89848626
2017-08-19,12,"LIQUOR,WINE,BEER",1.0707469
2017-08-20,12,"LIQUOR,WINE,BEER",0.8913713
2017-08-21,12,"LIQUOR,WINE,BEER",1.0326203
2017-08-22,12,"LIQUOR,WINE,BEER",1.0056081
2017-08-23,12,"LIQUOR,WINE,BEER",1.0133559
2017-08-24,12,"LIQUOR,WINE,BEER",0.8771437
2017-08-25,12,"LIQUOR,WINE,BEER",1.0400374
2017-08-26,12,"LIQUOR,WINE,BEER",1.1556957
2017-08-27,12,"LIQUOR,WINE,BEER",0.93340063
2017-08-28,12,"LIQUOR,WINE,BEER",0.7039713
2017-08-29,12,"LIQUOR,WINE,BEER",0.982153
2017-08-30,12,"LIQUOR,WINE,BEER",0.71635926
2017-08-16,12,MAGAZINES,166.71962
2017-08-17,12,MAGAZINES,160.28177
2017-08-18,12,MAGAZINES,163.31279
2017-08-19,12,MAGAZINES,170.28519
2017-08-20,12,MAGAZINES,138.40536
2017-08-21,12,MAGAZINES,160.80338
2017-08-22,12,MAGAZINES,151.27632
2017-08-23,12,MAGAZINES,159.19516
2017-08-24,12,MAGAZINES,160.05046
2017-08-25,12,MAGAZINES,162.14464
2017-08-26,12,MAGAZINES,188.76392
2017-08-27,12,MAGAZINES,131.53078
2017-08-28,12,MAGAZINES,144.31912
2017-08-29,12,MAGAZINES,153.57643
2017-08-30,12,MAGAZINES,158.57124
2017-08-16,12,MEATS,182.4595
2017-08-17,12,MEATS,139.51262
2017-08-18,12,MEATS,178.53706
2017-08-19,12,MEATS,230.03113
2017-08-20,12,MEATS,188.68011
2017-08-21,12,MEATS,167.50952
2017-08-22,12,MEATS,194.7214
2017-08-23,12,MEATS,180.5469
2017-08-24,12,MEATS,137.0499
2017-08-25,12,MEATS,193.46582
2017-08-26,12,MEATS,260.2761
2017-08-27,12,MEATS,193.45361
2017-08-28,12,MEATS,169.735
2017-08-29,12,MEATS,195.86336
2017-08-30,12,MEATS,198.2159
2017-08-16,12,PERSONAL CARE,0.5086681
2017-08-17,12,PERSONAL CARE,0.44290325
2017-08-18,12,PERSONAL CARE,0.46223477
2017-08-19,12,PERSONAL CARE,0.5803236
2017-08-20,12,PERSONAL CARE,0.5046344
2017-08-21,12,PERSONAL CARE,0.43277884
2017-08-22,12,PERSONAL CARE,0.472245
2017-08-23,12,PERSONAL CARE,0.53625834
2017-08-24,12,PERSONAL CARE,0.32531494
2017-08-25,12,PERSONAL CARE,0.4951787
2017-08-26,12,PERSONAL CARE,0.441128
2017-08-27,12,PERSONAL CARE,0.3790841
2017-08-28,12,PERSONAL CARE,0.50247216
2017-08-29,12,PERSONAL CARE,0.4273362
2017-08-30,12,PERSONAL CARE,0.44325802
2017-08-16,12,PET SUPPLIES,5.4904838
2017-08-17,12,PET SUPPLIES,3.9958465
2017-08-18,12,PET SUPPLIES,4.7037416
2017-08-19,12,PET SUPPLIES,5.172616
2017-08-20,12,PET SUPPLIES,5.0549755
2017-08-21,12,PET SUPPLIES,3.5416057
2017-08-22,12,PET SUPPLIES,3.9695592
2017-08-23,12,PET SUPPLIES,4.973914
2017-08-24,12,PET SUPPLIES,3.9966667
2017-08-25,12,PET SUPPLIES,4.986084
2017-08-26,12,PET SUPPLIES,4.9995685
2017-08-27,12,PET SUPPLIES,4.5309525
2017-08-28,12,PET SUPPLIES,3.4383748
2017-08-29,12,PET SUPPLIES,3.9194565
2017-08-30,12,PET SUPPLIES,4.0519342
2017-08-16,12,PLAYERS AND ELECTRONICS,92.88907
2017-08-17,12,PLAYERS AND ELECTRONICS,91.793434
2017-08-18,12,PLAYERS AND ELECTRONICS,112.17367
2017-08-19,12,PLAYERS AND ELECTRONICS,100.90107
2017-08-20,12,PLAYERS AND ELECTRONICS,82.76283
2017-08-21,12,PLAYERS AND ELECTRONICS,78.42342
2017-08-22,12,PLAYERS AND ELECTRONICS,94.27499
2017-08-23,12,PLAYERS AND ELECTRONICS,101.83388
2017-08-24,12,PLAYERS AND ELECTRONICS,87.20957
2017-08-25,12,PLAYERS AND ELECTRONICS,117.93937
2017-08-26,12,PLAYERS AND ELECTRONICS,95.51744
2017-08-27,12,PLAYERS AND ELECTRONICS,87.34766
2017-08-28,12,PLAYERS AND ELECTRONICS,86.07734
2017-08-29,12,PLAYERS AND ELECTRONICS,86.016426
2017-08-30,12,PLAYERS AND ELECTRONICS,102.71527
2017-08-16,12,POULTRY,24.14477
2017-08-17,12,POULTRY,19.975554
2017-08-18,12,POULTRY,27.78074
2017-08-19,12,POULTRY,27.242592
2017-08-20,12,POULTRY,21.364426
2017-08-21,12,POULTRY,22.693686
2017-08-22,12,POULTRY,20.8606
2017-08-23,12,POULTRY,23.054556
2017-08-24,12,POULTRY,19.575392
2017-08-25,12,POULTRY,28.00534
2017-08-26,12,POULTRY,29.332716
2017-08-27,12,POULTRY,20.86949
2017-08-28,12,POULTRY,22.516314
2017-08-29,12,POULTRY,25.158604
2017-08-30,12,POULTRY,23.880165
2017-08-16,12,PREPARED FOODS,340.99658
2017-08-17,12,PREPARED FOODS,153.22691
2017-08-18,12,PREPARED FOODS,150.53185
2017-08-19,12,PREPARED FOODS,146.47977
2017-08-20,12,PREPARED FOODS,146.80191
2017-08-21,12,PREPARED FOODS,159.3932
2017-08-22,12,PREPARED FOODS,206.6181
2017-08-23,12,PREPARED FOODS,163.92455
2017-08-24,12,PREPARED FOODS,111.82818
2017-08-25,12,PREPARED FOODS,149.47623
2017-08-26,12,PREPARED FOODS,174.6239
2017-08-27,12,PREPARED FOODS,149.04002
2017-08-28,12,PREPARED FOODS,157.6984
2017-08-29,12,PREPARED FOODS,196.42207
2017-08-30,12,PREPARED FOODS,145.75407
2017-08-16,12,PRODUCE,7.265515
2017-08-17,12,PRODUCE,4.1809
2017-08-18,12,PRODUCE,3.8274803
2017-08-19,12,PRODUCE,4.173282
2017-08-20,12,PRODUCE,3.007272
2017-08-21,12,PRODUCE,2.1142173
2017-08-22,12,PRODUCE,1.609727
2017-08-23,12,PRODUCE,2.1108606
2017-08-24,12,PRODUCE,1.4024278
2017-08-25,12,PRODUCE,1.5899818
2017-08-26,12,PRODUCE,2.0301402
2017-08-27,12,PRODUCE,1.7191846
2017-08-28,12,PRODUCE,1.057257
2017-08-29,12,PRODUCE,1.1450609
2017-08-30,12,PRODUCE,1.0947217
2017-08-16,12,SCHOOL AND OFFICE SUPPLIES,1.4858218
2017-08-17,12,SCHOOL AND OFFICE SUPPLIES,1.6471132
2017-08-18,12,SCHOOL AND OFFICE SUPPLIES,1.521582
2017-08-19,12,SCHOOL AND OFFICE SUPPLIES,1.6502539
2017-08-20,12,SCHOOL AND OFFICE SUPPLIES,1.4384068
2017-08-21,12,SCHOOL AND OFFICE SUPPLIES,1.4236251
2017-08-22,12,SCHOOL AND OFFICE SUPPLIES,1.4613764
2017-08-23,12,SCHOOL AND OFFICE SUPPLIES,1.5280977
2017-08-24,12,SCHOOL AND OFFICE SUPPLIES,1.1502723
2017-08-25,12,SCHOOL AND OFFICE SUPPLIES,1.4161481
2017-08-26,12,SCHOOL AND OFFICE SUPPLIES,1.6333002
2017-08-27,12,SCHOOL AND OFFICE SUPPLIES,1.2354349
2017-08-28,12,SCHOOL AND OFFICE SUPPLIES,1.2248739
2017-08-29,12,SCHOOL AND OFFICE SUPPLIES,1.2676646
2017-08-30,12,SCHOOL AND OFFICE SUPPLIES,1.3603733
2017-08-16,12,SEAFOOD,4.45454
2017-08-17,12,SEAFOOD,3.7172146
2017-08-18,12,SEAFOOD,4.0549645
2017-08-19,12,SEAFOOD,4.46146
2017-08-20,12,SEAFOOD,3.3686714
2017-08-21,12,SEAFOOD,3.4338188
2017-08-22,12,SEAFOOD,3.9765484
2017-08-23,12,SEAFOOD,4.100927
2017-08-24,12,SEAFOOD,3.2526848
2017-08-25,12,SEAFOOD,3.9639037
2017-08-26,12,SEAFOOD,4.865617
2017-08-27,12,SEAFOOD,3.7689865
2017-08-28,12,SEAFOOD,3.0035675
2017-08-29,12,SEAFOOD,4.0148644
2017-08-30,12,SEAFOOD,4.0090036
2017-08-16,13,AUTOMOTIVE,0.0014721769
2017-08-17,13,AUTOMOTIVE,0.0
2017-08-18,13,AUTOMOTIVE,0.0012341761
2017-08-19,13,AUTOMOTIVE,0.0021989625
2017-08-20,13,AUTOMOTIVE,0.0
2017-08-21,13,AUTOMOTIVE,0.0
2017-08-22,13,AUTOMOTIVE,0.0047872625
2017-08-23,13,AUTOMOTIVE,0.0005127704
2017-08-24,13,AUTOMOTIVE,0.0
2017-08-25,13,AUTOMOTIVE,0.0
2017-08-26,13,AUTOMOTIVE,0.0
2017-08-27,13,AUTOMOTIVE,0.0
2017-08-28,13,AUTOMOTIVE,0.0
2017-08-29,13,AUTOMOTIVE,0.0
2017-08-30,13,AUTOMOTIVE,0.0
2017-08-16,13,BEAUTY,1.9489719
2017-08-17,13,BEAUTY,1.7769427
2017-08-18,13,BEAUTY,1.9576843
2017-08-19,13,BEAUTY,2.4007835
2017-08-20,13,BEAUTY,2.0267081
2017-08-21,13,BEAUTY,1.802876
2017-08-22,13,BEAUTY,1.9709164
2017-08-23,13,BEAUTY,1.941025
2017-08-24,13,BEAUTY,1.552171
2017-08-25,13,BEAUTY,1.6380999
2017-08-26,13,BEAUTY,2.462033
2017-08-27,13,BEAUTY,1.9231391
2017-08-28,13,BEAUTY,1.6311398
2017-08-29,13,BEAUTY,1.4512011
2017-08-30,13,BEAUTY,2.14084
2017-08-16,13,BEVERAGES,1802.8729
2017-08-17,13,BEVERAGES,1300.082
2017-08-18,13,BEVERAGES,1608.9515
2017-08-19,13,BEVERAGES,1646.0319
2017-08-20,13,BEVERAGES,1450.3488
2017-08-21,13,BEVERAGES,1451.0984
2017-08-22,13,BEVERAGES,1509.9103
2017-08-23,13,BEVERAGES,1558.1509
2017-08-24,13,BEVERAGES,1237.4686
2017-08-25,13,BEVERAGES,1597.7856
2017-08-26,13,BEVERAGES,1516.5381
2017-08-27,13,BEVERAGES,1361.0709
2017-08-28,13,BEVERAGES,1360.2262
2017-08-29,13,BEVERAGES,1436.5917
2017-08-30,13,BEVERAGES,1443.8306
2017-08-16,13,BREAD/BAKERY,190.28343
2017-08-17,13,BREAD/BAKERY,146.0305
2017-08-18,13,BREAD/BAKERY,185.3008
2017-08-19,13,BREAD/BAKERY,199.45041
2017-08-20,13,BREAD/BAKERY,187.68892
2017-08-21,13,BREAD/BAKERY,167.16609
2017-08-22,13,BREAD/BAKERY,192.29219
2017-08-23,13,BREAD/BAKERY,193.1323
2017-08-24,13,BREAD/BAKERY,140.16782
2017-08-25,13,BREAD/BAKERY,195.09981
2017-08-26,13,BREAD/BAKERY,212.21574
2017-08-27,13,BREAD/BAKERY,188.01544
2017-08-28,13,BREAD/BAKERY,168.73564
2017-08-29,13,BREAD/BAKERY,190.70023
2017-08-30,13,BREAD/BAKERY,185.99141
2017-08-16,13,CELEBRATION,11.079184
2017-08-17,13,CELEBRATION,6.926224
2017-08-18,13,CELEBRATION,7.1236753
2017-08-19,13,CELEBRATION,8.95875
2017-08-20,13,CELEBRATION,7.5337253
2017-08-21,13,CELEBRATION,7.985421
2017-08-22,13,CELEBRATION,8.007071
2017-08-23,13,CELEBRATION,9.111252
2017-08-24,13,CELEBRATION,4.5962076
2017-08-25,13,CELEBRATION,6.456833
2017-08-26,13,CELEBRATION,8.761945
2017-08-27,13,CELEBRATION,6.8887196
2017-08-28,13,CELEBRATION,6.4428782
2017-08-29,13,CELEBRATION,8.892087
2017-08-30,13,CELEBRATION,8.7171755
2017-08-16,13,CLEANING,998.617
2017-08-17,13,CLEANING,679.9914
2017-08-18,13,CLEANING,1052.2288
2017-08-19,13,CLEANING,1174.3606
2017-08-20,13,CLEANING,927.6899
2017-08-21,13,CLEANING,855.9262
2017-08-22,13,CLEANING,1105.217
2017-08-23,13,CLEANING,973.8254
2017-08-24,13,CLEANING,691.1275
2017-08-25,13,CLEANING,1087.734
2017-08-26,13,CLEANING,1158.489
2017-08-27,13,CLEANING,929.66254
2017-08-28,13,CLEANING,890.77734
2017-08-29,13,CLEANING,1115.1588
2017-08-30,13,CLEANING,1021.51685
2017-08-16,13,DAIRY,512.90936
2017-08-17,13,DAIRY,326.37598
2017-08-18,13,DAIRY,377.04825
2017-08-19,13,DAIRY,401.061
2017-08-20,13,DAIRY,384.06296
2017-08-21,13,DAIRY,355.61307
2017-08-22,13,DAIRY,414.6739
2017-08-23,13,DAIRY,473.23062
2017-08-24,13,DAIRY,302.97357
2017-08-25,13,DAIRY,375.15396
2017-08-26,13,DAIRY,417.976
2017-08-27,13,DAIRY,389.9039
2017-08-28,13,DAIRY,355.43457
2017-08-29,13,DAIRY,422.21326
2017-08-30,13,DAIRY,483.16824
2017-08-16,13,DELI,259.02652
2017-08-17,13,DELI,172.77023
2017-08-18,13,DELI,290.66724
2017-08-19,13,DELI,266.12708
2017-08-20,13,DELI,222.3139
2017-08-21,13,DELI,212.86436
2017-08-22,13,DELI,246.8307
2017-08-23,13,DELI,234.07147
2017-08-24,13,DELI,179.70296
2017-08-25,13,DELI,328.95996
2017-08-26,13,DELI,282.51364
2017-08-27,13,DELI,217.08867
2017-08-28,13,DELI,202.78197
2017-08-29,13,DELI,244.86311
2017-08-30,13,DELI,221.64336
2017-08-16,13,EGGS,39.63116
2017-08-17,13,EGGS,30.86363
2017-08-18,13,EGGS,46.95397
2017-08-19,13,EGGS,50.46642
2017-08-20,13,EGGS,33.86678
2017-08-21,13,EGGS,37.370136
2017-08-22,13,EGGS,33.02946
2017-08-23,13,EGGS,34.59955
2017-08-24,13,EGGS,29.89919
2017-08-25,13,EGGS,44.754086
2017-08-26,13,EGGS,44.302334
2017-08-27,13,EGGS,36.231667
2017-08-28,13,EGGS,38.919262
2017-08-29,13,EGGS,32.16192
2017-08-30,13,EGGS,36.20156
2017-08-16,13,FROZEN FOODS,50.664776
2017-08-17,13,FROZEN FOODS,45.602005
2017-08-18,13,FROZEN FOODS,45.696438
2017-08-19,13,FROZEN FOODS,52.366512
2017-08-20,13,FROZEN FOODS,37.961285
2017-08-21,13,FROZEN FOODS,41.25986
2017-08-22,13,FROZEN FOODS,54.844196
2017-08-23,13,FROZEN FOODS,57.54041
2017-08-24,13,FROZEN FOODS,40.66775
2017-08-25,13,FROZEN FOODS,48.323734
2017-08-26,13,FROZEN FOODS,55.019016
2017-08-27,13,FROZEN FOODS,39.945385
2017-08-28,13,FROZEN FOODS,45.119854
2017-08-29,13,FROZEN FOODS,51.081875
2017-08-30,13,FROZEN FOODS,55.51242
2017-08-16,13,GROCERY I,3541.8586
2017-08-17,13,GROCERY I,2409.5532
2017-08-18,13,GROCERY I,3304.8755
2017-08-19,13,GROCERY I,3401.3572
2017-08-20,13,GROCERY I,3110.273
2017-08-21,13,GROCERY I,2699.4312
2017-08-22,13,GROCERY I,3514.2957
2017-08-23,13,GROCERY I,3338.5955
2017-08-24,13,GROCERY I,2403.2817
2017-08-25,13,GROCERY I,3800.084
2017-08-26,13,GROCERY I,3587.8298
2017-08-27,13,GROCERY I,2952.807
2017-08-28,13,GROCERY I,2985.8489
2017-08-29,13,GROCERY I,3414.0916
2017-08-30,13,GROCERY I,3335.6597
2017-08-16,13,GROCERY II,5.2940173
2017-08-17,13,GROCERY II,4.30517
2017-08-18,13,GROCERY II,5.1265063
2017-08-19,13,GROCERY II,6.158178
2017-08-20,13,GROCERY II,5.709598
2017-08-21,13,GROCERY II,4.2207365
2017-08-22,13,GROCERY II,5.3805647
2017-08-23,13,GROCERY II,5.3487096
2017-08-24,13,GROCERY II,4.4378514
2017-08-25,13,GROCERY II,6.3268256
2017-08-26,13,GROCERY II,6.559583
2017-08-27,13,GROCERY II,5.462693
2017-08-28,13,GROCERY II,6.804685
2017-08-29,13,GROCERY II,6.0793962
2017-08-30,13,GROCERY II,5.967896
2017-08-16,13,HARDWARE,0.2332258
2017-08-17,13,HARDWARE,0.21527825
2017-08-18,13,HARDWARE,0.24040487
2017-08-19,13,HARDWARE,0.26288897
2017-08-20,13,HARDWARE,0.16571823
2017-08-21,13,HARDWARE,0.18372086
2017-08-22,13,HARDWARE,0.2111457
2017-08-23,13,HARDWARE,0.2755092
2017-08-24,13,HARDWARE,0.22963497
2017-08-25,13,HARDWARE,0.36154827
2017-08-26,13,HARDWARE,0.34083447
2017-08-27,13,HARDWARE,0.20952643
2017-08-28,13,HARDWARE,0.18863173
2017-08-29,13,HARDWARE,0.24940269
2017-08-30,13,HARDWARE,0.28269595
2017-08-16,13,HOME AND KITCHEN I,11.239768
2017-08-17,13,HOME AND KITCHEN I,10.838621
2017-08-18,13,HOME AND KITCHEN I,12.847752
2017-08-19,13,HOME AND KITCHEN I,12.237409
2017-08-20,13,HOME AND KITCHEN I,10.01913
2017-08-21,13,HOME AND KITCHEN I,11.038754
2017-08-22,13,HOME AND KITCHEN I,10.879512
2017-08-23,13,HOME AND KITCHEN I,13.265749
2017-08-24,13,HOME AND KITCHEN I,8.708417
2017-08-25,13,HOME AND KITCHEN I,12.56959
2017-08-26,13,HOME AND KITCHEN I,12.680627
2017-08-27,13,HOME AND KITCHEN I,9.964493
2017-08-28,13,HOME AND KITCHEN I,10.228757
2017-08-29,13,HOME AND KITCHEN I,11.915806
2017-08-30,13,HOME AND KITCHEN I,12.880866
2017-08-16,13,HOME AND KITCHEN II,21.167753
2017-08-17,13,HOME AND KITCHEN II,14.753967
2017-08-18,13,HOME AND KITCHEN II,16.715258
2017-08-19,13,HOME AND KITCHEN II,19.63325
2017-08-20,13,HOME AND KITCHEN II,17.927181
2017-08-21,13,HOME AND KITCHEN II,17.322992
2017-08-22,13,HOME AND KITCHEN II,19.476349
2017-08-23,13,HOME AND KITCHEN II,19.365715
2017-08-24,13,HOME AND KITCHEN II,14.269323
2017-08-25,13,HOME AND KITCHEN II,18.105162
2017-08-26,13,HOME AND KITCHEN II,20.84978
2017-08-27,13,HOME AND KITCHEN II,17.067734
2017-08-28,13,HOME AND KITCHEN II,15.157311
2017-08-29,13,HOME AND KITCHEN II,18.398258
2017-08-30,13,HOME AND KITCHEN II,19.679056
2017-08-16,13,HOME APPLIANCES,0.1480114
2017-08-17,13,HOME APPLIANCES,0.007803415
2017-08-18,13,HOME APPLIANCES,0.07176825
2017-08-19,13,HOME APPLIANCES,0.14029083
2017-08-20,13,HOME APPLIANCES,0.0752123
2017-08-21,13,HOME APPLIANCES,0.07047188
2017-08-22,13,HOME APPLIANCES,0.047617696
2017-08-23,13,HOME APPLIANCES,0.109384306
2017-08-24,13,HOME APPLIANCES,0.03162088
2017-08-25,13,HOME APPLIANCES,0.13388643
2017-08-26,13,HOME APPLIANCES,0.10823732
2017-08-27,13,HOME APPLIANCES,0.15503503
2017-08-28,13,HOME APPLIANCES,0.112971954
2017-08-29,13,HOME APPLIANCES,0.15032467
2017-08-30,13,HOME APPLIANCES,0.14078127
2017-08-16,13,HOME CARE,157.16104
2017-08-17,13,HOME CARE,109.40874
2017-08-18,13,HOME CARE,145.85194
2017-08-19,13,HOME CARE,169.28726
2017-08-20,13,HOME CARE,140.75035
2017-08-21,13,HOME CARE,112.560974
2017-08-22,13,HOME CARE,136.50159
2017-08-23,13,HOME CARE,129.97475
2017-08-24,13,HOME CARE,92.512146
2017-08-25,13,HOME CARE,138.02266
2017-08-26,13,HOME CARE,163.78569
2017-08-27,13,HOME CARE,146.15636
2017-08-28,13,HOME CARE,112.929634
2017-08-29,13,HOME CARE,128.3365
2017-08-30,13,HOME CARE,125.46209
2017-08-16,13,LADIESWEAR,0.87266576
2017-08-17,13,LADIESWEAR,0.74759686
2017-08-18,13,LADIESWEAR,1.1331047
2017-08-19,13,LADIESWEAR,0.8445669
2017-08-20,13,LADIESWEAR,0.81043303
2017-08-21,13,LADIESWEAR,0.9666313
2017-08-22,13,LADIESWEAR,0.7672184
2017-08-23,13,LADIESWEAR,1.0687091
2017-08-24,13,LADIESWEAR,0.66578627
2017-08-25,13,LADIESWEAR,0.7224028
2017-08-26,13,LADIESWEAR,0.8880412
2017-08-27,13,LADIESWEAR,0.75962615
2017-08-28,13,LADIESWEAR,0.62531555
2017-08-29,13,LADIESWEAR,0.66843915
2017-08-30,13,LADIESWEAR,0.6711045
2017-08-16,13,LAWN AND GARDEN,3.4247708
2017-08-17,13,LAWN AND GARDEN,3.1583855
2017-08-18,13,LAWN AND GARDEN,3.7029579
2017-08-19,13,LAWN AND GARDEN,4.187289
2017-08-20,13,LAWN AND GARDEN,3.470711
2017-08-21,13,LAWN AND GARDEN,2.6069653
2017-08-22,13,LAWN AND GARDEN,3.5596466
2017-08-23,13,LAWN AND GARDEN,3.2704778
2017-08-24,13,LAWN AND GARDEN,2.703242
2017-08-25,13,LAWN AND GARDEN,3.785365
2017-08-26,13,LAWN AND GARDEN,3.6020966
2017-08-27,13,LAWN AND GARDEN,2.7378063
2017-08-28,13,LAWN AND GARDEN,2.6460965
2017-08-29,13,LAWN AND GARDEN,3.4246876
2017-08-30,13,LAWN AND GARDEN,3.3551552
2017-08-16,13,LINGERIE,31.766838
2017-08-17,13,LINGERIE,9.170628
2017-08-18,13,LINGERIE,32.48563
2017-08-19,13,LINGERIE,36.74366
2017-08-20,13,LINGERIE,19.868713
2017-08-21,13,LINGERIE,19.392277
2017-08-22,13,LINGERIE,27.41792
2017-08-23,13,LINGERIE,28.066914
2017-08-24,13,LINGERIE,12.127212
2017-08-25,13,LINGERIE,26.5858
2017-08-26,13,LINGERIE,27.97781
2017-08-27,13,LINGERIE,21.061989
2017-08-28,13,LINGERIE,25.21497
2017-08-29,13,LINGERIE,27.202171
2017-08-30,13,LINGERIE,26.4564
2017-08-16,13,"LIQUOR,WINE,BEER",3.7256927
2017-08-17,13,"LIQUOR,WINE,BEER",2.6143048
2017-08-18,13,"LIQUOR,WINE,BEER",2.5700493
2017-08-19,13,"LIQUOR,WINE,BEER",3.4805608
2017-08-20,13,"LIQUOR,WINE,BEER",3.0930512
2017-08-21,13,"LIQUOR,WINE,BEER",1.9888852
2017-08-22,13,"LIQUOR,WINE,BEER",2.4206
2017-08-23,13,"LIQUOR,WINE,BEER",2.42388
2017-08-24,13,"LIQUOR,WINE,BEER",1.87857
2017-08-25,13,"LIQUOR,WINE,BEER",2.0833724
2017-08-26,13,"LIQUOR,WINE,BEER",2.0948198
2017-08-27,13,"LIQUOR,WINE,BEER",2.074613
2017-08-28,13,"LIQUOR,WINE,BEER",1.9263417
2017-08-29,13,"LIQUOR,WINE,BEER",1.9397455
2017-08-30,13,"LIQUOR,WINE,BEER",2.0678577
2017-08-16,13,MAGAZINES,253.81352
2017-08-17,13,MAGAZINES,240.31152
2017-08-18,13,MAGAZINES,232.75998
2017-08-19,13,MAGAZINES,305.9538
2017-08-20,13,MAGAZINES,196.80281
2017-08-21,13,MAGAZINES,227.98581
2017-08-22,13,MAGAZINES,225.24123
2017-08-23,13,MAGAZINES,247.85269
2017-08-24,13,MAGAZINES,244.9473
2017-08-25,13,MAGAZINES,239.85356
2017-08-26,13,MAGAZINES,305.17484
2017-08-27,13,MAGAZINES,202.8666
2017-08-28,13,MAGAZINES,253.23741
2017-08-29,13,MAGAZINES,236.75044
2017-08-30,13,MAGAZINES,272.81015
2017-08-16,13,MEATS,277.43924
2017-08-17,13,MEATS,195.37654
2017-08-18,13,MEATS,261.81647
2017-08-19,13,MEATS,332.97937
2017-08-20,13,MEATS,257.47147
2017-08-21,13,MEATS,234.10034
2017-08-22,13,MEATS,302.11517
2017-08-23,13,MEATS,289.2713
2017-08-24,13,MEATS,192.99988
2017-08-25,13,MEATS,281.90506
2017-08-26,13,MEATS,316.0233
2017-08-27,13,MEATS,262.3358
2017-08-28,13,MEATS,241.29991
2017-08-29,13,MEATS,294.3992
2017-08-30,13,MEATS,269.6733
2017-08-16,13,PERSONAL CARE,0.9658179
2017-08-17,13,PERSONAL CARE,0.6483631
2017-08-18,13,PERSONAL CARE,0.8882548
2017-08-19,13,PERSONAL CARE,0.9148174
2017-08-20,13,PERSONAL CARE,0.8285423
2017-08-21,13,PERSONAL CARE,0.84519535
2017-08-22,13,PERSONAL CARE,0.9004524
2017-08-23,13,PERSONAL CARE,0.9088026
2017-08-24,13,PERSONAL CARE,0.5059145
2017-08-25,13,PERSONAL CARE,0.75271386
2017-08-26,13,PERSONAL CARE,1.1395296
2017-08-27,13,PERSONAL CARE,0.65887886
2017-08-28,13,PERSONAL CARE,0.8725172
2017-08-29,13,PERSONAL CARE,0.8627868
2017-08-30,13,PERSONAL CARE,1.0262692
2017-08-16,13,PET SUPPLIES,7.522389
2017-08-17,13,PET SUPPLIES,5.10666
2017-08-18,13,PET SUPPLIES,6.4875207
2017-08-19,13,PET SUPPLIES,6.7172008
2017-08-20,13,PET SUPPLIES,6.409909
2017-08-21,13,PET SUPPLIES,5.3808703
2017-08-22,13,PET SUPPLIES,5.6635785
2017-08-23,13,PET SUPPLIES,5.8987737
2017-08-24,13,PET SUPPLIES,4.765965
2017-08-25,13,PET SUPPLIES,6.2573423
2017-08-26,13,PET SUPPLIES,6.1444263
2017-08-27,13,PET SUPPLIES,5.833143
2017-08-28,13,PET SUPPLIES,4.6967316
2017-08-29,13,PET SUPPLIES,4.810494
2017-08-30,13,PET SUPPLIES,5.6766577
2017-08-16,13,PLAYERS AND ELECTRONICS,83.90276
2017-08-17,13,PLAYERS AND ELECTRONICS,67.27758
2017-08-18,13,PLAYERS AND ELECTRONICS,101.1757
2017-08-19,13,PLAYERS AND ELECTRONICS,87.92701
2017-08-20,13,PLAYERS AND ELECTRONICS,73.20231
2017-08-21,13,PLAYERS AND ELECTRONICS,71.53672
2017-08-22,13,PLAYERS AND ELECTRONICS,82.67719
2017-08-23,13,PLAYERS AND ELECTRONICS,88.06139
2017-08-24,13,PLAYERS AND ELECTRONICS,64.87579
2017-08-25,13,PLAYERS AND ELECTRONICS,101.10613
2017-08-26,13,PLAYERS AND ELECTRONICS,93.86043
2017-08-27,13,PLAYERS AND ELECTRONICS,73.39554
2017-08-28,13,PLAYERS AND ELECTRONICS,75.789566
2017-08-29,13,PLAYERS AND ELECTRONICS,74.833694
2017-08-30,13,PLAYERS AND ELECTRONICS,91.10498
2017-08-16,13,POULTRY,87.344315
2017-08-17,13,POULTRY,64.13453
2017-08-18,13,POULTRY,89.994225
2017-08-19,13,POULTRY,103.568275
2017-08-20,13,POULTRY,81.24306
2017-08-21,13,POULTRY,76.36467
2017-08-22,13,POULTRY,78.88972
2017-08-23,13,POULTRY,84.893
2017-08-24,13,POULTRY,61.181767
2017-08-25,13,POULTRY,88.71778
2017-08-26,13,POULTRY,104.251915
2017-08-27,13,POULTRY,76.957016
2017-08-28,13,POULTRY,74.5503
2017-08-29,13,POULTRY,75.95146
2017-08-30,13,POULTRY,77.894264
2017-08-16,13,PREPARED FOODS,471.45816
2017-08-17,13,PREPARED FOODS,249.54272
2017-08-18,13,PREPARED FOODS,276.61786
2017-08-19,13,PREPARED FOODS,271.8799
2017-08-20,13,PREPARED FOODS,276.3965
2017-08-21,13,PREPARED FOODS,262.53464
2017-08-22,13,PREPARED FOODS,375.69788
2017-08-23,13,PREPARED FOODS,279.23282
2017-08-24,13,PREPARED FOODS,196.1996
2017-08-25,13,PREPARED FOODS,288.83716
2017-08-26,13,PREPARED FOODS,330.1925
2017-08-27,13,PREPARED FOODS,290.6001
2017-08-28,13,PREPARED FOODS,281.92792
2017-08-29,13,PREPARED FOODS,344.4757
2017-08-30,13,PREPARED FOODS,247.74988
2017-08-16,13,PRODUCE,4.5151377
2017-08-17,13,PRODUCE,4.0308504
2017-08-18,13,PRODUCE,3.4174223
2017-08-19,13,PRODUCE,2.9036095
2017-08-20,13,PRODUCE,3.2767498
2017-08-21,13,PRODUCE,2.262412
2017-08-22,13,PRODUCE,1.9794263
2017-08-23,13,PRODUCE,1.737883
2017-08-24,13,PRODUCE,1.6065826
2017-08-25,13,PRODUCE,2.0600588
2017-08-26,13,PRODUCE,2.4426498
2017-08-27,13,PRODUCE,1.8642324
2017-08-28,13,PRODUCE,1.7081928
2017-08-29,13,PRODUCE,1.2670214
2017-08-30,13,PRODUCE,1.7704878
2017-08-16,13,SCHOOL AND OFFICE SUPPLIES,4.8078337
2017-08-17,13,SCHOOL AND OFFICE SUPPLIES,3.6068542
2017-08-18,13,SCHOOL AND OFFICE SUPPLIES,5.064758
2017-08-19,13,SCHOOL AND OFFICE SUPPLIES,5.9698563
2017-08-20,13,SCHOOL AND OFFICE SUPPLIES,3.67036
2017-08-21,13,SCHOOL AND OFFICE SUPPLIES,3.766692
2017-08-22,13,SCHOOL AND OFFICE SUPPLIES,3.6921697
2017-08-23,13,SCHOOL AND OFFICE SUPPLIES,4.085787
2017-08-24,13,SCHOOL AND OFFICE SUPPLIES,2.950708
2017-08-25,13,SCHOOL AND OFFICE SUPPLIES,4.180581
2017-08-26,13,SCHOOL AND OFFICE SUPPLIES,5.0035524
2017-08-27,13,SCHOOL AND OFFICE SUPPLIES,4.2717543
2017-08-28,13,SCHOOL AND OFFICE SUPPLIES,4.0590405
2017-08-29,13,SCHOOL AND OFFICE SUPPLIES,3.5138466
2017-08-30,13,SCHOOL AND OFFICE SUPPLIES,4.393052
2017-08-16,13,SEAFOOD,3.7996356
2017-08-17,13,SEAFOOD,3.3798156
2017-08-18,13,SEAFOOD,4.0436707
2017-08-19,13,SEAFOOD,4.1667466
2017-08-20,13,SEAFOOD,3.5384798
2017-08-21,13,SEAFOOD,3.3039808
2017-08-22,13,SEAFOOD,3.5441065
2017-08-23,13,SEAFOOD,3.9461143
2017-08-24,13,SEAFOOD,2.9135692
2017-08-25,13,SEAFOOD,3.5471566
2017-08-26,13,SEAFOOD,3.8232272
2017-08-27,13,SEAFOOD,3.7122755
2017-08-28,13,SEAFOOD,2.7580245
2017-08-29,13,SEAFOOD,3.5326355
2017-08-30,13,SEAFOOD,3.1339874
2017-08-16,14,AUTOMOTIVE,1.1098979
2017-08-17,14,AUTOMOTIVE,0.8484274
2017-08-18,14,AUTOMOTIVE,1.0196983
2017-08-19,14,AUTOMOTIVE,0.9915315
2017-08-20,14,AUTOMOTIVE,0.82223934
2017-08-21,14,AUTOMOTIVE,0.8707505
2017-08-22,14,AUTOMOTIVE,0.9918091
2017-08-23,14,AUTOMOTIVE,0.80527693
2017-08-24,14,AUTOMOTIVE,0.7377478
2017-08-25,14,AUTOMOTIVE,0.81797636
2017-08-26,14,AUTOMOTIVE,1.2702346
2017-08-27,14,AUTOMOTIVE,0.8552574
2017-08-28,14,AUTOMOTIVE,0.8828723
2017-08-29,14,AUTOMOTIVE,0.96995366
2017-08-30,14,AUTOMOTIVE,0.84931487
2017-08-16,14,BABY CARE,3.91085
2017-08-17,14,BABY CARE,3.4910357
2017-08-18,14,BABY CARE,3.9629676
2017-08-19,14,BABY CARE,4.842766
2017-08-20,14,BABY CARE,4.35796
2017-08-21,14,BABY CARE,3.1030514
2017-08-22,14,BABY CARE,3.6483612
2017-08-23,14,BABY CARE,3.1996202
2017-08-24,14,BABY CARE,3.0296004
2017-08-25,14,BABY CARE,3.145385
2017-08-26,14,BABY CARE,3.789995
2017-08-27,14,BABY CARE,3.2759607
2017-08-28,14,BABY CARE,2.4203546
2017-08-29,14,BABY CARE,2.8846667
2017-08-30,14,BABY CARE,2.8862042
2017-08-16,14,BEAUTY,1623.589
2017-08-17,14,BEAUTY,1585.1825
2017-08-18,14,BEAUTY,1875.8597
2017-08-19,14,BEAUTY,1811.8184
2017-08-20,14,BEAUTY,1569.7384
2017-08-21,14,BEAUTY,1562.7324
2017-08-22,14,BEAUTY,1551.8531
2017-08-23,14,BEAUTY,1605.8691
2017-08-24,14,BEAUTY,1571.1262
2017-08-25,14,BEAUTY,1921.4036
2017-08-26,14,BEAUTY,1833.0521
2017-08-27,14,BEAUTY,1606.4625
2017-08-28,14,BEAUTY,1591.152
2017-08-29,14,BEAUTY,1566.7865
2017-08-30,14,BEAUTY,1597.816
2017-08-16,14,BEVERAGES,167.3539
2017-08-17,14,BEVERAGES,141.8074
2017-08-18,14,BEVERAGES,173.16228
2017-08-19,14,BEVERAGES,177.76613
2017-08-20,14,BEVERAGES,170.64957
2017-08-21,14,BEVERAGES,148.97148
2017-08-22,14,BEVERAGES,150.94714
2017-08-23,14,BEVERAGES,160.69734
2017-08-24,14,BEVERAGES,134.87161
2017-08-25,14,BEVERAGES,181.59215
2017-08-26,14,BEVERAGES,175.069
2017-08-27,14,BEVERAGES,172.02206
2017-08-28,14,BEVERAGES,145.76132
2017-08-29,14,BEVERAGES,157.1539
2017-08-30,14,BEVERAGES,154.41501
2017-08-16,14,BREAD/BAKERY,6.1151114
2017-08-17,14,BREAD/BAKERY,3.224127
2017-08-18,14,BREAD/BAKERY,4.9057727
2017-08-19,14,BREAD/BAKERY,4.623206
2017-08-20,14,BREAD/BAKERY,4.283406
2017-08-21,14,BREAD/BAKERY,3.350426
2017-08-22,14,BREAD/BAKERY,3.6595583
2017-08-23,14,BREAD/BAKERY,3.837515
2017-08-24,14,BREAD/BAKERY,3.1212544
2017-08-25,14,BREAD/BAKERY,4.495113
2017-08-26,14,BREAD/BAKERY,3.813168
2017-08-27,14,BREAD/BAKERY,3.8012855
2017-08-28,14,BREAD/BAKERY,3.4062371
2017-08-29,14,BREAD/BAKERY,4.6140976
2017-08-30,14,BREAD/BAKERY,4.1380515
2017-08-16,14,CELEBRATION,865.0885
2017-08-17,14,CELEBRATION,816.43695
2017-08-18,14,CELEBRATION,938.94183
2017-08-19,14,CELEBRATION,987.5768
2017-08-20,14,CELEBRATION,848.94006
2017-08-21,14,CELEBRATION,847.41156
2017-08-22,14,CELEBRATION,896.39935
2017-08-23,14,CELEBRATION,846.2726
2017-08-24,14,CELEBRATION,793.714
2017-08-25,14,CELEBRATION,1058.0225
2017-08-26,14,CELEBRATION,1056.3716
2017-08-27,14,CELEBRATION,954.77856
2017-08-28,14,CELEBRATION,847.3581
2017-08-29,14,CELEBRATION,951.27185
2017-08-30,14,CELEBRATION,932.4629
2017-08-16,14,CLEANING,392.00943
2017-08-17,14,CLEANING,322.83136
2017-08-18,14,CLEANING,357.98166
2017-08-19,14,CLEANING,352.74615
2017-08-20,14,CLEANING,322.52838
2017-08-21,14,CLEANING,310.72818
2017-08-22,14,CLEANING,327.63538
2017-08-23,14,CLEANING,373.2389
2017-08-24,14,CLEANING,296.99902
2017-08-25,14,CLEANING,354.2781
2017-08-26,14,CLEANING,354.1723
2017-08-27,14,CLEANING,323.20007
2017-08-28,14,CLEANING,331.41592
2017-08-29,14,CLEANING,345.01636
2017-08-30,14,CLEANING,373.8011
2017-08-16,14,DAIRY,272.0811
2017-08-17,14,DAIRY,243.61214
2017-08-18,14,DAIRY,337.83023
2017-08-19,14,DAIRY,284.95798
2017-08-20,14,DAIRY,253.91861
2017-08-21,14,DAIRY,241.44984
2017-08-22,14,DAIRY,251.59584
2017-08-23,14,DAIRY,252.21367
2017-08-24,14,DAIRY,239.49197
2017-08-25,14,DAIRY,354.36322
2017-08-26,14,DAIRY,292.61996
2017-08-27,14,DAIRY,266.56967
2017-08-28,14,DAIRY,243.34048
2017-08-29,14,DAIRY,267.19006
2017-08-30,14,DAIRY,256.64703
2017-08-16,14,DELI,83.81325
2017-08-17,14,DELI,79.89838
2017-08-18,14,DELI,111.15246
2017-08-19,14,DELI,106.47801
2017-08-20,14,DELI,90.89596
2017-08-21,14,DELI,95.72211
2017-08-22,14,DELI,83.62762
2017-08-23,14,DELI,91.03851
2017-08-24,14,DELI,77.342255
2017-08-25,14,DELI,104.46332
2017-08-26,14,DELI,107.38154
2017-08-27,14,DELI,90.25213
2017-08-28,14,DELI,98.651955
2017-08-29,14,DELI,80.28345
2017-08-30,14,DELI,81.20013
2017-08-16,14,EGGS,64.456436
2017-08-17,14,EGGS,61.116272
2017-08-18,14,EGGS,68.403984
2017-08-19,14,EGGS,72.09644
2017-08-20,14,EGGS,55.02476
2017-08-21,14,EGGS,61.745674
2017-08-22,14,EGGS,62.48211
2017-08-23,14,EGGS,69.12722
2017-08-24,14,EGGS,66.6962
2017-08-25,14,EGGS,70.33454
2017-08-26,14,EGGS,76.29604
2017-08-27,14,EGGS,52.39631
2017-08-28,14,EGGS,58.27131
2017-08-29,14,EGGS,65.155876
2017-08-30,14,EGGS,69.96892
2017-08-16,14,FROZEN FOODS,3148.8806
2017-08-17,14,FROZEN FOODS,2635.6267
2017-08-18,14,FROZEN FOODS,3072.5151
2017-08-19,14,FROZEN FOODS,3070.9019
2017-08-20,14,FROZEN FOODS,2721.576
2017-08-21,14,FROZEN FOODS,2840.7368
2017-08-22,14,FROZEN FOODS,2838.275
2017-08-23,14,FROZEN FOODS,2875.2864
2017-08-24,14,FROZEN FOODS,2677.7434
2017-08-25,14,FROZEN FOODS,3453.673
2017-08-26,14,FROZEN FOODS,3185.314
2017-08-27,14,FROZEN FOODS,2787.4856
2017-08-28,14,FROZEN FOODS,2850.1824
2017-08-29,14,FROZEN FOODS,2939.639
2017-08-30,14,FROZEN FOODS,3010.5776
2017-08-16,14,GROCERY I,8.637085
2017-08-17,14,GROCERY I,7.465187
2017-08-18,14,GROCERY I,8.274507
2017-08-19,14,GROCERY I,7.816357
2017-08-20,14,GROCERY I,8.554759
2017-08-21,14,GROCERY I,7.90529
2017-08-22,14,GROCERY I,7.4378667
2017-08-23,14,GROCERY I,8.200703
2017-08-24,14,GROCERY I,7.2167883
2017-08-25,14,GROCERY I,8.654766
2017-08-26,14,GROCERY I,8.37087
2017-08-27,14,GROCERY I,7.457854
2017-08-28,14,GROCERY I,9.342169
2017-08-29,14,GROCERY I,7.220437
2017-08-30,14,GROCERY I,9.446867
2017-08-16,14,GROCERY II,1.0101633
2017-08-17,14,GROCERY II,1.0173615
2017-08-18,14,GROCERY II,1.2364137
2017-08-19,14,GROCERY II,1.2542729
2017-08-20,14,GROCERY II,1.0328052
2017-08-21,14,GROCERY II,1.192355
2017-08-22,14,GROCERY II,1.0621166
2017-08-23,14,GROCERY II,1.0107285
2017-08-24,14,GROCERY II,1.0712031
2017-08-25,14,GROCERY II,1.0839947
2017-08-26,14,GROCERY II,1.2297018
2017-08-27,14,GROCERY II,1.0359298
2017-08-28,14,GROCERY II,1.0949773
2017-08-29,14,GROCERY II,1.1350237
2017-08-30,14,GROCERY II,1.020144
2017-08-16,14,HARDWARE,14.931658
2017-08-17,14,HARDWARE,13.872786
2017-08-18,14,HARDWARE,17.029657
2017-08-19,14,HARDWARE,15.2552805
2017-08-20,14,HARDWARE,12.876958
2017-08-21,14,HARDWARE,15.423106
2017-08-22,14,HARDWARE,15.178077
2017-08-23,14,HARDWARE,16.766846
2017-08-24,14,HARDWARE,13.89388
2017-08-25,14,HARDWARE,17.021109
2017-08-26,14,HARDWARE,18.291613
2017-08-27,14,HARDWARE,13.019923
2017-08-28,14,HARDWARE,16.302687
2017-08-29,14,HARDWARE,15.302247
2017-08-30,14,HARDWARE,16.849072
2017-08-16,14,HOME AND KITCHEN I,15.507639
2017-08-17,14,HOME AND KITCHEN I,12.184238
2017-08-18,14,HOME AND KITCHEN I,15.117454
2017-08-19,14,HOME AND KITCHEN I,17.482153
2017-08-20,14,HOME AND KITCHEN I,15.557383
2017-08-21,14,HOME AND KITCHEN I,13.476927
2017-08-22,14,HOME AND KITCHEN I,15.62286
2017-08-23,14,HOME AND KITCHEN I,14.931817
2017-08-24,14,HOME AND KITCHEN I,14.268044
2017-08-25,14,HOME AND KITCHEN I,15.092952
2017-08-26,14,HOME AND KITCHEN I,17.623943
2017-08-27,14,HOME AND KITCHEN I,15.269687
2017-08-28,14,HOME AND KITCHEN I,13.597676
2017-08-29,14,HOME AND KITCHEN I,14.132316
2017-08-30,14,HOME AND KITCHEN I,15.052303
2017-08-16,14,HOME AND KITCHEN II,0.14622194
2017-08-17,14,HOME AND KITCHEN II,0.09069643
2017-08-18,14,HOME AND KITCHEN II,0.13861147
2017-08-19,14,HOME AND KITCHEN II,0.13149591
2017-08-20,14,HOME AND KITCHEN II,0.12756146
2017-08-21,14,HOME AND KITCHEN II,0.08477968
2017-08-22,14,HOME AND KITCHEN II,0.07415865
2017-08-23,14,HOME AND KITCHEN II,0.121931806
2017-08-24,14,HOME AND KITCHEN II,0.079450876
2017-08-25,14,HOME AND KITCHEN II,0.09870764
2017-08-26,14,HOME AND KITCHEN II,0.16256115
2017-08-27,14,HOME AND KITCHEN II,0.11200416
2017-08-28,14,HOME AND KITCHEN II,0.14589795
2017-08-29,14,HOME AND KITCHEN II,0.13434333
2017-08-30,14,HOME AND KITCHEN II,0.16106667
2017-08-16,14,HOME APPLIANCES,146.05933
2017-08-17,14,HOME APPLIANCES,119.19899
2017-08-18,14,HOME APPLIANCES,173.75972
2017-08-19,14,HOME APPLIANCES,169.46304
2017-08-20,14,HOME APPLIANCES,143.12845
2017-08-21,14,HOME APPLIANCES,139.12148
2017-08-22,14,HOME APPLIANCES,140.04195
2017-08-23,14,HOME APPLIANCES,134.64043
2017-08-24,14,HOME APPLIANCES,113.810356
2017-08-25,14,HOME APPLIANCES,162.96748
2017-08-26,14,HOME APPLIANCES,163.34293
2017-08-27,14,HOME APPLIANCES,140.4573
2017-08-28,14,HOME APPLIANCES,129.00209
2017-08-29,14,HOME APPLIANCES,129.16145
2017-08-30,14,HOME APPLIANCES,125.34703
2017-08-16,14,HOME CARE,7.3315344
2017-08-17,14,HOME CARE,9.167946
2017-08-18,14,HOME CARE,8.787813
2017-08-19,14,HOME CARE,8.502628
2017-08-20,14,HOME CARE,9.026537
2017-08-21,14,HOME CARE,9.394786
2017-08-22,14,HOME CARE,7.7125554
2017-08-23,14,HOME CARE,8.158971
2017-08-24,14,HOME CARE,7.626583
2017-08-25,14,HOME CARE,8.717873
2017-08-26,14,HOME CARE,8.084448
2017-08-27,14,HOME CARE,8.114929
2017-08-28,14,HOME CARE,7.0801616
2017-08-29,14,HOME CARE,7.56067
2017-08-30,14,HOME CARE,6.8861938
2017-08-16,14,LADIESWEAR,0.00047288954
2017-08-17,14,LADIESWEAR,0.00041611074
2017-08-18,14,LADIESWEAR,0.0007699966
2017-08-19,14,LADIESWEAR,0.0007592505
2017-08-20,14,LADIESWEAR,0.0011032462
2017-08-21,14,LADIESWEAR,0.00073755917
2017-08-22,14,LADIESWEAR,0.0011613572
2017-08-23,14,LADIESWEAR,0.00060862896
2017-08-24,14,LADIESWEAR,0.00035313785
2017-08-25,14,LADIESWEAR,0.00050901057
2017-08-26,14,LADIESWEAR,0.0006856418
2017-08-27,14,LADIESWEAR,0.0009401971
2017-08-28,14,LADIESWEAR,0.0010860687
2017-08-29,14,LADIESWEAR,0.0010224289
2017-08-30,14,LADIESWEAR,0.0006275582
2017-08-16,14,LINGERIE,4.257868
2017-08-17,14,LINGERIE,3.883104
2017-08-18,14,LINGERIE,4.4481497
2017-08-19,14,LINGERIE,4.84691
2017-08-20,14,LINGERIE,4.509408
2017-08-21,14,LINGERIE,3.7369301
2017-08-22,14,LINGERIE,4.660372
2017-08-23,14,LINGERIE,5.0367393
2017-08-24,14,LINGERIE,4.200597
2017-08-25,14,LINGERIE,4.490512
2017-08-26,14,LINGERIE,3.9570084
2017-08-27,14,LINGERIE,4.045079
2017-08-28,14,LINGERIE,3.7911696
2017-08-29,14,LINGERIE,3.6090076
2017-08-30,14,LINGERIE,4.5738397
2017-08-16,14,"LIQUOR,WINE,BEER",39.37328
2017-08-17,14,"LIQUOR,WINE,BEER",37.426117
2017-08-18,14,"LIQUOR,WINE,BEER",35.347202
2017-08-19,14,"LIQUOR,WINE,BEER",37.036526
2017-08-20,14,"LIQUOR,WINE,BEER",28.36728
2017-08-21,14,"LIQUOR,WINE,BEER",37.3307
2017-08-22,14,"LIQUOR,WINE,BEER",30.262966
2017-08-23,14,"LIQUOR,WINE,BEER",34.734257
2017-08-24,14,"LIQUOR,WINE,BEER",33.847637
2017-08-25,14,"LIQUOR,WINE,BEER",47.43422
2017-08-26,14,"LIQUOR,WINE,BEER",33.692745
2017-08-27,14,"LIQUOR,WINE,BEER",26.8834
2017-08-28,14,"LIQUOR,WINE,BEER",37.281334
2017-08-29,14,"LIQUOR,WINE,BEER",30.933918
2017-08-30,14,"LIQUOR,WINE,BEER",30.528103
2017-08-16,14,MAGAZINES,1.8249831
2017-08-17,14,MAGAZINES,1.8565905
2017-08-18,14,MAGAZINES,1.9745347
2017-08-19,14,MAGAZINES,1.8624178
2017-08-20,14,MAGAZINES,2.1853266
2017-08-21,14,MAGAZINES,1.8681483
2017-08-22,14,MAGAZINES,1.6696892
2017-08-23,14,MAGAZINES,1.601336
2017-08-24,14,MAGAZINES,1.4987801
2017-08-25,14,MAGAZINES,1.7455031
2017-08-26,14,MAGAZINES,1.9266968
2017-08-27,14,MAGAZINES,1.8477104
2017-08-28,14,MAGAZINES,1.4170507
2017-08-29,14,MAGAZINES,1.5611768
2017-08-30,14,MAGAZINES,1.6615051
2017-08-16,14,MEATS,132.83618
2017-08-17,14,MEATS,132.37079
2017-08-18,14,MEATS,133.35391
2017-08-19,14,MEATS,147.58855
2017-08-20,14,MEATS,120.31812
2017-08-21,14,MEATS,128.88202
2017-08-22,14,MEATS,115.30542
2017-08-23,14,MEATS,127.91075
2017-08-24,14,MEATS,138.14574
2017-08-25,14,MEATS,130.96376
2017-08-26,14,MEATS,142.19849
2017-08-27,14,MEATS,118.18919
2017-08-28,14,MEATS,131.50266
2017-08-29,14,MEATS,116.36806
2017-08-30,14,MEATS,129.46788
2017-08-16,14,PERSONAL CARE,175.57254
2017-08-17,14,PERSONAL CARE,155.1834
2017-08-18,14,PERSONAL CARE,189.96278
2017-08-19,14,PERSONAL CARE,203.61832
2017-08-20,14,PERSONAL CARE,177.00792
2017-08-21,14,PERSONAL CARE,176.2023
2017-08-22,14,PERSONAL CARE,183.57544
2017-08-23,14,PERSONAL CARE,188.891
2017-08-24,14,PERSONAL CARE,161.5877
2017-08-25,14,PERSONAL CARE,197.89722
2017-08-26,14,PERSONAL CARE,225.41011
2017-08-27,14,PERSONAL CARE,181.08554
2017-08-28,14,PERSONAL CARE,176.21095
2017-08-29,14,PERSONAL CARE,196.0807
2017-08-30,14,PERSONAL CARE,184.47281
2017-08-16,14,PET SUPPLIES,0.7249067
2017-08-17,14,PET SUPPLIES,0.5135269
2017-08-18,14,PET SUPPLIES,0.7409178
2017-08-19,14,PET SUPPLIES,0.7589464
2017-08-20,14,PET SUPPLIES,0.78385186
2017-08-21,14,PET SUPPLIES,0.64608335
2017-08-22,14,PET SUPPLIES,0.77405536
2017-08-23,14,PET SUPPLIES,0.7590064
2017-08-24,14,PET SUPPLIES,0.51040715
2017-08-25,14,PET SUPPLIES,0.76416016
2017-08-26,14,PET SUPPLIES,0.88876694
2017-08-27,14,PET SUPPLIES,0.7936521
2017-08-28,14,PET SUPPLIES,0.6126788
2017-08-29,14,PET SUPPLIES,0.684984
2017-08-30,14,PET SUPPLIES,0.59432304
2017-08-16,14,PLAYERS AND ELECTRONICS,4.307759
2017-08-17,14,PLAYERS AND ELECTRONICS,4.832938
2017-08-18,14,PLAYERS AND ELECTRONICS,4.962993
2017-08-19,14,PLAYERS AND ELECTRONICS,5.4424777
2017-08-20,14,PLAYERS AND ELECTRONICS,5.3791614
2017-08-21,14,PLAYERS AND ELECTRONICS,4.017913
2017-08-22,14,PLAYERS AND ELECTRONICS,4.528916
2017-08-23,14,PLAYERS AND ELECTRONICS,5.1107473
2017-08-24,14,PLAYERS AND ELECTRONICS,4.4174976
2017-08-25,14,PLAYERS AND ELECTRONICS,4.466662
2017-08-26,14,PLAYERS AND ELECTRONICS,5.2150717
2017-08-27,14,PLAYERS AND ELECTRONICS,4.3340406
2017-08-28,14,PLAYERS AND ELECTRONICS,3.983574
2017-08-29,14,PLAYERS AND ELECTRONICS,4.579933
2017-08-30,14,PLAYERS AND ELECTRONICS,4.8273945
2017-08-16,14,POULTRY,121.55837
2017-08-17,14,POULTRY,100.744225
2017-08-18,14,POULTRY,145.27542
2017-08-19,14,POULTRY,116.397514
2017-08-20,14,POULTRY,109.6743
2017-08-21,14,POULTRY,115.120674
2017-08-22,14,POULTRY,101.89753
2017-08-23,14,POULTRY,117.08148
2017-08-24,14,POULTRY,98.13804
2017-08-25,14,POULTRY,149.1242
2017-08-26,14,POULTRY,129.34807
2017-08-27,14,POULTRY,116.00744
2017-08-28,14,POULTRY,118.81848
2017-08-29,14,POULTRY,108.700386
2017-08-30,14,POULTRY,112.21125
2017-08-16,14,PREPARED FOODS,42.18285
2017-08-17,14,PREPARED FOODS,36.43299
2017-08-18,14,PREPARED FOODS,44.66875
2017-08-19,14,PREPARED FOODS,48.77121
2017-08-20,14,PREPARED FOODS,39.4782
2017-08-21,14,PREPARED FOODS,37.66815
2017-08-22,14,PREPARED FOODS,37.553326
2017-08-23,14,PREPARED FOODS,38.215794
2017-08-24,14,PREPARED FOODS,36.379105
2017-08-25,14,PREPARED FOODS,46.783318
2017-08-26,14,PREPARED FOODS,45.584167
2017-08-27,14,PREPARED FOODS,38.640408
2017-08-28,14,PREPARED FOODS,39.044544
2017-08-29,14,PREPARED FOODS,36.85278
2017-08-30,14,PREPARED FOODS,38.73181
2017-08-16,14,PRODUCE,640.37006
2017-08-17,14,PRODUCE,385.14236
2017-08-18,14,PRODUCE,456.87265
2017-08-19,14,PRODUCE,444.04443
2017-08-20,14,PRODUCE,421.34866
2017-08-21,14,PRODUCE,440.40067
2017-08-22,14,PRODUCE,489.7364
2017-08-23,14,PRODUCE,386.4956
2017-08-24,14,PRODUCE,315.57764
2017-08-25,14,PRODUCE,421.5603
2017-08-26,14,PRODUCE,449.41782
2017-08-27,14,PRODUCE,394.90585
2017-08-28,14,PRODUCE,415.00677
2017-08-29,14,PRODUCE,499.1102
2017-08-30,14,PRODUCE,359.91852
2017-08-16,14,SCHOOL AND OFFICE SUPPLIES,4.89991
2017-08-17,14,SCHOOL AND OFFICE SUPPLIES,4.507934
2017-08-18,14,SCHOOL AND OFFICE SUPPLIES,4.207454
2017-08-19,14,SCHOOL AND OFFICE SUPPLIES,4.4992723
2017-08-20,14,SCHOOL AND OFFICE SUPPLIES,3.9805126
2017-08-21,14,SCHOOL AND OFFICE SUPPLIES,3.0930095
2017-08-22,14,SCHOOL AND OFFICE SUPPLIES,2.132529
2017-08-23,14,SCHOOL AND OFFICE SUPPLIES,2.7989612
2017-08-24,14,SCHOOL AND OFFICE SUPPLIES,2.0707126
2017-08-25,14,SCHOOL AND OFFICE SUPPLIES,2.703866
2017-08-26,14,SCHOOL AND OFFICE SUPPLIES,2.2029781
2017-08-27,14,SCHOOL AND OFFICE SUPPLIES,2.33754
2017-08-28,14,SCHOOL AND OFFICE SUPPLIES,1.6487848
2017-08-29,14,SCHOOL AND OFFICE SUPPLIES,1.8193733
2017-08-30,14,SCHOOL AND OFFICE SUPPLIES,1.6631228
2017-08-16,14,SEAFOOD,5.829968
2017-08-17,14,SEAFOOD,4.526284
2017-08-18,14,SEAFOOD,4.880598
2017-08-19,14,SEAFOOD,5.691769
2017-08-20,14,SEAFOOD,5.1779175
2017-08-21,14,SEAFOOD,5.0431385
2017-08-22,14,SEAFOOD,4.4079227
2017-08-23,14,SEAFOOD,5.4300914
2017-08-24,14,SEAFOOD,5.288972
2017-08-25,14,SEAFOOD,5.8295465
2017-08-26,14,SEAFOOD,5.62347
2017-08-27,14,SEAFOOD,5.0746756
2017-08-28,14,SEAFOOD,4.829819
2017-08-29,14,SEAFOOD,4.875453
2017-08-30,14,SEAFOOD,5.628286
2017-08-16,15,AUTOMOTIVE,5.4524527
2017-08-17,15,AUTOMOTIVE,5.7399344
2017-08-18,15,AUTOMOTIVE,6.0208898
2017-08-19,15,AUTOMOTIVE,5.678275
2017-08-20,15,AUTOMOTIVE,5.197481
2017-08-21,15,AUTOMOTIVE,4.2793536
2017-08-22,15,AUTOMOTIVE,4.9405127
2017-08-23,15,AUTOMOTIVE,5.0832796
2017-08-24,15,AUTOMOTIVE,4.9813514
2017-08-25,15,AUTOMOTIVE,5.563789
2017-08-26,15,AUTOMOTIVE,5.4313703
2017-08-27,15,AUTOMOTIVE,4.8743505
2017-08-28,15,AUTOMOTIVE,4.6372404
2017-08-29,15,AUTOMOTIVE,4.72144
2017-08-30,15,AUTOMOTIVE,5.6334534
2017-08-16,15,BABY CARE,0.21299556
2017-08-17,15,BABY CARE,0.14056328
2017-08-18,15,BABY CARE,0.28342095
2017-08-19,15,BABY CARE,0.18259369
2017-08-20,15,BABY CARE,0.18858314
2017-08-21,15,BABY CARE,0.22748974
2017-08-22,15,BABY CARE,0.21208133
2017-08-23,15,BABY CARE,0.2697085
2017-08-24,15,BABY CARE,0.22744237
2017-08-25,15,BABY CARE,0.22847976
2017-08-26,15,BABY CARE,0.28218627
2017-08-27,15,BABY CARE,0.3124734
2017-08-28,15,BABY CARE,0.23172347
2017-08-29,15,BABY CARE,0.22983749
2017-08-30,15,BABY CARE,0.29754555
2017-08-16,15,BEAUTY,1.3485597
2017-08-17,15,BEAUTY,1.4064721
2017-08-18,15,BEAUTY,1.1593168
2017-08-19,15,BEAUTY,1.390086
2017-08-20,15,BEAUTY,1.1854242
2017-08-21,15,BEAUTY,1.015533
2017-08-22,15,BEAUTY,0.9907705
2017-08-23,15,BEAUTY,1.2806644
2017-08-24,15,BEAUTY,1.6537145
2017-08-25,15,BEAUTY,1.4033188
2017-08-26,15,BEAUTY,1.4520389
2017-08-27,15,BEAUTY,1.4230156
2017-08-28,15,BEAUTY,0.97239393
2017-08-29,15,BEAUTY,0.96897155
2017-08-30,15,BEAUTY,0.8516809
2017-08-16,15,BEVERAGES,1612.3076
2017-08-17,15,BEVERAGES,1767.1531
2017-08-18,15,BEVERAGES,1862.4442
2017-08-19,15,BEVERAGES,1904.4946
2017-08-20,15,BEVERAGES,1476.5581
2017-08-21,15,BEVERAGES,1383.6422
2017-08-22,15,BEVERAGES,1282.3318
2017-08-23,15,BEVERAGES,1454.6919
2017-08-24,15,BEVERAGES,1651.4303
2017-08-25,15,BEVERAGES,1707.839
2017-08-26,15,BEVERAGES,1658.9287
2017-08-27,15,BEVERAGES,1356.2853
2017-08-28,15,BEVERAGES,1327.6045
2017-08-29,15,BEVERAGES,1303.5712
2017-08-30,15,BEVERAGES,1773.202
2017-08-16,15,BREAD/BAKERY,157.10458
2017-08-17,15,BREAD/BAKERY,156.428
2017-08-18,15,BREAD/BAKERY,182.68831
2017-08-19,15,BREAD/BAKERY,182.31636
2017-08-20,15,BREAD/BAKERY,181.27266
2017-08-21,15,BREAD/BAKERY,158.46358
2017-08-22,15,BREAD/BAKERY,148.29843
2017-08-23,15,BREAD/BAKERY,166.20384
2017-08-24,15,BREAD/BAKERY,158.5017
2017-08-25,15,BREAD/BAKERY,176.79395
2017-08-26,15,BREAD/BAKERY,174.37457
2017-08-27,15,BREAD/BAKERY,180.38441
2017-08-28,15,BREAD/BAKERY,139.39769
2017-08-29,15,BREAD/BAKERY,141.27782
2017-08-30,15,BREAD/BAKERY,176.01254
2017-08-16,15,CELEBRATION,6.9295197
2017-08-17,15,CELEBRATION,6.121587
2017-08-18,15,CELEBRATION,6.293285
2017-08-19,15,CELEBRATION,5.7080035
2017-08-20,15,CELEBRATION,4.426623
2017-08-21,15,CELEBRATION,5.1940293
2017-08-22,15,CELEBRATION,5.591536
2017-08-23,15,CELEBRATION,6.257118
2017-08-24,15,CELEBRATION,5.918689
2017-08-25,15,CELEBRATION,5.6106834
2017-08-26,15,CELEBRATION,5.2749424
2017-08-27,15,CELEBRATION,4.8661246
2017-08-28,15,CELEBRATION,4.9448385
2017-08-29,15,CELEBRATION,4.4822664
2017-08-30,15,CELEBRATION,6.629988
2017-08-16,15,CLEANING,1041.6615
2017-08-17,15,CLEANING,992.06647
2017-08-18,15,CLEANING,1034.0677
2017-08-19,15,CLEANING,1042.3694
2017-08-20,15,CLEANING,833.7562
2017-08-21,15,CLEANING,881.57477
2017-08-22,15,CLEANING,822.0315
2017-08-23,15,CLEANING,839.1345
2017-08-24,15,CLEANING,912.57043
2017-08-25,15,CLEANING,837.61554
2017-08-26,15,CLEANING,950.1728
2017-08-27,15,CLEANING,787.8787
2017-08-28,15,CLEANING,826.0456
2017-08-29,15,CLEANING,796.3358
2017-08-30,15,CLEANING,1250.8231
2017-08-16,15,DAIRY,318.81195
2017-08-17,15,DAIRY,273.7071
2017-08-18,15,DAIRY,285.05063
2017-08-19,15,DAIRY,302.65442
2017-08-20,15,DAIRY,281.51617
2017-08-21,15,DAIRY,275.2219
2017-08-22,15,DAIRY,255.40723
2017-08-23,15,DAIRY,317.71783
2017-08-24,15,DAIRY,297.68088
2017-08-25,15,DAIRY,290.3332
2017-08-26,15,DAIRY,291.4336
2017-08-27,15,DAIRY,264.12653
2017-08-28,15,DAIRY,264.88922
2017-08-29,15,DAIRY,260.1747
2017-08-30,15,DAIRY,323.70068
2017-08-16,15,DELI,175.873
2017-08-17,15,DELI,171.13414
2017-08-18,15,DELI,218.36797
2017-08-19,15,DELI,187.33722
2017-08-20,15,DELI,161.6522
2017-08-21,15,DELI,155.81406
2017-08-22,15,DELI,153.61404
2017-08-23,15,DELI,167.09099
2017-08-24,15,DELI,174.04185
2017-08-25,15,DELI,224.4331
2017-08-26,15,DELI,180.08456
2017-08-27,15,DELI,158.23814
2017-08-28,15,DELI,157.51819
2017-08-29,15,DELI,148.48799
2017-08-30,15,DELI,206.76306
2017-08-16,15,EGGS,161.52414
2017-08-17,15,EGGS,171.69315
2017-08-18,15,EGGS,206.63066
2017-08-19,15,EGGS,192.02228
2017-08-20,15,EGGS,138.27565
2017-08-21,15,EGGS,166.87294
2017-08-22,15,EGGS,132.06732
2017-08-23,15,EGGS,134.61945
2017-08-24,15,EGGS,163.75708
2017-08-25,15,EGGS,185.09842
2017-08-26,15,EGGS,173.0082
2017-08-27,15,EGGS,143.28201
2017-08-28,15,EGGS,171.0068
2017-08-29,15,EGGS,121.831276
2017-08-30,15,EGGS,170.3529
2017-08-16,15,FROZEN FOODS,39.63679
2017-08-17,15,FROZEN FOODS,43.190712
2017-08-18,15,FROZEN FOODS,37.1839
2017-08-19,15,FROZEN FOODS,41.796444
2017-08-20,15,FROZEN FOODS,29.019367
2017-08-21,15,FROZEN FOODS,32.93007
2017-08-22,15,FROZEN FOODS,31.169426
2017-08-23,15,FROZEN FOODS,39.195885
2017-08-24,15,FROZEN FOODS,39.83877
2017-08-25,15,FROZEN FOODS,34.62635
2017-08-26,15,FROZEN FOODS,41.29232
2017-08-27,15,FROZEN FOODS,30.114244
2017-08-28,15,FROZEN FOODS,31.993547
2017-08-29,15,FROZEN FOODS,32.4359
2017-08-30,15,FROZEN FOODS,44.159798
2017-08-16,15,GROCERY I,2742.796
2017-08-17,15,GROCERY I,2489.7751
2017-08-18,15,GROCERY I,2446.9045
2017-08-19,15,GROCERY I,2601.1155
2017-08-20,15,GROCERY I,2346.3794
2017-08-21,15,GROCERY I,2473.053
2017-08-22,15,GROCERY I,2282.7004
2017-08-23,15,GROCERY I,2502.5771
2017-08-24,15,GROCERY I,2700.8887
2017-08-25,15,GROCERY I,2634.0225
2017-08-26,15,GROCERY I,2898.7568
2017-08-27,15,GROCERY I,2454.162
2017-08-28,15,GROCERY I,2493.9736
2017-08-29,15,GROCERY I,2497.4531
2017-08-30,15,GROCERY I,3314.2615
2017-08-16,15,GROCERY II,6.3882823
2017-08-17,15,GROCERY II,5.292861
2017-08-18,15,GROCERY II,5.9050364
2017-08-19,15,GROCERY II,7.1393924
2017-08-20,15,GROCERY II,5.356369
2017-08-21,15,GROCERY II,5.5005608
2017-08-22,15,GROCERY II,4.1627836
2017-08-23,15,GROCERY II,5.6623096
2017-08-24,15,GROCERY II,6.2171617
2017-08-25,15,GROCERY II,6.295588
2017-08-26,15,GROCERY II,5.941619
2017-08-27,15,GROCERY II,5.6538353
2017-08-28,15,GROCERY II,5.2109647
2017-08-29,15,GROCERY II,5.1251426
2017-08-30,15,GROCERY II,6.3143106
2017-08-16,15,HARDWARE,0.37593153
2017-08-17,15,HARDWARE,0.47106037
2017-08-18,15,HARDWARE,0.29357046
2017-08-19,15,HARDWARE,0.31250575
2017-08-20,15,HARDWARE,0.24223304
2017-08-21,15,HARDWARE,0.33631697
2017-08-22,15,HARDWARE,0.22425216
2017-08-23,15,HARDWARE,0.38535574
2017-08-24,15,HARDWARE,0.3361657
2017-08-25,15,HARDWARE,0.4282127
2017-08-26,15,HARDWARE,0.32263893
2017-08-27,15,HARDWARE,0.44573832
2017-08-28,15,HARDWARE,0.38022512
2017-08-29,15,HARDWARE,0.3451528
2017-08-30,15,HARDWARE,0.3300196
2017-08-16,15,HOME AND KITCHEN I,15.393184
2017-08-17,15,HOME AND KITCHEN I,12.370703
2017-08-18,15,HOME AND KITCHEN I,14.717352
2017-08-19,15,HOME AND KITCHEN I,15.146243
2017-08-20,15,HOME AND KITCHEN I,14.717109
2017-08-21,15,HOME AND KITCHEN I,12.8234005
2017-08-22,15,HOME AND KITCHEN I,13.011553
2017-08-23,15,HOME AND KITCHEN I,15.672978
2017-08-24,15,HOME AND KITCHEN I,12.64719
2017-08-25,15,HOME AND KITCHEN I,13.030275
2017-08-26,15,HOME AND KITCHEN I,16.044594
2017-08-27,15,HOME AND KITCHEN I,13.820177
2017-08-28,15,HOME AND KITCHEN I,12.991032
2017-08-29,15,HOME AND KITCHEN I,11.704372
2017-08-30,15,HOME AND KITCHEN I,16.283712
2017-08-16,15,HOME AND KITCHEN II,16.78541
2017-08-17,15,HOME AND KITCHEN II,15.461283
2017-08-18,15,HOME AND KITCHEN II,16.843576
2017-08-19,15,HOME AND KITCHEN II,17.4214
2017-08-20,15,HOME AND KITCHEN II,17.124422
2017-08-21,15,HOME AND KITCHEN II,15.334409
2017-08-22,15,HOME AND KITCHEN II,12.600364
2017-08-23,15,HOME AND KITCHEN II,14.513417
2017-08-24,15,HOME AND KITCHEN II,14.625812
2017-08-25,15,HOME AND KITCHEN II,14.398088
2017-08-26,15,HOME AND KITCHEN II,15.726113
2017-08-27,15,HOME AND KITCHEN II,13.816938
2017-08-28,15,HOME AND KITCHEN II,12.03841
2017-08-29,15,HOME AND KITCHEN II,10.743426
2017-08-30,15,HOME AND KITCHEN II,15.81312
2017-08-16,15,HOME APPLIANCES,0.17341554
2017-08-17,15,HOME APPLIANCES,0.16287753
2017-08-18,15,HOME APPLIANCES,0.17385873
2017-08-19,15,HOME APPLIANCES,0.17085701
2017-08-20,15,HOME APPLIANCES,0.17186153
2017-08-21,15,HOME APPLIANCES,0.16897947
2017-08-22,15,HOME APPLIANCES,0.13680056
2017-08-23,15,HOME APPLIANCES,0.15768483
2017-08-24,15,HOME APPLIANCES,0.1311221
2017-08-25,15,HOME APPLIANCES,0.20069507
2017-08-26,15,HOME APPLIANCES,0.18789168
2017-08-27,15,HOME APPLIANCES,0.1805674
2017-08-28,15,HOME APPLIANCES,0.18557502
2017-08-29,15,HOME APPLIANCES,0.17234172
2017-08-30,15,HOME APPLIANCES,0.25179604
2017-08-16,15,HOME CARE,152.13548
2017-08-17,15,HOME CARE,153.10158
2017-08-18,15,HOME CARE,156.02344
2017-08-19,15,HOME CARE,148.95193
2017-08-20,15,HOME CARE,139.9648
2017-08-21,15,HOME CARE,129.5629
2017-08-22,15,HOME CARE,125.65392
2017-08-23,15,HOME CARE,122.29441
2017-08-24,15,HOME CARE,132.45308
2017-08-25,15,HOME CARE,165.04347
2017-08-26,15,HOME CARE,155.52542
2017-08-27,15,HOME CARE,144.41437
2017-08-28,15,HOME CARE,124.695786
2017-08-29,15,HOME CARE,116.78485
2017-08-30,15,HOME CARE,152.24539
2017-08-16,15,LADIESWEAR,0.0
2017-08-17,15,LADIESWEAR,0.0
2017-08-18,15,LADIESWEAR,0.0
2017-08-19,15,LADIESWEAR,0.0001285094
2017-08-20,15,LADIESWEAR,0.0
2017-08-21,15,LADIESWEAR,0.0003562659
2017-08-22,15,LADIESWEAR,0.0
2017-08-23,15,LADIESWEAR,0.0
2017-08-24,15,LADIESWEAR,0.0
2017-08-25,15,LADIESWEAR,0.0
2017-08-26,15,LADIESWEAR,0.00010112941
2017-08-27,15,LADIESWEAR,0.0
2017-08-28,15,LADIESWEAR,0.00026946186
2017-08-29,15,LADIESWEAR,0.0
2017-08-30,15,LADIESWEAR,0.0
2017-08-16,15,LAWN AND GARDEN,3.4975874
2017-08-17,15,LAWN AND GARDEN,3.4512901
2017-08-18,15,LAWN AND GARDEN,3.670941
2017-08-19,15,LAWN AND GARDEN,3.6032476
2017-08-20,15,LAWN AND GARDEN,3.249179
2017-08-21,15,LAWN AND GARDEN,3.1844373
2017-08-22,15,LAWN AND GARDEN,3.1749544
2017-08-23,15,LAWN AND GARDEN,3.6212475
2017-08-24,15,LAWN AND GARDEN,3.7988153
2017-08-25,15,LAWN AND GARDEN,3.4497871
2017-08-26,15,LAWN AND GARDEN,4.1452155
2017-08-27,15,LAWN AND GARDEN,3.9989128
2017-08-28,15,LAWN AND GARDEN,3.51516
2017-08-29,15,LAWN AND GARDEN,2.9544322
2017-08-30,15,LAWN AND GARDEN,3.8170688
2017-08-16,15,LINGERIE,43.07712
2017-08-17,15,LINGERIE,41.33641
2017-08-18,15,LINGERIE,43.754017
2017-08-19,15,LINGERIE,33.848778
2017-08-20,15,LINGERIE,21.955776
2017-08-21,15,LINGERIE,35.478573
2017-08-22,15,LINGERIE,34.027126
2017-08-23,15,LINGERIE,36.49483
2017-08-24,15,LINGERIE,47.415344
2017-08-25,15,LINGERIE,48.071507
2017-08-26,15,LINGERIE,38.282906
2017-08-27,15,LINGERIE,34.19412
2017-08-28,15,LINGERIE,37.89508
2017-08-29,15,LINGERIE,30.65969
2017-08-30,15,LINGERIE,44.773968
2017-08-16,15,"LIQUOR,WINE,BEER",1.2340434
2017-08-17,15,"LIQUOR,WINE,BEER",1.4408479
2017-08-18,15,"LIQUOR,WINE,BEER",1.3502046
2017-08-19,15,"LIQUOR,WINE,BEER",1.4313272
2017-08-20,15,"LIQUOR,WINE,BEER",1.1654463
2017-08-21,15,"LIQUOR,WINE,BEER",1.2469339
2017-08-22,15,"LIQUOR,WINE,BEER",1.119083
2017-08-23,15,"LIQUOR,WINE,BEER",1.4722269
2017-08-24,15,"LIQUOR,WINE,BEER",1.4862231
2017-08-25,15,"LIQUOR,WINE,BEER",1.5663027
2017-08-26,15,"LIQUOR,WINE,BEER",1.4195979
2017-08-27,15,"LIQUOR,WINE,BEER",1.2485521
2017-08-28,15,"LIQUOR,WINE,BEER",1.1550684
2017-08-29,15,"LIQUOR,WINE,BEER",1.3158004
2017-08-30,15,"LIQUOR,WINE,BEER",1.2541254
2017-08-16,15,MAGAZINES,63.15764
2017-08-17,15,MAGAZINES,73.132965
2017-08-18,15,MAGAZINES,58.8478
2017-08-19,15,MAGAZINES,65.78205
2017-08-20,15,MAGAZINES,54.35791
2017-08-21,15,MAGAZINES,63.485798
2017-08-22,15,MAGAZINES,54.75413
2017-08-23,15,MAGAZINES,64.78776
2017-08-24,15,MAGAZINES,75.14697
2017-08-25,15,MAGAZINES,61.339775
2017-08-26,15,MAGAZINES,68.80144
2017-08-27,15,MAGAZINES,55.954624
2017-08-28,15,MAGAZINES,63.601532
2017-08-29,15,MAGAZINES,53.49889
2017-08-30,15,MAGAZINES,71.52012
2017-08-16,15,MEATS,136.87851
2017-08-17,15,MEATS,142.98021
2017-08-18,15,MEATS,127.761444
2017-08-19,15,MEATS,149.38124
2017-08-20,15,MEATS,143.29053
2017-08-21,15,MEATS,141.5123
2017-08-22,15,MEATS,141.03093
2017-08-23,15,MEATS,154.71452
2017-08-24,15,MEATS,172.24962
2017-08-25,15,MEATS,162.69406
2017-08-26,15,MEATS,186.16252
2017-08-27,15,MEATS,161.80414
2017-08-28,15,MEATS,146.07372
2017-08-29,15,MEATS,149.42393
2017-08-30,15,MEATS,176.91261
2017-08-16,15,PERSONAL CARE,0.84698176
2017-08-17,15,PERSONAL CARE,0.92926437
2017-08-18,15,PERSONAL CARE,0.7277279
2017-08-19,15,PERSONAL CARE,0.932805
2017-08-20,15,PERSONAL CARE,0.62846035
2017-08-21,15,PERSONAL CARE,0.54501885
2017-08-22,15,PERSONAL CARE,0.5794482
2017-08-23,15,PERSONAL CARE,0.6756258
2017-08-24,15,PERSONAL CARE,0.72301346
2017-08-25,15,PERSONAL CARE,0.5838089
2017-08-26,15,PERSONAL CARE,0.7322114
2017-08-27,15,PERSONAL CARE,0.54371727
2017-08-28,15,PERSONAL CARE,0.5821327
2017-08-29,15,PERSONAL CARE,0.5482848
2017-08-30,15,PERSONAL CARE,0.6510743
2017-08-16,15,PET SUPPLIES,2.977338
2017-08-17,15,PET SUPPLIES,3.4804199
2017-08-18,15,PET SUPPLIES,3.657614
2017-08-19,15,PET SUPPLIES,3.604901
2017-08-20,15,PET SUPPLIES,3.8541815
2017-08-21,15,PET SUPPLIES,2.672759
2017-08-22,15,PET SUPPLIES,2.5090125
2017-08-23,15,PET SUPPLIES,4.4399853
2017-08-24,15,PET SUPPLIES,2.876977
2017-08-25,15,PET SUPPLIES,2.987086
2017-08-26,15,PET SUPPLIES,3.6479278
2017-08-27,15,PET SUPPLIES,2.7834823
2017-08-28,15,PET SUPPLIES,3.2733734
2017-08-29,15,PET SUPPLIES,2.649894
2017-08-30,15,PET SUPPLIES,3.6855776
2017-08-16,15,PLAYERS AND ELECTRONICS,77.01632
2017-08-17,15,PLAYERS AND ELECTRONICS,69.75404
2017-08-18,15,PLAYERS AND ELECTRONICS,84.050476
2017-08-19,15,PLAYERS AND ELECTRONICS,73.307755
2017-08-20,15,PLAYERS AND ELECTRONICS,64.25603
2017-08-21,15,PLAYERS AND ELECTRONICS,66.76095
2017-08-22,15,PLAYERS AND ELECTRONICS,61.26493
2017-08-23,15,PLAYERS AND ELECTRONICS,72.72729
2017-08-24,15,PLAYERS AND ELECTRONICS,74.41818
2017-08-25,15,PLAYERS AND ELECTRONICS,80.79002
2017-08-26,15,PLAYERS AND ELECTRONICS,72.30811
2017-08-27,15,PLAYERS AND ELECTRONICS,65.47788
2017-08-28,15,PLAYERS AND ELECTRONICS,66.697525
2017-08-29,15,PLAYERS AND ELECTRONICS,57.555984
2017-08-30,15,PLAYERS AND ELECTRONICS,82.85156
2017-08-16,15,POULTRY,35.98951
2017-08-17,15,POULTRY,34.84175
2017-08-18,15,POULTRY,39.416763
2017-08-19,15,POULTRY,39.24497
2017-08-20,15,POULTRY,36.52793
2017-08-21,15,POULTRY,35.161972
2017-08-22,15,POULTRY,33.917732
2017-08-23,15,POULTRY,39.248714
2017-08-24,15,POULTRY,37.78373
2017-08-25,15,POULTRY,40.334965
2017-08-26,15,POULTRY,43.950726
2017-08-27,15,POULTRY,36.59907
2017-08-28,15,POULTRY,34.816128
2017-08-29,15,POULTRY,33.68072
2017-08-30,15,POULTRY,38.415253
2017-08-16,15,PREPARED FOODS,785.1581
2017-08-17,15,PREPARED FOODS,422.324
2017-08-18,15,PREPARED FOODS,400.31363
2017-08-19,15,PREPARED FOODS,395.04428
2017-08-20,15,PREPARED FOODS,394.79062
2017-08-21,15,PREPARED FOODS,410.23828
2017-08-22,15,PREPARED FOODS,502.06018
2017-08-23,15,PREPARED FOODS,420.86426
2017-08-24,15,PREPARED FOODS,392.44788
2017-08-25,15,PREPARED FOODS,434.15714
2017-08-26,15,PREPARED FOODS,476.10916
2017-08-27,15,PREPARED FOODS,422.24655
2017-08-28,15,PREPARED FOODS,447.68478
2017-08-29,15,PREPARED FOODS,519.9721
2017-08-30,15,PREPARED FOODS,531.9218
2017-08-16,15,PRODUCE,0.0
2017-08-17,15,PRODUCE,0.0
2017-08-18,15,PRODUCE,0.0
2017-08-19,15,PRODUCE,0.0
2017-08-20,15,PRODUCE,0.0
2017-08-21,15,PRODUCE,0.0
2017-08-22,15,PRODUCE,0.0
2017-08-23,15,PRODUCE,0.0
2017-08-24,15,PRODUCE,0.0
2017-08-25,15,PRODUCE,0.0
2017-08-26,15,PRODUCE,0.0
2017-08-27,15,PRODUCE,0.0
2017-08-28,15,PRODUCE,0.0
2017-08-29,15,PRODUCE,0.0
2017-08-30,15,PRODUCE,0.0
2017-08-16,15,SCHOOL AND OFFICE SUPPLIES,1.7641165
2017-08-17,15,SCHOOL AND OFFICE SUPPLIES,2.1829352
2017-08-18,15,SCHOOL AND OFFICE SUPPLIES,1.8574466
2017-08-19,15,SCHOOL AND OFFICE SUPPLIES,2.0405982
2017-08-20,15,SCHOOL AND OFFICE SUPPLIES,1.7677648
2017-08-21,15,SCHOOL AND OFFICE SUPPLIES,1.6735715
2017-08-22,15,SCHOOL AND OFFICE SUPPLIES,1.5268103
2017-08-23,15,SCHOOL AND OFFICE SUPPLIES,2.283108
2017-08-24,15,SCHOOL AND OFFICE SUPPLIES,2.0031574
2017-08-25,15,SCHOOL AND OFFICE SUPPLIES,2.1657012
2017-08-26,15,SCHOOL AND OFFICE SUPPLIES,2.3354697
2017-08-27,15,SCHOOL AND OFFICE SUPPLIES,1.8529321
2017-08-28,15,SCHOOL AND OFFICE SUPPLIES,1.7028564
2017-08-29,15,SCHOOL AND OFFICE SUPPLIES,1.6069419
2017-08-30,15,SCHOOL AND OFFICE SUPPLIES,1.8703697
2017-08-16,15,SEAFOOD,8.540396
2017-08-17,15,SEAFOOD,9.149719
2017-08-18,15,SEAFOOD,8.932539
2017-08-19,15,SEAFOOD,8.412963
2017-08-20,15,SEAFOOD,6.8231845
2017-08-21,15,SEAFOOD,6.690712
2017-08-22,15,SEAFOOD,7.6629086
2017-08-23,15,SEAFOOD,7.45854
2017-08-24,15,SEAFOOD,7.6312633
2017-08-25,15,SEAFOOD,8.755595
2017-08-26,15,SEAFOOD,8.117368
2017-08-27,15,SEAFOOD,6.000332
2017-08-28,15,SEAFOOD,6.8714566
2017-08-29,15,SEAFOOD,6.746201
2017-08-30,15,SEAFOOD,7.07835
2017-08-16,16,AUTOMOTIVE,0.47114208
2017-08-17,16,AUTOMOTIVE,0.2963689
2017-08-18,16,AUTOMOTIVE,0.47519183
2017-08-19,16,AUTOMOTIVE,0.5142898
2017-08-20,16,AUTOMOTIVE,0.35708898
2017-08-21,16,AUTOMOTIVE,0.4161857
2017-08-22,16,AUTOMOTIVE,0.4160996
2017-08-23,16,AUTOMOTIVE,0.3571945
2017-08-24,16,AUTOMOTIVE,0.30744898
2017-08-25,16,AUTOMOTIVE,0.4273836
2017-08-26,16,AUTOMOTIVE,0.4301528
2017-08-27,16,AUTOMOTIVE,0.4205636
2017-08-28,16,AUTOMOTIVE,0.29515028
2017-08-29,16,AUTOMOTIVE,0.4022401
2017-08-30,16,AUTOMOTIVE,0.40959662
2017-08-16,16,BABY CARE,2.4812691
2017-08-17,16,BABY CARE,2.6968455
2017-08-18,16,BABY CARE,3.0624633
2017-08-19,16,BABY CARE,2.903258
2017-08-20,16,BABY CARE,2.3969436
2017-08-21,16,BABY CARE,1.9864326
2017-08-22,16,BABY CARE,2.3236868
2017-08-23,16,BABY CARE,2.778197
2017-08-24,16,BABY CARE,2.6530097
2017-08-25,16,BABY CARE,2.9059803
2017-08-26,16,BABY CARE,2.8510146
2017-08-27,16,BABY CARE,2.6359372
2017-08-28,16,BABY CARE,2.4001465
2017-08-29,16,BABY CARE,2.254711
2017-08-30,16,BABY CARE,2.3932228
2017-08-16,16,BEAUTY,3356.13
2017-08-17,16,BEAUTY,3430.895
2017-08-18,16,BEAUTY,3707.389
2017-08-19,16,BEAUTY,3457.4968
2017-08-20,16,BEAUTY,3081.4001
2017-08-21,16,BEAUTY,3000.7458
2017-08-22,16,BEAUTY,2925.969
2017-08-23,16,BEAUTY,3429.1155
2017-08-24,16,BEAUTY,3652.079
2017-08-25,16,BEAUTY,3864.2292
2017-08-26,16,BEAUTY,3508.594
2017-08-27,16,BEAUTY,3174.6992
2017-08-28,16,BEAUTY,2842.8699
2017-08-29,16,BEAUTY,2919.7234
2017-08-30,16,BEAUTY,3383.0925
2017-08-16,16,BEVERAGES,315.79153
2017-08-17,16,BEVERAGES,312.56793
2017-08-18,16,BEVERAGES,398.8228
2017-08-19,16,BEVERAGES,384.75937
2017-08-20,16,BEVERAGES,383.22922
2017-08-21,16,BEVERAGES,299.14062
2017-08-22,16,BEVERAGES,296.63098
2017-08-23,16,BEVERAGES,337.48505
2017-08-24,16,BEVERAGES,333.02
2017-08-25,16,BEVERAGES,397.60913
2017-08-26,16,BEVERAGES,375.7969
2017-08-27,16,BEVERAGES,385.26556
2017-08-28,16,BEVERAGES,285.21115
2017-08-29,16,BEVERAGES,282.47787
2017-08-30,16,BEVERAGES,334.50522
2017-08-16,16,BREAD/BAKERY,7.7769823
2017-08-17,16,BREAD/BAKERY,5.9962635
2017-08-18,16,BREAD/BAKERY,6.2377076
2017-08-19,16,BREAD/BAKERY,6.5506687
2017-08-20,16,BREAD/BAKERY,5.2003303
2017-08-21,16,BREAD/BAKERY,6.4314747
2017-08-22,16,BREAD/BAKERY,6.7750015
2017-08-23,16,BREAD/BAKERY,6.7759876
2017-08-24,16,BREAD/BAKERY,6.7593846
2017-08-25,16,BREAD/BAKERY,5.8950305
2017-08-26,16,BREAD/BAKERY,6.118557
2017-08-27,16,BREAD/BAKERY,4.839718
2017-08-28,16,BREAD/BAKERY,6.113022
2017-08-29,16,BREAD/BAKERY,4.900121
2017-08-30,16,BREAD/BAKERY,5.8927054
2017-08-16,16,CELEBRATION,1190.4009
2017-08-17,16,CELEBRATION,1072.3356
2017-08-18,16,CELEBRATION,1278.9126
2017-08-19,16,CELEBRATION,1319.3744
2017-08-20,16,CELEBRATION,1081.9803
2017-08-21,16,CELEBRATION,1008.2845
2017-08-22,16,CELEBRATION,1107.1044
2017-08-23,16,CELEBRATION,1235.4618
2017-08-24,16,CELEBRATION,1218.8259
2017-08-25,16,CELEBRATION,1407.8494
2017-08-26,16,CELEBRATION,1409.1958
2017-08-27,16,CELEBRATION,1144.0723
2017-08-28,16,CELEBRATION,1150.835
2017-08-29,16,CELEBRATION,1156.8947
2017-08-30,16,CELEBRATION,1272.4639
2017-08-16,16,CLEANING,944.33417
2017-08-17,16,CLEANING,768.1022
2017-08-18,16,CLEANING,753.95966
2017-08-19,16,CLEANING,738.82764
2017-08-20,16,CLEANING,719.8268
2017-08-21,16,CLEANING,685.8231
2017-08-22,16,CLEANING,690.7574
2017-08-23,16,CLEANING,938.35223
2017-08-24,16,CLEANING,785.1982
2017-08-25,16,CLEANING,777.7525
2017-08-26,16,CLEANING,760.8331
2017-08-27,16,CLEANING,719.39905
2017-08-28,16,CLEANING,676.8681
2017-08-29,16,CLEANING,686.92163
2017-08-30,16,CLEANING,949.3173
2017-08-16,16,DAIRY,495.55588
2017-08-17,16,DAIRY,524.8412
2017-08-18,16,DAIRY,718.02216
2017-08-19,16,DAIRY,529.17834
2017-08-20,16,DAIRY,466.94965
2017-08-21,16,DAIRY,448.2361
2017-08-22,16,DAIRY,444.9702
2017-08-23,16,DAIRY,521.9876
2017-08-24,16,DAIRY,558.4297
2017-08-25,16,DAIRY,759.46063
2017-08-26,16,DAIRY,553.2174
2017-08-27,16,DAIRY,466.92233
2017-08-28,16,DAIRY,447.5402
2017-08-29,16,DAIRY,459.3531
2017-08-30,16,DAIRY,522.87427
2017-08-16,16,DELI,186.3298
2017-08-17,16,DELI,192.14983
2017-08-18,16,DELI,266.89343
2017-08-19,16,DELI,197.30658
2017-08-20,16,DELI,164.45537
2017-08-21,16,DELI,191.31999
2017-08-22,16,DELI,150.91325
2017-08-23,16,DELI,209.10919
2017-08-24,16,DELI,202.29355
2017-08-25,16,DELI,260.63803
2017-08-26,16,DELI,206.88637
2017-08-27,16,DELI,165.37517
2017-08-28,16,DELI,192.79326
2017-08-29,16,DELI,141.17752
2017-08-30,16,DELI,189.32605
2017-08-16,16,EGGS,125.923836
2017-08-17,16,EGGS,105.47783
2017-08-18,16,EGGS,112.43593
2017-08-19,16,EGGS,150.90495
2017-08-20,16,EGGS,94.561844
2017-08-21,16,EGGS,107.869774
2017-08-22,16,EGGS,98.47187
2017-08-23,16,EGGS,128.46092
2017-08-24,16,EGGS,115.757996
2017-08-25,16,EGGS,109.4085
2017-08-26,16,EGGS,140.82541
2017-08-27,16,EGGS,93.3132
2017-08-28,16,EGGS,96.17048
2017-08-29,16,EGGS,90.10234
2017-08-30,16,EGGS,116.90644
2017-08-16,16,FROZEN FOODS,5261.029
2017-08-17,16,FROZEN FOODS,4746.804
2017-08-18,16,FROZEN FOODS,5114.0
2017-08-19,16,FROZEN FOODS,5068.3813
2017-08-20,16,FROZEN FOODS,4723.549
2017-08-21,16,FROZEN FOODS,4229.359
2017-08-22,16,FROZEN FOODS,4313.7085
2017-08-23,16,FROZEN FOODS,4989.788
2017-08-24,16,FROZEN FOODS,5123.9316
2017-08-25,16,FROZEN FOODS,5681.335
2017-08-26,16,FROZEN FOODS,5584.0635
2017-08-27,16,FROZEN FOODS,4898.65
2017-08-28,16,FROZEN FOODS,4511.8667
2017-08-29,16,FROZEN FOODS,4569.505
2017-08-30,16,FROZEN FOODS,5395.2153
2017-08-16,16,GROCERY I,13.202759
2017-08-17,16,GROCERY I,12.8522835
2017-08-18,16,GROCERY I,14.372236
2017-08-19,16,GROCERY I,15.482573
2017-08-20,16,GROCERY I,13.552041
2017-08-21,16,GROCERY I,11.826754
2017-08-22,16,GROCERY I,10.245016
2017-08-23,16,GROCERY I,13.550517
2017-08-24,16,GROCERY I,11.779953
2017-08-25,16,GROCERY I,12.761686
2017-08-26,16,GROCERY I,14.642815
2017-08-27,16,GROCERY I,12.977788
2017-08-28,16,GROCERY I,13.05222
2017-08-29,16,GROCERY I,10.677295
2017-08-30,16,GROCERY I,15.132924
2017-08-16,16,GROCERY II,0.928532
2017-08-17,16,GROCERY II,1.2496272
2017-08-18,16,GROCERY II,1.2502621
2017-08-19,16,GROCERY II,1.1632779
2017-08-20,16,GROCERY II,1.1801466
2017-08-21,16,GROCERY II,1.0137213
2017-08-22,16,GROCERY II,0.89682615
2017-08-23,16,GROCERY II,1.3856474
2017-08-24,16,GROCERY II,1.0075198
2017-08-25,16,GROCERY II,1.0788952
2017-08-26,16,GROCERY II,0.9852685
2017-08-27,16,GROCERY II,0.98333484
2017-08-28,16,GROCERY II,0.89354193
2017-08-29,16,GROCERY II,0.93957
2017-08-30,16,GROCERY II,1.1628458
2017-08-16,16,HARDWARE,25.534311
2017-08-17,16,HARDWARE,21.01234
2017-08-18,16,HARDWARE,22.241308
2017-08-19,16,HARDWARE,23.450819
2017-08-20,16,HARDWARE,20.973433
2017-08-21,16,HARDWARE,20.44611
2017-08-22,16,HARDWARE,21.914345
2017-08-23,16,HARDWARE,23.312656
2017-08-24,16,HARDWARE,20.368156
2017-08-25,16,HARDWARE,24.747663
2017-08-26,16,HARDWARE,26.633867
2017-08-27,16,HARDWARE,21.22696
2017-08-28,16,HARDWARE,20.71282
2017-08-29,16,HARDWARE,18.315771
2017-08-30,16,HARDWARE,20.070766
2017-08-16,16,HOME AND KITCHEN I,27.283848
2017-08-17,16,HOME AND KITCHEN I,25.304691
2017-08-18,16,HOME AND KITCHEN I,26.91548
2017-08-19,16,HOME AND KITCHEN I,25.11318
2017-08-20,16,HOME AND KITCHEN I,23.21997
2017-08-21,16,HOME AND KITCHEN I,21.244944
2017-08-22,16,HOME AND KITCHEN I,19.861132
2017-08-23,16,HOME AND KITCHEN I,23.00179
2017-08-24,16,HOME AND KITCHEN I,21.715925
2017-08-25,16,HOME AND KITCHEN I,23.451103
2017-08-26,16,HOME AND KITCHEN I,25.958532
2017-08-27,16,HOME AND KITCHEN I,23.477669
2017-08-28,16,HOME AND KITCHEN I,21.440868
2017-08-29,16,HOME AND KITCHEN I,21.201899
2017-08-30,16,HOME AND KITCHEN I,25.583534
2017-08-16,16,HOME AND KITCHEN II,0.08352502
2017-08-17,16,HOME AND KITCHEN II,0.084786154
2017-08-18,16,HOME AND KITCHEN II,0.14003181
2017-08-19,16,HOME AND KITCHEN II,0.10280303
2017-08-20,16,HOME AND KITCHEN II,0.12495134
2017-08-21,16,HOME AND KITCHEN II,0.03216296
2017-08-22,16,HOME AND KITCHEN II,0.14396082
2017-08-23,16,HOME AND KITCHEN II,0.09589891
2017-08-24,16,HOME AND KITCHEN II,0.11540127
2017-08-25,16,HOME AND KITCHEN II,0.13195454
2017-08-26,16,HOME AND KITCHEN II,0.1960367
2017-08-27,16,HOME AND KITCHEN II,0.1873965
2017-08-28,16,HOME AND KITCHEN II,0.10754139
2017-08-29,16,HOME AND KITCHEN II,0.19070701
2017-08-30,16,HOME AND KITCHEN II,0.12609598
2017-08-16,16,HOME APPLIANCES,248.40129
2017-08-17,16,HOME APPLIANCES,219.9341
2017-08-18,16,HOME APPLIANCES,245.4855
2017-08-19,16,HOME APPLIANCES,237.4563
2017-08-20,16,HOME APPLIANCES,220.02469
2017-08-21,16,HOME APPLIANCES,188.52783
2017-08-22,16,HOME APPLIANCES,190.35739
2017-08-23,16,HOME APPLIANCES,223.38101
2017-08-24,16,HOME APPLIANCES,218.59982
2017-08-25,16,HOME APPLIANCES,229.0873
2017-08-26,16,HOME APPLIANCES,219.02306
2017-08-27,16,HOME APPLIANCES,200.35582
2017-08-28,16,HOME APPLIANCES,180.72246
2017-08-29,16,HOME APPLIANCES,187.01028
2017-08-30,16,HOME APPLIANCES,214.39066
2017-08-16,16,HOME CARE,0.0
2017-08-17,16,HOME CARE,0.0
2017-08-18,16,HOME CARE,0.0
2017-08-19,16,HOME CARE,0.0
2017-08-20,16,HOME CARE,0.0
2017-08-21,16,HOME CARE,0.0
2017-08-22,16,HOME CARE,0.0
2017-08-23,16,HOME CARE,0.0
2017-08-24,16,HOME CARE,0.0
2017-08-25,16,HOME CARE,0.0
2017-08-26,16,HOME CARE,0.0
2017-08-27,16,HOME CARE,0.0
2017-08-28,16,HOME CARE,0.0
2017-08-29,16,HOME CARE,0.0
2017-08-30,16,HOME CARE,0.0
2017-08-16,16,LAWN AND GARDEN,0.0
2017-08-17,16,LAWN AND GARDEN,0.0
2017-08-18,16,LAWN AND GARDEN,0.0
2017-08-19,16,LAWN AND GARDEN,0.0
2017-08-20,16,LAWN AND GARDEN,0.0
2017-08-21,16,LAWN AND GARDEN,0.0
2017-08-22,16,LAWN AND GARDEN,0.0
2017-08-23,16,LAWN AND GARDEN,0.0
2017-08-24,16,LAWN AND GARDEN,0.0
2017-08-25,16,LAWN AND GARDEN,0.0
2017-08-26,16,LAWN AND GARDEN,0.0
2017-08-27,16,LAWN AND GARDEN,0.0
2017-08-28,16,LAWN AND GARDEN,0.0
2017-08-29,16,LAWN AND GARDEN,0.0
2017-08-30,16,LAWN AND GARDEN,0.0
2017-08-16,16,LINGERIE,7.563252
2017-08-17,16,LINGERIE,6.732389
2017-08-18,16,LINGERIE,6.975187
2017-08-19,16,LINGERIE,6.359528
2017-08-20,16,LINGERIE,5.818816
2017-08-21,16,LINGERIE,5.240202
2017-08-22,16,LINGERIE,5.698419
2017-08-23,16,LINGERIE,7.321813
2017-08-24,16,LINGERIE,6.573267
2017-08-25,16,LINGERIE,6.344573
2017-08-26,16,LINGERIE,6.411559
2017-08-27,16,LINGERIE,5.7617807
2017-08-28,16,LINGERIE,6.212882
2017-08-29,16,LINGERIE,5.8199234
2017-08-30,16,LINGERIE,5.939552
2017-08-16,16,"LIQUOR,WINE,BEER",48.882473
2017-08-17,16,"LIQUOR,WINE,BEER",48.564983
2017-08-18,16,"LIQUOR,WINE,BEER",44.56364
2017-08-19,16,"LIQUOR,WINE,BEER",41.90779
2017-08-20,16,"LIQUOR,WINE,BEER",33.22566
2017-08-21,16,"LIQUOR,WINE,BEER",45.725204
2017-08-22,16,"LIQUOR,WINE,BEER",36.121414
2017-08-23,16,"LIQUOR,WINE,BEER",48.78778
2017-08-24,16,"LIQUOR,WINE,BEER",45.55717
2017-08-25,16,"LIQUOR,WINE,BEER",43.02946
2017-08-26,16,"LIQUOR,WINE,BEER",34.582523
2017-08-27,16,"LIQUOR,WINE,BEER",24.987595
2017-08-28,16,"LIQUOR,WINE,BEER",47.633373
2017-08-29,16,"LIQUOR,WINE,BEER",40.29718
2017-08-30,16,"LIQUOR,WINE,BEER",35.499462
2017-08-16,16,MAGAZINES,4.7312837
2017-08-17,16,MAGAZINES,4.29431
2017-08-18,16,MAGAZINES,4.008072
2017-08-19,16,MAGAZINES,3.8852847
2017-08-20,16,MAGAZINES,3.594895
2017-08-21,16,MAGAZINES,3.5550792
2017-08-22,16,MAGAZINES,2.8848326
2017-08-23,16,MAGAZINES,3.5663183
2017-08-24,16,MAGAZINES,3.0079186
2017-08-25,16,MAGAZINES,2.8279681
2017-08-26,16,MAGAZINES,2.935316
2017-08-27,16,MAGAZINES,2.7306676
2017-08-28,16,MAGAZINES,2.5657837
2017-08-29,16,MAGAZINES,1.9673544
2017-08-30,16,MAGAZINES,2.5219667
2017-08-16,16,MEATS,270.60748
2017-08-17,16,MEATS,298.3901
2017-08-18,16,MEATS,262.82825
2017-08-19,16,MEATS,274.39014
2017-08-20,16,MEATS,250.91943
2017-08-21,16,MEATS,265.77426
2017-08-22,16,MEATS,224.23685
2017-08-23,16,MEATS,277.03857
2017-08-24,16,MEATS,310.47305
2017-08-25,16,MEATS,247.3451
2017-08-26,16,MEATS,273.04388
2017-08-27,16,MEATS,223.10452
2017-08-28,16,MEATS,260.02914
2017-08-29,16,MEATS,217.96347
2017-08-30,16,MEATS,271.3369
2017-08-16,16,PERSONAL CARE,276.0338
2017-08-17,16,PERSONAL CARE,275.47815
2017-08-18,16,PERSONAL CARE,328.34396
2017-08-19,16,PERSONAL CARE,335.1082
2017-08-20,16,PERSONAL CARE,288.12958
2017-08-21,16,PERSONAL CARE,260.99353
2017-08-22,16,PERSONAL CARE,259.97675
2017-08-23,16,PERSONAL CARE,284.4905
2017-08-24,16,PERSONAL CARE,291.88327
2017-08-25,16,PERSONAL CARE,328.7475
2017-08-26,16,PERSONAL CARE,349.6248
2017-08-27,16,PERSONAL CARE,296.37735
2017-08-28,16,PERSONAL CARE,245.84152
2017-08-29,16,PERSONAL CARE,257.08124
2017-08-30,16,PERSONAL CARE,296.71503
2017-08-16,16,PET SUPPLIES,2.3432412
2017-08-17,16,PET SUPPLIES,2.283815
2017-08-18,16,PET SUPPLIES,2.8239844
2017-08-19,16,PET SUPPLIES,2.5175707
2017-08-20,16,PET SUPPLIES,2.1515806
2017-08-21,16,PET SUPPLIES,2.1693478
2017-08-22,16,PET SUPPLIES,1.8246844
2017-08-23,16,PET SUPPLIES,2.162125
2017-08-24,16,PET SUPPLIES,2.2126262
2017-08-25,16,PET SUPPLIES,2.1877959
2017-08-26,16,PET SUPPLIES,2.1491005
2017-08-27,16,PET SUPPLIES,1.7014016
2017-08-28,16,PET SUPPLIES,1.4928448
2017-08-29,16,PET SUPPLIES,1.8507789
2017-08-30,16,PET SUPPLIES,1.9026122
2017-08-16,16,PLAYERS AND ELECTRONICS,8.477778
2017-08-17,16,PLAYERS AND ELECTRONICS,9.614347
2017-08-18,16,PLAYERS AND ELECTRONICS,10.477568
2017-08-19,16,PLAYERS AND ELECTRONICS,10.270447
2017-08-20,16,PLAYERS AND ELECTRONICS,8.760366
2017-08-21,16,PLAYERS AND ELECTRONICS,6.995691
2017-08-22,16,PLAYERS AND ELECTRONICS,7.4375854
2017-08-23,16,PLAYERS AND ELECTRONICS,9.734529
2017-08-24,16,PLAYERS AND ELECTRONICS,9.150741
2017-08-25,16,PLAYERS AND ELECTRONICS,9.789553
2017-08-26,16,PLAYERS AND ELECTRONICS,10.0144615
2017-08-27,16,PLAYERS AND ELECTRONICS,8.555953
2017-08-28,16,PLAYERS AND ELECTRONICS,6.6837854
2017-08-29,16,PLAYERS AND ELECTRONICS,6.928478
2017-08-30,16,PLAYERS AND ELECTRONICS,8.331183
2017-08-16,16,POULTRY,365.86386
2017-08-17,16,POULTRY,365.04248
2017-08-18,16,POULTRY,480.05664
2017-08-19,16,POULTRY,374.73032
2017-08-20,16,POULTRY,342.89236
2017-08-21,16,POULTRY,333.18
2017-08-22,16,POULTRY,311.86237
2017-08-23,16,POULTRY,385.10098
2017-08-24,16,POULTRY,355.99106
2017-08-25,16,POULTRY,449.9208
2017-08-26,16,POULTRY,366.3635
2017-08-27,16,POULTRY,332.4672
2017-08-28,16,POULTRY,336.40643
2017-08-29,16,POULTRY,303.45605
2017-08-30,16,POULTRY,366.48026
2017-08-16,16,PREPARED FOODS,60.177094
2017-08-17,16,PREPARED FOODS,59.32438
2017-08-18,16,PREPARED FOODS,67.964226
2017-08-19,16,PREPARED FOODS,68.32619
2017-08-20,16,PREPARED FOODS,56.28404
2017-08-21,16,PREPARED FOODS,55.479183
2017-08-22,16,PREPARED FOODS,56.13733
2017-08-23,16,PREPARED FOODS,62.67736
2017-08-24,16,PREPARED FOODS,62.984985
2017-08-25,16,PREPARED FOODS,65.96129
2017-08-26,16,PREPARED FOODS,67.78897
2017-08-27,16,PREPARED FOODS,56.774017
2017-08-28,16,PREPARED FOODS,57.359795
2017-08-29,16,PREPARED FOODS,57.7197
2017-08-30,16,PREPARED FOODS,66.338776
2017-08-16,16,PRODUCE,1556.205
2017-08-17,16,PRODUCE,826.3655
2017-08-18,16,PRODUCE,804.16095
2017-08-19,16,PRODUCE,741.47394
2017-08-20,16,PRODUCE,789.7878
2017-08-21,16,PRODUCE,716.7098
2017-08-22,16,PRODUCE,932.9134
2017-08-23,16,PRODUCE,847.1511
2017-08-24,16,PRODUCE,721.33734
2017-08-25,16,PRODUCE,787.6806
2017-08-26,16,PRODUCE,865.4692
2017-08-27,16,PRODUCE,782.3489
2017-08-28,16,PRODUCE,825.11115
2017-08-29,16,PRODUCE,887.9182
2017-08-30,16,PRODUCE,725.228
2017-08-16,16,SCHOOL AND OFFICE SUPPLIES,6.4344263
2017-08-17,16,SCHOOL AND OFFICE SUPPLIES,8.566967
2017-08-18,16,SCHOOL AND OFFICE SUPPLIES,7.075743
2017-08-19,16,SCHOOL AND OFFICE SUPPLIES,5.915519
2017-08-20,16,SCHOOL AND OFFICE SUPPLIES,4.715396
2017-08-21,16,SCHOOL AND OFFICE SUPPLIES,3.4411864
2017-08-22,16,SCHOOL AND OFFICE SUPPLIES,2.3054755
2017-08-23,16,SCHOOL AND OFFICE SUPPLIES,2.931375
2017-08-24,16,SCHOOL AND OFFICE SUPPLIES,2.8029392
2017-08-25,16,SCHOOL AND OFFICE SUPPLIES,2.4246614
2017-08-26,16,SCHOOL AND OFFICE SUPPLIES,2.2831519
2017-08-27,16,SCHOOL AND OFFICE SUPPLIES,2.3019722
2017-08-28,16,SCHOOL AND OFFICE SUPPLIES,2.0236702
2017-08-29,16,SCHOOL AND OFFICE SUPPLIES,1.6218332
2017-08-30,16,SCHOOL AND OFFICE SUPPLIES,1.6876225
2017-08-16,16,SEAFOOD,15.209875
2017-08-17,16,SEAFOOD,14.552896
2017-08-18,16,SEAFOOD,17.625284
2017-08-19,16,SEAFOOD,14.760653
2017-08-20,16,SEAFOOD,14.490635
2017-08-21,16,SEAFOOD,12.850129
2017-08-22,16,SEAFOOD,11.702467
2017-08-23,16,SEAFOOD,13.07959
2017-08-24,16,SEAFOOD,13.301683
2017-08-25,16,SEAFOOD,16.105608
2017-08-26,16,SEAFOOD,15.70029
2017-08-27,16,SEAFOOD,13.869697
2017-08-28,16,SEAFOOD,11.924376
2017-08-29,16,SEAFOOD,13.513442
2017-08-30,16,SEAFOOD,13.281284
2017-08-16,17,AUTOMOTIVE,4.5917735
2017-08-17,17,AUTOMOTIVE,4.7192936
2017-08-18,17,AUTOMOTIVE,4.654258
2017-08-19,17,AUTOMOTIVE,4.256976
2017-08-20,17,AUTOMOTIVE,3.8065984
2017-08-21,17,AUTOMOTIVE,3.6480942
2017-08-22,17,AUTOMOTIVE,3.8050482
2017-08-23,17,AUTOMOTIVE,4.4910235
2017-08-24,17,AUTOMOTIVE,5.0694656
2017-08-25,17,AUTOMOTIVE,4.3966084
2017-08-26,17,AUTOMOTIVE,4.7927003
2017-08-27,17,AUTOMOTIVE,4.0083737
2017-08-28,17,AUTOMOTIVE,3.9278042
2017-08-29,17,AUTOMOTIVE,4.476988
2017-08-30,17,AUTOMOTIVE,4.961513
2017-08-16,17,BABY CARE,0.2842615
2017-08-17,17,BABY CARE,0.14598824
2017-08-18,17,BABY CARE,0.091460496
2017-08-19,17,BABY CARE,0.16101722
2017-08-20,17,BABY CARE,0.1911727
2017-08-21,17,BABY CARE,0.11035787
2017-08-22,17,BABY CARE,0.17325443
2017-08-23,17,BABY CARE,0.19076037
2017-08-24,17,BABY CARE,0.20301063
2017-08-25,17,BABY CARE,0.17306656
2017-08-26,17,BABY CARE,0.18596822
2017-08-27,17,BABY CARE,0.2519363
2017-08-28,17,BABY CARE,0.17127559
2017-08-29,17,BABY CARE,0.13829592
2017-08-30,17,BABY CARE,0.16577579
2017-08-16,17,BEAUTY,5.3552165
2017-08-17,17,BEAUTY,4.7446117
2017-08-18,17,BEAUTY,3.8271968
2017-08-19,17,BEAUTY,4.2782545
2017-08-20,17,BEAUTY,3.8339381
2017-08-21,17,BEAUTY,3.9008234
2017-08-22,17,BEAUTY,3.7646496
2017-08-23,17,BEAUTY,4.336586
2017-08-24,17,BEAUTY,3.853371
2017-08-25,17,BEAUTY,3.6492324
2017-08-26,17,BEAUTY,4.106931
2017-08-27,17,BEAUTY,3.1146634
2017-08-28,17,BEAUTY,3.131775
2017-08-29,17,BEAUTY,2.9004865
2017-08-30,17,BEAUTY,3.3233142
2017-08-16,17,BEVERAGES,2324.2573
2017-08-17,17,BEVERAGES,2435.6597
2017-08-18,17,BEVERAGES,2276.352
2017-08-19,17,BEVERAGES,2225.1335
2017-08-20,17,BEVERAGES,1918.0117
2017-08-21,17,BEVERAGES,2030.3796
2017-08-22,17,BEVERAGES,1997.4294
2017-08-23,17,BEVERAGES,2335.867
2017-08-24,17,BEVERAGES,2633.4324
2017-08-25,17,BEVERAGES,2299.8818
2017-08-26,17,BEVERAGES,2231.2493
2017-08-27,17,BEVERAGES,1889.3528
2017-08-28,17,BEVERAGES,1864.5894
2017-08-29,17,BEVERAGES,2236.28
2017-08-30,17,BEVERAGES,2438.8782
2017-08-16,17,BREAD/BAKERY,668.5289
2017-08-17,17,BREAD/BAKERY,596.2144
2017-08-18,17,BREAD/BAKERY,582.16113
2017-08-19,17,BREAD/BAKERY,624.5246
2017-08-20,17,BREAD/BAKERY,644.0658
2017-08-21,17,BREAD/BAKERY,538.2906
2017-08-22,17,BREAD/BAKERY,578.33014
2017-08-23,17,BREAD/BAKERY,656.05115
2017-08-24,17,BREAD/BAKERY,615.64734
2017-08-25,17,BREAD/BAKERY,606.24835
2017-08-26,17,BREAD/BAKERY,643.2878
2017-08-27,17,BREAD/BAKERY,652.13654
2017-08-28,17,BREAD/BAKERY,543.14453
2017-08-29,17,BREAD/BAKERY,582.857
2017-08-30,17,BREAD/BAKERY,662.55383
2017-08-16,17,CELEBRATION,12.106996
2017-08-17,17,CELEBRATION,11.656362
2017-08-18,17,CELEBRATION,10.165478
2017-08-19,17,CELEBRATION,9.178856
2017-08-20,17,CELEBRATION,6.198651
2017-08-21,17,CELEBRATION,8.626353
2017-08-22,17,CELEBRATION,6.9957123
2017-08-23,17,CELEBRATION,8.206967
2017-08-24,17,CELEBRATION,7.7092624
2017-08-25,17,CELEBRATION,6.3080444
2017-08-26,17,CELEBRATION,7.3838162
2017-08-27,17,CELEBRATION,7.731259
2017-08-28,17,CELEBRATION,7.1340966
2017-08-29,17,CELEBRATION,6.4355736
2017-08-30,17,CELEBRATION,8.588241
2017-08-16,17,CLEANING,663.7696
2017-08-17,17,CLEANING,618.6318
2017-08-18,17,CLEANING,587.97375
2017-08-19,17,CLEANING,647.04895
2017-08-20,17,CLEANING,543.35443
2017-08-21,17,CLEANING,549.22565
2017-08-22,17,CLEANING,563.5847
2017-08-23,17,CLEANING,677.08984
2017-08-24,17,CLEANING,617.90625
2017-08-25,17,CLEANING,557.3546
2017-08-26,17,CLEANING,621.7855
2017-08-27,17,CLEANING,554.691
2017-08-28,17,CLEANING,559.988
2017-08-29,17,CLEANING,564.9074
2017-08-30,17,CLEANING,643.42975
2017-08-16,17,DAIRY,772.2324
2017-08-17,17,DAIRY,632.5047
2017-08-18,17,DAIRY,583.7148
2017-08-19,17,DAIRY,633.47473
2017-08-20,17,DAIRY,574.784
2017-08-21,17,DAIRY,573.2776
2017-08-22,17,DAIRY,585.9406
2017-08-23,17,DAIRY,835.77734
2017-08-24,17,DAIRY,640.5857
2017-08-25,17,DAIRY,600.256
2017-08-26,17,DAIRY,618.09796
2017-08-27,17,DAIRY,585.97797
2017-08-28,17,DAIRY,569.22
2017-08-29,17,DAIRY,594.7694
2017-08-30,17,DAIRY,865.6653
2017-08-16,17,DELI,224.02019
2017-08-17,17,DELI,219.57834
2017-08-18,17,DELI,247.9613
2017-08-19,17,DELI,253.16194
2017-08-20,17,DELI,196.12117
2017-08-21,17,DELI,200.31516
2017-08-22,17,DELI,211.18166
2017-08-23,17,DELI,228.01617
2017-08-24,17,DELI,250.00932
2017-08-25,17,DELI,271.07114
2017-08-26,17,DELI,266.7756
2017-08-27,17,DELI,215.02722
2017-08-28,17,DELI,205.2155
2017-08-29,17,DELI,218.85925
2017-08-30,17,DELI,251.64958
2017-08-16,17,EGGS,177.15935
2017-08-17,17,EGGS,182.61711
2017-08-18,17,EGGS,205.08855
2017-08-19,17,EGGS,204.07523
2017-08-20,17,EGGS,156.68816
2017-08-21,17,EGGS,174.11942
2017-08-22,17,EGGS,130.75937
2017-08-23,17,EGGS,164.79202
2017-08-24,17,EGGS,188.50095
2017-08-25,17,EGGS,186.28062
2017-08-26,17,EGGS,188.97038
2017-08-27,17,EGGS,151.17433
2017-08-28,17,EGGS,174.49704
2017-08-29,17,EGGS,124.17789
2017-08-30,17,EGGS,172.38437
2017-08-16,17,FROZEN FOODS,62.55876
2017-08-17,17,FROZEN FOODS,62.68104
2017-08-18,17,FROZEN FOODS,57.286552
2017-08-19,17,FROZEN FOODS,71.55073
2017-08-20,17,FROZEN FOODS,52.49038
2017-08-21,17,FROZEN FOODS,56.23067
2017-08-22,17,FROZEN FOODS,56.826706
2017-08-23,17,FROZEN FOODS,68.98491
2017-08-24,17,FROZEN FOODS,67.07907
2017-08-25,17,FROZEN FOODS,62.02871
2017-08-26,17,FROZEN FOODS,79.277275
2017-08-27,17,FROZEN FOODS,57.605747
2017-08-28,17,FROZEN FOODS,59.977654
2017-08-29,17,FROZEN FOODS,60.728977
2017-08-30,17,FROZEN FOODS,70.941086
2017-08-16,17,GROCERY I,3453.1167
2017-08-17,17,GROCERY I,2800.383
2017-08-18,17,GROCERY I,2823.1863
2017-08-19,17,GROCERY I,3008.2917
2017-08-20,17,GROCERY I,2554.4736
2017-08-21,17,GROCERY I,2679.1687
2017-08-22,17,GROCERY I,2808.626
2017-08-23,17,GROCERY I,3000.3987
2017-08-24,17,GROCERY I,3023.7058
2017-08-25,17,GROCERY I,2891.4097
2017-08-26,17,GROCERY I,3217.8215
2017-08-27,17,GROCERY I,2636.91
2017-08-28,17,GROCERY I,2744.469
2017-08-29,17,GROCERY I,2867.519
2017-08-30,17,GROCERY I,3193.2058
2017-08-16,17,GROCERY II,15.400371
2017-08-17,17,GROCERY II,17.444033
2017-08-18,17,GROCERY II,16.75349
2017-08-19,17,GROCERY II,16.62664
2017-08-20,17,GROCERY II,14.714245
2017-08-21,17,GROCERY II,14.565718
2017-08-22,17,GROCERY II,13.138015
2017-08-23,17,GROCERY II,14.597146
2017-08-24,17,GROCERY II,14.088296
2017-08-25,17,GROCERY II,17.50412
2017-08-26,17,GROCERY II,17.210989
2017-08-27,17,GROCERY II,12.902256
2017-08-28,17,GROCERY II,14.547874
2017-08-29,17,GROCERY II,13.043354
2017-08-30,17,GROCERY II,17.211699
2017-08-16,17,HARDWARE,1.2293696
2017-08-17,17,HARDWARE,1.4160103
2017-08-18,17,HARDWARE,1.2341932
2017-08-19,17,HARDWARE,1.1230946
2017-08-20,17,HARDWARE,1.136039
2017-08-21,17,HARDWARE,1.2767408
2017-08-22,17,HARDWARE,0.7795912
2017-08-23,17,HARDWARE,1.293268
2017-08-24,17,HARDWARE,1.0862023
2017-08-25,17,HARDWARE,0.87736964
2017-08-26,17,HARDWARE,1.0703032
2017-08-27,17,HARDWARE,1.2459798
2017-08-28,17,HARDWARE,0.94786245
2017-08-29,17,HARDWARE,0.77457124
2017-08-30,17,HARDWARE,1.0211746
2017-08-16,17,HOME AND KITCHEN I,22.43806
2017-08-17,17,HOME AND KITCHEN I,17.168093
2017-08-18,17,HOME AND KITCHEN I,19.411018
2017-08-19,17,HOME AND KITCHEN I,17.972824
2017-08-20,17,HOME AND KITCHEN I,15.459221
2017-08-21,17,HOME AND KITCHEN I,15.820951
2017-08-22,17,HOME AND KITCHEN I,16.16779
2017-08-23,17,HOME AND KITCHEN I,17.304035
2017-08-24,17,HOME AND KITCHEN I,17.395397
2017-08-25,17,HOME AND KITCHEN I,16.511047
2017-08-26,17,HOME AND KITCHEN I,17.905807
2017-08-27,17,HOME AND KITCHEN I,16.491072
2017-08-28,17,HOME AND KITCHEN I,16.549412
2017-08-29,17,HOME AND KITCHEN I,15.28122
2017-08-30,17,HOME AND KITCHEN I,18.319422
2017-08-16,17,HOME AND KITCHEN II,30.958126
2017-08-17,17,HOME AND KITCHEN II,27.02267
2017-08-18,17,HOME AND KITCHEN II,23.986074
2017-08-19,17,HOME AND KITCHEN II,25.936733
2017-08-20,17,HOME AND KITCHEN II,24.213139
2017-08-21,17,HOME AND KITCHEN II,16.90734
2017-08-22,17,HOME AND KITCHEN II,18.2277
2017-08-23,17,HOME AND KITCHEN II,21.402843
2017-08-24,17,HOME AND KITCHEN II,19.751982
2017-08-25,17,HOME AND KITCHEN II,18.782345
2017-08-26,17,HOME AND KITCHEN II,21.47536
2017-08-27,17,HOME AND KITCHEN II,18.758558
2017-08-28,17,HOME AND KITCHEN II,18.001438
2017-08-29,17,HOME AND KITCHEN II,16.203875
2017-08-30,17,HOME AND KITCHEN II,19.290932
2017-08-16,17,HOME APPLIANCES,0.06280328
2017-08-17,17,HOME APPLIANCES,0.08332676
2017-08-18,17,HOME APPLIANCES,0.058226895
2017-08-19,17,HOME APPLIANCES,0.123882845
2017-08-20,17,HOME APPLIANCES,0.07677752
2017-08-21,17,HOME APPLIANCES,0.104640655
2017-08-22,17,HOME APPLIANCES,0.14774098
2017-08-23,17,HOME APPLIANCES,0.07967807
2017-08-24,17,HOME APPLIANCES,0.16179885
2017-08-25,17,HOME APPLIANCES,0.07393575
2017-08-26,17,HOME APPLIANCES,0.18676525
2017-08-27,17,HOME APPLIANCES,0.09305215
2017-08-28,17,HOME APPLIANCES,0.13726012
2017-08-29,17,HOME APPLIANCES,0.1308216
2017-08-30,17,HOME APPLIANCES,0.13577718
2017-08-16,17,HOME CARE,181.39915
2017-08-17,17,HOME CARE,170.2651
2017-08-18,17,HOME CARE,168.07358
2017-08-19,17,HOME CARE,172.64375
2017-08-20,17,HOME CARE,155.4505
2017-08-21,17,HOME CARE,118.53207
2017-08-22,17,HOME CARE,114.35353
2017-08-23,17,HOME CARE,147.43007
2017-08-24,17,HOME CARE,152.57352
2017-08-25,17,HOME CARE,143.21779
2017-08-26,17,HOME CARE,155.2693
2017-08-27,17,HOME CARE,145.92677
2017-08-28,17,HOME CARE,110.807045
2017-08-29,17,HOME CARE,106.99536
2017-08-30,17,HOME CARE,140.26523
2017-08-16,17,LADIESWEAR,9.449292
2017-08-17,17,LADIESWEAR,10.088053
2017-08-18,17,LADIESWEAR,10.372332
2017-08-19,17,LADIESWEAR,10.410563
2017-08-20,17,LADIESWEAR,8.541306
2017-08-21,17,LADIESWEAR,8.132204
2017-08-22,17,LADIESWEAR,8.799928
2017-08-23,17,LADIESWEAR,9.773576
2017-08-24,17,LADIESWEAR,11.427979
2017-08-25,17,LADIESWEAR,9.470498
2017-08-26,17,LADIESWEAR,9.371697
2017-08-27,17,LADIESWEAR,9.45309
2017-08-28,17,LADIESWEAR,7.04164
2017-08-29,17,LADIESWEAR,8.446687
2017-08-30,17,LADIESWEAR,9.105902
2017-08-16,17,LAWN AND GARDEN,3.1423225
2017-08-17,17,LAWN AND GARDEN,2.1781876
2017-08-18,17,LAWN AND GARDEN,1.7987387
2017-08-19,17,LAWN AND GARDEN,2.5012932
2017-08-20,17,LAWN AND GARDEN,1.5221455
2017-08-21,17,LAWN AND GARDEN,2.4550834
2017-08-22,17,LAWN AND GARDEN,1.5015773
2017-08-23,17,LAWN AND GARDEN,3.0152314
2017-08-24,17,LAWN AND GARDEN,2.957271
2017-08-25,17,LAWN AND GARDEN,2.1429899
2017-08-26,17,LAWN AND GARDEN,2.371883
2017-08-27,17,LAWN AND GARDEN,2.4928708
2017-08-28,17,LAWN AND GARDEN,2.5500603
2017-08-29,17,LAWN AND GARDEN,1.9890894
2017-08-30,17,LAWN AND GARDEN,2.9071436
2017-08-16,17,LINGERIE,6.4681416
2017-08-17,17,LINGERIE,7.040294
2017-08-18,17,LINGERIE,6.420681
2017-08-19,17,LINGERIE,7.069934
2017-08-20,17,LINGERIE,5.7875133
2017-08-21,17,LINGERIE,5.4159727
2017-08-22,17,LINGERIE,7.069321
2017-08-23,17,LINGERIE,6.391524
2017-08-24,17,LINGERIE,6.418528
2017-08-25,17,LINGERIE,5.734242
2017-08-26,17,LINGERIE,6.696079
2017-08-27,17,LINGERIE,5.6417146
2017-08-28,17,LINGERIE,5.9557495
2017-08-29,17,LINGERIE,5.451518
2017-08-30,17,LINGERIE,6.067224
2017-08-16,17,"LIQUOR,WINE,BEER",69.69676
2017-08-17,17,"LIQUOR,WINE,BEER",34.952633
2017-08-18,17,"LIQUOR,WINE,BEER",50.740154
2017-08-19,17,"LIQUOR,WINE,BEER",53.643074
2017-08-20,17,"LIQUOR,WINE,BEER",38.770145
2017-08-21,17,"LIQUOR,WINE,BEER",59.477173
2017-08-22,17,"LIQUOR,WINE,BEER",54.380375
2017-08-23,17,"LIQUOR,WINE,BEER",59.53485
2017-08-24,17,"LIQUOR,WINE,BEER",33.91126
2017-08-25,17,"LIQUOR,WINE,BEER",47.568954
2017-08-26,17,"LIQUOR,WINE,BEER",46.43557
2017-08-27,17,"LIQUOR,WINE,BEER",36.028652
2017-08-28,17,"LIQUOR,WINE,BEER",51.466873
2017-08-29,17,"LIQUOR,WINE,BEER",49.34871
2017-08-30,17,"LIQUOR,WINE,BEER",52.315857
2017-08-16,17,MAGAZINES,3.2736456
2017-08-17,17,MAGAZINES,2.8886287
2017-08-18,17,MAGAZINES,2.908191
2017-08-19,17,MAGAZINES,2.3815408
2017-08-20,17,MAGAZINES,2.7323766
2017-08-21,17,MAGAZINES,2.2593253
2017-08-22,17,MAGAZINES,2.5735266
2017-08-23,17,MAGAZINES,2.586702
2017-08-24,17,MAGAZINES,2.6007035
2017-08-25,17,MAGAZINES,2.4903152
2017-08-26,17,MAGAZINES,2.5828497
2017-08-27,17,MAGAZINES,2.2990716
2017-08-28,17,MAGAZINES,2.0615413
2017-08-29,17,MAGAZINES,2.0942256
2017-08-30,17,MAGAZINES,2.4062924
2017-08-16,17,MEATS,109.82765
2017-08-17,17,MEATS,132.7229
2017-08-18,17,MEATS,82.00673
2017-08-19,17,MEATS,110.561844
2017-08-20,17,MEATS,77.34233
2017-08-21,17,MEATS,105.977165
2017-08-22,17,MEATS,68.96784
2017-08-23,17,MEATS,108.811844
2017-08-24,17,MEATS,130.48848
2017-08-25,17,MEATS,90.143074
2017-08-26,17,MEATS,114.34736
2017-08-27,17,MEATS,80.12427
2017-08-28,17,MEATS,113.26119
2017-08-29,17,MEATS,81.56783
2017-08-30,17,MEATS,112.64824
2017-08-16,17,PERSONAL CARE,173.76494
2017-08-17,17,PERSONAL CARE,170.6578
2017-08-18,17,PERSONAL CARE,169.76645
2017-08-19,17,PERSONAL CARE,187.86641
2017-08-20,17,PERSONAL CARE,165.51541
2017-08-21,17,PERSONAL CARE,152.71396
2017-08-22,17,PERSONAL CARE,156.8465
2017-08-23,17,PERSONAL CARE,176.95341
2017-08-24,17,PERSONAL CARE,178.55113
2017-08-25,17,PERSONAL CARE,184.05122
2017-08-26,17,PERSONAL CARE,195.53122
2017-08-27,17,PERSONAL CARE,166.88371
2017-08-28,17,PERSONAL CARE,160.275
2017-08-29,17,PERSONAL CARE,161.62538
2017-08-30,17,PERSONAL CARE,181.83646
2017-08-16,17,PET SUPPLIES,3.4289718
2017-08-17,17,PET SUPPLIES,3.956991
2017-08-18,17,PET SUPPLIES,4.127479
2017-08-19,17,PET SUPPLIES,3.5805407
2017-08-20,17,PET SUPPLIES,3.3463173
2017-08-21,17,PET SUPPLIES,3.1172698
2017-08-22,17,PET SUPPLIES,2.8951313
2017-08-23,17,PET SUPPLIES,3.943766
2017-08-24,17,PET SUPPLIES,3.69528
2017-08-25,17,PET SUPPLIES,3.7476375
2017-08-26,17,PET SUPPLIES,3.410707
2017-08-27,17,PET SUPPLIES,2.859403
2017-08-28,17,PET SUPPLIES,3.3175898
2017-08-29,17,PET SUPPLIES,3.102486
2017-08-30,17,PET SUPPLIES,3.0434704
2017-08-16,17,PLAYERS AND ELECTRONICS,8.047309
2017-08-17,17,PLAYERS AND ELECTRONICS,8.889634
2017-08-18,17,PLAYERS AND ELECTRONICS,8.6294985
2017-08-19,17,PLAYERS AND ELECTRONICS,8.0144005
2017-08-20,17,PLAYERS AND ELECTRONICS,7.0426598
2017-08-21,17,PLAYERS AND ELECTRONICS,6.197624
2017-08-22,17,PLAYERS AND ELECTRONICS,6.827856
2017-08-23,17,PLAYERS AND ELECTRONICS,7.6133447
2017-08-24,17,PLAYERS AND ELECTRONICS,7.9810185
2017-08-25,17,PLAYERS AND ELECTRONICS,7.3421073
2017-08-26,17,PLAYERS AND ELECTRONICS,8.652904
2017-08-27,17,PLAYERS AND ELECTRONICS,7.7897305
2017-08-28,17,PLAYERS AND ELECTRONICS,6.009006
2017-08-29,17,PLAYERS AND ELECTRONICS,6.926345
2017-08-30,17,PLAYERS AND ELECTRONICS,7.8152337
2017-08-16,17,POULTRY,199.86693
2017-08-17,17,POULTRY,162.03847
2017-08-18,17,POULTRY,210.1636
2017-08-19,17,POULTRY,189.01256
2017-08-20,17,POULTRY,181.30925
2017-08-21,17,POULTRY,183.69637
2017-08-22,17,POULTRY,173.91658
2017-08-23,17,POULTRY,208.76953
2017-08-24,17,POULTRY,178.83533
2017-08-25,17,POULTRY,241.4765
2017-08-26,17,POULTRY,209.15633
2017-08-27,17,POULTRY,170.57715
2017-08-28,17,POULTRY,178.91037
2017-08-29,17,POULTRY,180.3741
2017-08-30,17,POULTRY,218.85933
2017-08-16,17,PREPARED FOODS,61.508102
2017-08-17,17,PREPARED FOODS,61.94193
2017-08-18,17,PREPARED FOODS,64.58898
2017-08-19,17,PREPARED FOODS,66.8104
2017-08-20,17,PREPARED FOODS,57.000233
2017-08-21,17,PREPARED FOODS,56.560616
2017-08-22,17,PREPARED FOODS,49.935352
2017-08-23,17,PREPARED FOODS,62.521145
2017-08-24,17,PREPARED FOODS,54.792767
2017-08-25,17,PREPARED FOODS,64.153114
2017-08-26,17,PREPARED FOODS,60.764378
2017-08-27,17,PREPARED FOODS,52.719345
2017-08-28,17,PREPARED FOODS,52.323643
2017-08-29,17,PREPARED FOODS,52.947247
2017-08-30,17,PREPARED FOODS,60.343662
2017-08-16,17,PRODUCE,2732.6438
2017-08-17,17,PRODUCE,1208.5709
2017-08-18,17,PRODUCE,961.2326
2017-08-19,17,PRODUCE,874.2312
2017-08-20,17,PRODUCE,1069.1461
2017-08-21,17,PRODUCE,1095.1492
2017-08-22,17,PRODUCE,1966.6083
2017-08-23,17,PRODUCE,1316.1351
2017-08-24,17,PRODUCE,1058.6483
2017-08-25,17,PRODUCE,1103.0845
2017-08-26,17,PRODUCE,1238.2457
2017-08-27,17,PRODUCE,1223.3434
2017-08-28,17,PRODUCE,1333.032
2017-08-29,17,PRODUCE,1855.0634
2017-08-30,17,PRODUCE,1354.405
2017-08-16,17,SCHOOL AND OFFICE SUPPLIES,24.637499
2017-08-17,17,SCHOOL AND OFFICE SUPPLIES,35.011246
2017-08-18,17,SCHOOL AND OFFICE SUPPLIES,23.301884
2017-08-19,17,SCHOOL AND OFFICE SUPPLIES,17.06552
2017-08-20,17,SCHOOL AND OFFICE SUPPLIES,15.010655
2017-08-21,17,SCHOOL AND OFFICE SUPPLIES,12.776448
2017-08-22,17,SCHOOL AND OFFICE SUPPLIES,8.153132
2017-08-23,17,SCHOOL AND OFFICE SUPPLIES,8.348497
2017-08-24,17,SCHOOL AND OFFICE SUPPLIES,13.4758215
2017-08-25,17,SCHOOL AND OFFICE SUPPLIES,12.509631
2017-08-26,17,SCHOOL AND OFFICE SUPPLIES,14.014577
2017-08-27,17,SCHOOL AND OFFICE SUPPLIES,13.529433
2017-08-28,17,SCHOOL AND OFFICE SUPPLIES,9.89356
2017-08-29,17,SCHOOL AND OFFICE SUPPLIES,6.7553806
2017-08-30,17,SCHOOL AND OFFICE SUPPLIES,8.936408
2017-08-16,17,SEAFOOD,16.409924
2017-08-17,17,SEAFOOD,13.216991
2017-08-18,17,SEAFOOD,16.010881
2017-08-19,17,SEAFOOD,17.61847
2017-08-20,17,SEAFOOD,12.35335
2017-08-21,17,SEAFOOD,15.249452
2017-08-22,17,SEAFOOD,10.957044
2017-08-23,17,SEAFOOD,14.006524
2017-08-24,17,SEAFOOD,12.700449
2017-08-25,17,SEAFOOD,13.102748
2017-08-26,17,SEAFOOD,15.880428
2017-08-27,17,SEAFOOD,11.972735
2017-08-28,17,SEAFOOD,13.701021
2017-08-29,17,SEAFOOD,11.496373
2017-08-30,17,SEAFOOD,14.712273
2017-08-16,18,AUTOMOTIVE,6.9952793
2017-08-17,18,AUTOMOTIVE,5.858617
2017-08-18,18,AUTOMOTIVE,7.1249905
2017-08-19,18,AUTOMOTIVE,7.667583
2017-08-20,18,AUTOMOTIVE,5.7526207
2017-08-21,18,AUTOMOTIVE,5.9022007
2017-08-22,18,AUTOMOTIVE,6.635872
2017-08-23,18,AUTOMOTIVE,6.83581
2017-08-24,18,AUTOMOTIVE,5.527322
2017-08-25,18,AUTOMOTIVE,6.0226274
2017-08-26,18,AUTOMOTIVE,8.426928
2017-08-27,18,AUTOMOTIVE,6.948587
2017-08-28,18,AUTOMOTIVE,5.0615587
2017-08-29,18,AUTOMOTIVE,6.65421
2017-08-30,18,AUTOMOTIVE,7.221316
2017-08-16,18,BABY CARE,0.36922905
2017-08-17,18,BABY CARE,0.21107326
2017-08-18,18,BABY CARE,0.3233154
2017-08-19,18,BABY CARE,0.41225618
2017-08-20,18,BABY CARE,0.3240339
2017-08-21,18,BABY CARE,0.3597061
2017-08-22,18,BABY CARE,0.2870037
2017-08-23,18,BABY CARE,0.29757574
2017-08-24,18,BABY CARE,0.24710411
2017-08-25,18,BABY CARE,0.26811236
2017-08-26,18,BABY CARE,0.35365131
2017-08-27,18,BABY CARE,0.28806004
2017-08-28,18,BABY CARE,0.2166751
2017-08-29,18,BABY CARE,0.29952678
2017-08-30,18,BABY CARE,0.20930889
2017-08-16,18,BEAUTY,3.3626127
2017-08-17,18,BEAUTY,2.8617501
2017-08-18,18,BEAUTY,3.0694895
2017-08-19,18,BEAUTY,3.876067
2017-08-20,18,BEAUTY,2.9322352
2017-08-21,18,BEAUTY,2.776493
2017-08-22,18,BEAUTY,2.6513622
2017-08-23,18,BEAUTY,3.2937636
2017-08-24,18,BEAUTY,2.482217
2017-08-25,18,BEAUTY,2.5547273
2017-08-26,18,BEAUTY,3.0057812
2017-08-27,18,BEAUTY,2.5687315
2017-08-28,18,BEAUTY,2.280029
2017-08-29,18,BEAUTY,2.4809778
2017-08-30,18,BEAUTY,2.8227487
2017-08-16,18,BEVERAGES,2768.2258
2017-08-17,18,BEVERAGES,2435.6987
2017-08-18,18,BEVERAGES,2762.2297
2017-08-19,18,BEVERAGES,2725.969
2017-08-20,18,BEVERAGES,2384.064
2017-08-21,18,BEVERAGES,2356.3533
2017-08-22,18,BEVERAGES,2728.2112
2017-08-23,18,BEVERAGES,2644.9746
2017-08-24,18,BEVERAGES,2440.9675
2017-08-25,18,BEVERAGES,3087.222
2017-08-26,18,BEVERAGES,2901.333
2017-08-27,18,BEVERAGES,2452.7917
2017-08-28,18,BEVERAGES,2368.4766
2017-08-29,18,BEVERAGES,2634.8225
2017-08-30,18,BEVERAGES,2661.0144
2017-08-16,18,BREAD/BAKERY,165.41394
2017-08-17,18,BREAD/BAKERY,152.80173
2017-08-18,18,BREAD/BAKERY,219.31184
2017-08-19,18,BREAD/BAKERY,203.4802
2017-08-20,18,BREAD/BAKERY,167.66734
2017-08-21,18,BREAD/BAKERY,147.62183
2017-08-22,18,BREAD/BAKERY,187.00446
2017-08-23,18,BREAD/BAKERY,172.60394
2017-08-24,18,BREAD/BAKERY,147.85005
2017-08-25,18,BREAD/BAKERY,207.795
2017-08-26,18,BREAD/BAKERY,212.59479
2017-08-27,18,BREAD/BAKERY,182.60645
2017-08-28,18,BREAD/BAKERY,149.82661
2017-08-29,18,BREAD/BAKERY,170.49689
2017-08-30,18,BREAD/BAKERY,170.17242
2017-08-16,18,CELEBRATION,7.084761
2017-08-17,18,CELEBRATION,5.9356713
2017-08-18,18,CELEBRATION,7.8097067
2017-08-19,18,CELEBRATION,7.3299003
2017-08-20,18,CELEBRATION,6.888672
2017-08-21,18,CELEBRATION,6.0877423
2017-08-22,18,CELEBRATION,7.3305893
2017-08-23,18,CELEBRATION,8.915865
2017-08-24,18,CELEBRATION,6.5926476
2017-08-25,18,CELEBRATION,6.911218
2017-08-26,18,CELEBRATION,7.232617
2017-08-27,18,CELEBRATION,7.556203
2017-08-28,18,CELEBRATION,6.1139255
2017-08-29,18,CELEBRATION,8.230469
2017-08-30,18,CELEBRATION,7.3165927
2017-08-16,18,CLEANING,878.7585
2017-08-17,18,CLEANING,771.09985
2017-08-18,18,CLEANING,1154.506
2017-08-19,18,CLEANING,1187.4524
2017-08-20,18,CLEANING,896.74634
2017-08-21,18,CLEANING,836.1287
2017-08-22,18,CLEANING,1138.5625
2017-08-23,18,CLEANING,974.13464
2017-08-24,18,CLEANING,808.8363
2017-08-25,18,CLEANING,1257.3258
2017-08-26,18,CLEANING,1301.2429
2017-08-27,18,CLEANING,896.1272
2017-08-28,18,CLEANING,827.358
2017-08-29,18,CLEANING,1175.798
2017-08-30,18,CLEANING,1018.0554
2017-08-16,18,DAIRY,443.6095
2017-08-17,18,DAIRY,326.67294
2017-08-18,18,DAIRY,360.86218
2017-08-19,18,DAIRY,352.78625
2017-08-20,18,DAIRY,335.9368
2017-08-21,18,DAIRY,302.5578
2017-08-22,18,DAIRY,399.98868
2017-08-23,18,DAIRY,467.38577
2017-08-24,18,DAIRY,310.0032
2017-08-25,18,DAIRY,352.37186
2017-08-26,18,DAIRY,362.90756
2017-08-27,18,DAIRY,344.08347
2017-08-28,18,DAIRY,317.5102
2017-08-29,18,DAIRY,396.31625
2017-08-30,18,DAIRY,460.2032
2017-08-16,18,DELI,308.46878
2017-08-17,18,DELI,257.03293
2017-08-18,18,DELI,426.38318
2017-08-19,18,DELI,341.12582
2017-08-20,18,DELI,253.39746
2017-08-21,18,DELI,249.78676
2017-08-22,18,DELI,313.13156
2017-08-23,18,DELI,295.3837
2017-08-24,18,DELI,274.14822
2017-08-25,18,DELI,433.75217
2017-08-26,18,DELI,347.77567
2017-08-27,18,DELI,255.6339
2017-08-28,18,DELI,250.81187
2017-08-29,18,DELI,311.23544
2017-08-30,18,DELI,301.57004
2017-08-16,18,EGGS,58.339138
2017-08-17,18,EGGS,58.33992
2017-08-18,18,EGGS,86.78703
2017-08-19,18,EGGS,74.66788
2017-08-20,18,EGGS,52.869568
2017-08-21,18,EGGS,58.465927
2017-08-22,18,EGGS,51.471085
2017-08-23,18,EGGS,61.764683
2017-08-24,18,EGGS,53.972996
2017-08-25,18,EGGS,78.839195
2017-08-26,18,EGGS,69.60752
2017-08-27,18,EGGS,51.176086
2017-08-28,18,EGGS,58.68405
2017-08-29,18,EGGS,59.425076
2017-08-30,18,EGGS,58.09166
2017-08-16,18,FROZEN FOODS,53.16297
2017-08-17,18,FROZEN FOODS,44.723534
2017-08-18,18,FROZEN FOODS,40.80046
2017-08-19,18,FROZEN FOODS,51.304775
2017-08-20,18,FROZEN FOODS,36.869923
2017-08-21,18,FROZEN FOODS,39.22889
2017-08-22,18,FROZEN FOODS,52.461205
2017-08-23,18,FROZEN FOODS,53.218636
2017-08-24,18,FROZEN FOODS,44.534992
2017-08-25,18,FROZEN FOODS,49.00298
2017-08-26,18,FROZEN FOODS,56.23496
2017-08-27,18,FROZEN FOODS,39.033184
2017-08-28,18,FROZEN FOODS,41.117832
2017-08-29,18,FROZEN FOODS,49.58625
2017-08-30,18,FROZEN FOODS,56.989735
2017-08-16,18,GROCERY I,3622.246
2017-08-17,18,GROCERY I,3044.274
2017-08-18,18,GROCERY I,3979.7568
2017-08-19,18,GROCERY I,4058.5874
2017-08-20,18,GROCERY I,3148.7766
2017-08-21,18,GROCERY I,3047.1536
2017-08-22,18,GROCERY I,4120.512
2017-08-23,18,GROCERY I,3583.4133
2017-08-24,18,GROCERY I,3288.0986
2017-08-25,18,GROCERY I,4540.178
2017-08-26,18,GROCERY I,4196.3657
2017-08-27,18,GROCERY I,3006.168
2017-08-28,18,GROCERY I,2998.308
2017-08-29,18,GROCERY I,3919.2449
2017-08-30,18,GROCERY I,3754.5103
2017-08-16,18,GROCERY II,12.130406
2017-08-17,18,GROCERY II,10.970025
2017-08-18,18,GROCERY II,14.201448
2017-08-19,18,GROCERY II,17.999767
2017-08-20,18,GROCERY II,10.757406
2017-08-21,18,GROCERY II,9.188063
2017-08-22,18,GROCERY II,10.992244
2017-08-23,18,GROCERY II,13.776147
2017-08-24,18,GROCERY II,8.450446
2017-08-25,18,GROCERY II,12.928912
2017-08-26,18,GROCERY II,13.95369
2017-08-27,18,GROCERY II,9.174499
2017-08-28,18,GROCERY II,10.121549
2017-08-29,18,GROCERY II,11.948968
2017-08-30,18,GROCERY II,14.438142
2017-08-16,18,HARDWARE,1.2494212
2017-08-17,18,HARDWARE,1.0053378
2017-08-18,18,HARDWARE,1.4661256
2017-08-19,18,HARDWARE,1.7049823
2017-08-20,18,HARDWARE,1.1768701
2017-08-21,18,HARDWARE,1.2193993
2017-08-22,18,HARDWARE,1.4677895
2017-08-23,18,HARDWARE,1.3992581
2017-08-24,18,HARDWARE,1.1023148
2017-08-25,18,HARDWARE,1.450881
2017-08-26,18,HARDWARE,1.5066836
2017-08-27,18,HARDWARE,1.0821872
2017-08-28,18,HARDWARE,1.3144761
2017-08-29,18,HARDWARE,1.2684972
2017-08-30,18,HARDWARE,1.3327801
2017-08-16,18,HOME AND KITCHEN I,16.026941
2017-08-17,18,HOME AND KITCHEN I,12.761084
2017-08-18,18,HOME AND KITCHEN I,14.392518
2017-08-19,18,HOME AND KITCHEN I,17.667675
2017-08-20,18,HOME AND KITCHEN I,13.675913
2017-08-21,18,HOME AND KITCHEN I,13.23445
2017-08-22,18,HOME AND KITCHEN I,14.255552
2017-08-23,18,HOME AND KITCHEN I,16.494019
2017-08-24,18,HOME AND KITCHEN I,11.424735
2017-08-25,18,HOME AND KITCHEN I,13.353751
2017-08-26,18,HOME AND KITCHEN I,15.155068
2017-08-27,18,HOME AND KITCHEN I,11.904256
2017-08-28,18,HOME AND KITCHEN I,13.633894
2017-08-29,18,HOME AND KITCHEN I,15.204548
2017-08-30,18,HOME AND KITCHEN I,15.302752
2017-08-16,18,HOME AND KITCHEN II,16.705757
2017-08-17,18,HOME AND KITCHEN II,10.563165
2017-08-18,18,HOME AND KITCHEN II,11.701052
2017-08-19,18,HOME AND KITCHEN II,16.85475
2017-08-20,18,HOME AND KITCHEN II,14.186329
2017-08-21,18,HOME AND KITCHEN II,12.177083
2017-08-22,18,HOME AND KITCHEN II,13.729222
2017-08-23,18,HOME AND KITCHEN II,17.090162
2017-08-24,18,HOME AND KITCHEN II,12.0389595
2017-08-25,18,HOME AND KITCHEN II,14.189035
2017-08-26,18,HOME AND KITCHEN II,17.419756
2017-08-27,18,HOME AND KITCHEN II,14.500578
2017-08-28,18,HOME AND KITCHEN II,10.217771
2017-08-29,18,HOME AND KITCHEN II,13.920228
2017-08-30,18,HOME AND KITCHEN II,15.97247
2017-08-16,18,HOME APPLIANCES,0.17443874
2017-08-17,18,HOME APPLIANCES,0.13236675
2017-08-18,18,HOME APPLIANCES,0.116610356
2017-08-19,18,HOME APPLIANCES,0.2059676
2017-08-20,18,HOME APPLIANCES,0.12355476
2017-08-21,18,HOME APPLIANCES,0.17641258
2017-08-22,18,HOME APPLIANCES,0.18360655
2017-08-23,18,HOME APPLIANCES,0.15339562
2017-08-24,18,HOME APPLIANCES,0.110385366
2017-08-25,18,HOME APPLIANCES,0.13714881
2017-08-26,18,HOME APPLIANCES,0.21440269
2017-08-27,18,HOME APPLIANCES,0.13956812
2017-08-28,18,HOME APPLIANCES,0.100413285
2017-08-29,18,HOME APPLIANCES,0.20179725
2017-08-30,18,HOME APPLIANCES,0.21289203
2017-08-16,18,HOME CARE,166.14415
2017-08-17,18,HOME CARE,103.17572
2017-08-18,18,HOME CARE,138.5681
2017-08-19,18,HOME CARE,162.44044
2017-08-20,18,HOME CARE,141.41936
2017-08-21,18,HOME CARE,123.67742
2017-08-22,18,HOME CARE,135.94096
2017-08-23,18,HOME CARE,143.05751
2017-08-24,18,HOME CARE,95.0993
2017-08-25,18,HOME CARE,146.00533
2017-08-26,18,HOME CARE,153.766
2017-08-27,18,HOME CARE,147.2465
2017-08-28,18,HOME CARE,116.164024
2017-08-29,18,HOME CARE,136.38155
2017-08-30,18,HOME CARE,137.85887
2017-08-16,18,LADIESWEAR,8.312424
2017-08-17,18,LADIESWEAR,8.408564
2017-08-18,18,LADIESWEAR,7.957577
2017-08-19,18,LADIESWEAR,8.71549
2017-08-20,18,LADIESWEAR,8.822039
2017-08-21,18,LADIESWEAR,6.440587
2017-08-22,18,LADIESWEAR,8.282691
2017-08-23,18,LADIESWEAR,7.646884
2017-08-24,18,LADIESWEAR,7.5471087
2017-08-25,18,LADIESWEAR,7.8116903
2017-08-26,18,LADIESWEAR,8.40319
2017-08-27,18,LADIESWEAR,7.9273953
2017-08-28,18,LADIESWEAR,5.2748404
2017-08-29,18,LADIESWEAR,7.2868185
2017-08-30,18,LADIESWEAR,7.1715536
2017-08-16,18,LAWN AND GARDEN,0.0018789547
2017-08-17,18,LAWN AND GARDEN,0.0022383344
2017-08-18,18,LAWN AND GARDEN,0.0031623924
2017-08-19,18,LAWN AND GARDEN,0.0034212982
2017-08-20,18,LAWN AND GARDEN,0.0027259707
2017-08-21,18,LAWN AND GARDEN,0.002558633
2017-08-22,18,LAWN AND GARDEN,0.0031214415
2017-08-23,18,LAWN AND GARDEN,0.002115467
2017-08-24,18,LAWN AND GARDEN,0.002227447
2017-08-25,18,LAWN AND GARDEN,0.0030374848
2017-08-26,18,LAWN AND GARDEN,0.003313682
2017-08-27,18,LAWN AND GARDEN,0.0026336382
2017-08-28,18,LAWN AND GARDEN,0.0026623511
2017-08-29,18,LAWN AND GARDEN,0.0029439915
2017-08-30,18,LAWN AND GARDEN,0.0020683259
2017-08-16,18,LINGERIE,5.060623
2017-08-17,18,LINGERIE,3.693373
2017-08-18,18,LINGERIE,4.790928
2017-08-19,18,LINGERIE,4.3747993
2017-08-20,18,LINGERIE,3.718553
2017-08-21,18,LINGERIE,4.4512544
2017-08-22,18,LINGERIE,3.8218267
2017-08-23,18,LINGERIE,4.7506337
2017-08-24,18,LINGERIE,4.0309772
2017-08-25,18,LINGERIE,4.1422944
2017-08-26,18,LINGERIE,4.4919333
2017-08-27,18,LINGERIE,4.0839915
2017-08-28,18,LINGERIE,3.7859664
2017-08-29,18,LINGERIE,4.179267
2017-08-30,18,LINGERIE,4.331314
2017-08-16,18,"LIQUOR,WINE,BEER",70.487625
2017-08-17,18,"LIQUOR,WINE,BEER",48.84571
2017-08-18,18,"LIQUOR,WINE,BEER",52.391384
2017-08-19,18,"LIQUOR,WINE,BEER",60.120174
2017-08-20,18,"LIQUOR,WINE,BEER",48.659237
2017-08-21,18,"LIQUOR,WINE,BEER",53.349228
2017-08-22,18,"LIQUOR,WINE,BEER",42.780003
2017-08-23,18,"LIQUOR,WINE,BEER",55.14245
2017-08-24,18,"LIQUOR,WINE,BEER",38.98235
2017-08-25,18,"LIQUOR,WINE,BEER",57.434746
2017-08-26,18,"LIQUOR,WINE,BEER",44.325916
2017-08-27,18,"LIQUOR,WINE,BEER",28.983112
2017-08-28,18,"LIQUOR,WINE,BEER",36.354034
2017-08-29,18,"LIQUOR,WINE,BEER",39.419975
2017-08-30,18,"LIQUOR,WINE,BEER",51.669514
2017-08-16,18,MAGAZINES,3.6515124
2017-08-17,18,MAGAZINES,2.6142135
2017-08-18,18,MAGAZINES,2.6864047
2017-08-19,18,MAGAZINES,3.127126
2017-08-20,18,MAGAZINES,3.0213153
2017-08-21,18,MAGAZINES,2.211005
2017-08-22,18,MAGAZINES,2.8034456
2017-08-23,18,MAGAZINES,3.0303035
2017-08-24,18,MAGAZINES,2.1799283
2017-08-25,18,MAGAZINES,2.3325155
2017-08-26,18,MAGAZINES,2.8417332
2017-08-27,18,MAGAZINES,2.7994378
2017-08-28,18,MAGAZINES,1.7945449
2017-08-29,18,MAGAZINES,2.2820735
2017-08-30,18,MAGAZINES,2.6402557
2017-08-16,18,MEATS,150.2953
2017-08-17,18,MEATS,142.20752
2017-08-18,18,MEATS,159.19162
2017-08-19,18,MEATS,177.95055
2017-08-20,18,MEATS,124.544586
2017-08-21,18,MEATS,138.03578
2017-08-22,18,MEATS,135.15552
2017-08-23,18,MEATS,145.02455
2017-08-24,18,MEATS,158.20746
2017-08-25,18,MEATS,138.41795
2017-08-26,18,MEATS,166.15268
2017-08-27,18,MEATS,122.46928
2017-08-28,18,MEATS,135.06763
2017-08-29,18,MEATS,145.23273
2017-08-30,18,MEATS,144.54831
2017-08-16,18,PERSONAL CARE,191.40724
2017-08-17,18,PERSONAL CARE,162.26573
2017-08-18,18,PERSONAL CARE,216.74226
2017-08-19,18,PERSONAL CARE,249.30847
2017-08-20,18,PERSONAL CARE,177.23132
2017-08-21,18,PERSONAL CARE,166.46518
2017-08-22,18,PERSONAL CARE,230.874
2017-08-23,18,PERSONAL CARE,210.18663
2017-08-24,18,PERSONAL CARE,175.47844
2017-08-25,18,PERSONAL CARE,226.69609
2017-08-26,18,PERSONAL CARE,272.7818
2017-08-27,18,PERSONAL CARE,203.14638
2017-08-28,18,PERSONAL CARE,165.19547
2017-08-29,18,PERSONAL CARE,216.14969
2017-08-30,18,PERSONAL CARE,194.10808
2017-08-16,18,PET SUPPLIES,1.2250484
2017-08-17,18,PET SUPPLIES,0.848477
2017-08-18,18,PET SUPPLIES,1.0218414
2017-08-19,18,PET SUPPLIES,1.6212378
2017-08-20,18,PET SUPPLIES,1.3369933
2017-08-21,18,PET SUPPLIES,1.22606
2017-08-22,18,PET SUPPLIES,1.0690732
2017-08-23,18,PET SUPPLIES,1.466016
2017-08-24,18,PET SUPPLIES,1.0734484
2017-08-25,18,PET SUPPLIES,1.2965221
2017-08-26,18,PET SUPPLIES,1.257758
2017-08-27,18,PET SUPPLIES,1.2180126
2017-08-28,18,PET SUPPLIES,1.0502256
2017-08-29,18,PET SUPPLIES,1.1184087
2017-08-30,18,PET SUPPLIES,1.302767
2017-08-16,18,PLAYERS AND ELECTRONICS,5.9524016
2017-08-17,18,PLAYERS AND ELECTRONICS,5.222762
2017-08-18,18,PLAYERS AND ELECTRONICS,5.520158
2017-08-19,18,PLAYERS AND ELECTRONICS,6.3342876
2017-08-20,18,PLAYERS AND ELECTRONICS,5.4894857
2017-08-21,18,PLAYERS AND ELECTRONICS,4.34601
2017-08-22,18,PLAYERS AND ELECTRONICS,5.2745514
2017-08-23,18,PLAYERS AND ELECTRONICS,5.112036
2017-08-24,18,PLAYERS AND ELECTRONICS,4.588936
2017-08-25,18,PLAYERS AND ELECTRONICS,5.9045277
2017-08-26,18,PLAYERS AND ELECTRONICS,6.1758466
2017-08-27,18,PLAYERS AND ELECTRONICS,4.928928
2017-08-28,18,PLAYERS AND ELECTRONICS,4.1847625
2017-08-29,18,PLAYERS AND ELECTRONICS,5.1945887
2017-08-30,18,PLAYERS AND ELECTRONICS,4.8311973
2017-08-16,18,POULTRY,124.07266
2017-08-17,18,POULTRY,112.94626
2017-08-18,18,POULTRY,161.28418
2017-08-19,18,POULTRY,141.1428
2017-08-20,18,POULTRY,101.46507
2017-08-21,18,POULTRY,108.3066
2017-08-22,18,POULTRY,107.18613
2017-08-23,18,POULTRY,122.22146
2017-08-24,18,POULTRY,103.8733
2017-08-25,18,POULTRY,182.38458
2017-08-26,18,POULTRY,133.33559
2017-08-27,18,POULTRY,113.439735
2017-08-28,18,POULTRY,107.60774
2017-08-29,18,POULTRY,115.305016
2017-08-30,18,POULTRY,126.155785
2017-08-16,18,PREPARED FOODS,25.997843
2017-08-17,18,PREPARED FOODS,22.932621
2017-08-18,18,PREPARED FOODS,28.934488
2017-08-19,18,PREPARED FOODS,30.471615
2017-08-20,18,PREPARED FOODS,23.636127
2017-08-21,18,PREPARED FOODS,24.115692
2017-08-22,18,PREPARED FOODS,25.858688
2017-08-23,18,PREPARED FOODS,26.702715
2017-08-24,18,PREPARED FOODS,22.838573
2017-08-25,18,PREPARED FOODS,29.596584
2017-08-26,18,PREPARED FOODS,28.286762
2017-08-27,18,PREPARED FOODS,22.824099
2017-08-28,18,PREPARED FOODS,23.077831
2017-08-29,18,PREPARED FOODS,25.934135
2017-08-30,18,PREPARED FOODS,26.117146
2017-08-16,18,PRODUCE,646.84076
2017-08-17,18,PRODUCE,322.1019
2017-08-18,18,PRODUCE,297.27213
2017-08-19,18,PRODUCE,279.02878
2017-08-20,18,PRODUCE,300.82904
2017-08-21,18,PRODUCE,313.5746
2017-08-22,18,PRODUCE,419.31174
2017-08-23,18,PRODUCE,303.22668
2017-08-24,18,PRODUCE,236.40761
2017-08-25,18,PRODUCE,303.39935
2017-08-26,18,PRODUCE,331.38562
2017-08-27,18,PRODUCE,305.0865
2017-08-28,18,PRODUCE,320.54373
2017-08-29,18,PRODUCE,371.57913
2017-08-30,18,PRODUCE,256.23453
2017-08-16,18,SCHOOL AND OFFICE SUPPLIES,6.028953
2017-08-17,18,SCHOOL AND OFFICE SUPPLIES,6.0944924
2017-08-18,18,SCHOOL AND OFFICE SUPPLIES,5.6004453
2017-08-19,18,SCHOOL AND OFFICE SUPPLIES,4.504434
2017-08-20,18,SCHOOL AND OFFICE SUPPLIES,4.5441732
2017-08-21,18,SCHOOL AND OFFICE SUPPLIES,2.8024437
2017-08-22,18,SCHOOL AND OFFICE SUPPLIES,2.5766845
2017-08-23,18,SCHOOL AND OFFICE SUPPLIES,2.4844086
2017-08-24,18,SCHOOL AND OFFICE SUPPLIES,2.3974106
2017-08-25,18,SCHOOL AND OFFICE SUPPLIES,2.2563827
2017-08-26,18,SCHOOL AND OFFICE SUPPLIES,2.7530718
2017-08-27,18,SCHOOL AND OFFICE SUPPLIES,2.458696
2017-08-28,18,SCHOOL AND OFFICE SUPPLIES,1.8258004
2017-08-29,18,SCHOOL AND OFFICE SUPPLIES,1.4675909
2017-08-30,18,SCHOOL AND OFFICE SUPPLIES,1.964941
2017-08-16,18,SEAFOOD,5.084456
2017-08-17,18,SEAFOOD,3.980577
2017-08-18,18,SEAFOOD,5.564885
2017-08-19,18,SEAFOOD,5.738591
2017-08-20,18,SEAFOOD,4.3139834
2017-08-21,18,SEAFOOD,4.0069714
2017-08-22,18,SEAFOOD,5.4841514
2017-08-23,18,SEAFOOD,4.052805
2017-08-24,18,SEAFOOD,4.534254
2017-08-25,18,SEAFOOD,4.553672
2017-08-26,18,SEAFOOD,5.33879
2017-08-27,18,SEAFOOD,3.9695477
2017-08-28,18,SEAFOOD,3.9088097
2017-08-29,18,SEAFOOD,3.9122632
2017-08-30,18,SEAFOOD,4.6648493
2017-08-16,19,AUTOMOTIVE,3.5474293
2017-08-17,19,AUTOMOTIVE,2.926455
2017-08-18,19,AUTOMOTIVE,3.7143304
2017-08-19,19,AUTOMOTIVE,5.4051657
2017-08-20,19,AUTOMOTIVE,4.1753244
2017-08-21,19,AUTOMOTIVE,2.9251623
2017-08-22,19,AUTOMOTIVE,4.065286
2017-08-23,19,AUTOMOTIVE,3.5772052
2017-08-24,19,AUTOMOTIVE,2.3503897
2017-08-25,19,AUTOMOTIVE,3.6021087
2017-08-26,19,AUTOMOTIVE,5.0653076
2017-08-27,19,AUTOMOTIVE,4.034743
2017-08-28,19,AUTOMOTIVE,3.3213947
2017-08-29,19,AUTOMOTIVE,4.2479672
2017-08-30,19,AUTOMOTIVE,3.956332
2017-08-16,19,BABY CARE,3.1266701
2017-08-17,19,BABY CARE,1.9285293
2017-08-18,19,BABY CARE,2.644722
2017-08-19,19,BABY CARE,4.0708714
2017-08-20,19,BABY CARE,3.047769
2017-08-21,19,BABY CARE,2.7094562
2017-08-22,19,BABY CARE,3.3323653
2017-08-23,19,BABY CARE,2.7172043
2017-08-24,19,BABY CARE,1.718327
2017-08-25,19,BABY CARE,2.393518
2017-08-26,19,BABY CARE,3.7362695
2017-08-27,19,BABY CARE,2.979503
2017-08-28,19,BABY CARE,2.355871
2017-08-29,19,BABY CARE,3.4217956
2017-08-30,19,BABY CARE,2.998346
2017-08-16,19,BEAUTY,1849.4841
2017-08-17,19,BEAUTY,1295.8767
2017-08-18,19,BEAUTY,1687.0974
2017-08-19,19,BEAUTY,2178.4675
2017-08-20,19,BEAUTY,1808.0437
2017-08-21,19,BEAUTY,1706.3602
2017-08-22,19,BEAUTY,1986.1515
2017-08-23,19,BEAUTY,1776.4121
2017-08-24,19,BEAUTY,1200.0155
2017-08-25,19,BEAUTY,1872.7565
2017-08-26,19,BEAUTY,2288.3105
2017-08-27,19,BEAUTY,1821.5397
2017-08-28,19,BEAUTY,1641.6808
2017-08-29,19,BEAUTY,2018.5854
2017-08-30,19,BEAUTY,1786.8148
2017-08-16,19,BEVERAGES,0.07509432
2017-08-17,19,BEVERAGES,0.0
2017-08-18,19,BEVERAGES,0.029753337
2017-08-19,19,BEVERAGES,0.090326145
2017-08-20,19,BEVERAGES,0.06378228
2017-08-21,19,BEVERAGES,0.0
2017-08-22,19,BEVERAGES,0.075317256
2017-08-23,19,BEVERAGES,0.07258905
2017-08-24,19,BEVERAGES,0.0
2017-08-25,19,BEVERAGES,0.028597051
2017-08-26,19,BEVERAGES,0.076184735
2017-08-27,19,BEVERAGES,0.060119435
2017-08-28,19,BEVERAGES,0.0120692635
2017-08-29,19,BEVERAGES,0.057101965
2017-08-30,19,BEVERAGES,0.08127039
2017-08-16,19,BREAD/BAKERY,360.6278
2017-08-17,19,BREAD/BAKERY,207.93652
2017-08-18,19,BREAD/BAKERY,319.37332
2017-08-19,19,BREAD/BAKERY,394.16254
2017-08-20,19,BREAD/BAKERY,289.7627
2017-08-21,19,BREAD/BAKERY,291.43198
2017-08-22,19,BREAD/BAKERY,387.03296
2017-08-23,19,BREAD/BAKERY,332.14746
2017-08-24,19,BREAD/BAKERY,194.75523
2017-08-25,19,BREAD/BAKERY,313.034
2017-08-26,19,BREAD/BAKERY,424.67633
2017-08-27,19,BREAD/BAKERY,334.44156
2017-08-28,19,BREAD/BAKERY,281.11627
2017-08-29,19,BREAD/BAKERY,354.98248
2017-08-30,19,BREAD/BAKERY,312.7238
2017-08-16,19,CELEBRATION,11.792332
2017-08-17,19,CELEBRATION,9.228065
2017-08-18,19,CELEBRATION,10.350183
2017-08-19,19,CELEBRATION,13.484597
2017-08-20,19,CELEBRATION,12.129858
2017-08-21,19,CELEBRATION,11.746623
2017-08-22,19,CELEBRATION,15.73482
2017-08-23,19,CELEBRATION,14.27854
2017-08-24,19,CELEBRATION,8.360192
2017-08-25,19,CELEBRATION,11.3576145
2017-08-26,19,CELEBRATION,16.261122
2017-08-27,19,CELEBRATION,12.537974
2017-08-28,19,CELEBRATION,12.391508
2017-08-29,19,CELEBRATION,14.110208
2017-08-30,19,CELEBRATION,12.87267
2017-08-16,19,CLEANING,667.5227
2017-08-17,19,CLEANING,329.07718
2017-08-18,19,CLEANING,567.15094
2017-08-19,19,CLEANING,748.4388
2017-08-20,19,CLEANING,543.6964
2017-08-21,19,CLEANING,535.5652
2017-08-22,19,CLEANING,748.65326
2017-08-23,19,CLEANING,559.8781
2017-08-24,19,CLEANING,344.07718
2017-08-25,19,CLEANING,582.7086
2017-08-26,19,CLEANING,823.2341
2017-08-27,19,CLEANING,538.7169
2017-08-28,19,CLEANING,480.1112
2017-08-29,19,CLEANING,714.35944
2017-08-30,19,CLEANING,586.31854
2017-08-16,19,DAIRY,738.8787
2017-08-17,19,DAIRY,398.24658
2017-08-18,19,DAIRY,589.2906
2017-08-19,19,DAIRY,779.29004
2017-08-20,19,DAIRY,638.3773
2017-08-21,19,DAIRY,536.9346
2017-08-22,19,DAIRY,745.1614
2017-08-23,19,DAIRY,641.55316
2017-08-24,19,DAIRY,387.709
2017-08-25,19,DAIRY,612.6512
2017-08-26,19,DAIRY,784.6417
2017-08-27,19,DAIRY,617.20654
2017-08-28,19,DAIRY,578.66
2017-08-29,19,DAIRY,754.75256
2017-08-30,19,DAIRY,626.3661
2017-08-16,19,DELI,118.70408
2017-08-17,19,DELI,77.79427
2017-08-18,19,DELI,133.4529
2017-08-19,19,DELI,137.93275
2017-08-20,19,DELI,108.97632
2017-08-21,19,DELI,107.27303
2017-08-22,19,DELI,140.08253
2017-08-23,19,DELI,125.50684
2017-08-24,19,DELI,85.402954
2017-08-25,19,DELI,149.83162
2017-08-26,19,DELI,146.87964
2017-08-27,19,DELI,107.57748
2017-08-28,19,DELI,114.18674
2017-08-29,19,DELI,142.93686
2017-08-30,19,DELI,117.607086
2017-08-16,19,EGGS,135.92891
2017-08-17,19,EGGS,89.464584
2017-08-18,19,EGGS,147.67891
2017-08-19,19,EGGS,146.50912
2017-08-20,19,EGGS,134.71721
2017-08-21,19,EGGS,115.76096
2017-08-22,19,EGGS,148.7705
2017-08-23,19,EGGS,137.904
2017-08-24,19,EGGS,91.881714
2017-08-25,19,EGGS,148.82916
2017-08-26,19,EGGS,152.61588
2017-08-27,19,EGGS,131.26088
2017-08-28,19,EGGS,120.37778
2017-08-29,19,EGGS,153.79794
2017-08-30,19,EGGS,134.08263
2017-08-16,19,FROZEN FOODS,106.96571
2017-08-17,19,FROZEN FOODS,74.227715
2017-08-18,19,FROZEN FOODS,105.805435
2017-08-19,19,FROZEN FOODS,132.6018
2017-08-20,19,FROZEN FOODS,110.38261
2017-08-21,19,FROZEN FOODS,94.88775
2017-08-22,19,FROZEN FOODS,137.20447
2017-08-23,19,FROZEN FOODS,112.325356
2017-08-24,19,FROZEN FOODS,71.58007
2017-08-25,19,FROZEN FOODS,111.47706
2017-08-26,19,FROZEN FOODS,143.2621
2017-08-27,19,FROZEN FOODS,109.54591
2017-08-28,19,FROZEN FOODS,91.975555
2017-08-29,19,FROZEN FOODS,141.35417
2017-08-30,19,FROZEN FOODS,110.04227
2017-08-16,19,GROCERY I,2498.2231
2017-08-17,19,GROCERY I,1262.7983
2017-08-18,19,GROCERY I,2000.1268
2017-08-19,19,GROCERY I,2548.4802
2017-08-20,19,GROCERY I,2127.849
2017-08-21,19,GROCERY I,1824.8477
2017-08-22,19,GROCERY I,2509.8618
2017-08-23,19,GROCERY I,2023.5625
2017-08-24,19,GROCERY I,1133.4565
2017-08-25,19,GROCERY I,2197.866
2017-08-26,19,GROCERY I,2476.1628
2017-08-27,19,GROCERY I,1901.0277
2017-08-28,19,GROCERY I,1933.0187
2017-08-29,19,GROCERY I,2511.7092
2017-08-30,19,GROCERY I,2133.041
2017-08-16,19,GROCERY II,17.46708
2017-08-17,19,GROCERY II,11.9867735
2017-08-18,19,GROCERY II,17.94303
2017-08-19,19,GROCERY II,24.441996
2017-08-20,19,GROCERY II,17.643602
2017-08-21,19,GROCERY II,15.958066
2017-08-22,19,GROCERY II,21.536757
2017-08-23,19,GROCERY II,19.809793
2017-08-24,19,GROCERY II,12.503126
2017-08-25,19,GROCERY II,19.292694
2017-08-26,19,GROCERY II,23.651377
2017-08-27,19,GROCERY II,17.714764
2017-08-28,19,GROCERY II,17.934746
2017-08-29,19,GROCERY II,24.136469
2017-08-30,19,GROCERY II,21.0487
2017-08-16,19,HARDWARE,1.6239572
2017-08-17,19,HARDWARE,1.4308349
2017-08-18,19,HARDWARE,1.7515866
2017-08-19,19,HARDWARE,2.2961228
2017-08-20,19,HARDWARE,1.8081907
2017-08-21,19,HARDWARE,1.4009037
2017-08-22,19,HARDWARE,1.8939964
2017-08-23,19,HARDWARE,1.6198058
2017-08-24,19,HARDWARE,1.2266641
2017-08-25,19,HARDWARE,1.5658907
2017-08-26,19,HARDWARE,2.062634
2017-08-27,19,HARDWARE,2.1001985
2017-08-28,19,HARDWARE,1.4692944
2017-08-29,19,HARDWARE,1.8260311
2017-08-30,19,HARDWARE,1.8293211
2017-08-16,19,HOME AND KITCHEN I,20.765455
2017-08-17,19,HOME AND KITCHEN I,10.465261
2017-08-18,19,HOME AND KITCHEN I,17.977734
2017-08-19,19,HOME AND KITCHEN I,22.284983
2017-08-20,19,HOME AND KITCHEN I,21.806591
2017-08-21,19,HOME AND KITCHEN I,18.52837
2017-08-22,19,HOME AND KITCHEN I,22.098568
2017-08-23,19,HOME AND KITCHEN I,19.68603
2017-08-24,19,HOME AND KITCHEN I,10.417934
2017-08-25,19,HOME AND KITCHEN I,14.101761
2017-08-26,19,HOME AND KITCHEN I,19.61371
2017-08-27,19,HOME AND KITCHEN I,15.507347
2017-08-28,19,HOME AND KITCHEN I,14.1866865
2017-08-29,19,HOME AND KITCHEN I,17.75276
2017-08-30,19,HOME AND KITCHEN I,15.495852
2017-08-16,19,HOME AND KITCHEN II,21.236877
2017-08-17,19,HOME AND KITCHEN II,12.3737545
2017-08-18,19,HOME AND KITCHEN II,14.981171
2017-08-19,19,HOME AND KITCHEN II,23.324883
2017-08-20,19,HOME AND KITCHEN II,20.678625
2017-08-21,19,HOME AND KITCHEN II,18.154997
2017-08-22,19,HOME AND KITCHEN II,19.72212
2017-08-23,19,HOME AND KITCHEN II,15.500975
2017-08-24,19,HOME AND KITCHEN II,8.02219
2017-08-25,19,HOME AND KITCHEN II,16.62237
2017-08-26,19,HOME AND KITCHEN II,23.89852
2017-08-27,19,HOME AND KITCHEN II,19.299324
2017-08-28,19,HOME AND KITCHEN II,14.912107
2017-08-29,19,HOME AND KITCHEN II,19.383734
2017-08-30,19,HOME AND KITCHEN II,16.803581
2017-08-16,19,HOME APPLIANCES,0.19837442
2017-08-17,19,HOME APPLIANCES,0.093888655
2017-08-18,19,HOME APPLIANCES,0.21173334
2017-08-19,19,HOME APPLIANCES,0.31667498
2017-08-20,19,HOME APPLIANCES,0.20843492
2017-08-21,19,HOME APPLIANCES,0.20364112
2017-08-22,19,HOME APPLIANCES,0.18144152
2017-08-23,19,HOME APPLIANCES,0.22906597
2017-08-24,19,HOME APPLIANCES,0.13318709
2017-08-25,19,HOME APPLIANCES,0.08766165
2017-08-26,19,HOME APPLIANCES,0.2738079
2017-08-27,19,HOME APPLIANCES,0.29412153
2017-08-28,19,HOME APPLIANCES,0.13446116
2017-08-29,19,HOME APPLIANCES,0.27345806
2017-08-30,19,HOME APPLIANCES,0.20088673
2017-08-16,19,HOME CARE,132.51154
2017-08-17,19,HOME CARE,69.666885
2017-08-18,19,HOME CARE,104.45987
2017-08-19,19,HOME CARE,163.7404
2017-08-20,19,HOME CARE,123.70432
2017-08-21,19,HOME CARE,96.283844
2017-08-22,19,HOME CARE,114.92422
2017-08-23,19,HOME CARE,110.1856
2017-08-24,19,HOME CARE,66.50689
2017-08-25,19,HOME CARE,101.72504
2017-08-26,19,HOME CARE,133.30533
2017-08-27,19,HOME CARE,129.16669
2017-08-28,19,HOME CARE,97.45262
2017-08-29,19,HOME CARE,112.77847
2017-08-30,19,HOME CARE,101.746864
2017-08-16,19,LADIESWEAR,12.152728
2017-08-17,19,LADIESWEAR,7.935778
2017-08-18,19,LADIESWEAR,12.563378
2017-08-19,19,LADIESWEAR,15.223964
2017-08-20,19,LADIESWEAR,13.284904
2017-08-21,19,LADIESWEAR,11.804114
2017-08-22,19,LADIESWEAR,13.023177
2017-08-23,19,LADIESWEAR,16.876589
2017-08-24,19,LADIESWEAR,10.501775
2017-08-25,19,LADIESWEAR,13.43002
2017-08-26,19,LADIESWEAR,17.738708
2017-08-27,19,LADIESWEAR,16.205109
2017-08-28,19,LADIESWEAR,11.163081
2017-08-29,19,LADIESWEAR,11.138889
2017-08-30,19,LADIESWEAR,12.477964
2017-08-16,19,LAWN AND GARDEN,25.614033
2017-08-17,19,LAWN AND GARDEN,9.794316
2017-08-18,19,LAWN AND GARDEN,15.408081
2017-08-19,19,LAWN AND GARDEN,25.273527
2017-08-20,19,LAWN AND GARDEN,14.580085
2017-08-21,19,LAWN AND GARDEN,15.705193
2017-08-22,19,LAWN AND GARDEN,14.240514
2017-08-23,19,LAWN AND GARDEN,18.179985
2017-08-24,19,LAWN AND GARDEN,12.450156
2017-08-25,19,LAWN AND GARDEN,14.94428
2017-08-26,19,LAWN AND GARDEN,26.880219
2017-08-27,19,LAWN AND GARDEN,13.996633
2017-08-28,19,LAWN AND GARDEN,14.986019
2017-08-29,19,LAWN AND GARDEN,14.764609
2017-08-30,19,LAWN AND GARDEN,18.037802
2017-08-16,19,LINGERIE,7.2969894
2017-08-17,19,LINGERIE,4.0703588
2017-08-18,19,LINGERIE,5.629118
2017-08-19,19,LINGERIE,7.9311447
2017-08-20,19,LINGERIE,6.8486094
2017-08-21,19,LINGERIE,5.2945776
2017-08-22,19,LINGERIE,7.6146874
2017-08-23,19,LINGERIE,7.080388
2017-08-24,19,LINGERIE,3.5773919
2017-08-25,19,LINGERIE,6.662783
2017-08-26,19,LINGERIE,8.177281
2017-08-27,19,LINGERIE,6.1779957
2017-08-28,19,LINGERIE,5.9508657
2017-08-29,19,LINGERIE,7.737848
2017-08-30,19,LINGERIE,6.2377496
2017-08-16,19,"LIQUOR,WINE,BEER",86.57343
2017-08-17,19,"LIQUOR,WINE,BEER",61.03245
2017-08-18,19,"LIQUOR,WINE,BEER",86.813774
2017-08-19,19,"LIQUOR,WINE,BEER",97.72815
2017-08-20,19,"LIQUOR,WINE,BEER",83.5603
2017-08-21,19,"LIQUOR,WINE,BEER",103.40543
2017-08-22,19,"LIQUOR,WINE,BEER",91.44416
2017-08-23,19,"LIQUOR,WINE,BEER",118.103035
2017-08-24,19,"LIQUOR,WINE,BEER",60.514336
2017-08-25,19,"LIQUOR,WINE,BEER",87.88786
2017-08-26,19,"LIQUOR,WINE,BEER",102.18227
2017-08-27,19,"LIQUOR,WINE,BEER",73.01991
2017-08-28,19,"LIQUOR,WINE,BEER",107.300964
2017-08-29,19,"LIQUOR,WINE,BEER",91.18277
2017-08-30,19,"LIQUOR,WINE,BEER",93.63906
2017-08-16,19,MAGAZINES,5.025203
2017-08-17,19,MAGAZINES,3.3636131
2017-08-18,19,MAGAZINES,4.5640984
2017-08-19,19,MAGAZINES,6.5317526
2017-08-20,19,MAGAZINES,5.126944
2017-08-21,19,MAGAZINES,4.417294
2017-08-22,19,MAGAZINES,5.4179797
2017-08-23,19,MAGAZINES,5.691436
2017-08-24,19,MAGAZINES,3.6061487
2017-08-25,19,MAGAZINES,4.521625
2017-08-26,19,MAGAZINES,5.7883224
2017-08-27,19,MAGAZINES,5.6494017
2017-08-28,19,MAGAZINES,4.187217
2017-08-29,19,MAGAZINES,5.443482
2017-08-30,19,MAGAZINES,5.968835
2017-08-16,19,MEATS,341.0967
2017-08-17,19,MEATS,183.85867
2017-08-18,19,MEATS,395.89398
2017-08-19,19,MEATS,266.17102
2017-08-20,19,MEATS,264.9876
2017-08-21,19,MEATS,258.58005
2017-08-22,19,MEATS,371.133
2017-08-23,19,MEATS,294.59882
2017-08-24,19,MEATS,179.97296
2017-08-25,19,MEATS,439.29858
2017-08-26,19,MEATS,255.76933
2017-08-27,19,MEATS,242.6986
2017-08-28,19,MEATS,269.78403
2017-08-29,19,MEATS,368.51315
2017-08-30,19,MEATS,288.61502
2017-08-16,19,PERSONAL CARE,148.35277
2017-08-17,19,PERSONAL CARE,96.599396
2017-08-18,19,PERSONAL CARE,137.06519
2017-08-19,19,PERSONAL CARE,181.31078
2017-08-20,19,PERSONAL CARE,131.7129
2017-08-21,19,PERSONAL CARE,115.798676
2017-08-22,19,PERSONAL CARE,167.88219
2017-08-23,19,PERSONAL CARE,134.83354
2017-08-24,19,PERSONAL CARE,89.76605
2017-08-25,19,PERSONAL CARE,132.31488
2017-08-26,19,PERSONAL CARE,189.87682
2017-08-27,19,PERSONAL CARE,139.29785
2017-08-28,19,PERSONAL CARE,117.510445
2017-08-29,19,PERSONAL CARE,168.32771
2017-08-30,19,PERSONAL CARE,139.93019
2017-08-16,19,PET SUPPLIES,4.3671875
2017-08-17,19,PET SUPPLIES,3.7439473
2017-08-18,19,PET SUPPLIES,4.0200286
2017-08-19,19,PET SUPPLIES,5.8970623
2017-08-20,19,PET SUPPLIES,4.989604
2017-08-21,19,PET SUPPLIES,3.8435447
2017-08-22,19,PET SUPPLIES,5.2059045
2017-08-23,19,PET SUPPLIES,4.544586
2017-08-24,19,PET SUPPLIES,2.9951763
2017-08-25,19,PET SUPPLIES,4.183639
2017-08-26,19,PET SUPPLIES,5.44302
2017-08-27,19,PET SUPPLIES,5.115833
2017-08-28,19,PET SUPPLIES,4.6094522
2017-08-29,19,PET SUPPLIES,4.7624764
2017-08-30,19,PET SUPPLIES,5.5925937
2017-08-16,19,PLAYERS AND ELECTRONICS,9.198122
2017-08-17,19,PLAYERS AND ELECTRONICS,5.6752806
2017-08-18,19,PLAYERS AND ELECTRONICS,6.590745
2017-08-19,19,PLAYERS AND ELECTRONICS,9.273276
2017-08-20,19,PLAYERS AND ELECTRONICS,7.6871142
2017-08-21,19,PLAYERS AND ELECTRONICS,6.0319552
2017-08-22,19,PLAYERS AND ELECTRONICS,8.33895
2017-08-23,19,PLAYERS AND ELECTRONICS,7.970054
2017-08-24,19,PLAYERS AND ELECTRONICS,5.276875
2017-08-25,19,PLAYERS AND ELECTRONICS,5.4429874
2017-08-26,19,PLAYERS AND ELECTRONICS,8.980395
2017-08-27,19,PLAYERS AND ELECTRONICS,7.066007
2017-08-28,19,PLAYERS AND ELECTRONICS,5.1593924
2017-08-29,19,PLAYERS AND ELECTRONICS,7.8321605
2017-08-30,19,PLAYERS AND ELECTRONICS,6.952114
2017-08-16,19,POULTRY,290.63034
2017-08-17,19,POULTRY,162.31754
2017-08-18,19,POULTRY,338.61844
2017-08-19,19,POULTRY,276.9807
2017-08-20,19,POULTRY,254.67068
2017-08-21,19,POULTRY,259.89523
2017-08-22,19,POULTRY,326.5684
2017-08-23,19,POULTRY,269.19138
2017-08-24,19,POULTRY,156.8314
2017-08-25,19,POULTRY,325.7917
2017-08-26,19,POULTRY,271.7987
2017-08-27,19,POULTRY,262.1479
2017-08-28,19,POULTRY,257.50903
2017-08-29,19,POULTRY,326.81897
2017-08-30,19,POULTRY,254.78886
2017-08-16,19,PREPARED FOODS,64.155754
2017-08-17,19,PREPARED FOODS,39.43729
2017-08-18,19,PREPARED FOODS,58.051323
2017-08-19,19,PREPARED FOODS,77.37215
2017-08-20,19,PREPARED FOODS,59.330288
2017-08-21,19,PREPARED FOODS,56.135063
2017-08-22,19,PREPARED FOODS,62.741375
2017-08-23,19,PREPARED FOODS,61.108356
2017-08-24,19,PREPARED FOODS,42.839382
2017-08-25,19,PREPARED FOODS,63.361664
2017-08-26,19,PREPARED FOODS,85.598946
2017-08-27,19,PREPARED FOODS,57.88864
2017-08-28,19,PREPARED FOODS,55.34109
2017-08-29,19,PREPARED FOODS,70.01803
2017-08-30,19,PREPARED FOODS,66.24396
2017-08-16,19,PRODUCE,3291.6606
2017-08-17,19,PRODUCE,961.10156
2017-08-18,19,PRODUCE,1401.9338
2017-08-19,19,PRODUCE,1678.4099
2017-08-20,19,PRODUCE,1585.4313
2017-08-21,19,PRODUCE,1497.0415
2017-08-22,19,PRODUCE,1636.4899
2017-08-23,19,PRODUCE,2864.092
2017-08-24,19,PRODUCE,909.4403
2017-08-25,19,PRODUCE,1277.2812
2017-08-26,19,PRODUCE,1542.6099
2017-08-27,19,PRODUCE,1483.6451
2017-08-28,19,PRODUCE,1440.2083
2017-08-29,19,PRODUCE,1596.941
2017-08-30,19,PRODUCE,2692.1575
2017-08-16,19,SCHOOL AND OFFICE SUPPLIES,0.053152125
2017-08-17,19,SCHOOL AND OFFICE SUPPLIES,0.0
2017-08-18,19,SCHOOL AND OFFICE SUPPLIES,0.0
2017-08-19,19,SCHOOL AND OFFICE SUPPLIES,0.042144608
2017-08-20,19,SCHOOL AND OFFICE SUPPLIES,0.042604808
2017-08-21,19,SCHOOL AND OFFICE SUPPLIES,0.008061115
2017-08-22,19,SCHOOL AND OFFICE SUPPLIES,0.057906356
2017-08-23,19,SCHOOL AND OFFICE SUPPLIES,0.019986276
2017-08-24,19,SCHOOL AND OFFICE SUPPLIES,0.0
2017-08-25,19,SCHOOL AND OFFICE SUPPLIES,0.0536963
2017-08-26,19,SCHOOL AND OFFICE SUPPLIES,0.12821898
2017-08-27,19,SCHOOL AND OFFICE SUPPLIES,0.07256652
2017-08-28,19,SCHOOL AND OFFICE SUPPLIES,0.044757713
2017-08-29,19,SCHOOL AND OFFICE SUPPLIES,0.051465556
2017-08-30,19,SCHOOL AND OFFICE SUPPLIES,0.074712165
2017-08-16,19,SEAFOOD,26.304287
2017-08-17,19,SEAFOOD,19.460247
2017-08-18,19,SEAFOOD,28.493986
2017-08-19,19,SEAFOOD,26.226074
2017-08-20,19,SEAFOOD,24.215502
2017-08-21,19,SEAFOOD,23.027756
2017-08-22,19,SEAFOOD,27.502554
2017-08-23,19,SEAFOOD,23.50929
2017-08-24,19,SEAFOOD,18.379261
2017-08-25,19,SEAFOOD,26.535942
2017-08-26,19,SEAFOOD,30.297783
2017-08-27,19,SEAFOOD,25.83512
2017-08-28,19,SEAFOOD,23.779228
2017-08-29,19,SEAFOOD,29.047804
2017-08-30,19,SEAFOOD,25.507107
2017-08-16,2,AUTOMOTIVE,7.6431394
2017-08-17,2,AUTOMOTIVE,9.033322
2017-08-18,2,AUTOMOTIVE,8.808972
2017-08-19,2,AUTOMOTIVE,7.2574925
2017-08-20,2,AUTOMOTIVE,7.267324
2017-08-21,2,AUTOMOTIVE,6.936539
2017-08-22,2,AUTOMOTIVE,6.053832
2017-08-23,2,AUTOMOTIVE,6.8739085
2017-08-24,2,AUTOMOTIVE,8.2472315
2017-08-25,2,AUTOMOTIVE,7.1894603
2017-08-26,2,AUTOMOTIVE,7.883949
2017-08-27,2,AUTOMOTIVE,5.57684
2017-08-28,2,AUTOMOTIVE,5.587194
2017-08-29,2,AUTOMOTIVE,4.973341
2017-08-30,2,AUTOMOTIVE,6.8502464
2017-08-16,2,BABY CARE,0.13639389
2017-08-17,2,BABY CARE,0.15455134
2017-08-18,2,BABY CARE,0.23326683
2017-08-19,2,BABY CARE,0.21872447
2017-08-20,2,BABY CARE,0.1643455
2017-08-21,2,BABY CARE,0.12341566
2017-08-22,2,BABY CARE,0.18149629
2017-08-23,2,BABY CARE,0.08137931
2017-08-24,2,BABY CARE,0.2966303
2017-08-25,2,BABY CARE,0.17701294
2017-08-26,2,BABY CARE,0.2956676
2017-08-27,2,BABY CARE,0.26691246
2017-08-28,2,BABY CARE,0.1305373
2017-08-29,2,BABY CARE,0.16094586
2017-08-30,2,BABY CARE,0.1379987
2017-08-16,2,BEAUTY,5.313891
2017-08-17,2,BEAUTY,6.910737
2017-08-18,2,BEAUTY,6.497587
2017-08-19,2,BEAUTY,5.9689026
2017-08-20,2,BEAUTY,4.113741
2017-08-21,2,BEAUTY,4.336563
2017-08-22,2,BEAUTY,4.6254773
2017-08-23,2,BEAUTY,4.927269
2017-08-24,2,BEAUTY,7.602926
2017-08-25,2,BEAUTY,5.9657536
2017-08-26,2,BEAUTY,6.296093
2017-08-27,2,BEAUTY,5.3434997
2017-08-28,2,BEAUTY,3.9535058
2017-08-29,2,BEAUTY,3.4766512
2017-08-30,2,BEAUTY,4.425979
2017-08-16,2,BEVERAGES,2155.6235
2017-08-17,2,BEVERAGES,2819.9788
2017-08-18,2,BEVERAGES,2337.2444
2017-08-19,2,BEVERAGES,1573.932
2017-08-20,2,BEVERAGES,1270.7593
2017-08-21,2,BEVERAGES,1403.6199
2017-08-22,2,BEVERAGES,1201.1465
2017-08-23,2,BEVERAGES,976.3791
2017-08-24,2,BEVERAGES,1868.749
2017-08-25,2,BEVERAGES,1585.6067
2017-08-26,2,BEVERAGES,1287.27
2017-08-27,2,BEVERAGES,897.2788
2017-08-28,2,BEVERAGES,1159.162
2017-08-29,2,BEVERAGES,1037.5962
2017-08-30,2,BEVERAGES,891.38605
2017-08-16,2,BOOKS,330.91086
2017-08-17,2,BOOKS,319.38815
2017-08-18,2,BOOKS,300.5136
2017-08-19,2,BOOKS,301.1825
2017-08-20,2,BOOKS,270.1213
2017-08-21,2,BOOKS,203.35881
2017-08-22,2,BOOKS,181.68745
2017-08-23,2,BOOKS,205.07124
2017-08-24,2,BOOKS,257.5688
2017-08-25,2,BOOKS,242.82196
2017-08-26,2,BOOKS,204.51682
2017-08-27,2,BOOKS,228.35379
2017-08-28,2,BOOKS,166.18555
2017-08-29,2,BOOKS,134.83942
2017-08-30,2,BOOKS,153.96132
2017-08-16,2,BREAD/BAKERY,6.9943237
2017-08-17,2,BREAD/BAKERY,7.6729236
2017-08-18,2,BREAD/BAKERY,5.972448
2017-08-19,2,BREAD/BAKERY,6.683658
2017-08-20,2,BREAD/BAKERY,6.2819695
2017-08-21,2,BREAD/BAKERY,7.0214987
2017-08-22,2,BREAD/BAKERY,5.799509
2017-08-23,2,BREAD/BAKERY,6.1251316
2017-08-24,2,BREAD/BAKERY,6.3920226
2017-08-25,2,BREAD/BAKERY,5.372989
2017-08-26,2,BREAD/BAKERY,6.323938
2017-08-27,2,BREAD/BAKERY,6.6591473
2017-08-28,2,BREAD/BAKERY,6.4768357
2017-08-29,2,BREAD/BAKERY,5.2790384
2017-08-30,2,BREAD/BAKERY,7.229713
2017-08-16,2,CELEBRATION,650.4105
2017-08-17,2,CELEBRATION,736.82214
2017-08-18,2,CELEBRATION,593.27856
2017-08-19,2,CELEBRATION,498.97455
2017-08-20,2,CELEBRATION,435.43793
2017-08-21,2,CELEBRATION,422.90045
2017-08-22,2,CELEBRATION,383.16074
2017-08-23,2,CELEBRATION,397.8187
2017-08-24,2,CELEBRATION,542.454
2017-08-25,2,CELEBRATION,424.41177
2017-08-26,2,CELEBRATION,369.04456
2017-08-27,2,CELEBRATION,359.29187
2017-08-28,2,CELEBRATION,384.174
2017-08-29,2,CELEBRATION,323.05768
2017-08-30,2,CELEBRATION,293.85474
2017-08-16,2,CLEANING,756.8154
2017-08-17,2,CLEANING,575.74866
2017-08-18,2,CLEANING,457.38123
2017-08-19,2,CLEANING,346.8251
2017-08-20,2,CLEANING,330.3155
2017-08-21,2,CLEANING,381.46744
2017-08-22,2,CLEANING,325.2762
2017-08-23,2,CLEANING,566.55896
2017-08-24,2,CLEANING,437.58078
2017-08-25,2,CLEANING,375.38727
2017-08-26,2,CLEANING,278.78137
2017-08-27,2,CLEANING,271.61584
2017-08-28,2,CLEANING,312.07712
2017-08-29,2,CLEANING,294.64096
2017-08-30,2,CLEANING,491.26404
2017-08-16,2,DAIRY,441.8844
2017-08-17,2,DAIRY,416.65417
2017-08-18,2,DAIRY,560.3736
2017-08-19,2,DAIRY,355.89038
2017-08-20,2,DAIRY,251.49591
2017-08-21,2,DAIRY,234.15688
2017-08-22,2,DAIRY,237.28714
2017-08-23,2,DAIRY,238.85185
2017-08-24,2,DAIRY,316.35178
2017-08-25,2,DAIRY,447.29486
2017-08-26,2,DAIRY,283.1629
2017-08-27,2,DAIRY,181.36887
2017-08-28,2,DAIRY,204.47581
2017-08-29,2,DAIRY,180.48097
2017-08-30,2,DAIRY,194.52336
2017-08-16,2,DELI,66.13759
2017-08-17,2,DELI,96.827065
2017-08-18,2,DELI,135.44392
2017-08-19,2,DELI,136.14922
2017-08-20,2,DELI,72.81567
2017-08-21,2,DELI,112.80648
2017-08-22,2,DELI,49.688282
2017-08-23,2,DELI,75.99955
2017-08-24,2,DELI,100.2501
2017-08-25,2,DELI,140.4034
2017-08-26,2,DELI,150.28424
2017-08-27,2,DELI,58.72602
2017-08-28,2,DELI,90.22933
2017-08-29,2,DELI,54.203293
2017-08-30,2,DELI,75.656075
2017-08-16,2,EGGS,87.773415
2017-08-17,2,EGGS,98.849884
2017-08-18,2,EGGS,66.571976
2017-08-19,2,EGGS,122.08046
2017-08-20,2,EGGS,92.36824
2017-08-21,2,EGGS,91.51976
2017-08-22,2,EGGS,56.86669
2017-08-23,2,EGGS,64.600525
2017-08-24,2,EGGS,76.3796
2017-08-25,2,EGGS,73.14118
2017-08-26,2,EGGS,109.43037
2017-08-27,2,EGGS,76.985954
2017-08-28,2,EGGS,91.36235
2017-08-29,2,EGGS,41.79788
2017-08-30,2,EGGS,62.89953
2017-08-16,2,FROZEN FOODS,2665.8313
2017-08-17,2,FROZEN FOODS,2566.4233
2017-08-18,2,FROZEN FOODS,1962.6565
2017-08-19,2,FROZEN FOODS,1383.9482
2017-08-20,2,FROZEN FOODS,1274.2069
2017-08-21,2,FROZEN FOODS,1413.677
2017-08-22,2,FROZEN FOODS,1182.2081
2017-08-23,2,FROZEN FOODS,1125.4308
2017-08-24,2,FROZEN FOODS,1610.8215
2017-08-25,2,FROZEN FOODS,1361.2058
2017-08-26,2,FROZEN FOODS,1053.3364
2017-08-27,2,FROZEN FOODS,1013.6941
2017-08-28,2,FROZEN FOODS,1106.5828
2017-08-29,2,FROZEN FOODS,1020.1388
2017-08-30,2,FROZEN FOODS,1019.36206
2017-08-16,2,GROCERY I,11.280271
2017-08-17,2,GROCERY I,12.275957
2017-08-18,2,GROCERY I,13.646249
2017-08-19,2,GROCERY I,12.148307
2017-08-20,2,GROCERY I,11.4972315
2017-08-21,2,GROCERY I,10.889436
2017-08-22,2,GROCERY I,7.0403996
2017-08-23,2,GROCERY I,9.98734
2017-08-24,2,GROCERY I,11.396276
2017-08-25,2,GROCERY I,10.8268
2017-08-26,2,GROCERY I,11.333441
2017-08-27,2,GROCERY I,11.44898
2017-08-28,2,GROCERY I,10.79931
2017-08-29,2,GROCERY I,7.303042
2017-08-30,2,GROCERY I,9.2429695
2017-08-16,2,GROCERY II,0.5709592
2017-08-17,2,GROCERY II,0.61344415
2017-08-18,2,GROCERY II,0.5855284
2017-08-19,2,GROCERY II,0.635455
2017-08-20,2,GROCERY II,0.5480274
2017-08-21,2,GROCERY II,0.53584296
2017-08-22,2,GROCERY II,0.5179766
2017-08-23,2,GROCERY II,0.6190146
2017-08-24,2,GROCERY II,0.6764984
2017-08-25,2,GROCERY II,0.59151214
2017-08-26,2,GROCERY II,0.67764187
2017-08-27,2,GROCERY II,0.5360622
2017-08-28,2,GROCERY II,0.5082181
2017-08-29,2,GROCERY II,0.6076895
2017-08-30,2,GROCERY II,0.58921146
2017-08-16,2,HARDWARE,23.227224
2017-08-17,2,HARDWARE,19.168945
2017-08-18,2,HARDWARE,20.538578
2017-08-19,2,HARDWARE,23.184172
2017-08-20,2,HARDWARE,18.339075
2017-08-21,2,HARDWARE,18.418789
2017-08-22,2,HARDWARE,11.594632
2017-08-23,2,HARDWARE,18.149065
2017-08-24,2,HARDWARE,16.988537
2017-08-25,2,HARDWARE,15.601472
2017-08-26,2,HARDWARE,17.024767
2017-08-27,2,HARDWARE,17.354692
2017-08-28,2,HARDWARE,15.410546
2017-08-29,2,HARDWARE,12.508058
2017-08-30,2,HARDWARE,15.547154
2017-08-16,2,HOME AND KITCHEN I,18.847431
2017-08-17,2,HOME AND KITCHEN I,20.081938
2017-08-18,2,HOME AND KITCHEN I,18.23786
2017-08-19,2,HOME AND KITCHEN I,20.009243
2017-08-20,2,HOME AND KITCHEN I,17.162426
2017-08-21,2,HOME AND KITCHEN I,13.191979
2017-08-22,2,HOME AND KITCHEN I,9.907048
2017-08-23,2,HOME AND KITCHEN I,13.63455
2017-08-24,2,HOME AND KITCHEN I,15.80886
2017-08-25,2,HOME AND KITCHEN I,16.303017
2017-08-26,2,HOME AND KITCHEN I,16.289589
2017-08-27,2,HOME AND KITCHEN I,15.443942
2017-08-28,2,HOME AND KITCHEN I,12.699734
2017-08-29,2,HOME AND KITCHEN I,9.779114
2017-08-30,2,HOME AND KITCHEN I,14.454189
2017-08-16,2,HOME AND KITCHEN II,0.0
2017-08-17,2,HOME AND KITCHEN II,0.021146674
2017-08-18,2,HOME AND KITCHEN II,0.06313034
2017-08-19,2,HOME AND KITCHEN II,0.043665826
2017-08-20,2,HOME AND KITCHEN II,0.03087627
2017-08-21,2,HOME AND KITCHEN II,0.03148773
2017-08-22,2,HOME AND KITCHEN II,0.023728272
2017-08-23,2,HOME AND KITCHEN II,0.034705017
2017-08-24,2,HOME AND KITCHEN II,0.033118404
2017-08-25,2,HOME AND KITCHEN II,0.048155162
2017-08-26,2,HOME AND KITCHEN II,0.04862811
2017-08-27,2,HOME AND KITCHEN II,0.03837061
2017-08-28,2,HOME AND KITCHEN II,0.06783564
2017-08-29,2,HOME AND KITCHEN II,0.043447208
2017-08-30,2,HOME AND KITCHEN II,0.04521377
2017-08-16,2,HOME APPLIANCES,339.5906
2017-08-17,2,HOME APPLIANCES,405.20856
2017-08-18,2,HOME APPLIANCES,334.85617
2017-08-19,2,HOME APPLIANCES,324.50293
2017-08-20,2,HOME APPLIANCES,308.40842
2017-08-21,2,HOME APPLIANCES,233.60023
2017-08-22,2,HOME APPLIANCES,146.87047
2017-08-23,2,HOME APPLIANCES,238.18195
2017-08-24,2,HOME APPLIANCES,309.31726
2017-08-25,2,HOME APPLIANCES,265.1893
2017-08-26,2,HOME APPLIANCES,246.44066
2017-08-27,2,HOME APPLIANCES,256.03708
2017-08-28,2,HOME APPLIANCES,172.22002
2017-08-29,2,HOME APPLIANCES,133.37073
2017-08-30,2,HOME APPLIANCES,179.17047
2017-08-16,2,HOME CARE,2.8136919
2017-08-17,2,HOME CARE,2.7473695
2017-08-18,2,HOME CARE,2.4607444
2017-08-19,2,HOME CARE,1.9931647
2017-08-20,2,HOME CARE,1.7845904
2017-08-21,2,HOME CARE,2.7715523
2017-08-22,2,HOME CARE,2.7969854
2017-08-23,2,HOME CARE,2.7997844
2017-08-24,2,HOME CARE,3.7528512
2017-08-25,2,HOME CARE,3.8615997
2017-08-26,2,HOME CARE,3.4941127
2017-08-27,2,HOME CARE,2.7302773
2017-08-28,2,HOME CARE,2.0883641
2017-08-29,2,HOME CARE,1.8421637
2017-08-30,2,HOME CARE,2.3835168
2017-08-16,2,LADIESWEAR,7.1452355
2017-08-17,2,LADIESWEAR,6.311359
2017-08-18,2,LADIESWEAR,6.4606133
2017-08-19,2,LADIESWEAR,6.3153214
2017-08-20,2,LADIESWEAR,6.420244
2017-08-21,2,LADIESWEAR,7.393434
2017-08-22,2,LADIESWEAR,5.377728
2017-08-23,2,LADIESWEAR,8.389923
2017-08-24,2,LADIESWEAR,8.267425
2017-08-25,2,LADIESWEAR,6.8935943
2017-08-26,2,LADIESWEAR,7.000722
2017-08-27,2,LADIESWEAR,5.7201023
2017-08-28,2,LADIESWEAR,6.8028092
2017-08-29,2,LADIESWEAR,3.7091713
2017-08-30,2,LADIESWEAR,7.7436576
2017-08-16,2,LAWN AND GARDEN,3.965862
2017-08-17,2,LAWN AND GARDEN,4.339859
2017-08-18,2,LAWN AND GARDEN,3.7848272
2017-08-19,2,LAWN AND GARDEN,4.1293254
2017-08-20,2,LAWN AND GARDEN,2.7581775
2017-08-21,2,LAWN AND GARDEN,4.62072
2017-08-22,2,LAWN AND GARDEN,2.4665332
2017-08-23,2,LAWN AND GARDEN,3.45984
2017-08-24,2,LAWN AND GARDEN,3.7483883
2017-08-25,2,LAWN AND GARDEN,3.7533543
2017-08-26,2,LAWN AND GARDEN,3.275874
2017-08-27,2,LAWN AND GARDEN,2.8943505
2017-08-28,2,LAWN AND GARDEN,3.1135101
2017-08-29,2,LAWN AND GARDEN,2.9235852
2017-08-30,2,LAWN AND GARDEN,3.6863134
2017-08-16,2,LINGERIE,56.254692
2017-08-17,2,LINGERIE,69.33737
2017-08-18,2,LINGERIE,85.45982
2017-08-19,2,LINGERIE,69.03508
2017-08-20,2,LINGERIE,46.831165
2017-08-21,2,LINGERIE,64.7903
2017-08-22,2,LINGERIE,27.786398
2017-08-23,2,LINGERIE,49.61831
2017-08-24,2,LINGERIE,88.02285
2017-08-25,2,LINGERIE,81.339386
2017-08-26,2,LINGERIE,87.579384
2017-08-27,2,LINGERIE,36.74988
2017-08-28,2,LINGERIE,65.35565
2017-08-29,2,LINGERIE,46.161312
2017-08-30,2,LINGERIE,43.703465
2017-08-16,2,"LIQUOR,WINE,BEER",1.5700021
2017-08-17,2,"LIQUOR,WINE,BEER",1.5469078
2017-08-18,2,"LIQUOR,WINE,BEER",1.3625783
2017-08-19,2,"LIQUOR,WINE,BEER",1.3328902
2017-08-20,2,"LIQUOR,WINE,BEER",1.323802
2017-08-21,2,"LIQUOR,WINE,BEER",1.2473584
2017-08-22,2,"LIQUOR,WINE,BEER",1.1273493
2017-08-23,2,"LIQUOR,WINE,BEER",1.1919323
2017-08-24,2,"LIQUOR,WINE,BEER",1.4034162
2017-08-25,2,"LIQUOR,WINE,BEER",1.3216587
2017-08-26,2,"LIQUOR,WINE,BEER",1.2827373
2017-08-27,2,"LIQUOR,WINE,BEER",1.1289835
2017-08-28,2,"LIQUOR,WINE,BEER",1.0142874
2017-08-29,2,"LIQUOR,WINE,BEER",0.87252074
2017-08-30,2,"LIQUOR,WINE,BEER",1.3370982
2017-08-16,2,MAGAZINES,277.19012
2017-08-17,2,MAGAZINES,374.31744
2017-08-18,2,MAGAZINES,203.96303
2017-08-19,2,MAGAZINES,258.74506
2017-08-20,2,MAGAZINES,230.24693
2017-08-21,2,MAGAZINES,255.18831
2017-08-22,2,MAGAZINES,137.2231
2017-08-23,2,MAGAZINES,215.576
2017-08-24,2,MAGAZINES,312.59946
2017-08-25,2,MAGAZINES,164.13004
2017-08-26,2,MAGAZINES,195.6574
2017-08-27,2,MAGAZINES,153.49115
2017-08-28,2,MAGAZINES,177.06647
2017-08-29,2,MAGAZINES,98.587685
2017-08-30,2,MAGAZINES,146.07578
2017-08-16,2,MEATS,315.66714
2017-08-17,2,MEATS,298.38464
2017-08-18,2,MEATS,317.16278
2017-08-19,2,MEATS,312.15967
2017-08-20,2,MEATS,264.2532
2017-08-21,2,MEATS,248.75644
2017-08-22,2,MEATS,181.09633
2017-08-23,2,MEATS,214.18758
2017-08-24,2,MEATS,265.22397
2017-08-25,2,MEATS,286.50162
2017-08-26,2,MEATS,262.30145
2017-08-27,2,MEATS,207.7136
2017-08-28,2,MEATS,217.43187
2017-08-29,2,MEATS,166.7276
2017-08-30,2,MEATS,187.47177
2017-08-16,2,PERSONAL CARE,3.5026844
2017-08-17,2,PERSONAL CARE,3.6447554
2017-08-18,2,PERSONAL CARE,3.7634792
2017-08-19,2,PERSONAL CARE,4.0908594
2017-08-20,2,PERSONAL CARE,3.1831903
2017-08-21,2,PERSONAL CARE,2.8850057
2017-08-22,2,PERSONAL CARE,2.9373817
2017-08-23,2,PERSONAL CARE,3.3522403
2017-08-24,2,PERSONAL CARE,3.752539
2017-08-25,2,PERSONAL CARE,2.7650354
2017-08-26,2,PERSONAL CARE,2.5466537
2017-08-27,2,PERSONAL CARE,3.5522516
2017-08-28,2,PERSONAL CARE,3.4818866
2017-08-29,2,PERSONAL CARE,2.610648
2017-08-30,2,PERSONAL CARE,3.4372907
2017-08-16,2,PET SUPPLIES,7.3704386
2017-08-17,2,PET SUPPLIES,8.352444
2017-08-18,2,PET SUPPLIES,8.145764
2017-08-19,2,PET SUPPLIES,6.6949735
2017-08-20,2,PET SUPPLIES,5.510438
2017-08-21,2,PET SUPPLIES,5.242765
2017-08-22,2,PET SUPPLIES,5.3900714
2017-08-23,2,PET SUPPLIES,6.055449
2017-08-24,2,PET SUPPLIES,6.4995646
2017-08-25,2,PET SUPPLIES,7.0828032
2017-08-26,2,PET SUPPLIES,6.6834216
2017-08-27,2,PET SUPPLIES,5.34802
2017-08-28,2,PET SUPPLIES,5.7508903
2017-08-29,2,PET SUPPLIES,4.3565083
2017-08-30,2,PET SUPPLIES,5.6662955
2017-08-16,2,PLAYERS AND ELECTRONICS,267.90448
2017-08-17,2,PLAYERS AND ELECTRONICS,253.40335
2017-08-18,2,PLAYERS AND ELECTRONICS,335.7161
2017-08-19,2,PLAYERS AND ELECTRONICS,286.78262
2017-08-20,2,PLAYERS AND ELECTRONICS,205.68636
2017-08-21,2,PLAYERS AND ELECTRONICS,237.41478
2017-08-22,2,PLAYERS AND ELECTRONICS,142.99513
2017-08-23,2,PLAYERS AND ELECTRONICS,215.54817
2017-08-24,2,PLAYERS AND ELECTRONICS,238.9763
2017-08-25,2,PLAYERS AND ELECTRONICS,284.53766
2017-08-26,2,PLAYERS AND ELECTRONICS,212.5796
2017-08-27,2,PLAYERS AND ELECTRONICS,183.63313
2017-08-28,2,PLAYERS AND ELECTRONICS,204.45389
2017-08-29,2,PLAYERS AND ELECTRONICS,161.50769
2017-08-30,2,PLAYERS AND ELECTRONICS,195.65298
2017-08-16,2,POULTRY,63.015083
2017-08-17,2,POULTRY,61.483208
2017-08-18,2,POULTRY,68.56635
2017-08-19,2,POULTRY,78.470116
2017-08-20,2,POULTRY,62.361973
2017-08-21,2,POULTRY,61.674812
2017-08-22,2,POULTRY,41.36044
2017-08-23,2,POULTRY,56.555832
2017-08-24,2,POULTRY,60.385567
2017-08-25,2,POULTRY,71.798836
2017-08-26,2,POULTRY,75.06541
2017-08-27,2,POULTRY,58.817284
2017-08-28,2,POULTRY,63.386127
2017-08-29,2,POULTRY,42.9559
2017-08-30,2,POULTRY,48.06205
2017-08-16,2,PREPARED FOODS,1215.307
2017-08-17,2,PREPARED FOODS,408.13565
2017-08-18,2,PREPARED FOODS,314.5145
2017-08-19,2,PREPARED FOODS,301.94733
2017-08-20,2,PREPARED FOODS,453.06125
2017-08-21,2,PREPARED FOODS,545.47754
2017-08-22,2,PREPARED FOODS,900.1666
2017-08-23,2,PREPARED FOODS,429.395
2017-08-24,2,PREPARED FOODS,373.03528
2017-08-25,2,PREPARED FOODS,345.59012
2017-08-26,2,PREPARED FOODS,412.6259
2017-08-27,2,PREPARED FOODS,418.4345
2017-08-28,2,PREPARED FOODS,473.38596
2017-08-29,2,PREPARED FOODS,747.44006
2017-08-30,2,PREPARED FOODS,339.45178
2017-08-16,2,PRODUCE,63.798862
2017-08-17,2,PRODUCE,57.705135
2017-08-18,2,PRODUCE,30.084896
2017-08-19,2,PRODUCE,22.697445
2017-08-20,2,PRODUCE,22.040588
2017-08-21,2,PRODUCE,33.91832
2017-08-22,2,PRODUCE,13.411369
2017-08-23,2,PRODUCE,14.360691
2017-08-24,2,PRODUCE,16.096588
2017-08-25,2,PRODUCE,17.329504
2017-08-26,2,PRODUCE,15.68573
2017-08-27,2,PRODUCE,12.686345
2017-08-28,2,PRODUCE,9.800519
2017-08-29,2,PRODUCE,8.364585
2017-08-30,2,PRODUCE,13.147771
2017-08-16,2,SCHOOL AND OFFICE SUPPLIES,12.499169
2017-08-17,2,SCHOOL AND OFFICE SUPPLIES,15.504714
2017-08-18,2,SCHOOL AND OFFICE SUPPLIES,16.411
2017-08-19,2,SCHOOL AND OFFICE SUPPLIES,16.414808
2017-08-20,2,SCHOOL AND OFFICE SUPPLIES,12.006626
2017-08-21,2,SCHOOL AND OFFICE SUPPLIES,12.645578
2017-08-22,2,SCHOOL AND OFFICE SUPPLIES,9.182798
2017-08-23,2,SCHOOL AND OFFICE SUPPLIES,11.925946
2017-08-24,2,SCHOOL AND OFFICE SUPPLIES,14.364212
2017-08-25,2,SCHOOL AND OFFICE SUPPLIES,16.12437
2017-08-26,2,SCHOOL AND OFFICE SUPPLIES,17.235706
2017-08-27,2,SCHOOL AND OFFICE SUPPLIES,12.029066
2017-08-28,2,SCHOOL AND OFFICE SUPPLIES,11.863834
2017-08-29,2,SCHOOL AND OFFICE SUPPLIES,9.0619955
2017-08-30,2,SCHOOL AND OFFICE SUPPLIES,13.855676
2017-08-16,2,SEAFOOD,8.61347
2017-08-17,2,SEAFOOD,10.481489
2017-08-18,2,SEAFOOD,8.955798
2017-08-19,2,SEAFOOD,9.103955
2017-08-20,2,SEAFOOD,6.902639
2017-08-21,2,SEAFOOD,7.439602
2017-08-22,2,SEAFOOD,6.845191
2017-08-23,2,SEAFOOD,8.091492
2017-08-24,2,SEAFOOD,8.712192
2017-08-25,2,SEAFOOD,7.58921
2017-08-26,2,SEAFOOD,7.311883
2017-08-27,2,SEAFOOD,6.346458
2017-08-28,2,SEAFOOD,6.593972
2017-08-29,2,SEAFOOD,5.3334045
2017-08-30,2,SEAFOOD,6.540525
2017-08-16,20,AUTOMOTIVE,0.30736765
2017-08-17,20,AUTOMOTIVE,0.41016436
2017-08-18,20,AUTOMOTIVE,0.4717402
2017-08-19,20,AUTOMOTIVE,0.38204646
2017-08-20,20,AUTOMOTIVE,0.29872343
2017-08-21,20,AUTOMOTIVE,0.35077667
2017-08-22,20,AUTOMOTIVE,0.26165497
2017-08-23,20,AUTOMOTIVE,0.3496458
2017-08-24,20,AUTOMOTIVE,0.48572683
2017-08-25,20,AUTOMOTIVE,0.44373858
2017-08-26,20,AUTOMOTIVE,0.3490752
2017-08-27,20,AUTOMOTIVE,0.3616536
2017-08-28,20,AUTOMOTIVE,0.28248093
2017-08-29,20,AUTOMOTIVE,0.2771158
2017-08-30,20,AUTOMOTIVE,0.37742278
2017-08-16,20,BABY CARE,3.6195965
2017-08-17,20,BABY CARE,5.023881
2017-08-18,20,BABY CARE,3.3130572
2017-08-19,20,BABY CARE,3.9424734
2017-08-20,20,BABY CARE,2.8512354
2017-08-21,20,BABY CARE,3.3433907
2017-08-22,20,BABY CARE,3.384177
2017-08-23,20,BABY CARE,3.2058055
2017-08-24,20,BABY CARE,5.599033
2017-08-25,20,BABY CARE,3.419184
2017-08-26,20,BABY CARE,3.425408
2017-08-27,20,BABY CARE,2.728504
2017-08-28,20,BABY CARE,2.335601
2017-08-29,20,BABY CARE,2.495185
2017-08-30,20,BABY CARE,3.1969478
2017-08-16,20,BEAUTY,1917.0352
2017-08-17,20,BEAUTY,1385.2606
2017-08-18,20,BEAUTY,1366.5142
2017-08-19,20,BEAUTY,1221.9615
2017-08-20,20,BEAUTY,941.78125
2017-08-21,20,BEAUTY,739.445
2017-08-22,20,BEAUTY,700.42285
2017-08-23,20,BEAUTY,669.3149
2017-08-24,20,BEAUTY,921.4731
2017-08-25,20,BEAUTY,851.74896
2017-08-26,20,BEAUTY,796.172
2017-08-27,20,BEAUTY,631.5891
2017-08-28,20,BEAUTY,632.8323
2017-08-29,20,BEAUTY,660.4969
2017-08-30,20,BEAUTY,689.10016
2017-08-16,20,BEVERAGES,317.9085
2017-08-17,20,BEVERAGES,239.04869
2017-08-18,20,BEVERAGES,219.97331
2017-08-19,20,BEVERAGES,230.25761
2017-08-20,20,BEVERAGES,223.10442
2017-08-21,20,BEVERAGES,151.05977
2017-08-22,20,BEVERAGES,130.13904
2017-08-23,20,BEVERAGES,158.91643
2017-08-24,20,BEVERAGES,158.76645
2017-08-25,20,BEVERAGES,153.51837
2017-08-26,20,BEVERAGES,138.48325
2017-08-27,20,BEVERAGES,152.46968
2017-08-28,20,BEVERAGES,114.6211
2017-08-29,20,BEVERAGES,106.19754
2017-08-30,20,BEVERAGES,109.43866
2017-08-16,20,BREAD/BAKERY,8.072814
2017-08-17,20,BREAD/BAKERY,6.723478
2017-08-18,20,BREAD/BAKERY,6.3976526
2017-08-19,20,BREAD/BAKERY,6.2639966
2017-08-20,20,BREAD/BAKERY,6.026095
2017-08-21,20,BREAD/BAKERY,6.2003303
2017-08-22,20,BREAD/BAKERY,5.9836764
2017-08-23,20,BREAD/BAKERY,8.751029
2017-08-24,20,BREAD/BAKERY,7.6120763
2017-08-25,20,BREAD/BAKERY,6.369766
2017-08-26,20,BREAD/BAKERY,5.62648
2017-08-27,20,BREAD/BAKERY,5.43926
2017-08-28,20,BREAD/BAKERY,5.606971
2017-08-29,20,BREAD/BAKERY,5.0495725
2017-08-30,20,BREAD/BAKERY,6.548284
2017-08-16,20,CELEBRATION,625.3658
2017-08-17,20,CELEBRATION,658.27954
2017-08-18,20,CELEBRATION,542.7705
2017-08-19,20,CELEBRATION,414.24194
2017-08-20,20,CELEBRATION,357.49905
2017-08-21,20,CELEBRATION,386.59863
2017-08-22,20,CELEBRATION,291.3468
2017-08-23,20,CELEBRATION,370.26974
2017-08-24,20,CELEBRATION,395.7762
2017-08-25,20,CELEBRATION,315.97733
2017-08-26,20,CELEBRATION,308.6538
2017-08-27,20,CELEBRATION,258.31323
2017-08-28,20,CELEBRATION,254.28833
2017-08-29,20,CELEBRATION,206.38734
2017-08-30,20,CELEBRATION,246.76382
2017-08-16,20,CLEANING,550.0348
2017-08-17,20,CLEANING,319.30652
2017-08-18,20,CLEANING,268.69257
2017-08-19,20,CLEANING,228.04367
2017-08-20,20,CLEANING,199.0923
2017-08-21,20,CLEANING,195.34525
2017-08-22,20,CLEANING,178.9962
2017-08-23,20,CLEANING,302.96365
2017-08-24,20,CLEANING,225.04182
2017-08-25,20,CLEANING,193.18869
2017-08-26,20,CLEANING,169.698
2017-08-27,20,CLEANING,155.09068
2017-08-28,20,CLEANING,145.49738
2017-08-29,20,CLEANING,144.53447
2017-08-30,20,CLEANING,271.23874
2017-08-16,20,DAIRY,240.40141
2017-08-17,20,DAIRY,227.1341
2017-08-18,20,DAIRY,263.0382
2017-08-19,20,DAIRY,190.89366
2017-08-20,20,DAIRY,156.33488
2017-08-21,20,DAIRY,168.42468
2017-08-22,20,DAIRY,113.845245
2017-08-23,20,DAIRY,129.00479
2017-08-24,20,DAIRY,155.78537
2017-08-25,20,DAIRY,202.96512
2017-08-26,20,DAIRY,141.16322
2017-08-27,20,DAIRY,107.27107
2017-08-28,20,DAIRY,116.06182
2017-08-29,20,DAIRY,91.78214
2017-08-30,20,DAIRY,108.40365
2017-08-16,20,DELI,180.91061
2017-08-17,20,DELI,195.08258
2017-08-18,20,DELI,212.33751
2017-08-19,20,DELI,193.55469
2017-08-20,20,DELI,119.23241
2017-08-21,20,DELI,150.46362
2017-08-22,20,DELI,60.95414
2017-08-23,20,DELI,113.82844
2017-08-24,20,DELI,130.74533
2017-08-25,20,DELI,150.79968
2017-08-26,20,DELI,154.0982
2017-08-27,20,DELI,88.4024
2017-08-28,20,DELI,135.92226
2017-08-29,20,DELI,55.299942
2017-08-30,20,DELI,82.42593
2017-08-16,20,EGGS,91.86079
2017-08-17,20,EGGS,72.096825
2017-08-18,20,EGGS,81.49707
2017-08-19,20,EGGS,113.744316
2017-08-20,20,EGGS,78.13254
2017-08-21,20,EGGS,64.49074
2017-08-22,20,EGGS,37.902626
2017-08-23,20,EGGS,55.384872
2017-08-24,20,EGGS,63.89995
2017-08-25,20,EGGS,52.750908
2017-08-26,20,EGGS,81.82741
2017-08-27,20,EGGS,65.30861
2017-08-28,20,EGGS,61.26788
2017-08-29,20,EGGS,36.777054
2017-08-30,20,EGGS,53.51554
2017-08-16,20,FROZEN FOODS,2504.0847
2017-08-17,20,FROZEN FOODS,1362.8947
2017-08-18,20,FROZEN FOODS,1058.4287
2017-08-19,20,FROZEN FOODS,907.3237
2017-08-20,20,FROZEN FOODS,813.2199
2017-08-21,20,FROZEN FOODS,953.33685
2017-08-22,20,FROZEN FOODS,911.3888
2017-08-23,20,FROZEN FOODS,897.78656
2017-08-24,20,FROZEN FOODS,912.58545
2017-08-25,20,FROZEN FOODS,767.47644
2017-08-26,20,FROZEN FOODS,726.2803
2017-08-27,20,FROZEN FOODS,615.7406
2017-08-28,20,FROZEN FOODS,677.3561
2017-08-29,20,FROZEN FOODS,576.2819
2017-08-30,20,FROZEN FOODS,705.5224
2017-08-16,20,GROCERY I,10.027905
2017-08-17,20,GROCERY I,10.895013
2017-08-18,20,GROCERY I,11.369042
2017-08-19,20,GROCERY I,10.344526
2017-08-20,20,GROCERY I,12.266248
2017-08-21,20,GROCERY I,9.239359
2017-08-22,20,GROCERY I,6.2535987
2017-08-23,20,GROCERY I,8.743813
2017-08-24,20,GROCERY I,8.547598
2017-08-25,20,GROCERY I,9.25812
2017-08-26,20,GROCERY I,9.615847
2017-08-27,20,GROCERY I,9.034587
2017-08-28,20,GROCERY I,8.644038
2017-08-29,20,GROCERY I,5.559364
2017-08-30,20,GROCERY I,8.037484
2017-08-16,20,GROCERY II,0.39812836
2017-08-17,20,GROCERY II,0.4177424
2017-08-18,20,GROCERY II,0.43288398
2017-08-19,20,GROCERY II,0.38715956
2017-08-20,20,GROCERY II,0.26288563
2017-08-21,20,GROCERY II,0.36752993
2017-08-22,20,GROCERY II,0.42968476
2017-08-23,20,GROCERY II,0.45950484
2017-08-24,20,GROCERY II,0.6589762
2017-08-25,20,GROCERY II,0.39162406
2017-08-26,20,GROCERY II,0.41722712
2017-08-27,20,GROCERY II,0.3280241
2017-08-28,20,GROCERY II,0.30847332
2017-08-29,20,GROCERY II,0.28443274
2017-08-30,20,GROCERY II,0.40230155
2017-08-16,20,HARDWARE,34.63748
2017-08-17,20,HARDWARE,27.684458
2017-08-18,20,HARDWARE,30.435743
2017-08-19,20,HARDWARE,29.529531
2017-08-20,20,HARDWARE,31.974226
2017-08-21,20,HARDWARE,23.011251
2017-08-22,20,HARDWARE,16.775578
2017-08-23,20,HARDWARE,20.778324
2017-08-24,20,HARDWARE,21.150557
2017-08-25,20,HARDWARE,18.855618
2017-08-26,20,HARDWARE,25.085964
2017-08-27,20,HARDWARE,23.089062
2017-08-28,20,HARDWARE,23.447062
2017-08-29,20,HARDWARE,13.919355
2017-08-30,20,HARDWARE,20.468056
2017-08-16,20,HOME AND KITCHEN I,30.966766
2017-08-17,20,HOME AND KITCHEN I,30.492792
2017-08-18,20,HOME AND KITCHEN I,32.472363
2017-08-19,20,HOME AND KITCHEN I,36.61262
2017-08-20,20,HOME AND KITCHEN I,30.526058
2017-08-21,20,HOME AND KITCHEN I,29.795465
2017-08-22,20,HOME AND KITCHEN I,17.293901
2017-08-23,20,HOME AND KITCHEN I,29.923285
2017-08-24,20,HOME AND KITCHEN I,29.78891
2017-08-25,20,HOME AND KITCHEN I,28.91432
2017-08-26,20,HOME AND KITCHEN I,27.802143
2017-08-27,20,HOME AND KITCHEN I,22.106518
2017-08-28,20,HOME AND KITCHEN I,17.708704
2017-08-29,20,HOME AND KITCHEN I,14.152632
2017-08-30,20,HOME AND KITCHEN I,21.81617
2017-08-16,20,HOME AND KITCHEN II,0.1851787
2017-08-17,20,HOME AND KITCHEN II,0.2373357
2017-08-18,20,HOME AND KITCHEN II,0.21445346
2017-08-19,20,HOME AND KITCHEN II,0.19833271
2017-08-20,20,HOME AND KITCHEN II,0.20265031
2017-08-21,20,HOME AND KITCHEN II,0.12170234
2017-08-22,20,HOME AND KITCHEN II,0.16663423
2017-08-23,20,HOME AND KITCHEN II,0.16067308
2017-08-24,20,HOME AND KITCHEN II,0.18303694
2017-08-25,20,HOME AND KITCHEN II,0.21589065
2017-08-26,20,HOME AND KITCHEN II,0.22845176
2017-08-27,20,HOME AND KITCHEN II,0.18613651
2017-08-28,20,HOME AND KITCHEN II,0.12950934
2017-08-29,20,HOME AND KITCHEN II,0.17457011
2017-08-30,20,HOME AND KITCHEN II,0.176788
2017-08-16,20,HOME APPLIANCES,328.44995
2017-08-17,20,HOME APPLIANCES,258.584
2017-08-18,20,HOME APPLIANCES,235.0625
2017-08-19,20,HOME APPLIANCES,255.69238
2017-08-20,20,HOME APPLIANCES,226.62207
2017-08-21,20,HOME APPLIANCES,168.76608
2017-08-22,20,HOME APPLIANCES,149.2842
2017-08-23,20,HOME APPLIANCES,179.04597
2017-08-24,20,HOME APPLIANCES,216.82452
2017-08-25,20,HOME APPLIANCES,227.34584
2017-08-26,20,HOME APPLIANCES,196.80238
2017-08-27,20,HOME APPLIANCES,211.85464
2017-08-28,20,HOME APPLIANCES,222.54533
2017-08-29,20,HOME APPLIANCES,140.57812
2017-08-30,20,HOME APPLIANCES,170.26077
2017-08-16,20,HOME CARE,4.4214025
2017-08-17,20,HOME CARE,5.413208
2017-08-18,20,HOME CARE,4.711333
2017-08-19,20,HOME CARE,4.9818516
2017-08-20,20,HOME CARE,3.9843762
2017-08-21,20,HOME CARE,4.6265144
2017-08-22,20,HOME CARE,3.8989837
2017-08-23,20,HOME CARE,4.153008
2017-08-24,20,HOME CARE,4.3822355
2017-08-25,20,HOME CARE,3.8624804
2017-08-26,20,HOME CARE,3.5235655
2017-08-27,20,HOME CARE,2.9378707
2017-08-28,20,HOME CARE,2.6701236
2017-08-29,20,HOME CARE,2.6592395
2017-08-30,20,HOME CARE,3.7668295
2017-08-16,20,LADIESWEAR,2.9790459
2017-08-17,20,LADIESWEAR,2.9345467
2017-08-18,20,LADIESWEAR,2.7653704
2017-08-19,20,LADIESWEAR,3.056369
2017-08-20,20,LADIESWEAR,2.4589987
2017-08-21,20,LADIESWEAR,3.0285797
2017-08-22,20,LADIESWEAR,1.7627534
2017-08-23,20,LADIESWEAR,2.2815716
2017-08-24,20,LADIESWEAR,2.7013521
2017-08-25,20,LADIESWEAR,3.0167863
2017-08-26,20,LADIESWEAR,2.3584108
2017-08-27,20,LADIESWEAR,2.3927598
2017-08-28,20,LADIESWEAR,1.9548837
2017-08-29,20,LADIESWEAR,1.7338516
2017-08-30,20,LADIESWEAR,2.2598038
2017-08-16,20,LAWN AND GARDEN,7.8580766
2017-08-17,20,LAWN AND GARDEN,8.155722
2017-08-18,20,LAWN AND GARDEN,8.687512
2017-08-19,20,LAWN AND GARDEN,7.6770244
2017-08-20,20,LAWN AND GARDEN,7.3361626
2017-08-21,20,LAWN AND GARDEN,6.6671934
2017-08-22,20,LAWN AND GARDEN,5.5225353
2017-08-23,20,LAWN AND GARDEN,7.3025417
2017-08-24,20,LAWN AND GARDEN,8.471119
2017-08-25,20,LAWN AND GARDEN,7.9079375
2017-08-26,20,LAWN AND GARDEN,6.7357645
2017-08-27,20,LAWN AND GARDEN,5.2769423
2017-08-28,20,LAWN AND GARDEN,5.5471125
2017-08-29,20,LAWN AND GARDEN,4.80482
2017-08-30,20,LAWN AND GARDEN,6.78045
2017-08-16,20,LINGERIE,115.583984
2017-08-17,20,LINGERIE,102.27044
2017-08-18,20,LINGERIE,119.38355
2017-08-19,20,LINGERIE,121.98603
2017-08-20,20,LINGERIE,67.23109
2017-08-21,20,LINGERIE,126.633415
2017-08-22,20,LINGERIE,56.554504
2017-08-23,20,LINGERIE,101.35576
2017-08-24,20,LINGERIE,65.43756
2017-08-25,20,LINGERIE,99.23239
2017-08-26,20,LINGERIE,89.71959
2017-08-27,20,LINGERIE,70.227745
2017-08-28,20,LINGERIE,93.18703
2017-08-29,20,LINGERIE,40.904503
2017-08-30,20,LINGERIE,69.59925
2017-08-16,20,"LIQUOR,WINE,BEER",2.156045
2017-08-17,20,"LIQUOR,WINE,BEER",2.203902
2017-08-18,20,"LIQUOR,WINE,BEER",2.096044
2017-08-19,20,"LIQUOR,WINE,BEER",2.4538171
2017-08-20,20,"LIQUOR,WINE,BEER",2.2968774
2017-08-21,20,"LIQUOR,WINE,BEER",1.5832498
2017-08-22,20,"LIQUOR,WINE,BEER",1.5930274
2017-08-23,20,"LIQUOR,WINE,BEER",1.7158564
2017-08-24,20,"LIQUOR,WINE,BEER",1.7622752
2017-08-25,20,"LIQUOR,WINE,BEER",1.9985299
2017-08-26,20,"LIQUOR,WINE,BEER",1.6220281
2017-08-27,20,"LIQUOR,WINE,BEER",1.5562435
2017-08-28,20,"LIQUOR,WINE,BEER",1.7199817
2017-08-29,20,"LIQUOR,WINE,BEER",1.1793374
2017-08-30,20,"LIQUOR,WINE,BEER",1.5270579
2017-08-16,20,MAGAZINES,112.326035
2017-08-17,20,MAGAZINES,131.70428
2017-08-18,20,MAGAZINES,77.88349
2017-08-19,20,MAGAZINES,96.045944
2017-08-20,20,MAGAZINES,88.4049
2017-08-21,20,MAGAZINES,78.8717
2017-08-22,20,MAGAZINES,59.28991
2017-08-23,20,MAGAZINES,87.28022
2017-08-24,20,MAGAZINES,111.9233
2017-08-25,20,MAGAZINES,57.4262
2017-08-26,20,MAGAZINES,74.236565
2017-08-27,20,MAGAZINES,56.14747
2017-08-28,20,MAGAZINES,62.67598
2017-08-29,20,MAGAZINES,31.408623
2017-08-30,20,MAGAZINES,64.27769
2017-08-16,20,MEATS,219.61972
2017-08-17,20,MEATS,210.84866
2017-08-18,20,MEATS,206.41136
2017-08-19,20,MEATS,207.83624
2017-08-20,20,MEATS,157.0381
2017-08-21,20,MEATS,130.80174
2017-08-22,20,MEATS,120.362045
2017-08-23,20,MEATS,144.48439
2017-08-24,20,MEATS,165.89806
2017-08-25,20,MEATS,157.4131
2017-08-26,20,MEATS,159.38394
2017-08-27,20,MEATS,124.257416
2017-08-28,20,MEATS,119.599434
2017-08-29,20,MEATS,96.56304
2017-08-30,20,MEATS,127.939316
2017-08-16,20,PERSONAL CARE,2.2626884
2017-08-17,20,PERSONAL CARE,1.764559
2017-08-18,20,PERSONAL CARE,2.0425045
2017-08-19,20,PERSONAL CARE,1.7765481
2017-08-20,20,PERSONAL CARE,1.7073028
2017-08-21,20,PERSONAL CARE,1.7765113
2017-08-22,20,PERSONAL CARE,1.4738871
2017-08-23,20,PERSONAL CARE,1.7003082
2017-08-24,20,PERSONAL CARE,1.7031616
2017-08-25,20,PERSONAL CARE,1.9384931
2017-08-26,20,PERSONAL CARE,2.2119246
2017-08-27,20,PERSONAL CARE,1.3647938
2017-08-28,20,PERSONAL CARE,1.7017035
2017-08-29,20,PERSONAL CARE,1.7117045
2017-08-30,20,PERSONAL CARE,1.841695
2017-08-16,20,PET SUPPLIES,5.720784
2017-08-17,20,PET SUPPLIES,7.582755
2017-08-18,20,PET SUPPLIES,8.322036
2017-08-19,20,PET SUPPLIES,6.7837625
2017-08-20,20,PET SUPPLIES,5.4956293
2017-08-21,20,PET SUPPLIES,5.7194257
2017-08-22,20,PET SUPPLIES,5.0958366
2017-08-23,20,PET SUPPLIES,6.034727
2017-08-24,20,PET SUPPLIES,6.2885733
2017-08-25,20,PET SUPPLIES,5.478507
2017-08-26,20,PET SUPPLIES,6.1647587
2017-08-27,20,PET SUPPLIES,4.5192065
2017-08-28,20,PET SUPPLIES,4.661377
2017-08-29,20,PET SUPPLIES,4.7957788
2017-08-30,20,PET SUPPLIES,5.905234
2017-08-16,20,PLAYERS AND ELECTRONICS,136.97928
2017-08-17,20,PLAYERS AND ELECTRONICS,138.08028
2017-08-18,20,PLAYERS AND ELECTRONICS,160.7976
2017-08-19,20,PLAYERS AND ELECTRONICS,133.99585
2017-08-20,20,PLAYERS AND ELECTRONICS,98.15783
2017-08-21,20,PLAYERS AND ELECTRONICS,94.72413
2017-08-22,20,PLAYERS AND ELECTRONICS,75.70801
2017-08-23,20,PLAYERS AND ELECTRONICS,99.65138
2017-08-24,20,PLAYERS AND ELECTRONICS,93.20654
2017-08-25,20,PLAYERS AND ELECTRONICS,135.42717
2017-08-26,20,PLAYERS AND ELECTRONICS,121.53458
2017-08-27,20,PLAYERS AND ELECTRONICS,92.93591
2017-08-28,20,PLAYERS AND ELECTRONICS,102.7604
2017-08-29,20,PLAYERS AND ELECTRONICS,63.68574
2017-08-30,20,PLAYERS AND ELECTRONICS,89.57577
2017-08-16,20,POULTRY,103.21282
2017-08-17,20,POULTRY,96.22078
2017-08-18,20,POULTRY,85.82654
2017-08-19,20,POULTRY,84.88404
2017-08-20,20,POULTRY,74.47073
2017-08-21,20,POULTRY,66.27947
2017-08-22,20,POULTRY,42.278793
2017-08-23,20,POULTRY,63.887024
2017-08-24,20,POULTRY,68.132
2017-08-25,20,POULTRY,70.18837
2017-08-26,20,POULTRY,79.83032
2017-08-27,20,POULTRY,58.317547
2017-08-28,20,POULTRY,53.117264
2017-08-29,20,POULTRY,35.174973
2017-08-30,20,POULTRY,58.01641
2017-08-16,20,PREPARED FOODS,1671.776
2017-08-17,20,PREPARED FOODS,461.80154
2017-08-18,20,PREPARED FOODS,410.44553
2017-08-19,20,PREPARED FOODS,376.74896
2017-08-20,20,PREPARED FOODS,448.7205
2017-08-21,20,PREPARED FOODS,396.73914
2017-08-22,20,PREPARED FOODS,769.8338
2017-08-23,20,PREPARED FOODS,476.6765
2017-08-24,20,PREPARED FOODS,429.357
2017-08-25,20,PREPARED FOODS,396.69965
2017-08-26,20,PREPARED FOODS,449.42935
2017-08-27,20,PREPARED FOODS,445.47537
2017-08-28,20,PREPARED FOODS,396.83322
2017-08-29,20,PREPARED FOODS,730.1424
2017-08-30,20,PREPARED FOODS,379.5707
2017-08-16,20,PRODUCE,0.29359838
2017-08-17,20,PRODUCE,0.23898487
2017-08-18,20,PRODUCE,0.19899341
2017-08-19,20,PRODUCE,0.1474878
2017-08-20,20,PRODUCE,0.22827758
2017-08-21,20,PRODUCE,0.2385977
2017-08-22,20,PRODUCE,0.28871432
2017-08-23,20,PRODUCE,0.25320217
2017-08-24,20,PRODUCE,0.4087097
2017-08-25,20,PRODUCE,0.44855022
2017-08-26,20,PRODUCE,0.39431143
2017-08-27,20,PRODUCE,0.41567004
2017-08-28,20,PRODUCE,0.41114032
2017-08-29,20,PRODUCE,0.37384227
2017-08-30,20,PRODUCE,0.364422
2017-08-16,20,SCHOOL AND OFFICE SUPPLIES,4.5217576
2017-08-17,20,SCHOOL AND OFFICE SUPPLIES,4.613033
2017-08-18,20,SCHOOL AND OFFICE SUPPLIES,6.4480906
2017-08-19,20,SCHOOL AND OFFICE SUPPLIES,5.7801275
2017-08-20,20,SCHOOL AND OFFICE SUPPLIES,4.395657
2017-08-21,20,SCHOOL AND OFFICE SUPPLIES,4.491237
2017-08-22,20,SCHOOL AND OFFICE SUPPLIES,4.061366
2017-08-23,20,SCHOOL AND OFFICE SUPPLIES,5.5464396
2017-08-24,20,SCHOOL AND OFFICE SUPPLIES,4.828227
2017-08-25,20,SCHOOL AND OFFICE SUPPLIES,5.3484674
2017-08-26,20,SCHOOL AND OFFICE SUPPLIES,6.255481
2017-08-27,20,SCHOOL AND OFFICE SUPPLIES,4.082974
2017-08-28,20,SCHOOL AND OFFICE SUPPLIES,4.3073273
2017-08-29,20,SCHOOL AND OFFICE SUPPLIES,3.5757637
2017-08-30,20,SCHOOL AND OFFICE SUPPLIES,4.9515324
2017-08-16,20,SEAFOOD,2.9910452
2017-08-17,20,SEAFOOD,3.5873535
2017-08-18,20,SEAFOOD,3.1504114
2017-08-19,20,SEAFOOD,2.8688054
2017-08-20,20,SEAFOOD,2.1963775
2017-08-21,20,SEAFOOD,2.9204335
2017-08-22,20,SEAFOOD,2.5843258
2017-08-23,20,SEAFOOD,2.569215
2017-08-24,20,SEAFOOD,2.5616565
2017-08-25,20,SEAFOOD,2.5597696
2017-08-26,20,SEAFOOD,4.0416484
2017-08-27,20,SEAFOOD,2.5086265
2017-08-28,20,SEAFOOD,3.142379
2017-08-29,20,SEAFOOD,2.3709493
2017-08-30,20,SEAFOOD,2.6984584
2017-08-16,21,AUTOMOTIVE,0.15313031
2017-08-17,21,AUTOMOTIVE,0.15638998
2017-08-18,21,AUTOMOTIVE,0.10270521
2017-08-19,21,AUTOMOTIVE,0.09914726
2017-08-20,21,AUTOMOTIVE,0.14157186
2017-08-21,21,AUTOMOTIVE,0.09291964
2017-08-22,21,AUTOMOTIVE,0.1282914
2017-08-23,21,AUTOMOTIVE,0.09968216
2017-08-24,21,AUTOMOTIVE,0.11839884
2017-08-25,21,AUTOMOTIVE,0.06559648
2017-08-26,21,AUTOMOTIVE,0.140297
2017-08-27,21,AUTOMOTIVE,0.12635459
2017-08-28,21,AUTOMOTIVE,0.11575847
2017-08-29,21,AUTOMOTIVE,0.14174381
2017-08-30,21,AUTOMOTIVE,0.14164773
2017-08-16,21,BABY CARE,1.5406644
2017-08-17,21,BABY CARE,1.2334964
2017-08-18,21,BABY CARE,1.5935141
2017-08-19,21,BABY CARE,1.5418459
2017-08-20,21,BABY CARE,1.3665609
2017-08-21,21,BABY CARE,0.9583526
2017-08-22,21,BABY CARE,0.99631375
2017-08-23,21,BABY CARE,1.5064862
2017-08-24,21,BABY CARE,1.4050238
2017-08-25,21,BABY CARE,1.2354258
2017-08-26,21,BABY CARE,1.2742481
2017-08-27,21,BABY CARE,1.2038825
2017-08-28,21,BABY CARE,0.8481715
2017-08-29,21,BABY CARE,1.134477
2017-08-30,21,BABY CARE,0.91011596
2017-08-16,21,BEAUTY,528.9944
2017-08-17,21,BEAUTY,375.65753
2017-08-18,21,BEAUTY,368.30023
2017-08-19,21,BEAUTY,322.52216
2017-08-20,21,BEAUTY,239.08147
2017-08-21,21,BEAUTY,246.50401
2017-08-22,21,BEAUTY,235.19061
2017-08-23,21,BEAUTY,201.91302
2017-08-24,21,BEAUTY,224.62926
2017-08-25,21,BEAUTY,222.46617
2017-08-26,21,BEAUTY,196.30086
2017-08-27,21,BEAUTY,173.01682
2017-08-28,21,BEAUTY,188.13539
2017-08-29,21,BEAUTY,182.5337
2017-08-30,21,BEAUTY,159.32593
2017-08-16,21,BEVERAGES,68.10043
2017-08-17,21,BEVERAGES,52.38732
2017-08-18,21,BEVERAGES,50.57382
2017-08-19,21,BEVERAGES,52.94605
2017-08-20,21,BEVERAGES,51.47156
2017-08-21,21,BEVERAGES,38.507153
2017-08-22,21,BEVERAGES,37.38755
2017-08-23,21,BEVERAGES,37.963833
2017-08-24,21,BEVERAGES,37.065613
2017-08-25,21,BEVERAGES,36.49465
2017-08-26,21,BEVERAGES,36.201923
2017-08-27,21,BEVERAGES,37.92758
2017-08-28,21,BEVERAGES,31.489553
2017-08-29,21,BEVERAGES,27.238237
2017-08-30,21,BEVERAGES,32.46021
2017-08-16,21,BREAD/BAKERY,7.646665
2017-08-17,21,BREAD/BAKERY,6.254288
2017-08-18,21,BREAD/BAKERY,6.0402713
2017-08-19,21,BREAD/BAKERY,5.7217216
2017-08-20,21,BREAD/BAKERY,4.864422
2017-08-21,21,BREAD/BAKERY,5.0190916
2017-08-22,21,BREAD/BAKERY,5.1890173
2017-08-23,21,BREAD/BAKERY,6.9159603
2017-08-24,21,BREAD/BAKERY,6.4318943
2017-08-25,21,BREAD/BAKERY,6.333845
2017-08-26,21,BREAD/BAKERY,5.807944
2017-08-27,21,BREAD/BAKERY,4.918252
2017-08-28,21,BREAD/BAKERY,5.3171453
2017-08-29,21,BREAD/BAKERY,5.265714
2017-08-30,21,BREAD/BAKERY,6.4057384
2017-08-16,21,CELEBRATION,199.198
2017-08-17,21,CELEBRATION,164.8365
2017-08-18,21,CELEBRATION,153.33904
2017-08-19,21,CELEBRATION,137.42921
2017-08-20,21,CELEBRATION,121.19572
2017-08-21,21,CELEBRATION,98.086754
2017-08-22,21,CELEBRATION,92.82076
2017-08-23,21,CELEBRATION,100.3065
2017-08-24,21,CELEBRATION,102.612236
2017-08-25,21,CELEBRATION,104.112885
2017-08-26,21,CELEBRATION,92.90845
2017-08-27,21,CELEBRATION,85.3598
2017-08-28,21,CELEBRATION,75.09389
2017-08-29,21,CELEBRATION,79.93426
2017-08-30,21,CELEBRATION,85.500015
2017-08-16,21,CLEANING,166.04048
2017-08-17,21,CLEANING,97.39531
2017-08-18,21,CLEANING,97.230484
2017-08-19,21,CLEANING,80.078316
2017-08-20,21,CLEANING,77.966866
2017-08-21,21,CLEANING,69.52415
2017-08-22,21,CLEANING,70.79272
2017-08-23,21,CLEANING,108.27257
2017-08-24,21,CLEANING,70.41319
2017-08-25,21,CLEANING,69.13948
2017-08-26,21,CLEANING,61.37945
2017-08-27,21,CLEANING,61.03222
2017-08-28,21,CLEANING,58.80253
2017-08-29,21,CLEANING,55.206688
2017-08-30,21,CLEANING,87.34134
2017-08-16,21,DAIRY,71.96071
2017-08-17,21,DAIRY,57.26976
2017-08-18,21,DAIRY,82.315155
2017-08-19,21,DAIRY,67.46699
2017-08-20,21,DAIRY,48.64366
2017-08-21,21,DAIRY,46.674393
2017-08-22,21,DAIRY,44.255928
2017-08-23,21,DAIRY,48.17098
2017-08-24,21,DAIRY,46.245853
2017-08-25,21,DAIRY,64.72055
2017-08-26,21,DAIRY,45.797676
2017-08-27,21,DAIRY,41.669853
2017-08-28,21,DAIRY,37.96337
2017-08-29,21,DAIRY,34.1154
2017-08-30,21,DAIRY,37.549683
2017-08-16,21,DELI,34.451942
2017-08-17,21,DELI,38.15491
2017-08-18,21,DELI,45.244324
2017-08-19,21,DELI,57.109585
2017-08-20,21,DELI,35.01482
2017-08-21,21,DELI,43.51617
2017-08-22,21,DELI,26.07823
2017-08-23,21,DELI,30.243309
2017-08-24,21,DELI,39.150078
2017-08-25,21,DELI,46.53493
2017-08-26,21,DELI,50.590824
2017-08-27,21,DELI,28.645172
2017-08-28,21,DELI,34.982357
2017-08-29,21,DELI,25.054935
2017-08-30,21,DELI,35.835926
2017-08-16,21,EGGS,43.12959
2017-08-17,21,EGGS,37.520386
2017-08-18,21,EGGS,35.3887
2017-08-19,21,EGGS,45.344353
2017-08-20,21,EGGS,32.93631
2017-08-21,21,EGGS,27.204891
2017-08-22,21,EGGS,20.921555
2017-08-23,21,EGGS,28.595568
2017-08-24,21,EGGS,28.211393
2017-08-25,21,EGGS,22.851763
2017-08-26,21,EGGS,31.34965
2017-08-27,21,EGGS,21.359156
2017-08-28,21,EGGS,22.26378
2017-08-29,21,EGGS,16.856367
2017-08-30,21,EGGS,22.018904
2017-08-16,21,FROZEN FOODS,675.32324
2017-08-17,21,FROZEN FOODS,426.5563
2017-08-18,21,FROZEN FOODS,412.6815
2017-08-19,21,FROZEN FOODS,343.47913
2017-08-20,21,FROZEN FOODS,297.8043
2017-08-21,21,FROZEN FOODS,268.70004
2017-08-22,21,FROZEN FOODS,230.51654
2017-08-23,21,FROZEN FOODS,265.51648
2017-08-24,21,FROZEN FOODS,260.62872
2017-08-25,21,FROZEN FOODS,259.29788
2017-08-26,21,FROZEN FOODS,214.20616
2017-08-27,21,FROZEN FOODS,229.19695
2017-08-28,21,FROZEN FOODS,217.20015
2017-08-29,21,FROZEN FOODS,204.34392
2017-08-30,21,FROZEN FOODS,209.88731
2017-08-16,21,GROCERY I,4.719273
2017-08-17,21,GROCERY I,4.3357844
2017-08-18,21,GROCERY I,4.191403
2017-08-19,21,GROCERY I,5.0467796
2017-08-20,21,GROCERY I,4.3345227
2017-08-21,21,GROCERY I,3.3588994
2017-08-22,21,GROCERY I,2.4481375
2017-08-23,21,GROCERY I,3.8106694
2017-08-24,21,GROCERY I,3.7246032
2017-08-25,21,GROCERY I,3.2021582
2017-08-26,21,GROCERY I,3.4939325
2017-08-27,21,GROCERY I,3.46315
2017-08-28,21,GROCERY I,2.7649877
2017-08-29,21,GROCERY I,2.198812
2017-08-30,21,GROCERY I,3.1202765
2017-08-16,21,GROCERY II,0.5760577
2017-08-17,21,GROCERY II,0.62348294
2017-08-18,21,GROCERY II,0.61443985
2017-08-19,21,GROCERY II,0.60230225
2017-08-20,21,GROCERY II,0.55655706
2017-08-21,21,GROCERY II,0.46291718
2017-08-22,21,GROCERY II,0.31365955
2017-08-23,21,GROCERY II,0.5005897
2017-08-24,21,GROCERY II,0.48596615
2017-08-25,21,GROCERY II,0.514963
2017-08-26,21,GROCERY II,0.4319777
2017-08-27,21,GROCERY II,0.5473205
2017-08-28,21,GROCERY II,0.45552716
2017-08-29,21,GROCERY II,0.4454515
2017-08-30,21,GROCERY II,0.4831572
2017-08-16,21,HARDWARE,20.988983
2017-08-17,21,HARDWARE,15.876937
2017-08-18,21,HARDWARE,16.744606
2017-08-19,21,HARDWARE,19.316183
2017-08-20,21,HARDWARE,16.298073
2017-08-21,21,HARDWARE,16.168247
2017-08-22,21,HARDWARE,11.48657
2017-08-23,21,HARDWARE,13.113667
2017-08-24,21,HARDWARE,11.549714
2017-08-25,21,HARDWARE,13.741704
2017-08-26,21,HARDWARE,16.711391
2017-08-27,21,HARDWARE,13.104548
2017-08-28,21,HARDWARE,13.3537445
2017-08-29,21,HARDWARE,11.777298
2017-08-30,21,HARDWARE,11.427427
2017-08-16,21,HOME AND KITCHEN I,19.458908
2017-08-17,21,HOME AND KITCHEN I,15.347853
2017-08-18,21,HOME AND KITCHEN I,15.650742
2017-08-19,21,HOME AND KITCHEN I,19.295198
2017-08-20,21,HOME AND KITCHEN I,13.665388
2017-08-21,21,HOME AND KITCHEN I,11.051297
2017-08-22,21,HOME AND KITCHEN I,10.363466
2017-08-23,21,HOME AND KITCHEN I,14.797407
2017-08-24,21,HOME AND KITCHEN I,11.103796
2017-08-25,21,HOME AND KITCHEN I,12.043945
2017-08-26,21,HOME AND KITCHEN I,18.73249
2017-08-27,21,HOME AND KITCHEN I,11.545564
2017-08-28,21,HOME AND KITCHEN I,10.473162
2017-08-29,21,HOME AND KITCHEN I,7.8866744
2017-08-30,21,HOME AND KITCHEN I,9.686517
2017-08-16,21,HOME AND KITCHEN II,0.00024388313
2017-08-17,21,HOME AND KITCHEN II,0.0269126
2017-08-18,21,HOME AND KITCHEN II,0.02634184
2017-08-19,21,HOME AND KITCHEN II,0.03372489
2017-08-20,21,HOME AND KITCHEN II,0.022496497
2017-08-21,21,HOME AND KITCHEN II,0.062219165
2017-08-22,21,HOME AND KITCHEN II,0.03878373
2017-08-23,21,HOME AND KITCHEN II,0.06112911
2017-08-24,21,HOME AND KITCHEN II,0.08537331
2017-08-25,21,HOME AND KITCHEN II,0.0848819
2017-08-26,21,HOME AND KITCHEN II,0.079537645
2017-08-27,21,HOME AND KITCHEN II,0.08685233
2017-08-28,21,HOME AND KITCHEN II,0.043380022
2017-08-29,21,HOME AND KITCHEN II,0.02947
2017-08-30,21,HOME AND KITCHEN II,0.05935583
2017-08-16,21,HOME APPLIANCES,142.7976
2017-08-17,21,HOME APPLIANCES,101.94379
2017-08-18,21,HOME APPLIANCES,96.960014
2017-08-19,21,HOME APPLIANCES,102.02966
2017-08-20,21,HOME APPLIANCES,84.58042
2017-08-21,21,HOME APPLIANCES,70.988434
2017-08-22,21,HOME APPLIANCES,70.47945
2017-08-23,21,HOME APPLIANCES,73.04431
2017-08-24,21,HOME APPLIANCES,67.41434
2017-08-25,21,HOME APPLIANCES,63.61477
2017-08-26,21,HOME APPLIANCES,68.21735
2017-08-27,21,HOME APPLIANCES,60.251797
2017-08-28,21,HOME APPLIANCES,50.58502
2017-08-29,21,HOME APPLIANCES,40.923977
2017-08-30,21,HOME APPLIANCES,60.68201
2017-08-16,21,HOME CARE,0.2746733
2017-08-17,21,HOME CARE,0.09636279
2017-08-18,21,HOME CARE,0.17591187
2017-08-19,21,HOME CARE,0.20509979
2017-08-20,21,HOME CARE,0.18355434
2017-08-21,21,HOME CARE,0.22031572
2017-08-22,21,HOME CARE,0.15173197
2017-08-23,21,HOME CARE,0.24633484
2017-08-24,21,HOME CARE,0.19329326
2017-08-25,21,HOME CARE,0.19120905
2017-08-26,21,HOME CARE,0.23420681
2017-08-27,21,HOME CARE,0.1828909
2017-08-28,21,HOME CARE,0.12541652
2017-08-29,21,HOME CARE,0.09566778
2017-08-30,21,HOME CARE,0.21736379
2017-08-16,21,LADIESWEAR,0.0
2017-08-17,21,LADIESWEAR,4.131794e-06
2017-08-18,21,LADIESWEAR,0.00014422058
2017-08-19,21,LADIESWEAR,0.00018458367
2017-08-20,21,LADIESWEAR,4.4054985e-05
2017-08-21,21,LADIESWEAR,0.0
2017-08-22,21,LADIESWEAR,0.0
2017-08-23,21,LADIESWEAR,0.0
2017-08-24,21,LADIESWEAR,0.0
2017-08-25,21,LADIESWEAR,0.0
2017-08-26,21,LADIESWEAR,0.0
2017-08-27,21,LADIESWEAR,0.0
2017-08-28,21,LADIESWEAR,0.0
2017-08-29,21,LADIESWEAR,3.5617948e-05
2017-08-30,21,LADIESWEAR,0.0
2017-08-16,21,LAWN AND GARDEN,3.5244322
2017-08-17,21,LAWN AND GARDEN,3.7080276
2017-08-18,21,LAWN AND GARDEN,3.919497
2017-08-19,21,LAWN AND GARDEN,3.6689825
2017-08-20,21,LAWN AND GARDEN,3.339945
2017-08-21,21,LAWN AND GARDEN,3.1628025
2017-08-22,21,LAWN AND GARDEN,2.2447748
2017-08-23,21,LAWN AND GARDEN,2.6470134
2017-08-24,21,LAWN AND GARDEN,4.467299
2017-08-25,21,LAWN AND GARDEN,3.6651473
2017-08-26,21,LAWN AND GARDEN,3.5868819
2017-08-27,21,LAWN AND GARDEN,3.1725786
2017-08-28,21,LAWN AND GARDEN,2.8582323
2017-08-29,21,LAWN AND GARDEN,2.9778662
2017-08-30,21,LAWN AND GARDEN,2.8534558
2017-08-16,21,LINGERIE,37.494053
2017-08-17,21,LINGERIE,35.079006
2017-08-18,21,LINGERIE,61.58192
2017-08-19,21,LINGERIE,65.18302
2017-08-20,21,LINGERIE,36.705326
2017-08-21,21,LINGERIE,31.375498
2017-08-22,21,LINGERIE,23.55986
2017-08-23,21,LINGERIE,29.586693
2017-08-24,21,LINGERIE,29.282415
2017-08-25,21,LINGERIE,30.474775
2017-08-26,21,LINGERIE,44.665287
2017-08-27,21,LINGERIE,28.352882
2017-08-28,21,LINGERIE,26.231855
2017-08-29,21,LINGERIE,22.401241
2017-08-30,21,LINGERIE,25.194374
2017-08-16,21,"LIQUOR,WINE,BEER",2.734974
2017-08-17,21,"LIQUOR,WINE,BEER",3.1961713
2017-08-18,21,"LIQUOR,WINE,BEER",2.4317377
2017-08-19,21,"LIQUOR,WINE,BEER",2.623115
2017-08-20,21,"LIQUOR,WINE,BEER",2.2719498
2017-08-21,21,"LIQUOR,WINE,BEER",2.022677
2017-08-22,21,"LIQUOR,WINE,BEER",2.0425692
2017-08-23,21,"LIQUOR,WINE,BEER",2.5101523
2017-08-24,21,"LIQUOR,WINE,BEER",2.5386896
2017-08-25,21,"LIQUOR,WINE,BEER",2.1436431
2017-08-26,21,"LIQUOR,WINE,BEER",2.5212233
2017-08-27,21,"LIQUOR,WINE,BEER",2.240509
2017-08-28,21,"LIQUOR,WINE,BEER",2.0174544
2017-08-29,21,"LIQUOR,WINE,BEER",1.7383542
2017-08-30,21,"LIQUOR,WINE,BEER",1.9591187
2017-08-16,21,MAGAZINES,77.46779
2017-08-17,21,MAGAZINES,67.882095
2017-08-18,21,MAGAZINES,44.75402
2017-08-19,21,MAGAZINES,52.592022
2017-08-20,21,MAGAZINES,44.16078
2017-08-21,21,MAGAZINES,37.02938
2017-08-22,21,MAGAZINES,29.972385
2017-08-23,21,MAGAZINES,42.8644
2017-08-24,21,MAGAZINES,54.217148
2017-08-25,21,MAGAZINES,32.662426
2017-08-26,21,MAGAZINES,35.953697
2017-08-27,21,MAGAZINES,35.639446
2017-08-28,21,MAGAZINES,36.611458
2017-08-29,21,MAGAZINES,24.178322
2017-08-30,21,MAGAZINES,34.80376
2017-08-16,21,MEATS,73.79635
2017-08-17,21,MEATS,63.945526
2017-08-18,21,MEATS,69.02642
2017-08-19,21,MEATS,65.5607
2017-08-20,21,MEATS,54.69987
2017-08-21,21,MEATS,45.14972
2017-08-22,21,MEATS,40.861504
2017-08-23,21,MEATS,48.870316
2017-08-24,21,MEATS,42.144382
2017-08-25,21,MEATS,45.664753
2017-08-26,21,MEATS,53.156174
2017-08-27,21,MEATS,49.495457
2017-08-28,21,MEATS,41.43184
2017-08-29,21,MEATS,39.60945
2017-08-30,21,MEATS,43.18562
2017-08-16,21,PERSONAL CARE,0.8745778
2017-08-17,21,PERSONAL CARE,1.0327216
2017-08-18,21,PERSONAL CARE,0.81115
2017-08-19,21,PERSONAL CARE,0.94777447
2017-08-20,21,PERSONAL CARE,0.7144094
2017-08-21,21,PERSONAL CARE,0.65375316
2017-08-22,21,PERSONAL CARE,0.76667327
2017-08-23,21,PERSONAL CARE,0.8120162
2017-08-24,21,PERSONAL CARE,0.8244654
2017-08-25,21,PERSONAL CARE,0.8020172
2017-08-26,21,PERSONAL CARE,0.685403
2017-08-27,21,PERSONAL CARE,0.72245663
2017-08-28,21,PERSONAL CARE,0.7306639
2017-08-29,21,PERSONAL CARE,0.72938234
2017-08-30,21,PERSONAL CARE,0.7006478
2017-08-16,21,PET SUPPLIES,4.667564
2017-08-17,21,PET SUPPLIES,4.584621
2017-08-18,21,PET SUPPLIES,4.334044
2017-08-19,21,PET SUPPLIES,4.789138
2017-08-20,21,PET SUPPLIES,3.5958252
2017-08-21,21,PET SUPPLIES,4.224297
2017-08-22,21,PET SUPPLIES,3.5524676
2017-08-23,21,PET SUPPLIES,4.6084876
2017-08-24,21,PET SUPPLIES,3.9471471
2017-08-25,21,PET SUPPLIES,4.2200217
2017-08-26,21,PET SUPPLIES,4.9613504
2017-08-27,21,PET SUPPLIES,4.6952014
2017-08-28,21,PET SUPPLIES,3.5185711
2017-08-29,21,PET SUPPLIES,3.4087176
2017-08-30,21,PET SUPPLIES,3.395153
2017-08-16,21,PLAYERS AND ELECTRONICS,100.46535
2017-08-17,21,PLAYERS AND ELECTRONICS,70.536835
2017-08-18,21,PLAYERS AND ELECTRONICS,80.101974
2017-08-19,21,PLAYERS AND ELECTRONICS,67.85315
2017-08-20,21,PLAYERS AND ELECTRONICS,56.249973
2017-08-21,21,PLAYERS AND ELECTRONICS,45.062805
2017-08-22,21,PLAYERS AND ELECTRONICS,42.787956
2017-08-23,21,PLAYERS AND ELECTRONICS,60.06319
2017-08-24,21,PLAYERS AND ELECTRONICS,47.426994
2017-08-25,21,PLAYERS AND ELECTRONICS,61.46924
2017-08-26,21,PLAYERS AND ELECTRONICS,48.048393
2017-08-27,21,PLAYERS AND ELECTRONICS,40.533802
2017-08-28,21,PLAYERS AND ELECTRONICS,39.032352
2017-08-29,21,PLAYERS AND ELECTRONICS,30.902983
2017-08-30,21,PLAYERS AND ELECTRONICS,38.673035
2017-08-16,21,POULTRY,23.906227
2017-08-17,21,POULTRY,21.421034
2017-08-18,21,POULTRY,21.554182
2017-08-19,21,POULTRY,23.186409
2017-08-20,21,POULTRY,19.43617
2017-08-21,21,POULTRY,18.924538
2017-08-22,21,POULTRY,15.7032
2017-08-23,21,POULTRY,19.208483
2017-08-24,21,POULTRY,19.134716
2017-08-25,21,POULTRY,20.245455
2017-08-26,21,POULTRY,19.453554
2017-08-27,21,POULTRY,17.846094
2017-08-28,21,POULTRY,18.072927
2017-08-29,21,POULTRY,13.305434
2017-08-30,21,POULTRY,16.792528
2017-08-16,21,PREPARED FOODS,406.03687
2017-08-17,21,PREPARED FOODS,136.91716
2017-08-18,21,PREPARED FOODS,113.80793
2017-08-19,21,PREPARED FOODS,100.782646
2017-08-20,21,PREPARED FOODS,105.10137
2017-08-21,21,PREPARED FOODS,111.198006
2017-08-22,21,PREPARED FOODS,152.26425
2017-08-23,21,PREPARED FOODS,117.060455
2017-08-24,21,PREPARED FOODS,103.41822
2017-08-25,21,PREPARED FOODS,98.74558
2017-08-26,21,PREPARED FOODS,108.582085
2017-08-27,21,PREPARED FOODS,102.16984
2017-08-28,21,PREPARED FOODS,109.0089
2017-08-29,21,PREPARED FOODS,140.40752
2017-08-30,21,PREPARED FOODS,96.56316
2017-08-16,21,PRODUCE,3.1017041
2017-08-17,21,PRODUCE,3.3053632
2017-08-18,21,PRODUCE,2.6746461
2017-08-19,21,PRODUCE,2.25749
2017-08-20,21,PRODUCE,2.3613167
2017-08-21,21,PRODUCE,1.9321636
2017-08-22,21,PRODUCE,1.3582774
2017-08-23,21,PRODUCE,1.7134514
2017-08-24,21,PRODUCE,1.4209788
2017-08-25,21,PRODUCE,1.2845647
2017-08-26,21,PRODUCE,1.1549823
2017-08-27,21,PRODUCE,1.5364327
2017-08-28,21,PRODUCE,1.1326798
2017-08-29,21,PRODUCE,0.77307403
2017-08-30,21,PRODUCE,0.9161662
2017-08-16,21,SCHOOL AND OFFICE SUPPLIES,1.4703908
2017-08-17,21,SCHOOL AND OFFICE SUPPLIES,1.206366
2017-08-18,21,SCHOOL AND OFFICE SUPPLIES,1.5703961
2017-08-19,21,SCHOOL AND OFFICE SUPPLIES,1.2769314
2017-08-20,21,SCHOOL AND OFFICE SUPPLIES,1.3253907
2017-08-21,21,SCHOOL AND OFFICE SUPPLIES,1.32844
2017-08-22,21,SCHOOL AND OFFICE SUPPLIES,0.9505306
2017-08-23,21,SCHOOL AND OFFICE SUPPLIES,1.7530932
2017-08-24,21,SCHOOL AND OFFICE SUPPLIES,1.0844404
2017-08-25,21,SCHOOL AND OFFICE SUPPLIES,1.1648022
2017-08-26,21,SCHOOL AND OFFICE SUPPLIES,1.0189731
2017-08-27,21,SCHOOL AND OFFICE SUPPLIES,1.1413002
2017-08-28,21,SCHOOL AND OFFICE SUPPLIES,1.0870903
2017-08-29,21,SCHOOL AND OFFICE SUPPLIES,1.0144455
2017-08-30,21,SCHOOL AND OFFICE SUPPLIES,1.1962618
2017-08-16,21,SEAFOOD,2.2112286
2017-08-17,21,SEAFOOD,2.1050603
2017-08-18,21,SEAFOOD,2.3568945
2017-08-19,21,SEAFOOD,2.205169
2017-08-20,21,SEAFOOD,2.218511
2017-08-21,21,SEAFOOD,2.25486
2017-08-22,21,SEAFOOD,2.5400734
2017-08-23,21,SEAFOOD,2.627627
2017-08-24,21,SEAFOOD,2.2182088
2017-08-25,21,SEAFOOD,2.5692394
2017-08-26,21,SEAFOOD,2.3898842
2017-08-27,21,SEAFOOD,1.8491659
2017-08-28,21,SEAFOOD,2.2969382
2017-08-29,21,SEAFOOD,2.2659628
2017-08-30,21,SEAFOOD,2.0869365
2017-08-16,22,AUTOMOTIVE,2.526675
2017-08-17,22,AUTOMOTIVE,2.6504803
2017-08-18,22,AUTOMOTIVE,2.2357092
2017-08-19,22,AUTOMOTIVE,2.4098575
2017-08-20,22,AUTOMOTIVE,2.2415578
2017-08-21,22,AUTOMOTIVE,1.6201588
2017-08-22,22,AUTOMOTIVE,2.0514512
2017-08-23,22,AUTOMOTIVE,2.2537496
2017-08-24,22,AUTOMOTIVE,1.9405841
2017-08-25,22,AUTOMOTIVE,2.1815162
2017-08-26,22,AUTOMOTIVE,2.5098302
2017-08-27,22,AUTOMOTIVE,2.2074873
2017-08-28,22,AUTOMOTIVE,1.9302459
2017-08-29,22,AUTOMOTIVE,1.8303161
2017-08-30,22,AUTOMOTIVE,2.14882
2017-08-16,22,BABY CARE,1448.159
2017-08-17,22,BABY CARE,1507.1571
2017-08-18,22,BABY CARE,1499.2168
2017-08-19,22,BABY CARE,1496.2065
2017-08-20,22,BABY CARE,1464.8333
2017-08-21,22,BABY CARE,1349.7596
2017-08-22,22,BABY CARE,1296.1116
2017-08-23,22,BABY CARE,1422.2268
2017-08-24,22,BABY CARE,1680.204
2017-08-25,22,BABY CARE,1759.1525
2017-08-26,22,BABY CARE,1609.5612
2017-08-27,22,BABY CARE,1506.2507
2017-08-28,22,BABY CARE,1469.394
2017-08-29,22,BABY CARE,1407.5524
2017-08-30,22,BABY CARE,1522.732
2017-08-16,22,BEAUTY,0.06523203
2017-08-17,22,BEAUTY,0.05636004
2017-08-18,22,BEAUTY,0.059973583
2017-08-19,22,BEAUTY,0.08318128
2017-08-20,22,BEAUTY,0.046036012
2017-08-21,22,BEAUTY,0.07440451
2017-08-22,22,BEAUTY,0.08240619
2017-08-23,22,BEAUTY,0.06664491
2017-08-24,22,BEAUTY,0.08821407
2017-08-25,22,BEAUTY,0.048541736
2017-08-26,22,BEAUTY,0.070289485
2017-08-27,22,BEAUTY,0.08519119
2017-08-28,22,BEAUTY,0.05834634
2017-08-29,22,BEAUTY,0.05409952
2017-08-30,22,BEAUTY,0.07133632
2017-08-16,22,BEVERAGES,280.76526
2017-08-17,22,BEVERAGES,288.34766
2017-08-18,22,BEVERAGES,270.0396
2017-08-19,22,BEVERAGES,294.74368
2017-08-20,22,BEVERAGES,271.15128
2017-08-21,22,BEVERAGES,272.02573
2017-08-22,22,BEVERAGES,252.58429
2017-08-23,22,BEVERAGES,279.16425
2017-08-24,22,BEVERAGES,291.94617
2017-08-25,22,BEVERAGES,299.82965
2017-08-26,22,BEVERAGES,319.41962
2017-08-27,22,BEVERAGES,295.60718
2017-08-28,22,BEVERAGES,284.8901
2017-08-29,22,BEVERAGES,258.29233
2017-08-30,22,BEVERAGES,284.82516
2017-08-16,22,BREAD/BAKERY,12.967073
2017-08-17,22,BREAD/BAKERY,9.84905
2017-08-18,22,BREAD/BAKERY,9.536111
2017-08-19,22,BREAD/BAKERY,9.878211
2017-08-20,22,BREAD/BAKERY,11.889769
2017-08-21,22,BREAD/BAKERY,11.113105
2017-08-22,22,BREAD/BAKERY,10.454826
2017-08-23,22,BREAD/BAKERY,11.434492
2017-08-24,22,BREAD/BAKERY,11.352349
2017-08-25,22,BREAD/BAKERY,11.153741
2017-08-26,22,BREAD/BAKERY,9.490592
2017-08-27,22,BREAD/BAKERY,8.975715
2017-08-28,22,BREAD/BAKERY,13.101337
2017-08-29,22,BREAD/BAKERY,12.925029
2017-08-30,22,BREAD/BAKERY,12.561533
2017-08-16,22,CELEBRATION,550.85754
2017-08-17,22,CELEBRATION,555.7015
2017-08-18,22,CELEBRATION,533.3715
2017-08-19,22,CELEBRATION,595.7835
2017-08-20,22,CELEBRATION,591.8469
2017-08-21,22,CELEBRATION,539.90027
2017-08-22,22,CELEBRATION,515.1706
2017-08-23,22,CELEBRATION,590.55194
2017-08-24,22,CELEBRATION,606.78894
2017-08-25,22,CELEBRATION,602.50134
2017-08-26,22,CELEBRATION,656.5475
2017-08-27,22,CELEBRATION,628.9546
2017-08-28,22,CELEBRATION,578.20605
2017-08-29,22,CELEBRATION,538.9785
2017-08-30,22,CELEBRATION,596.1742
2017-08-16,22,CLEANING,516.49585
2017-08-17,22,CLEANING,510.74332
2017-08-18,22,CLEANING,496.15826
2017-08-19,22,CLEANING,518.5294
2017-08-20,22,CLEANING,514.3642
2017-08-21,22,CLEANING,498.26083
2017-08-22,22,CLEANING,497.94022
2017-08-23,22,CLEANING,547.6509
2017-08-24,22,CLEANING,558.7548
2017-08-25,22,CLEANING,552.68994
2017-08-26,22,CLEANING,562.58575
2017-08-27,22,CLEANING,542.3124
2017-08-28,22,CLEANING,530.0759
2017-08-29,22,CLEANING,500.35733
2017-08-30,22,CLEANING,541.38855
2017-08-16,22,DAIRY,131.60329
2017-08-17,22,DAIRY,132.8879
2017-08-18,22,DAIRY,147.42221
2017-08-19,22,DAIRY,125.28692
2017-08-20,22,DAIRY,123.391365
2017-08-21,22,DAIRY,117.018845
2017-08-22,22,DAIRY,116.75172
2017-08-23,22,DAIRY,132.52124
2017-08-24,22,DAIRY,135.20973
2017-08-25,22,DAIRY,153.81682
2017-08-26,22,DAIRY,132.90376
2017-08-27,22,DAIRY,128.22214
2017-08-28,22,DAIRY,118.265465
2017-08-29,22,DAIRY,117.12735
2017-08-30,22,DAIRY,132.31451
2017-08-16,22,DELI,51.028503
2017-08-17,22,DELI,53.145786
2017-08-18,22,DELI,61.730083
2017-08-19,22,DELI,50.129917
2017-08-20,22,DELI,51.988163
2017-08-21,22,DELI,46.477196
2017-08-22,22,DELI,46.61573
2017-08-23,22,DELI,51.262997
2017-08-24,22,DELI,50.968983
2017-08-25,22,DELI,61.678158
2017-08-26,22,DELI,50.072353
2017-08-27,22,DELI,53.055984
2017-08-28,22,DELI,48.064655
2017-08-29,22,DELI,45.036697
2017-08-30,22,DELI,49.419727
2017-08-16,22,EGGS,75.661224
2017-08-17,22,EGGS,74.58588
2017-08-18,22,EGGS,70.514946
2017-08-19,22,EGGS,66.651886
2017-08-20,22,EGGS,63.552227
2017-08-21,22,EGGS,63.684883
2017-08-22,22,EGGS,69.90441
2017-08-23,22,EGGS,77.09389
2017-08-24,22,EGGS,73.59777
2017-08-25,22,EGGS,68.3866
2017-08-26,22,EGGS,70.27519
2017-08-27,22,EGGS,67.58873
2017-08-28,22,EGGS,71.17629
2017-08-29,22,EGGS,66.32356
2017-08-30,22,EGGS,79.015236
2017-08-16,22,FROZEN FOODS,2301.9563
2017-08-17,22,FROZEN FOODS,2071.412
2017-08-18,22,FROZEN FOODS,2067.364
2017-08-19,22,FROZEN FOODS,2284.8425
2017-08-20,22,FROZEN FOODS,2216.4407
2017-08-21,22,FROZEN FOODS,2140.401
2017-08-22,22,FROZEN FOODS,2102.0557
2017-08-23,22,FROZEN FOODS,2327.172
2017-08-24,22,FROZEN FOODS,2551.403
2017-08-25,22,FROZEN FOODS,2578.047
2017-08-26,22,FROZEN FOODS,2619.9722
2017-08-27,22,FROZEN FOODS,2450.784
2017-08-28,22,FROZEN FOODS,2401.9768
2017-08-29,22,FROZEN FOODS,2188.1472
2017-08-30,22,FROZEN FOODS,2497.7651
2017-08-16,22,GROCERY I,26.35563
2017-08-17,22,GROCERY I,25.502811
2017-08-18,22,GROCERY I,24.973843
2017-08-19,22,GROCERY I,26.98035
2017-08-20,22,GROCERY I,25.250977
2017-08-21,22,GROCERY I,24.036263
2017-08-22,22,GROCERY I,22.698933
2017-08-23,22,GROCERY I,25.318884
2017-08-24,22,GROCERY I,24.609379
2017-08-25,22,GROCERY I,26.391401
2017-08-26,22,GROCERY I,26.92818
2017-08-27,22,GROCERY I,22.646183
2017-08-28,22,GROCERY I,23.156729
2017-08-29,22,GROCERY I,19.76729
2017-08-30,22,GROCERY I,26.126093
2017-08-16,22,GROCERY II,0.24800397
2017-08-17,22,GROCERY II,0.1811147
2017-08-18,22,GROCERY II,0.2831188
2017-08-19,22,GROCERY II,0.2408354
2017-08-20,22,GROCERY II,0.34537944
2017-08-21,22,GROCERY II,0.24673669
2017-08-22,22,GROCERY II,0.22125083
2017-08-23,22,GROCERY II,0.2765205
2017-08-24,22,GROCERY II,0.24606502
2017-08-25,22,GROCERY II,0.26661062
2017-08-26,22,GROCERY II,0.19048965
2017-08-27,22,GROCERY II,0.23097347
2017-08-28,22,GROCERY II,0.1713539
2017-08-29,22,GROCERY II,0.13883923
2017-08-30,22,GROCERY II,0.25507718
2017-08-16,22,HARDWARE,11.881319
2017-08-17,22,HARDWARE,10.361333
2017-08-18,22,HARDWARE,10.498332
2017-08-19,22,HARDWARE,10.974441
2017-08-20,22,HARDWARE,10.4649
2017-08-21,22,HARDWARE,9.338529
2017-08-22,22,HARDWARE,7.947585
2017-08-23,22,HARDWARE,9.748083
2017-08-24,22,HARDWARE,8.176206
2017-08-25,22,HARDWARE,9.797063
2017-08-26,22,HARDWARE,10.452693
2017-08-27,22,HARDWARE,9.338823
2017-08-28,22,HARDWARE,9.3001585
2017-08-29,22,HARDWARE,9.311398
2017-08-30,22,HARDWARE,9.307809
2017-08-16,22,HOME AND KITCHEN I,14.827648
2017-08-17,22,HOME AND KITCHEN I,12.439645
2017-08-18,22,HOME AND KITCHEN I,15.017897
2017-08-19,22,HOME AND KITCHEN I,15.355714
2017-08-20,22,HOME AND KITCHEN I,14.926069
2017-08-21,22,HOME AND KITCHEN I,13.436201
2017-08-22,22,HOME AND KITCHEN I,11.729348
2017-08-23,22,HOME AND KITCHEN I,12.898113
2017-08-24,22,HOME AND KITCHEN I,12.274384
2017-08-25,22,HOME AND KITCHEN I,12.4319105
2017-08-26,22,HOME AND KITCHEN I,15.194979
2017-08-27,22,HOME AND KITCHEN I,14.33788
2017-08-28,22,HOME AND KITCHEN I,13.055944
2017-08-29,22,HOME AND KITCHEN I,10.177263
2017-08-30,22,HOME AND KITCHEN I,11.907846
2017-08-16,22,HOME AND KITCHEN II,0.34655243
2017-08-17,22,HOME AND KITCHEN II,0.30170172
2017-08-18,22,HOME AND KITCHEN II,0.27116153
2017-08-19,22,HOME AND KITCHEN II,0.28017044
2017-08-20,22,HOME AND KITCHEN II,0.22282211
2017-08-21,22,HOME AND KITCHEN II,0.285544
2017-08-22,22,HOME AND KITCHEN II,0.23337096
2017-08-23,22,HOME AND KITCHEN II,0.23787454
2017-08-24,22,HOME AND KITCHEN II,0.27437496
2017-08-25,22,HOME AND KITCHEN II,0.265384
2017-08-26,22,HOME AND KITCHEN II,0.22586125
2017-08-27,22,HOME AND KITCHEN II,0.28926152
2017-08-28,22,HOME AND KITCHEN II,0.29140273
2017-08-29,22,HOME AND KITCHEN II,0.27913636
2017-08-30,22,HOME AND KITCHEN II,0.2638887
2017-08-16,22,HOME APPLIANCES,119.65127
2017-08-17,22,HOME APPLIANCES,105.32214
2017-08-18,22,HOME APPLIANCES,117.49929
2017-08-19,22,HOME APPLIANCES,122.04015
2017-08-20,22,HOME APPLIANCES,111.599785
2017-08-21,22,HOME APPLIANCES,101.91114
2017-08-22,22,HOME APPLIANCES,89.273056
2017-08-23,22,HOME APPLIANCES,97.47613
2017-08-24,22,HOME APPLIANCES,97.463486
2017-08-25,22,HOME APPLIANCES,108.18736
2017-08-26,22,HOME APPLIANCES,108.746216
2017-08-27,22,HOME APPLIANCES,107.42672
2017-08-28,22,HOME APPLIANCES,88.58841
2017-08-29,22,HOME APPLIANCES,77.61026
2017-08-30,22,HOME APPLIANCES,88.98746
2017-08-16,22,HOME CARE,13.832515
2017-08-17,22,HOME CARE,15.7219
2017-08-18,22,HOME CARE,15.907411
2017-08-19,22,HOME CARE,12.551418
2017-08-20,22,HOME CARE,14.641215
2017-08-21,22,HOME CARE,11.381699
2017-08-22,22,HOME CARE,12.105212
2017-08-23,22,HOME CARE,11.731849
2017-08-24,22,HOME CARE,13.369699
2017-08-25,22,HOME CARE,12.417531
2017-08-26,22,HOME CARE,11.049797
2017-08-27,22,HOME CARE,11.748422
2017-08-28,22,HOME CARE,10.025949
2017-08-29,22,HOME CARE,10.23336
2017-08-30,22,HOME CARE,11.223502
2017-08-16,22,LADIESWEAR,2.587218
2017-08-17,22,LADIESWEAR,2.0632367
2017-08-18,22,LADIESWEAR,1.679803
2017-08-19,22,LADIESWEAR,2.0358143
2017-08-20,22,LADIESWEAR,2.0029318
2017-08-21,22,LADIESWEAR,2.0373108
2017-08-22,22,LADIESWEAR,1.5002692
2017-08-23,22,LADIESWEAR,1.7087786
2017-08-24,22,LADIESWEAR,2.2599518
2017-08-25,22,LADIESWEAR,1.9391801
2017-08-26,22,LADIESWEAR,1.8085136
2017-08-27,22,LADIESWEAR,1.6667353
2017-08-28,22,LADIESWEAR,1.7156457
2017-08-29,22,LADIESWEAR,1.596678
2017-08-30,22,LADIESWEAR,2.0013795
2017-08-16,22,LAWN AND GARDEN,3.8537407
2017-08-17,22,LAWN AND GARDEN,3.580694
2017-08-18,22,LAWN AND GARDEN,2.8393023
2017-08-19,22,LAWN AND GARDEN,3.4001133
2017-08-20,22,LAWN AND GARDEN,3.520728
2017-08-21,22,LAWN AND GARDEN,3.360418
2017-08-22,22,LAWN AND GARDEN,2.67367
2017-08-23,22,LAWN AND GARDEN,3.0949523
2017-08-24,22,LAWN AND GARDEN,3.0923853
2017-08-25,22,LAWN AND GARDEN,3.1173763
2017-08-26,22,LAWN AND GARDEN,3.046507
2017-08-27,22,LAWN AND GARDEN,3.2007494
2017-08-28,22,LAWN AND GARDEN,3.2973855
2017-08-29,22,LAWN AND GARDEN,3.236131
2017-08-30,22,LAWN AND GARDEN,3.6561577
2017-08-16,22,LINGERIE,77.33923
2017-08-17,22,LINGERIE,73.96861
2017-08-18,22,LINGERIE,83.308334
2017-08-19,22,LINGERIE,60.17509
2017-08-20,22,LINGERIE,43.032112
2017-08-21,22,LINGERIE,54.210587
2017-08-22,22,LINGERIE,59.866516
2017-08-23,22,LINGERIE,69.16823
2017-08-24,22,LINGERIE,66.357056
2017-08-25,22,LINGERIE,80.278244
2017-08-26,22,LINGERIE,64.58682
2017-08-27,22,LINGERIE,48.46199
2017-08-28,22,LINGERIE,58.50272
2017-08-29,22,LINGERIE,55.09306
2017-08-30,22,LINGERIE,79.0488
2017-08-16,22,"LIQUOR,WINE,BEER",4.817856
2017-08-17,22,"LIQUOR,WINE,BEER",5.836057
2017-08-18,22,"LIQUOR,WINE,BEER",4.775338
2017-08-19,22,"LIQUOR,WINE,BEER",5.7847323
2017-08-20,22,"LIQUOR,WINE,BEER",5.3518744
2017-08-21,22,"LIQUOR,WINE,BEER",4.2652307
2017-08-22,22,"LIQUOR,WINE,BEER",3.9336598
2017-08-23,22,"LIQUOR,WINE,BEER",4.7604914
2017-08-24,22,"LIQUOR,WINE,BEER",4.5575824
2017-08-25,22,"LIQUOR,WINE,BEER",4.9192076
2017-08-26,22,"LIQUOR,WINE,BEER",4.682238
2017-08-27,22,"LIQUOR,WINE,BEER",4.1235023
2017-08-28,22,"LIQUOR,WINE,BEER",3.7736275
2017-08-29,22,"LIQUOR,WINE,BEER",3.63242
2017-08-30,22,"LIQUOR,WINE,BEER",4.69765
2017-08-16,22,MAGAZINES,730.3862
2017-08-17,22,MAGAZINES,491.77054
2017-08-18,22,MAGAZINES,1153.1578
2017-08-19,22,MAGAZINES,666.62146
2017-08-20,22,MAGAZINES,647.3405
2017-08-21,22,MAGAZINES,510.72702
2017-08-22,22,MAGAZINES,519.52484
2017-08-23,22,MAGAZINES,655.67816
2017-08-24,22,MAGAZINES,639.12
2017-08-25,22,MAGAZINES,1127.1917
2017-08-26,22,MAGAZINES,598.50214
2017-08-27,22,MAGAZINES,612.25916
2017-08-28,22,MAGAZINES,600.7046
2017-08-29,22,MAGAZINES,479.76324
2017-08-30,22,MAGAZINES,699.4378
2017-08-16,22,MEATS,148.05272
2017-08-17,22,MEATS,147.9346
2017-08-18,22,MEATS,148.63231
2017-08-19,22,MEATS,168.54404
2017-08-20,22,MEATS,163.48813
2017-08-21,22,MEATS,152.61008
2017-08-22,22,MEATS,145.03062
2017-08-23,22,MEATS,152.30911
2017-08-24,22,MEATS,159.44388
2017-08-25,22,MEATS,158.25128
2017-08-26,22,MEATS,180.13362
2017-08-27,22,MEATS,166.58028
2017-08-28,22,MEATS,159.93326
2017-08-29,22,MEATS,144.74187
2017-08-30,22,MEATS,152.73494
2017-08-16,22,PERSONAL CARE,3.2993798
2017-08-17,22,PERSONAL CARE,3.7079186
2017-08-18,22,PERSONAL CARE,3.5523217
2017-08-19,22,PERSONAL CARE,3.6889422
2017-08-20,22,PERSONAL CARE,3.7988732
2017-08-21,22,PERSONAL CARE,3.2790234
2017-08-22,22,PERSONAL CARE,2.9464955
2017-08-23,22,PERSONAL CARE,3.385568
2017-08-24,22,PERSONAL CARE,3.8888376
2017-08-25,22,PERSONAL CARE,3.6021883
2017-08-26,22,PERSONAL CARE,3.3418274
2017-08-27,22,PERSONAL CARE,3.2350454
2017-08-28,22,PERSONAL CARE,3.2905364
2017-08-29,22,PERSONAL CARE,3.0640872
2017-08-30,22,PERSONAL CARE,2.954013
2017-08-16,22,PET SUPPLIES,5.060222
2017-08-17,22,PET SUPPLIES,5.0493107
2017-08-18,22,PET SUPPLIES,5.7802997
2017-08-19,22,PET SUPPLIES,5.596102
2017-08-20,22,PET SUPPLIES,5.458102
2017-08-21,22,PET SUPPLIES,4.919175
2017-08-22,22,PET SUPPLIES,4.546953
2017-08-23,22,PET SUPPLIES,4.6597614
2017-08-24,22,PET SUPPLIES,4.4558473
2017-08-25,22,PET SUPPLIES,4.4978647
2017-08-26,22,PET SUPPLIES,5.1196775
2017-08-27,22,PET SUPPLIES,4.5510783
2017-08-28,22,PET SUPPLIES,3.9420996
2017-08-29,22,PET SUPPLIES,4.4421616
2017-08-30,22,PET SUPPLIES,4.5871983
2017-08-16,22,PLAYERS AND ELECTRONICS,364.50784
2017-08-17,22,PLAYERS AND ELECTRONICS,340.91022
2017-08-18,22,PLAYERS AND ELECTRONICS,420.57297
2017-08-19,22,PLAYERS AND ELECTRONICS,317.4391
2017-08-20,22,PLAYERS AND ELECTRONICS,326.79037
2017-08-21,22,PLAYERS AND ELECTRONICS,296.76172
2017-08-22,22,PLAYERS AND ELECTRONICS,291.9218
2017-08-23,22,PLAYERS AND ELECTRONICS,379.3985
2017-08-24,22,PLAYERS AND ELECTRONICS,359.9878
2017-08-25,22,PLAYERS AND ELECTRONICS,439.86542
2017-08-26,22,PLAYERS AND ELECTRONICS,329.63022
2017-08-27,22,PLAYERS AND ELECTRONICS,316.77957
2017-08-28,22,PLAYERS AND ELECTRONICS,313.8743
2017-08-29,22,PLAYERS AND ELECTRONICS,284.8009
2017-08-30,22,PLAYERS AND ELECTRONICS,351.4305
2017-08-16,22,POULTRY,34.940502
2017-08-17,22,POULTRY,33.63123
2017-08-18,22,POULTRY,32.895535
2017-08-19,22,POULTRY,36.163876
2017-08-20,22,POULTRY,33.42265
2017-08-21,22,POULTRY,35.290516
2017-08-22,22,POULTRY,31.257334
2017-08-23,22,POULTRY,36.61306
2017-08-24,22,POULTRY,35.75165
2017-08-25,22,POULTRY,36.734318
2017-08-26,22,POULTRY,39.357143
2017-08-27,22,POULTRY,34.659992
2017-08-28,22,POULTRY,37.09094
2017-08-29,22,POULTRY,34.470825
2017-08-30,22,POULTRY,35.484737
2017-08-16,22,PREPARED FOODS,1767.5544
2017-08-17,22,PREPARED FOODS,973.7781
2017-08-18,22,PREPARED FOODS,927.9894
2017-08-19,22,PREPARED FOODS,1061.9578
2017-08-20,22,PREPARED FOODS,1034.5153
2017-08-21,22,PREPARED FOODS,1021.43933
2017-08-22,22,PREPARED FOODS,913.63617
2017-08-23,22,PREPARED FOODS,1555.2703
2017-08-24,22,PREPARED FOODS,907.65906
2017-08-25,22,PREPARED FOODS,901.14453
2017-08-26,22,PREPARED FOODS,950.4622
2017-08-27,22,PREPARED FOODS,988.906
2017-08-28,22,PREPARED FOODS,939.1492
2017-08-29,22,PREPARED FOODS,810.4513
2017-08-30,22,PREPARED FOODS,1599.9673
2017-08-16,22,PRODUCE,0.03583442
2017-08-17,22,PRODUCE,0.0
2017-08-18,22,PRODUCE,0.01008528
2017-08-19,22,PRODUCE,0.019551523
2017-08-20,22,PRODUCE,0.019673003
2017-08-21,22,PRODUCE,0.0052761873
2017-08-22,22,PRODUCE,0.0045644864
2017-08-23,22,PRODUCE,0.015178225
2017-08-24,22,PRODUCE,0.009852431
2017-08-25,22,PRODUCE,0.036748473
2017-08-26,22,PRODUCE,0.025578618
2017-08-27,22,PRODUCE,0.031564504
2017-08-28,22,PRODUCE,0.028036918
2017-08-29,22,PRODUCE,0.03052327
2017-08-30,22,PRODUCE,0.026477672
2017-08-16,22,SCHOOL AND OFFICE SUPPLIES,7.642772
2017-08-17,22,SCHOOL AND OFFICE SUPPLIES,8.914089
2017-08-18,22,SCHOOL AND OFFICE SUPPLIES,8.320562
2017-08-19,22,SCHOOL AND OFFICE SUPPLIES,9.146966
2017-08-20,22,SCHOOL AND OFFICE SUPPLIES,7.8723383
2017-08-21,22,SCHOOL AND OFFICE SUPPLIES,7.832465
2017-08-22,22,SCHOOL AND OFFICE SUPPLIES,7.8302255
2017-08-23,22,SCHOOL AND OFFICE SUPPLIES,9.483736
2017-08-24,22,SCHOOL AND OFFICE SUPPLIES,9.281878
2017-08-25,22,SCHOOL AND OFFICE SUPPLIES,8.437904
2017-08-26,22,SCHOOL AND OFFICE SUPPLIES,9.506625
2017-08-27,22,SCHOOL AND OFFICE SUPPLIES,9.028085
2017-08-28,22,SCHOOL AND OFFICE SUPPLIES,9.166867
2017-08-29,22,SCHOOL AND OFFICE SUPPLIES,9.614782
2017-08-30,22,SCHOOL AND OFFICE SUPPLIES,10.506375
2017-08-16,22,SEAFOOD,2.9170501
2017-08-17,22,SEAFOOD,3.165409
2017-08-18,22,SEAFOOD,2.7785542
2017-08-19,22,SEAFOOD,3.6070836
2017-08-20,22,SEAFOOD,2.9737592
2017-08-21,22,SEAFOOD,2.5962634
2017-08-22,22,SEAFOOD,2.882909
2017-08-23,22,SEAFOOD,3.4572299
2017-08-24,22,SEAFOOD,3.3526666
2017-08-25,22,SEAFOOD,3.245902
2017-08-26,22,SEAFOOD,3.723548
2017-08-27,22,SEAFOOD,3.1853726
2017-08-28,22,SEAFOOD,3.4571152
2017-08-29,22,SEAFOOD,2.685599
2017-08-30,22,SEAFOOD,3.3717833
2017-08-16,23,AUTOMOTIVE,0.034510996
2017-08-17,23,AUTOMOTIVE,0.034974273
2017-08-18,23,AUTOMOTIVE,0.021584643
2017-08-19,23,AUTOMOTIVE,0.011212309
2017-08-20,23,AUTOMOTIVE,0.039407663
2017-08-21,23,AUTOMOTIVE,0.021842064
2017-08-22,23,AUTOMOTIVE,0.021845885
2017-08-23,23,AUTOMOTIVE,0.0058818525
2017-08-24,23,AUTOMOTIVE,0.026017863
2017-08-25,23,AUTOMOTIVE,0.016691105
2017-08-26,23,AUTOMOTIVE,0.03323356
2017-08-27,23,AUTOMOTIVE,0.020421978
2017-08-28,23,AUTOMOTIVE,0.021168053
2017-08-29,23,AUTOMOTIVE,0.019165035
2017-08-30,23,AUTOMOTIVE,0.035638478
2017-08-16,23,BEAUTY,4.2352653
2017-08-17,23,BEAUTY,4.127266
2017-08-18,23,BEAUTY,4.37287
2017-08-19,23,BEAUTY,4.8857083
2017-08-20,23,BEAUTY,4.4262486
2017-08-21,23,BEAUTY,4.2888517
2017-08-22,23,BEAUTY,4.0391846
2017-08-23,23,BEAUTY,4.967973
2017-08-24,23,BEAUTY,4.4820194
2017-08-25,23,BEAUTY,5.0194974
2017-08-26,23,BEAUTY,5.1243834
2017-08-27,23,BEAUTY,4.518759
2017-08-28,23,BEAUTY,4.358892
2017-08-29,23,BEAUTY,4.0109797
2017-08-30,23,BEAUTY,4.8938737
2017-08-16,23,BEVERAGES,3457.9175
2017-08-17,23,BEVERAGES,2986.9722
2017-08-18,23,BEVERAGES,2644.605
2017-08-19,23,BEVERAGES,3092.693
2017-08-20,23,BEVERAGES,3393.6187
2017-08-21,23,BEVERAGES,2702.7007
2017-08-22,23,BEVERAGES,2761.9202
2017-08-23,23,BEVERAGES,2963.823
2017-08-24,23,BEVERAGES,2952.0906
2017-08-25,23,BEVERAGES,2715.134
2017-08-26,23,BEVERAGES,3052.5798
2017-08-27,23,BEVERAGES,3052.9077
2017-08-28,23,BEVERAGES,2747.6194
2017-08-29,23,BEVERAGES,2880.986
2017-08-30,23,BEVERAGES,2986.2886
2017-08-16,23,BOOKS,0.0
2017-08-17,23,BOOKS,0.007466328
2017-08-18,23,BOOKS,0.0
2017-08-19,23,BOOKS,0.0
2017-08-20,23,BOOKS,0.0
2017-08-21,23,BOOKS,0.004071902
2017-08-22,23,BOOKS,0.0
2017-08-23,23,BOOKS,0.03981728
2017-08-24,23,BOOKS,0.0
2017-08-25,23,BOOKS,0.0
2017-08-26,23,BOOKS,0.032331787
2017-08-27,23,BOOKS,0.0
2017-08-28,23,BOOKS,0.0
2017-08-29,23,BOOKS,0.0
2017-08-30,23,BOOKS,0.0
2017-08-16,23,BREAD/BAKERY,746.92676
2017-08-17,23,BREAD/BAKERY,689.3341
2017-08-18,23,BREAD/BAKERY,652.9065
2017-08-19,23,BREAD/BAKERY,783.15875
2017-08-20,23,BREAD/BAKERY,797.33344
2017-08-21,23,BREAD/BAKERY,677.454
2017-08-22,23,BREAD/BAKERY,668.05566
2017-08-23,23,BREAD/BAKERY,719.9414
2017-08-24,23,BREAD/BAKERY,687.34485
2017-08-25,23,BREAD/BAKERY,617.9887
2017-08-26,23,BREAD/BAKERY,727.95514
2017-08-27,23,BREAD/BAKERY,742.1696
2017-08-28,23,BREAD/BAKERY,663.1736
2017-08-29,23,BREAD/BAKERY,667.75934
2017-08-30,23,BREAD/BAKERY,685.25934
2017-08-16,23,CELEBRATION,19.155312
2017-08-17,23,CELEBRATION,13.942167
2017-08-18,23,CELEBRATION,15.383578
2017-08-19,23,CELEBRATION,18.777435
2017-08-20,23,CELEBRATION,15.6371565
2017-08-21,23,CELEBRATION,16.079718
2017-08-22,23,CELEBRATION,15.170417
2017-08-23,23,CELEBRATION,18.89936
2017-08-24,23,CELEBRATION,13.798328
2017-08-25,23,CELEBRATION,15.594022
2017-08-26,23,CELEBRATION,17.198906
2017-08-27,23,CELEBRATION,16.265331
2017-08-28,23,CELEBRATION,16.588003
2017-08-29,23,CELEBRATION,12.802338
2017-08-30,23,CELEBRATION,17.468414
2017-08-16,23,CLEANING,1107.2683
2017-08-17,23,CLEANING,849.3586
2017-08-18,23,CLEANING,875.13184
2017-08-19,23,CLEANING,1044.2572
2017-08-20,23,CLEANING,1097.1453
2017-08-21,23,CLEANING,864.5319
2017-08-22,23,CLEANING,923.2292
2017-08-23,23,CLEANING,974.33734
2017-08-24,23,CLEANING,900.96326
2017-08-25,23,CLEANING,876.391
2017-08-26,23,CLEANING,1060.3767
2017-08-27,23,CLEANING,1064.9781
2017-08-28,23,CLEANING,854.74316
2017-08-29,23,CLEANING,912.9172
2017-08-30,23,CLEANING,945.73334
2017-08-16,23,DAIRY,1323.2534
2017-08-17,23,DAIRY,997.35474
2017-08-18,23,DAIRY,1048.4343
2017-08-19,23,DAIRY,1222.6184
2017-08-20,23,DAIRY,1321.1646
2017-08-21,23,DAIRY,1080.0083
2017-08-22,23,DAIRY,1108.8923
2017-08-23,23,DAIRY,1251.2123
2017-08-24,23,DAIRY,1083.6893
2017-08-25,23,DAIRY,952.945
2017-08-26,23,DAIRY,1196.6178
2017-08-27,23,DAIRY,1275.7018
2017-08-28,23,DAIRY,1008.8406
2017-08-29,23,DAIRY,1054.0312
2017-08-30,23,DAIRY,1168.2502
2017-08-16,23,DELI,293.42856
2017-08-17,23,DELI,254.85512
2017-08-18,23,DELI,312.09882
2017-08-19,23,DELI,279.22006
2017-08-20,23,DELI,263.186
2017-08-21,23,DELI,245.53178
2017-08-22,23,DELI,257.97897
2017-08-23,23,DELI,276.4452
2017-08-24,23,DELI,271.05295
2017-08-25,23,DELI,301.28564
2017-08-26,23,DELI,274.03137
2017-08-27,23,DELI,270.0247
2017-08-28,23,DELI,258.00153
2017-08-29,23,DELI,260.90244
2017-08-30,23,DELI,269.19473
2017-08-16,23,EGGS,220.47008
2017-08-17,23,EGGS,220.31546
2017-08-18,23,EGGS,236.5056
2017-08-19,23,EGGS,215.85867
2017-08-20,23,EGGS,231.22527
2017-08-21,23,EGGS,183.22636
2017-08-22,23,EGGS,197.3933
2017-08-23,23,EGGS,220.38274
2017-08-24,23,EGGS,210.13184
2017-08-25,23,EGGS,220.02399
2017-08-26,23,EGGS,202.37273
2017-08-27,23,EGGS,229.16283
2017-08-28,23,EGGS,189.73796
2017-08-29,23,EGGS,191.42435
2017-08-30,23,EGGS,192.39886
2017-08-16,23,FROZEN FOODS,195.07327
2017-08-17,23,FROZEN FOODS,161.1951
2017-08-18,23,FROZEN FOODS,142.63689
2017-08-19,23,FROZEN FOODS,174.34148
2017-08-20,23,FROZEN FOODS,178.7206
2017-08-21,23,FROZEN FOODS,160.70844
2017-08-22,23,FROZEN FOODS,157.81718
2017-08-23,23,FROZEN FOODS,187.27504
2017-08-24,23,FROZEN FOODS,144.70807
2017-08-25,23,FROZEN FOODS,131.28755
2017-08-26,23,FROZEN FOODS,168.82114
2017-08-27,23,FROZEN FOODS,172.6617
2017-08-28,23,FROZEN FOODS,160.27477
2017-08-29,23,FROZEN FOODS,138.13702
2017-08-30,23,FROZEN FOODS,188.21744
2017-08-16,23,GROCERY I,4144.5063
2017-08-17,23,GROCERY I,2601.5703
2017-08-18,23,GROCERY I,3169.984
2017-08-19,23,GROCERY I,3921.8542
2017-08-20,23,GROCERY I,4011.766
2017-08-21,23,GROCERY I,3261.2825
2017-08-22,23,GROCERY I,3590.0168
2017-08-23,23,GROCERY I,3695.96
2017-08-24,23,GROCERY I,3403.0518
2017-08-25,23,GROCERY I,3435.077
2017-08-26,23,GROCERY I,3848.6597
2017-08-27,23,GROCERY I,3876.0437
2017-08-28,23,GROCERY I,3022.569
2017-08-29,23,GROCERY I,3245.8987
2017-08-30,23,GROCERY I,3847.7737
2017-08-16,23,GROCERY II,33.69795
2017-08-17,23,GROCERY II,30.24602
2017-08-18,23,GROCERY II,28.33458
2017-08-19,23,GROCERY II,35.890385
2017-08-20,23,GROCERY II,29.266584
2017-08-21,23,GROCERY II,28.497559
2017-08-22,23,GROCERY II,23.85168
2017-08-23,23,GROCERY II,28.873278
2017-08-24,23,GROCERY II,24.902143
2017-08-25,23,GROCERY II,26.793398
2017-08-26,23,GROCERY II,27.430346
2017-08-27,23,GROCERY II,24.506498
2017-08-28,23,GROCERY II,21.721289
2017-08-29,23,GROCERY II,23.80491
2017-08-30,23,GROCERY II,24.803373
2017-08-16,23,HARDWARE,1.1250691
2017-08-17,23,HARDWARE,1.0124018
2017-08-18,23,HARDWARE,1.1159009
2017-08-19,23,HARDWARE,1.1744226
2017-08-20,23,HARDWARE,1.1714315
2017-08-21,23,HARDWARE,1.0000157
2017-08-22,23,HARDWARE,1.1190624
2017-08-23,23,HARDWARE,1.1565149
2017-08-24,23,HARDWARE,1.0828601
2017-08-25,23,HARDWARE,1.0584999
2017-08-26,23,HARDWARE,1.4346932
2017-08-27,23,HARDWARE,0.9751286
2017-08-28,23,HARDWARE,1.0393183
2017-08-29,23,HARDWARE,0.96185553
2017-08-30,23,HARDWARE,1.2370616
2017-08-16,23,HOME AND KITCHEN I,21.138056
2017-08-17,23,HOME AND KITCHEN I,17.9956
2017-08-18,23,HOME AND KITCHEN I,19.009882
2017-08-19,23,HOME AND KITCHEN I,21.857416
2017-08-20,23,HOME AND KITCHEN I,20.17864
2017-08-21,23,HOME AND KITCHEN I,18.383387
2017-08-22,23,HOME AND KITCHEN I,16.765327
2017-08-23,23,HOME AND KITCHEN I,18.875292
2017-08-24,23,HOME AND KITCHEN I,19.217384
2017-08-25,23,HOME AND KITCHEN I,15.840299
2017-08-26,23,HOME AND KITCHEN I,22.31706
2017-08-27,23,HOME AND KITCHEN I,18.016043
2017-08-28,23,HOME AND KITCHEN I,20.537073
2017-08-29,23,HOME AND KITCHEN I,16.847649
2017-08-30,23,HOME AND KITCHEN I,18.385292
2017-08-16,23,HOME AND KITCHEN II,34.5305
2017-08-17,23,HOME AND KITCHEN II,28.017443
2017-08-18,23,HOME AND KITCHEN II,28.08935
2017-08-19,23,HOME AND KITCHEN II,34.21371
2017-08-20,23,HOME AND KITCHEN II,37.96766
2017-08-21,23,HOME AND KITCHEN II,32.22799
2017-08-22,23,HOME AND KITCHEN II,29.729816
2017-08-23,23,HOME AND KITCHEN II,38.946033
2017-08-24,23,HOME AND KITCHEN II,33.800026
2017-08-25,23,HOME AND KITCHEN II,31.75318
2017-08-26,23,HOME AND KITCHEN II,37.247402
2017-08-27,23,HOME AND KITCHEN II,36.911537
2017-08-28,23,HOME AND KITCHEN II,30.749884
2017-08-29,23,HOME AND KITCHEN II,27.060585
2017-08-30,23,HOME AND KITCHEN II,33.45035
2017-08-16,23,HOME APPLIANCES,0.02999519
2017-08-17,23,HOME APPLIANCES,0.012779719
2017-08-18,23,HOME APPLIANCES,0.035327747
2017-08-19,23,HOME APPLIANCES,0.043350313
2017-08-20,23,HOME APPLIANCES,0.11283678
2017-08-21,23,HOME APPLIANCES,0.05613636
2017-08-22,23,HOME APPLIANCES,0.091128945
2017-08-23,23,HOME APPLIANCES,0.07821277
2017-08-24,23,HOME APPLIANCES,0.116388306
2017-08-25,23,HOME APPLIANCES,0.06878983
2017-08-26,23,HOME APPLIANCES,0.065423295
2017-08-27,23,HOME APPLIANCES,0.112608336
2017-08-28,23,HOME APPLIANCES,0.07361342
2017-08-29,23,HOME APPLIANCES,0.12137858
2017-08-30,23,HOME APPLIANCES,0.08544258
2017-08-16,23,HOME CARE,233.62537
2017-08-17,23,HOME CARE,173.12433
2017-08-18,23,HOME CARE,179.81139
2017-08-19,23,HOME CARE,212.38535
2017-08-20,23,HOME CARE,213.55266
2017-08-21,23,HOME CARE,165.6871
2017-08-22,23,HOME CARE,168.39714
2017-08-23,23,HOME CARE,180.83524
2017-08-24,23,HOME CARE,158.77223
2017-08-25,23,HOME CARE,159.04353
2017-08-26,23,HOME CARE,200.21486
2017-08-27,23,HOME CARE,214.99724
2017-08-28,23,HOME CARE,156.29742
2017-08-29,23,HOME CARE,151.25557
2017-08-30,23,HOME CARE,165.76973
2017-08-16,23,LADIESWEAR,10.206273
2017-08-17,23,LADIESWEAR,10.069846
2017-08-18,23,LADIESWEAR,13.893129
2017-08-19,23,LADIESWEAR,15.548852
2017-08-20,23,LADIESWEAR,14.172264
2017-08-21,23,LADIESWEAR,10.75392
2017-08-22,23,LADIESWEAR,9.180215
2017-08-23,23,LADIESWEAR,11.167599
2017-08-24,23,LADIESWEAR,12.283657
2017-08-25,23,LADIESWEAR,12.9897785
2017-08-26,23,LADIESWEAR,11.5152
2017-08-27,23,LADIESWEAR,13.089055
2017-08-28,23,LADIESWEAR,11.282961
2017-08-29,23,LADIESWEAR,10.283971
2017-08-30,23,LADIESWEAR,11.157602
2017-08-16,23,LAWN AND GARDEN,44.015984
2017-08-17,23,LAWN AND GARDEN,38.150257
2017-08-18,23,LAWN AND GARDEN,35.575684
2017-08-19,23,LAWN AND GARDEN,33.66271
2017-08-20,23,LAWN AND GARDEN,30.570396
2017-08-21,23,LAWN AND GARDEN,37.33601
2017-08-22,23,LAWN AND GARDEN,32.437576
2017-08-23,23,LAWN AND GARDEN,42.48726
2017-08-24,23,LAWN AND GARDEN,36.938194
2017-08-25,23,LAWN AND GARDEN,34.867596
2017-08-26,23,LAWN AND GARDEN,37.744873
2017-08-27,23,LAWN AND GARDEN,35.19522
2017-08-28,23,LAWN AND GARDEN,39.559334
2017-08-29,23,LAWN AND GARDEN,28.657475
2017-08-30,23,LAWN AND GARDEN,43.470303
2017-08-16,23,LINGERIE,12.903461
2017-08-17,23,LINGERIE,11.321277
2017-08-18,23,LINGERIE,12.157327
2017-08-19,23,LINGERIE,12.174016
2017-08-20,23,LINGERIE,12.365275
2017-08-21,23,LINGERIE,10.849478
2017-08-22,23,LINGERIE,10.519701
2017-08-23,23,LINGERIE,10.356532
2017-08-24,23,LINGERIE,11.332706
2017-08-25,23,LINGERIE,10.97349
2017-08-26,23,LINGERIE,12.969022
2017-08-27,23,LINGERIE,12.596625
2017-08-28,23,LINGERIE,11.558463
2017-08-29,23,LINGERIE,10.880251
2017-08-30,23,LINGERIE,11.07292
2017-08-16,23,"LIQUOR,WINE,BEER",101.75826
2017-08-17,23,"LIQUOR,WINE,BEER",40.33454
2017-08-18,23,"LIQUOR,WINE,BEER",93.18504
2017-08-19,23,"LIQUOR,WINE,BEER",78.51671
2017-08-20,23,"LIQUOR,WINE,BEER",50.322273
2017-08-21,23,"LIQUOR,WINE,BEER",64.874146
2017-08-22,23,"LIQUOR,WINE,BEER",87.49801
2017-08-23,23,"LIQUOR,WINE,BEER",96.370575
2017-08-24,23,"LIQUOR,WINE,BEER",40.85764
2017-08-25,23,"LIQUOR,WINE,BEER",73.57157
2017-08-26,23,"LIQUOR,WINE,BEER",72.870316
2017-08-27,23,"LIQUOR,WINE,BEER",51.0827
2017-08-28,23,"LIQUOR,WINE,BEER",61.251278
2017-08-29,23,"LIQUOR,WINE,BEER",86.32405
2017-08-30,23,"LIQUOR,WINE,BEER",86.57118
2017-08-16,23,MAGAZINES,14.066067
2017-08-17,23,MAGAZINES,11.579962
2017-08-18,23,MAGAZINES,10.744169
2017-08-19,23,MAGAZINES,12.482295
2017-08-20,23,MAGAZINES,13.550398
2017-08-21,23,MAGAZINES,10.829294
2017-08-22,23,MAGAZINES,10.150999
2017-08-23,23,MAGAZINES,12.272017
2017-08-24,23,MAGAZINES,10.843437
2017-08-25,23,MAGAZINES,11.422392
2017-08-26,23,MAGAZINES,12.044734
2017-08-27,23,MAGAZINES,12.838011
2017-08-28,23,MAGAZINES,10.417019
2017-08-29,23,MAGAZINES,10.394686
2017-08-30,23,MAGAZINES,11.161462
2017-08-16,23,MEATS,423.37045
2017-08-17,23,MEATS,327.56543
2017-08-18,23,MEATS,537.032
2017-08-19,23,MEATS,321.57986
2017-08-20,23,MEATS,409.368
2017-08-21,23,MEATS,305.0173
2017-08-22,23,MEATS,345.61398
2017-08-23,23,MEATS,398.99023
2017-08-24,23,MEATS,317.69196
2017-08-25,23,MEATS,501.75256
2017-08-26,23,MEATS,313.19336
2017-08-27,23,MEATS,379.5646
2017-08-28,23,MEATS,295.7132
2017-08-29,23,MEATS,319.502
2017-08-30,23,MEATS,372.50952
2017-08-16,23,PERSONAL CARE,273.8883
2017-08-17,23,PERSONAL CARE,247.63704
2017-08-18,23,PERSONAL CARE,249.06232
2017-08-19,23,PERSONAL CARE,285.09885
2017-08-20,23,PERSONAL CARE,299.94623
2017-08-21,23,PERSONAL CARE,255.43169
2017-08-22,23,PERSONAL CARE,269.3718
2017-08-23,23,PERSONAL CARE,290.4381
2017-08-24,23,PERSONAL CARE,266.75632
2017-08-25,23,PERSONAL CARE,249.10889
2017-08-26,23,PERSONAL CARE,287.73465
2017-08-27,23,PERSONAL CARE,297.10355
2017-08-28,23,PERSONAL CARE,247.96814
2017-08-29,23,PERSONAL CARE,247.99709
2017-08-30,23,PERSONAL CARE,264.43832
2017-08-16,23,PET SUPPLIES,16.904095
2017-08-17,23,PET SUPPLIES,15.183558
2017-08-18,23,PET SUPPLIES,14.0827875
2017-08-19,23,PET SUPPLIES,14.542168
2017-08-20,23,PET SUPPLIES,15.013315
2017-08-21,23,PET SUPPLIES,15.252936
2017-08-22,23,PET SUPPLIES,13.336022
2017-08-23,23,PET SUPPLIES,14.455224
2017-08-24,23,PET SUPPLIES,11.012788
2017-08-25,23,PET SUPPLIES,11.8698225
2017-08-26,23,PET SUPPLIES,13.891807
2017-08-27,23,PET SUPPLIES,14.338695
2017-08-28,23,PET SUPPLIES,13.994182
2017-08-29,23,PET SUPPLIES,12.770448
2017-08-30,23,PET SUPPLIES,13.983296
2017-08-16,23,PLAYERS AND ELECTRONICS,10.219447
2017-08-17,23,PLAYERS AND ELECTRONICS,9.890513
2017-08-18,23,PLAYERS AND ELECTRONICS,9.768569
2017-08-19,23,PLAYERS AND ELECTRONICS,9.712383
2017-08-20,23,PLAYERS AND ELECTRONICS,9.498491
2017-08-21,23,PLAYERS AND ELECTRONICS,10.094507
2017-08-22,23,PLAYERS AND ELECTRONICS,10.425654
2017-08-23,23,PLAYERS AND ELECTRONICS,9.665967
2017-08-24,23,PLAYERS AND ELECTRONICS,10.457432
2017-08-25,23,PLAYERS AND ELECTRONICS,10.156361
2017-08-26,23,PLAYERS AND ELECTRONICS,12.093828
2017-08-27,23,PLAYERS AND ELECTRONICS,11.3540745
2017-08-28,23,PLAYERS AND ELECTRONICS,9.936624
2017-08-29,23,PLAYERS AND ELECTRONICS,10.290612
2017-08-30,23,PLAYERS AND ELECTRONICS,9.671758
2017-08-16,23,POULTRY,569.32947
2017-08-17,23,POULTRY,494.8974
2017-08-18,23,POULTRY,605.7829
2017-08-19,23,POULTRY,483.2615
2017-08-20,23,POULTRY,539.3206
2017-08-21,23,POULTRY,443.27777
2017-08-22,23,POULTRY,421.74164
2017-08-23,23,POULTRY,484.79514
2017-08-24,23,POULTRY,430.42328
2017-08-25,23,POULTRY,523.6421
2017-08-26,23,POULTRY,444.95038
2017-08-27,23,POULTRY,498.94998
2017-08-28,23,POULTRY,422.96262
2017-08-29,23,POULTRY,452.25992
2017-08-30,23,POULTRY,480.33112
2017-08-16,23,PREPARED FOODS,126.59732
2017-08-17,23,PREPARED FOODS,112.60329
2017-08-18,23,PREPARED FOODS,114.073975
2017-08-19,23,PREPARED FOODS,125.05285
2017-08-20,23,PREPARED FOODS,125.11827
2017-08-21,23,PREPARED FOODS,116.05782
2017-08-22,23,PREPARED FOODS,113.4707
2017-08-23,23,PREPARED FOODS,125.7247
2017-08-24,23,PREPARED FOODS,118.80208
2017-08-25,23,PREPARED FOODS,108.84941
2017-08-26,23,PREPARED FOODS,131.14458
2017-08-27,23,PREPARED FOODS,128.523
2017-08-28,23,PREPARED FOODS,115.86129
2017-08-29,23,PREPARED FOODS,108.861694
2017-08-30,23,PREPARED FOODS,126.69379
2017-08-16,23,PRODUCE,5293.613
2017-08-17,23,PRODUCE,2434.5876
2017-08-18,23,PRODUCE,2574.0483
2017-08-19,23,PRODUCE,2847.159
2017-08-20,23,PRODUCE,3050.6082
2017-08-21,23,PRODUCE,2694.8315
2017-08-22,23,PRODUCE,2400.3945
2017-08-23,23,PRODUCE,4886.4263
2017-08-24,23,PRODUCE,2166.4385
2017-08-25,23,PRODUCE,2195.8813
2017-08-26,23,PRODUCE,2657.4656
2017-08-27,23,PRODUCE,2862.0837
2017-08-28,23,PRODUCE,2623.7246
2017-08-29,23,PRODUCE,2383.5408
2017-08-30,23,PRODUCE,4776.4854
2017-08-16,23,SCHOOL AND OFFICE SUPPLIES,0.0
2017-08-17,23,SCHOOL AND OFFICE SUPPLIES,0.0
2017-08-18,23,SCHOOL AND OFFICE SUPPLIES,0.0
2017-08-19,23,SCHOOL AND OFFICE SUPPLIES,0.0
2017-08-20,23,SCHOOL AND OFFICE SUPPLIES,0.0
2017-08-21,23,SCHOOL AND OFFICE SUPPLIES,0.0
2017-08-22,23,SCHOOL AND OFFICE SUPPLIES,0.0
2017-08-23,23,SCHOOL AND OFFICE SUPPLIES,0.0
2017-08-24,23,SCHOOL AND OFFICE SUPPLIES,0.0
2017-08-25,23,SCHOOL AND OFFICE SUPPLIES,0.0
2017-08-26,23,SCHOOL AND OFFICE SUPPLIES,0.0
2017-08-27,23,SCHOOL AND OFFICE SUPPLIES,0.0
2017-08-28,23,SCHOOL AND OFFICE SUPPLIES,0.0
2017-08-29,23,SCHOOL AND OFFICE SUPPLIES,0.0
2017-08-30,23,SCHOOL AND OFFICE SUPPLIES,0.0
2017-08-16,23,SEAFOOD,33.750496
2017-08-17,23,SEAFOOD,30.387375
2017-08-18,23,SEAFOOD,27.531296
2017-08-19,23,SEAFOOD,28.427668
2017-08-20,23,SEAFOOD,29.463295
2017-08-21,23,SEAFOOD,22.234829
2017-08-22,23,SEAFOOD,23.967411
2017-08-23,23,SEAFOOD,30.542297
2017-08-24,23,SEAFOOD,32.681377
2017-08-25,23,SEAFOOD,28.44382
2017-08-26,23,SEAFOOD,32.95841
2017-08-27,23,SEAFOOD,30.829678
2017-08-28,23,SEAFOOD,27.25122
2017-08-29,23,SEAFOOD,25.817783
2017-08-30,23,SEAFOOD,27.752625
2017-08-16,24,AUTOMOTIVE,3.439009
2017-08-17,24,AUTOMOTIVE,2.9208035
2017-08-18,24,AUTOMOTIVE,3.202304
2017-08-19,24,AUTOMOTIVE,3.2080655
2017-08-20,24,AUTOMOTIVE,2.6505258
2017-08-21,24,AUTOMOTIVE,2.2397258
2017-08-22,24,AUTOMOTIVE,3.1092217
2017-08-23,24,AUTOMOTIVE,2.579835
2017-08-24,24,AUTOMOTIVE,2.7920315
2017-08-25,24,AUTOMOTIVE,2.3281608
2017-08-26,24,AUTOMOTIVE,3.744748
2017-08-27,24,AUTOMOTIVE,2.6858788
2017-08-28,24,AUTOMOTIVE,2.111219
2017-08-29,24,AUTOMOTIVE,2.9437053
2017-08-30,24,AUTOMOTIVE,2.6364424
2017-08-16,24,BABY CARE,0.028584465
2017-08-17,24,BABY CARE,0.006357858
2017-08-18,24,BABY CARE,0.03038212
2017-08-19,24,BABY CARE,0.0374286
2017-08-20,24,BABY CARE,0.02813938
2017-08-21,24,BABY CARE,0.005035634
2017-08-22,24,BABY CARE,0.01686166
2017-08-23,24,BABY CARE,0.033302758
2017-08-24,24,BABY CARE,0.010066625
2017-08-25,24,BABY CARE,0.008617281
2017-08-26,24,BABY CARE,0.02800338
2017-08-27,24,BABY CARE,0.03291752
2017-08-28,24,BABY CARE,0.016138516
2017-08-29,24,BABY CARE,0.036543723
2017-08-30,24,BABY CARE,0.045176487
2017-08-16,24,BEAUTY,4.4176936
2017-08-17,24,BEAUTY,4.04989
2017-08-18,24,BEAUTY,3.8912466
2017-08-19,24,BEAUTY,5.0541596
2017-08-20,24,BEAUTY,3.779547
2017-08-21,24,BEAUTY,3.1302114
2017-08-22,24,BEAUTY,3.7195675
2017-08-23,24,BEAUTY,4.1988792
2017-08-24,24,BEAUTY,3.800457
2017-08-25,24,BEAUTY,4.2791944
2017-08-26,24,BEAUTY,5.578791
2017-08-27,24,BEAUTY,4.049887
2017-08-28,24,BEAUTY,3.0362217
2017-08-29,24,BEAUTY,3.0322082
2017-08-30,24,BEAUTY,4.223715
2017-08-16,24,BEVERAGES,2112.199
2017-08-17,24,BEVERAGES,2020.5668
2017-08-18,24,BEVERAGES,1646.0024
2017-08-19,24,BEVERAGES,2072.9197
2017-08-20,24,BEVERAGES,1893.9587
2017-08-21,24,BEVERAGES,1885.4663
2017-08-22,24,BEVERAGES,1968.3506
2017-08-23,24,BEVERAGES,2109.1746
2017-08-24,24,BEVERAGES,1911.2799
2017-08-25,24,BEVERAGES,1890.7787
2017-08-26,24,BEVERAGES,2018.7671
2017-08-27,24,BEVERAGES,1992.9397
2017-08-28,24,BEVERAGES,2044.4225
2017-08-29,24,BEVERAGES,1967.5543
2017-08-30,24,BEVERAGES,2196.781
2017-08-16,24,BOOKS,0.0
2017-08-17,24,BOOKS,0.0
2017-08-18,24,BOOKS,0.0
2017-08-19,24,BOOKS,0.0
2017-08-20,24,BOOKS,0.0
2017-08-21,24,BOOKS,0.0
2017-08-22,24,BOOKS,0.0
2017-08-23,24,BOOKS,0.0
2017-08-24,24,BOOKS,0.0
2017-08-25,24,BOOKS,0.0
2017-08-26,24,BOOKS,0.001188631
2017-08-27,24,BOOKS,0.0
2017-08-28,24,BOOKS,0.0
2017-08-29,24,BOOKS,0.0
2017-08-30,24,BOOKS,0.0
2017-08-16,24,BREAD/BAKERY,419.64343
2017-08-17,24,BREAD/BAKERY,406.5653
2017-08-18,24,BREAD/BAKERY,366.1801
2017-08-19,24,BREAD/BAKERY,418.02905
2017-08-20,24,BREAD/BAKERY,381.808
2017-08-21,24,BREAD/BAKERY,355.8981
2017-08-22,24,BREAD/BAKERY,399.10815
2017-08-23,24,BREAD/BAKERY,414.37698
2017-08-24,24,BREAD/BAKERY,381.67194
2017-08-25,24,BREAD/BAKERY,331.3527
2017-08-26,24,BREAD/BAKERY,392.0595
2017-08-27,24,BREAD/BAKERY,355.23358
2017-08-28,24,BREAD/BAKERY,322.6582
2017-08-29,24,BREAD/BAKERY,322.96045
2017-08-30,24,BREAD/BAKERY,341.6182
2017-08-16,24,CELEBRATION,8.179964
2017-08-17,24,CELEBRATION,5.1446075
2017-08-18,24,CELEBRATION,6.4363294
2017-08-19,24,CELEBRATION,7.2196183
2017-08-20,24,CELEBRATION,7.1769476
2017-08-21,24,CELEBRATION,7.4058633
2017-08-22,24,CELEBRATION,7.073032
2017-08-23,24,CELEBRATION,7.8587036
2017-08-24,24,CELEBRATION,6.4116235
2017-08-25,24,CELEBRATION,6.3454623
2017-08-26,24,CELEBRATION,7.3814917
2017-08-27,24,CELEBRATION,6.338968
2017-08-28,24,CELEBRATION,6.2851124
2017-08-29,24,CELEBRATION,7.476953
2017-08-30,24,CELEBRATION,8.536019
2017-08-16,24,CLEANING,441.4972
2017-08-17,24,CLEANING,349.1268
2017-08-18,24,CLEANING,331.34253
2017-08-19,24,CLEANING,447.77725
2017-08-20,24,CLEANING,407.0515
2017-08-21,24,CLEANING,344.11566
2017-08-22,24,CLEANING,377.56256
2017-08-23,24,CLEANING,388.0968
2017-08-24,24,CLEANING,361.65054
2017-08-25,24,CLEANING,333.1235
2017-08-26,24,CLEANING,462.5455
2017-08-27,24,CLEANING,381.23553
2017-08-28,24,CLEANING,334.03702
2017-08-29,24,CLEANING,358.0482
2017-08-30,24,CLEANING,367.46478
2017-08-16,24,DAIRY,655.4747
2017-08-17,24,DAIRY,519.9417
2017-08-18,24,DAIRY,496.7603
2017-08-19,24,DAIRY,609.63947
2017-08-20,24,DAIRY,572.35785
2017-08-21,24,DAIRY,538.1467
2017-08-22,24,DAIRY,534.99414
2017-08-23,24,DAIRY,598.43414
2017-08-24,24,DAIRY,523.9841
2017-08-25,24,DAIRY,429.32175
2017-08-26,24,DAIRY,572.1576
2017-08-27,24,DAIRY,502.9844
2017-08-28,24,DAIRY,484.2231
2017-08-29,24,DAIRY,476.39
2017-08-30,24,DAIRY,541.2931
2017-08-16,24,DELI,154.88527
2017-08-17,24,DELI,136.30823
2017-08-18,24,DELI,178.629
2017-08-19,24,DELI,153.03384
2017-08-20,24,DELI,135.10013
2017-08-21,24,DELI,144.549
2017-08-22,24,DELI,152.1836
2017-08-23,24,DELI,154.75589
2017-08-24,24,DELI,147.19505
2017-08-25,24,DELI,170.13618
2017-08-26,24,DELI,176.60469
2017-08-27,24,DELI,141.14967
2017-08-28,24,DELI,135.77046
2017-08-29,24,DELI,144.1964
2017-08-30,24,DELI,146.25182
2017-08-16,24,EGGS,129.06252
2017-08-17,24,EGGS,120.04907
2017-08-18,24,EGGS,148.60289
2017-08-19,24,EGGS,142.2706
2017-08-20,24,EGGS,136.87886
2017-08-21,24,EGGS,107.53524
2017-08-22,24,EGGS,103.61583
2017-08-23,24,EGGS,122.81652
2017-08-24,24,EGGS,115.525826
2017-08-25,24,EGGS,139.35274
2017-08-26,24,EGGS,134.03355
2017-08-27,24,EGGS,123.88404
2017-08-28,24,EGGS,115.26062
2017-08-29,24,EGGS,109.925934
2017-08-30,24,EGGS,130.69063
2017-08-16,24,FROZEN FOODS,107.5993
2017-08-17,24,FROZEN FOODS,93.31162
2017-08-18,24,FROZEN FOODS,111.030815
2017-08-19,24,FROZEN FOODS,150.01549
2017-08-20,24,FROZEN FOODS,99.77657
2017-08-21,24,FROZEN FOODS,81.5615
2017-08-22,24,FROZEN FOODS,105.326324
2017-08-23,24,FROZEN FOODS,141.02228
2017-08-24,24,FROZEN FOODS,85.95998
2017-08-25,24,FROZEN FOODS,71.860085
2017-08-26,24,FROZEN FOODS,115.48695
2017-08-27,24,FROZEN FOODS,87.80922
2017-08-28,24,FROZEN FOODS,84.09994
2017-08-29,24,FROZEN FOODS,93.124565
2017-08-30,24,FROZEN FOODS,122.53653
2017-08-16,24,GROCERY I,2085.4163
2017-08-17,24,GROCERY I,1479.8429
2017-08-18,24,GROCERY I,1352.4271
2017-08-19,24,GROCERY I,1752.3083
2017-08-20,24,GROCERY I,1683.5067
2017-08-21,24,GROCERY I,1486.4009
2017-08-22,24,GROCERY I,1569.069
2017-08-23,24,GROCERY I,1638.4484
2017-08-24,24,GROCERY I,1456.9456
2017-08-25,24,GROCERY I,1322.9153
2017-08-26,24,GROCERY I,1562.0135
2017-08-27,24,GROCERY I,1405.7311
2017-08-28,24,GROCERY I,1352.265
2017-08-29,24,GROCERY I,1396.6819
2017-08-30,24,GROCERY I,1583.9977
2017-08-16,24,GROCERY II,18.162422
2017-08-17,24,GROCERY II,16.991484
2017-08-18,24,GROCERY II,19.145649
2017-08-19,24,GROCERY II,21.875813
2017-08-20,24,GROCERY II,16.086699
2017-08-21,24,GROCERY II,16.271152
2017-08-22,24,GROCERY II,15.691829
2017-08-23,24,GROCERY II,16.743452
2017-08-24,24,GROCERY II,13.4914
2017-08-25,24,GROCERY II,12.996718
2017-08-26,24,GROCERY II,16.52791
2017-08-27,24,GROCERY II,14.838284
2017-08-28,24,GROCERY II,14.025382
2017-08-29,24,GROCERY II,15.227218
2017-08-30,24,GROCERY II,14.653692
2017-08-16,24,HARDWARE,1.3806664
2017-08-17,24,HARDWARE,1.3397268
2017-08-18,24,HARDWARE,1.5380752
2017-08-19,24,HARDWARE,1.2813873
2017-08-20,24,HARDWARE,1.419807
2017-08-21,24,HARDWARE,1.2745876
2017-08-22,24,HARDWARE,1.0463648
2017-08-23,24,HARDWARE,1.2803295
2017-08-24,24,HARDWARE,1.3522286
2017-08-25,24,HARDWARE,1.0997777
2017-08-26,24,HARDWARE,1.599523
2017-08-27,24,HARDWARE,1.3173836
2017-08-28,24,HARDWARE,1.428981
2017-08-29,24,HARDWARE,1.0695126
2017-08-30,24,HARDWARE,1.250244
2017-08-16,24,HOME AND KITCHEN I,22.747494
2017-08-17,24,HOME AND KITCHEN I,18.85505
2017-08-18,24,HOME AND KITCHEN I,19.896084
2017-08-19,24,HOME AND KITCHEN I,19.484175
2017-08-20,24,HOME AND KITCHEN I,16.4951
2017-08-21,24,HOME AND KITCHEN I,19.068817
2017-08-22,24,HOME AND KITCHEN I,19.979256
2017-08-23,24,HOME AND KITCHEN I,19.791456
2017-08-24,24,HOME AND KITCHEN I,14.406987
2017-08-25,24,HOME AND KITCHEN I,17.293612
2017-08-26,24,HOME AND KITCHEN I,18.016417
2017-08-27,24,HOME AND KITCHEN I,17.859535
2017-08-28,24,HOME AND KITCHEN I,19.150707
2017-08-29,24,HOME AND KITCHEN I,19.003506
2017-08-30,24,HOME AND KITCHEN I,17.10135
2017-08-16,24,HOME AND KITCHEN II,17.612637
2017-08-17,24,HOME AND KITCHEN II,12.855601
2017-08-18,24,HOME AND KITCHEN II,13.079626
2017-08-19,24,HOME AND KITCHEN II,16.025269
2017-08-20,24,HOME AND KITCHEN II,14.770063
2017-08-21,24,HOME AND KITCHEN II,13.717966
2017-08-22,24,HOME AND KITCHEN II,13.817995
2017-08-23,24,HOME AND KITCHEN II,14.958278
2017-08-24,24,HOME AND KITCHEN II,12.555605
2017-08-25,24,HOME AND KITCHEN II,13.102593
2017-08-26,24,HOME AND KITCHEN II,17.391623
2017-08-27,24,HOME AND KITCHEN II,16.574394
2017-08-28,24,HOME AND KITCHEN II,13.568147
2017-08-29,24,HOME AND KITCHEN II,14.325388
2017-08-30,24,HOME AND KITCHEN II,16.940826
2017-08-16,24,HOME APPLIANCES,0.018214744
2017-08-17,24,HOME APPLIANCES,0.0
2017-08-18,24,HOME APPLIANCES,0.011881868
2017-08-19,24,HOME APPLIANCES,0.044653423
2017-08-20,24,HOME APPLIANCES,0.01414581
2017-08-21,24,HOME APPLIANCES,0.06470455
2017-08-22,24,HOME APPLIANCES,0.022990266
2017-08-23,24,HOME APPLIANCES,0.02908321
2017-08-24,24,HOME APPLIANCES,0.040228885
2017-08-25,24,HOME APPLIANCES,0.04186285
2017-08-26,24,HOME APPLIANCES,0.06581662
2017-08-27,24,HOME APPLIANCES,0.0692495
2017-08-28,24,HOME APPLIANCES,0.061417654
2017-08-29,24,HOME APPLIANCES,0.027778294
2017-08-30,24,HOME APPLIANCES,0.07835428
2017-08-16,24,HOME CARE,123.112946
2017-08-17,24,HOME CARE,90.70065
2017-08-18,24,HOME CARE,88.1422
2017-08-19,24,HOME CARE,108.04843
2017-08-20,24,HOME CARE,116.7004
2017-08-21,24,HOME CARE,75.29417
2017-08-22,24,HOME CARE,79.606224
2017-08-23,24,HOME CARE,104.30066
2017-08-24,24,HOME CARE,73.95059
2017-08-25,24,HOME CARE,85.504845
2017-08-26,24,HOME CARE,116.674355
2017-08-27,24,HOME CARE,108.99521
2017-08-28,24,HOME CARE,75.833435
2017-08-29,24,HOME CARE,71.104774
2017-08-30,24,HOME CARE,92.180244
2017-08-16,24,LADIESWEAR,34.77083
2017-08-17,24,LADIESWEAR,18.893711
2017-08-18,24,LADIESWEAR,21.473156
2017-08-19,24,LADIESWEAR,23.495659
2017-08-20,24,LADIESWEAR,18.834904
2017-08-21,24,LADIESWEAR,19.086685
2017-08-22,24,LADIESWEAR,17.522015
2017-08-23,24,LADIESWEAR,28.214437
2017-08-24,24,LADIESWEAR,18.402473
2017-08-25,24,LADIESWEAR,21.270721
2017-08-26,24,LADIESWEAR,24.51803
2017-08-27,24,LADIESWEAR,15.85233
2017-08-28,24,LADIESWEAR,18.182104
2017-08-29,24,LADIESWEAR,15.209103
2017-08-30,24,LADIESWEAR,21.4917
2017-08-16,24,LAWN AND GARDEN,7.9577036
2017-08-17,24,LAWN AND GARDEN,5.485071
2017-08-18,24,LAWN AND GARDEN,6.9221835
2017-08-19,24,LAWN AND GARDEN,6.5900245
2017-08-20,24,LAWN AND GARDEN,5.5263352
2017-08-21,24,LAWN AND GARDEN,5.081096
2017-08-22,24,LAWN AND GARDEN,5.3530602
2017-08-23,24,LAWN AND GARDEN,5.7732544
2017-08-24,24,LAWN AND GARDEN,5.9554358
2017-08-25,24,LAWN AND GARDEN,7.2970567
2017-08-26,24,LAWN AND GARDEN,7.4114428
2017-08-27,24,LAWN AND GARDEN,7.8681283
2017-08-28,24,LAWN AND GARDEN,6.556561
2017-08-29,24,LAWN AND GARDEN,6.5649195
2017-08-30,24,LAWN AND GARDEN,6.418414
2017-08-16,24,LINGERIE,213.31805
2017-08-17,24,LINGERIE,80.5244
2017-08-18,24,LINGERIE,212.97191
2017-08-19,24,LINGERIE,181.22464
2017-08-20,24,LINGERIE,124.065796
2017-08-21,24,LINGERIE,165.59628
2017-08-22,24,LINGERIE,164.36697
2017-08-23,24,LINGERIE,178.67375
2017-08-24,24,LINGERIE,62.30392
2017-08-25,24,LINGERIE,199.65437
2017-08-26,24,LINGERIE,153.74113
2017-08-27,24,LINGERIE,98.93232
2017-08-28,24,LINGERIE,135.79613
2017-08-29,24,LINGERIE,142.51552
2017-08-30,24,LINGERIE,152.41664
2017-08-16,24,"LIQUOR,WINE,BEER",12.679975
2017-08-17,24,"LIQUOR,WINE,BEER",8.84223
2017-08-18,24,"LIQUOR,WINE,BEER",7.1436014
2017-08-19,24,"LIQUOR,WINE,BEER",9.261756
2017-08-20,24,"LIQUOR,WINE,BEER",7.9925
2017-08-21,24,"LIQUOR,WINE,BEER",6.5832524
2017-08-22,24,"LIQUOR,WINE,BEER",6.093384
2017-08-23,24,"LIQUOR,WINE,BEER",6.6937857
2017-08-24,24,"LIQUOR,WINE,BEER",5.7833652
2017-08-25,24,"LIQUOR,WINE,BEER",5.9063425
2017-08-26,24,"LIQUOR,WINE,BEER",7.393952
2017-08-27,24,"LIQUOR,WINE,BEER",5.9733114
2017-08-28,24,"LIQUOR,WINE,BEER",5.25294
2017-08-29,24,"LIQUOR,WINE,BEER",4.6632023
2017-08-30,24,"LIQUOR,WINE,BEER",5.7146354
2017-08-16,24,MAGAZINES,218.79315
2017-08-17,24,MAGAZINES,190.37848
2017-08-18,24,MAGAZINES,323.17453
2017-08-19,24,MAGAZINES,193.69214
2017-08-20,24,MAGAZINES,202.0837
2017-08-21,24,MAGAZINES,173.94844
2017-08-22,24,MAGAZINES,204.79411
2017-08-23,24,MAGAZINES,222.0179
2017-08-24,24,MAGAZINES,166.38918
2017-08-25,24,MAGAZINES,301.7185
2017-08-26,24,MAGAZINES,173.07248
2017-08-27,24,MAGAZINES,190.71674
2017-08-28,24,MAGAZINES,175.00441
2017-08-29,24,MAGAZINES,186.82593
2017-08-30,24,MAGAZINES,213.94308
2017-08-16,24,MEATS,111.935585
2017-08-17,24,MEATS,98.88841
2017-08-18,24,MEATS,94.12372
2017-08-19,24,MEATS,127.81158
2017-08-20,24,MEATS,112.181404
2017-08-21,24,MEATS,89.9928
2017-08-22,24,MEATS,97.62381
2017-08-23,24,MEATS,109.84439
2017-08-24,24,MEATS,93.45578
2017-08-25,24,MEATS,84.90175
2017-08-26,24,MEATS,115.78627
2017-08-27,24,MEATS,103.968864
2017-08-28,24,MEATS,88.21001
2017-08-29,24,MEATS,97.86768
2017-08-30,24,MEATS,107.08173
2017-08-16,24,PERSONAL CARE,4.891105
2017-08-17,24,PERSONAL CARE,3.3687222
2017-08-18,24,PERSONAL CARE,3.7098444
2017-08-19,24,PERSONAL CARE,4.574818
2017-08-20,24,PERSONAL CARE,4.4608345
2017-08-21,24,PERSONAL CARE,3.3351169
2017-08-22,24,PERSONAL CARE,3.7219787
2017-08-23,24,PERSONAL CARE,3.389604
2017-08-24,24,PERSONAL CARE,2.9839258
2017-08-25,24,PERSONAL CARE,2.7896566
2017-08-26,24,PERSONAL CARE,3.3457384
2017-08-27,24,PERSONAL CARE,3.0521646
2017-08-28,24,PERSONAL CARE,3.084889
2017-08-29,24,PERSONAL CARE,2.9933333
2017-08-30,24,PERSONAL CARE,3.5743508
2017-08-16,24,PET SUPPLIES,6.297231
2017-08-17,24,PET SUPPLIES,5.2462244
2017-08-18,24,PET SUPPLIES,5.205604
2017-08-19,24,PET SUPPLIES,5.7136645
2017-08-20,24,PET SUPPLIES,5.0707374
2017-08-21,24,PET SUPPLIES,3.7363052
2017-08-22,24,PET SUPPLIES,4.524066
2017-08-23,24,PET SUPPLIES,4.4814076
2017-08-24,24,PET SUPPLIES,4.1079392
2017-08-25,24,PET SUPPLIES,4.2233744
2017-08-26,24,PET SUPPLIES,4.1312304
2017-08-27,24,PET SUPPLIES,4.8482046
2017-08-28,24,PET SUPPLIES,4.9034266
2017-08-29,24,PET SUPPLIES,4.1048093
2017-08-30,24,PET SUPPLIES,4.3434606
2017-08-16,24,PLAYERS AND ELECTRONICS,209.13464
2017-08-17,24,PLAYERS AND ELECTRONICS,164.96986
2017-08-18,24,PLAYERS AND ELECTRONICS,255.60191
2017-08-19,24,PLAYERS AND ELECTRONICS,176.64108
2017-08-20,24,PLAYERS AND ELECTRONICS,173.27054
2017-08-21,24,PLAYERS AND ELECTRONICS,151.53262
2017-08-22,24,PLAYERS AND ELECTRONICS,185.97734
2017-08-23,24,PLAYERS AND ELECTRONICS,191.55618
2017-08-24,24,PLAYERS AND ELECTRONICS,162.20454
2017-08-25,24,PLAYERS AND ELECTRONICS,208.85512
2017-08-26,24,PLAYERS AND ELECTRONICS,178.4549
2017-08-27,24,PLAYERS AND ELECTRONICS,165.20772
2017-08-28,24,PLAYERS AND ELECTRONICS,135.3992
2017-08-29,24,PLAYERS AND ELECTRONICS,154.65564
2017-08-30,24,PLAYERS AND ELECTRONICS,181.89589
2017-08-16,24,POULTRY,43.11647
2017-08-17,24,POULTRY,38.942444
2017-08-18,24,POULTRY,34.27204
2017-08-19,24,POULTRY,47.33632
2017-08-20,24,POULTRY,43.050747
2017-08-21,24,POULTRY,38.382317
2017-08-22,24,POULTRY,40.673813
2017-08-23,24,POULTRY,48.17579
2017-08-24,24,POULTRY,41.172535
2017-08-25,24,POULTRY,38.153797
2017-08-26,24,POULTRY,42.944046
2017-08-27,24,POULTRY,38.344353
2017-08-28,24,POULTRY,36.196148
2017-08-29,24,POULTRY,38.02981
2017-08-30,24,POULTRY,45.586304
2017-08-16,24,PREPARED FOODS,2758.4058
2017-08-17,24,PREPARED FOODS,1262.1884
2017-08-18,24,PREPARED FOODS,927.09406
2017-08-19,24,PREPARED FOODS,1238.6877
2017-08-20,24,PREPARED FOODS,1299.1783
2017-08-21,24,PREPARED FOODS,1325.124
2017-08-22,24,PREPARED FOODS,1390.249
2017-08-23,24,PREPARED FOODS,2431.4165
2017-08-24,24,PREPARED FOODS,859.5837
2017-08-25,24,PREPARED FOODS,725.9792
2017-08-26,24,PREPARED FOODS,935.0396
2017-08-27,24,PREPARED FOODS,1008.0678
2017-08-28,24,PREPARED FOODS,1013.27734
2017-08-29,24,PREPARED FOODS,1011.05664
2017-08-30,24,PREPARED FOODS,1966.4928
2017-08-16,24,PRODUCE,1.19369
2017-08-17,24,PRODUCE,0.5561939
2017-08-18,24,PRODUCE,0.77126545
2017-08-19,24,PRODUCE,0.7512715
2017-08-20,24,PRODUCE,0.6551305
2017-08-21,24,PRODUCE,0.49773493
2017-08-22,24,PRODUCE,0.5606547
2017-08-23,24,PRODUCE,0.7683238
2017-08-24,24,PRODUCE,0.67282385
2017-08-25,24,PRODUCE,0.6690957
2017-08-26,24,PRODUCE,0.57769156
2017-08-27,24,PRODUCE,0.74660444
2017-08-28,24,PRODUCE,0.5817938
2017-08-29,24,PRODUCE,0.671278
2017-08-30,24,PRODUCE,0.5467885
2017-08-16,24,SCHOOL AND OFFICE SUPPLIES,7.140403
2017-08-17,24,SCHOOL AND OFFICE SUPPLIES,6.8978434
2017-08-18,24,SCHOOL AND OFFICE SUPPLIES,7.07016
2017-08-19,24,SCHOOL AND OFFICE SUPPLIES,8.45845
2017-08-20,24,SCHOOL AND OFFICE SUPPLIES,6.433644
2017-08-21,24,SCHOOL AND OFFICE SUPPLIES,6.2563543
2017-08-22,24,SCHOOL AND OFFICE SUPPLIES,5.805772
2017-08-23,24,SCHOOL AND OFFICE SUPPLIES,6.6831584
2017-08-24,24,SCHOOL AND OFFICE SUPPLIES,6.9011483
2017-08-25,24,SCHOOL AND OFFICE SUPPLIES,7.042752
2017-08-26,24,SCHOOL AND OFFICE SUPPLIES,7.920635
2017-08-27,24,SCHOOL AND OFFICE SUPPLIES,7.7077355
2017-08-28,24,SCHOOL AND OFFICE SUPPLIES,5.735807
2017-08-29,24,SCHOOL AND OFFICE SUPPLIES,5.876654
2017-08-30,24,SCHOOL AND OFFICE SUPPLIES,6.2767015
2017-08-16,24,SEAFOOD,4.1678534
2017-08-17,24,SEAFOOD,4.5059185
2017-08-18,24,SEAFOOD,4.557506
2017-08-19,24,SEAFOOD,4.604366
2017-08-20,24,SEAFOOD,3.8735068
2017-08-21,24,SEAFOOD,4.1556
2017-08-22,24,SEAFOOD,4.2463145
2017-08-23,24,SEAFOOD,4.176248
2017-08-24,24,SEAFOOD,4.644026
2017-08-25,24,SEAFOOD,4.271648
2017-08-26,24,SEAFOOD,4.2480607
2017-08-27,24,SEAFOOD,3.878186
2017-08-28,24,SEAFOOD,3.7939122
2017-08-29,24,SEAFOOD,4.3755207
2017-08-30,24,SEAFOOD,4.0847473
2017-08-16,25,AUTOMOTIVE,0.0
2017-08-17,25,AUTOMOTIVE,0.0116522405
2017-08-18,25,AUTOMOTIVE,0.016196812
2017-08-19,25,AUTOMOTIVE,0.0
2017-08-20,25,AUTOMOTIVE,0.004061603
2017-08-21,25,AUTOMOTIVE,0.01768839
2017-08-22,25,AUTOMOTIVE,0.0
2017-08-23,25,AUTOMOTIVE,0.0077005574
2017-08-24,25,AUTOMOTIVE,0.024838783
2017-08-25,25,AUTOMOTIVE,0.026628513
2017-08-26,25,AUTOMOTIVE,0.027462102
2017-08-27,25,AUTOMOTIVE,0.020433445
2017-08-28,25,AUTOMOTIVE,0.0008147335
2017-08-29,25,AUTOMOTIVE,0.0
2017-08-30,25,AUTOMOTIVE,0.030010365
2017-08-16,25,BABY CARE,0.6501292
2017-08-17,25,BABY CARE,0.9094237
2017-08-18,25,BABY CARE,0.64315045
2017-08-19,25,BABY CARE,0.6469963
2017-08-20,25,BABY CARE,0.5732828
2017-08-21,25,BABY CARE,0.7433456
2017-08-22,25,BABY CARE,0.7204207
2017-08-23,25,BABY CARE,0.8076649
2017-08-24,25,BABY CARE,0.76461154
2017-08-25,25,BABY CARE,0.63321567
2017-08-26,25,BABY CARE,0.6245222
2017-08-27,25,BABY CARE,0.6580122
2017-08-28,25,BABY CARE,0.609645
2017-08-29,25,BABY CARE,0.5907511
2017-08-30,25,BABY CARE,0.5824797
2017-08-16,25,BEAUTY,800.4297
2017-08-17,25,BEAUTY,1078.3212
2017-08-18,25,BEAUTY,932.6927
2017-08-19,25,BEAUTY,979.60364
2017-08-20,25,BEAUTY,1014.30414
2017-08-21,25,BEAUTY,941.02966
2017-08-22,25,BEAUTY,740.93396
2017-08-23,25,BEAUTY,863.2367
2017-08-24,25,BEAUTY,1134.7181
2017-08-25,25,BEAUTY,1037.2468
2017-08-26,25,BEAUTY,1088.0507
2017-08-27,25,BEAUTY,1092.3654
2017-08-28,25,BEAUTY,1046.6742
2017-08-29,25,BEAUTY,866.78375
2017-08-30,25,BEAUTY,1019.45996
2017-08-16,25,BEVERAGES,0.0041125445
2017-08-17,25,BEVERAGES,0.009244656
2017-08-18,25,BEVERAGES,0.015726807
2017-08-19,25,BEVERAGES,0.018763453
2017-08-20,25,BEVERAGES,0.014222014
2017-08-21,25,BEVERAGES,0.004602652
2017-08-22,25,BEVERAGES,0.00936354
2017-08-23,25,BEVERAGES,0.0040061506
2017-08-24,25,BEVERAGES,0.012429826
2017-08-25,25,BEVERAGES,0.004129118
2017-08-26,25,BEVERAGES,0.014625435
2017-08-27,25,BEVERAGES,0.023617519
2017-08-28,25,BEVERAGES,0.0077213882
2017-08-29,25,BEVERAGES,0.0041754656
2017-08-30,25,BEVERAGES,0.0059773345
2017-08-16,25,BOOKS,243.88773
2017-08-17,25,BOOKS,265.78094
2017-08-18,25,BOOKS,238.32883
2017-08-19,25,BOOKS,248.93869
2017-08-20,25,BOOKS,248.28217
2017-08-21,25,BOOKS,235.93907
2017-08-22,25,BOOKS,204.41173
2017-08-23,25,BOOKS,243.10414
2017-08-24,25,BOOKS,284.66263
2017-08-25,25,BOOKS,247.36324
2017-08-26,25,BOOKS,283.4558
2017-08-27,25,BOOKS,249.58745
2017-08-28,25,BOOKS,246.52274
2017-08-29,25,BOOKS,208.64523
2017-08-30,25,BOOKS,247.18054
2017-08-16,25,BREAD/BAKERY,6.208963
2017-08-17,25,BREAD/BAKERY,6.6808286
2017-08-18,25,BREAD/BAKERY,6.9998813
2017-08-19,25,BREAD/BAKERY,7.307235
2017-08-20,25,BREAD/BAKERY,5.5706005
2017-08-21,25,BREAD/BAKERY,7.1276536
2017-08-22,25,BREAD/BAKERY,5.564541
2017-08-23,25,BREAD/BAKERY,7.7427154
2017-08-24,25,BREAD/BAKERY,6.6068554
2017-08-25,25,BREAD/BAKERY,6.4779334
2017-08-26,25,BREAD/BAKERY,7.00833
2017-08-27,25,BREAD/BAKERY,6.9489307
2017-08-28,25,BREAD/BAKERY,7.9665165
2017-08-29,25,BREAD/BAKERY,6.6022606
2017-08-30,25,BREAD/BAKERY,7.7907553
2017-08-16,25,CELEBRATION,383.95624
2017-08-17,25,CELEBRATION,416.06488
2017-08-18,25,CELEBRATION,343.4892
2017-08-19,25,CELEBRATION,381.61783
2017-08-20,25,CELEBRATION,373.2231
2017-08-21,25,CELEBRATION,357.66602
2017-08-22,25,CELEBRATION,277.03683
2017-08-23,25,CELEBRATION,375.07928
2017-08-24,25,CELEBRATION,447.524
2017-08-25,25,CELEBRATION,370.243
2017-08-26,25,CELEBRATION,397.3264
2017-08-27,25,CELEBRATION,367.58234
2017-08-28,25,CELEBRATION,346.1261
2017-08-29,25,CELEBRATION,296.4185
2017-08-30,25,CELEBRATION,396.0338
2017-08-16,25,CLEANING,285.9273
2017-08-17,25,CLEANING,295.59448
2017-08-18,25,CLEANING,254.3601
2017-08-19,25,CLEANING,264.2637
2017-08-20,25,CLEANING,288.44733
2017-08-21,25,CLEANING,248.9255
2017-08-22,25,CLEANING,237.09245
2017-08-23,25,CLEANING,264.11905
2017-08-24,25,CLEANING,315.54935
2017-08-25,25,CLEANING,284.9896
2017-08-26,25,CLEANING,284.58646
2017-08-27,25,CLEANING,276.31857
2017-08-28,25,CLEANING,239.79332
2017-08-29,25,CLEANING,228.7778
2017-08-30,25,CLEANING,281.2234
2017-08-16,25,DAIRY,101.97787
2017-08-17,25,DAIRY,96.44291
2017-08-18,25,DAIRY,113.48664
2017-08-19,25,DAIRY,103.9526
2017-08-20,25,DAIRY,99.3717
2017-08-21,25,DAIRY,97.29728
2017-08-22,25,DAIRY,81.13438
2017-08-23,25,DAIRY,104.61845
2017-08-24,25,DAIRY,97.920166
2017-08-25,25,DAIRY,114.085945
2017-08-26,25,DAIRY,94.09734
2017-08-27,25,DAIRY,93.84085
2017-08-28,25,DAIRY,86.47804
2017-08-29,25,DAIRY,74.33418
2017-08-30,25,DAIRY,94.354576
2017-08-16,25,DELI,38.938843
2017-08-17,25,DELI,43.730583
2017-08-18,25,DELI,48.126846
2017-08-19,25,DELI,37.405025
2017-08-20,25,DELI,39.986492
2017-08-21,25,DELI,35.25031
2017-08-22,25,DELI,34.254982
2017-08-23,25,DELI,37.713
2017-08-24,25,DELI,45.979668
2017-08-25,25,DELI,51.620663
2017-08-26,25,DELI,39.08953
2017-08-27,25,DELI,40.75159
2017-08-28,25,DELI,35.33868
2017-08-29,25,DELI,31.99782
2017-08-30,25,DELI,38.22158
2017-08-16,25,EGGS,39.66297
2017-08-17,25,EGGS,37.06967
2017-08-18,25,EGGS,28.656246
2017-08-19,25,EGGS,29.88378
2017-08-20,25,EGGS,29.177237
2017-08-21,25,EGGS,32.265297
2017-08-22,25,EGGS,25.68916
2017-08-23,25,EGGS,40.76098
2017-08-24,25,EGGS,37.796524
2017-08-25,25,EGGS,28.007961
2017-08-26,25,EGGS,34.19827
2017-08-27,25,EGGS,36.456177
2017-08-28,25,EGGS,30.770727
2017-08-29,25,EGGS,26.861067
2017-08-30,25,EGGS,41.751846
2017-08-16,25,FROZEN FOODS,1521.4192
2017-08-17,25,FROZEN FOODS,1556.9467
2017-08-18,25,FROZEN FOODS,1241.9672
2017-08-19,25,FROZEN FOODS,1514.0654
2017-08-20,25,FROZEN FOODS,1611.4966
2017-08-21,25,FROZEN FOODS,1562.0728
2017-08-22,25,FROZEN FOODS,1403.2112
2017-08-23,25,FROZEN FOODS,1602.4623
2017-08-24,25,FROZEN FOODS,2297.358
2017-08-25,25,FROZEN FOODS,1677.4784
2017-08-26,25,FROZEN FOODS,1898.9818
2017-08-27,25,FROZEN FOODS,1844.5015
2017-08-28,25,FROZEN FOODS,1841.7256
2017-08-29,25,FROZEN FOODS,1384.1553
2017-08-30,25,FROZEN FOODS,1789.0547
2017-08-16,25,GROCERY I,4.6233134
2017-08-17,25,GROCERY I,5.2787237
2017-08-18,25,GROCERY I,5.6648626
2017-08-19,25,GROCERY I,5.94191
2017-08-20,25,GROCERY I,5.169732
2017-08-21,25,GROCERY I,5.5356092
2017-08-22,25,GROCERY I,3.4588182
2017-08-23,25,GROCERY I,5.602433
2017-08-24,25,GROCERY I,4.7987223
2017-08-25,25,GROCERY I,5.239239
2017-08-26,25,GROCERY I,5.452337
2017-08-27,25,GROCERY I,5.554658
2017-08-28,25,GROCERY I,5.0444517
2017-08-29,25,GROCERY I,4.6328444
2017-08-30,25,GROCERY I,5.1548705
2017-08-16,25,GROCERY II,0.9419336
2017-08-17,25,GROCERY II,0.93728375
2017-08-18,25,GROCERY II,0.7802598
2017-08-19,25,GROCERY II,0.6474803
2017-08-20,25,GROCERY II,0.77545696
2017-08-21,25,GROCERY II,0.6703201
2017-08-22,25,GROCERY II,0.69577694
2017-08-23,25,GROCERY II,0.75520694
2017-08-24,25,GROCERY II,0.93249446
2017-08-25,25,GROCERY II,0.96983016
2017-08-26,25,GROCERY II,0.9302112
2017-08-27,25,GROCERY II,0.56753594
2017-08-28,25,GROCERY II,0.73642147
2017-08-29,25,GROCERY II,0.49889442
2017-08-30,25,GROCERY II,0.8918352
2017-08-16,25,HARDWARE,14.322092
2017-08-17,25,HARDWARE,11.445471
2017-08-18,25,HARDWARE,11.488139
2017-08-19,25,HARDWARE,11.12478
2017-08-20,25,HARDWARE,11.225764
2017-08-21,25,HARDWARE,9.657711
2017-08-22,25,HARDWARE,8.854442
2017-08-23,25,HARDWARE,8.765655
2017-08-24,25,HARDWARE,9.0912695
2017-08-25,25,HARDWARE,8.393354
2017-08-26,25,HARDWARE,10.7487335
2017-08-27,25,HARDWARE,9.4684515
2017-08-28,25,HARDWARE,9.211585
2017-08-29,25,HARDWARE,8.3107815
2017-08-30,25,HARDWARE,9.602463
2017-08-16,25,HOME AND KITCHEN I,8.783937
2017-08-17,25,HOME AND KITCHEN I,8.012892
2017-08-18,25,HOME AND KITCHEN I,8.709487
2017-08-19,25,HOME AND KITCHEN I,10.472936
2017-08-20,25,HOME AND KITCHEN I,10.301535
2017-08-21,25,HOME AND KITCHEN I,8.125756
2017-08-22,25,HOME AND KITCHEN I,6.753345
2017-08-23,25,HOME AND KITCHEN I,8.516493
2017-08-24,25,HOME AND KITCHEN I,9.171109
2017-08-25,25,HOME AND KITCHEN I,11.178879
2017-08-26,25,HOME AND KITCHEN I,10.490117
2017-08-27,25,HOME AND KITCHEN I,9.235016
2017-08-28,25,HOME AND KITCHEN I,8.238276
2017-08-29,25,HOME AND KITCHEN I,6.8481727
2017-08-30,25,HOME AND KITCHEN I,8.07927
2017-08-16,25,HOME AND KITCHEN II,0.33640164
2017-08-17,25,HOME AND KITCHEN II,0.3733855
2017-08-18,25,HOME AND KITCHEN II,0.41286156
2017-08-19,25,HOME AND KITCHEN II,0.29986435
2017-08-20,25,HOME AND KITCHEN II,0.25449982
2017-08-21,25,HOME AND KITCHEN II,0.36471915
2017-08-22,25,HOME AND KITCHEN II,0.30970207
2017-08-23,25,HOME AND KITCHEN II,0.32945707
2017-08-24,25,HOME AND KITCHEN II,0.43560827
2017-08-25,25,HOME AND KITCHEN II,0.3271895
2017-08-26,25,HOME AND KITCHEN II,0.3440568
2017-08-27,25,HOME AND KITCHEN II,0.407068
2017-08-28,25,HOME AND KITCHEN II,0.30893168
2017-08-29,25,HOME AND KITCHEN II,0.2539734
2017-08-30,25,HOME AND KITCHEN II,0.32841712
2017-08-16,25,HOME APPLIANCES,86.64163
2017-08-17,25,HOME APPLIANCES,85.89198
2017-08-18,25,HOME APPLIANCES,94.11445
2017-08-19,25,HOME APPLIANCES,96.27962
2017-08-20,25,HOME APPLIANCES,88.173164
2017-08-21,25,HOME APPLIANCES,77.258965
2017-08-22,25,HOME APPLIANCES,63.409824
2017-08-23,25,HOME APPLIANCES,78.045296
2017-08-24,25,HOME APPLIANCES,81.06392
2017-08-25,25,HOME APPLIANCES,93.78484
2017-08-26,25,HOME APPLIANCES,91.9291
2017-08-27,25,HOME APPLIANCES,89.458374
2017-08-28,25,HOME APPLIANCES,64.97335
2017-08-29,25,HOME APPLIANCES,61.23142
2017-08-30,25,HOME APPLIANCES,82.1028
2017-08-16,25,HOME CARE,0.04425459
2017-08-17,25,HOME CARE,0.09018695
2017-08-18,25,HOME CARE,0.14678021
2017-08-19,25,HOME CARE,0.19302009
2017-08-20,25,HOME CARE,0.103220806
2017-08-21,25,HOME CARE,0.21272996
2017-08-22,25,HOME CARE,0.19034067
2017-08-23,25,HOME CARE,0.20730345
2017-08-24,25,HOME CARE,0.27471176
2017-08-25,25,HOME CARE,0.40129963
2017-08-26,25,HOME CARE,0.34702465
2017-08-27,25,HOME CARE,0.29660177
2017-08-28,25,HOME CARE,0.22335783
2017-08-29,25,HOME CARE,0.30641508
2017-08-30,25,HOME CARE,0.3721964
2017-08-16,25,LAWN AND GARDEN,5.4811587
2017-08-17,25,LAWN AND GARDEN,5.321902
2017-08-18,25,LAWN AND GARDEN,5.8921623
2017-08-19,25,LAWN AND GARDEN,5.8365526
2017-08-20,25,LAWN AND GARDEN,5.0831275
2017-08-21,25,LAWN AND GARDEN,5.453151
2017-08-22,25,LAWN AND GARDEN,3.099769
2017-08-23,25,LAWN AND GARDEN,4.363195
2017-08-24,25,LAWN AND GARDEN,5.566304
2017-08-25,25,LAWN AND GARDEN,4.396616
2017-08-26,25,LAWN AND GARDEN,4.1324944
2017-08-27,25,LAWN AND GARDEN,4.5478654
2017-08-28,25,LAWN AND GARDEN,5.2402267
2017-08-29,25,LAWN AND GARDEN,3.2293346
2017-08-30,25,LAWN AND GARDEN,4.152623
2017-08-16,25,LINGERIE,1.0509286
2017-08-17,25,LINGERIE,1.5605127
2017-08-18,25,LINGERIE,1.489893
2017-08-19,25,LINGERIE,2.0413272
2017-08-20,25,LINGERIE,1.583517
2017-08-21,25,LINGERIE,1.2579867
2017-08-22,25,LINGERIE,1.1133331
2017-08-23,25,LINGERIE,1.9022247
2017-08-24,25,LINGERIE,2.1480362
2017-08-25,25,LINGERIE,2.1183958
2017-08-26,25,LINGERIE,2.0209105
2017-08-27,25,LINGERIE,2.128321
2017-08-28,25,LINGERIE,1.5394183
2017-08-29,25,LINGERIE,2.1004114
2017-08-30,25,LINGERIE,2.2881744
2017-08-16,25,"LIQUOR,WINE,BEER",28.423403
2017-08-17,25,"LIQUOR,WINE,BEER",36.84266
2017-08-18,25,"LIQUOR,WINE,BEER",34.652847
2017-08-19,25,"LIQUOR,WINE,BEER",29.516254
2017-08-20,25,"LIQUOR,WINE,BEER",22.10202
2017-08-21,25,"LIQUOR,WINE,BEER",29.16438
2017-08-22,25,"LIQUOR,WINE,BEER",26.563656
2017-08-23,25,"LIQUOR,WINE,BEER",34.08786
2017-08-24,25,"LIQUOR,WINE,BEER",26.61497
2017-08-25,25,"LIQUOR,WINE,BEER",30.294373
2017-08-26,25,"LIQUOR,WINE,BEER",21.429165
2017-08-27,25,"LIQUOR,WINE,BEER",19.229404
2017-08-28,25,"LIQUOR,WINE,BEER",30.499296
2017-08-29,25,"LIQUOR,WINE,BEER",19.773468
2017-08-30,25,"LIQUOR,WINE,BEER",28.487621
2017-08-16,25,MAGAZINES,0.20471363
2017-08-17,25,MAGAZINES,0.26619655
2017-08-18,25,MAGAZINES,0.34039727
2017-08-19,25,MAGAZINES,0.25247708
2017-08-20,25,MAGAZINES,0.17650379
2017-08-21,25,MAGAZINES,0.10591221
2017-08-22,25,MAGAZINES,0.18935837
2017-08-23,25,MAGAZINES,0.22348922
2017-08-24,25,MAGAZINES,0.32145637
2017-08-25,25,MAGAZINES,0.1885161
2017-08-26,25,MAGAZINES,0.21587352
2017-08-27,25,MAGAZINES,0.21000075
2017-08-28,25,MAGAZINES,0.17999057
2017-08-29,25,MAGAZINES,0.2188188
2017-08-30,25,MAGAZINES,0.23245375
2017-08-16,25,MEATS,275.8325
2017-08-17,25,MEATS,322.80066
2017-08-18,25,MEATS,427.16296
2017-08-19,25,MEATS,255.06238
2017-08-20,25,MEATS,272.82922
2017-08-21,25,MEATS,262.69937
2017-08-22,25,MEATS,225.78778
2017-08-23,25,MEATS,290.86926
2017-08-24,25,MEATS,309.89328
2017-08-25,25,MEATS,462.3335
2017-08-26,25,MEATS,257.19385
2017-08-27,25,MEATS,295.09387
2017-08-28,25,MEATS,249.21994
2017-08-29,25,MEATS,226.85298
2017-08-30,25,MEATS,302.71384
2017-08-16,25,PERSONAL CARE,133.42508
2017-08-17,25,PERSONAL CARE,159.64195
2017-08-18,25,PERSONAL CARE,126.018936
2017-08-19,25,PERSONAL CARE,137.8606
2017-08-20,25,PERSONAL CARE,136.74792
2017-08-21,25,PERSONAL CARE,119.34156
2017-08-22,25,PERSONAL CARE,106.73153
2017-08-23,25,PERSONAL CARE,120.67896
2017-08-24,25,PERSONAL CARE,156.34048
2017-08-25,25,PERSONAL CARE,137.90425
2017-08-26,25,PERSONAL CARE,165.73788
2017-08-27,25,PERSONAL CARE,149.2798
2017-08-28,25,PERSONAL CARE,133.13873
2017-08-29,25,PERSONAL CARE,115.4493
2017-08-30,25,PERSONAL CARE,148.89513
2017-08-16,25,PET SUPPLIES,2.4190307
2017-08-17,25,PET SUPPLIES,2.3854578
2017-08-18,25,PET SUPPLIES,2.0864763
2017-08-19,25,PET SUPPLIES,1.8302908
2017-08-20,25,PET SUPPLIES,1.7820724
2017-08-21,25,PET SUPPLIES,1.8054779
2017-08-22,25,PET SUPPLIES,2.1762428
2017-08-23,25,PET SUPPLIES,2.0374355
2017-08-24,25,PET SUPPLIES,2.2663057
2017-08-25,25,PET SUPPLIES,2.1611714
2017-08-26,25,PET SUPPLIES,1.9114742
2017-08-27,25,PET SUPPLIES,2.2606194
2017-08-28,25,PET SUPPLIES,2.0399086
2017-08-29,25,PET SUPPLIES,1.6792369
2017-08-30,25,PET SUPPLIES,1.576965
2017-08-16,25,PLAYERS AND ELECTRONICS,1.7096728
2017-08-17,25,PLAYERS AND ELECTRONICS,1.8547326
2017-08-18,25,PLAYERS AND ELECTRONICS,2.1511421
2017-08-19,25,PLAYERS AND ELECTRONICS,2.1273012
2017-08-20,25,PLAYERS AND ELECTRONICS,2.0686796
2017-08-21,25,PLAYERS AND ELECTRONICS,2.062422
2017-08-22,25,PLAYERS AND ELECTRONICS,1.6124045
2017-08-23,25,PLAYERS AND ELECTRONICS,1.9006736
2017-08-24,25,PLAYERS AND ELECTRONICS,2.1675339
2017-08-25,25,PLAYERS AND ELECTRONICS,1.8822674
2017-08-26,25,PLAYERS AND ELECTRONICS,1.681049
2017-08-27,25,PLAYERS AND ELECTRONICS,1.8717486
2017-08-28,25,PLAYERS AND ELECTRONICS,1.8225002
2017-08-29,25,PLAYERS AND ELECTRONICS,1.8326577
2017-08-30,25,PLAYERS AND ELECTRONICS,1.7950222
2017-08-16,25,POULTRY,161.33038
2017-08-17,25,POULTRY,175.56459
2017-08-18,25,POULTRY,190.71165
2017-08-19,25,POULTRY,151.54123
2017-08-20,25,POULTRY,156.3793
2017-08-21,25,POULTRY,150.52478
2017-08-22,25,POULTRY,139.18956
2017-08-23,25,POULTRY,162.38678
2017-08-24,25,POULTRY,174.426
2017-08-25,25,POULTRY,205.49593
2017-08-26,25,POULTRY,152.96037
2017-08-27,25,POULTRY,151.55405
2017-08-28,25,POULTRY,158.80139
2017-08-29,25,POULTRY,141.17966
2017-08-30,25,POULTRY,169.1381
2017-08-16,25,PREPARED FOODS,21.822653
2017-08-17,25,PREPARED FOODS,24.083838
2017-08-18,25,PREPARED FOODS,25.605513
2017-08-19,25,PREPARED FOODS,26.884617
2017-08-20,25,PREPARED FOODS,26.152744
2017-08-21,25,PREPARED FOODS,28.241508
2017-08-22,25,PREPARED FOODS,18.972973
2017-08-23,25,PREPARED FOODS,24.4313
2017-08-24,25,PREPARED FOODS,27.0143
2017-08-25,25,PREPARED FOODS,24.247248
2017-08-26,25,PREPARED FOODS,24.155731
2017-08-27,25,PREPARED FOODS,22.119997
2017-08-28,25,PREPARED FOODS,22.972544
2017-08-29,25,PREPARED FOODS,21.556452
2017-08-30,25,PREPARED FOODS,23.072317
2017-08-16,25,PRODUCE,889.5782
2017-08-17,25,PRODUCE,533.0214
2017-08-18,25,PRODUCE,403.74936
2017-08-19,25,PRODUCE,505.67096
2017-08-20,25,PRODUCE,505.08115
2017-08-21,25,PRODUCE,488.62732
2017-08-22,25,PRODUCE,364.9571
2017-08-23,25,PRODUCE,721.3628
2017-08-24,25,PRODUCE,395.4045
2017-08-25,25,PRODUCE,352.68756
2017-08-26,25,PRODUCE,390.41437
2017-08-27,25,PRODUCE,435.26007
2017-08-28,25,PRODUCE,449.453
2017-08-29,25,PRODUCE,400.88748
2017-08-30,25,PRODUCE,723.89355
2017-08-16,25,SCHOOL AND OFFICE SUPPLIES,0.9622781
2017-08-17,25,SCHOOL AND OFFICE SUPPLIES,0.84478515
2017-08-18,25,SCHOOL AND OFFICE SUPPLIES,1.0254985
2017-08-19,25,SCHOOL AND OFFICE SUPPLIES,0.84903914
2017-08-20,25,SCHOOL AND OFFICE SUPPLIES,0.90141785
2017-08-21,25,SCHOOL AND OFFICE SUPPLIES,0.6428164
2017-08-22,25,SCHOOL AND OFFICE SUPPLIES,0.74845916
2017-08-23,25,SCHOOL AND OFFICE SUPPLIES,0.7014028
2017-08-24,25,SCHOOL AND OFFICE SUPPLIES,1.1046554
2017-08-25,25,SCHOOL AND OFFICE SUPPLIES,0.98794866
2017-08-26,25,SCHOOL AND OFFICE SUPPLIES,0.85920835
2017-08-27,25,SCHOOL AND OFFICE SUPPLIES,0.887816
2017-08-28,25,SCHOOL AND OFFICE SUPPLIES,0.56804544
2017-08-29,25,SCHOOL AND OFFICE SUPPLIES,0.7681225
2017-08-30,25,SCHOOL AND OFFICE SUPPLIES,0.7146781
2017-08-16,25,SEAFOOD,3.318038
2017-08-17,25,SEAFOOD,3.4589472
2017-08-18,25,SEAFOOD,3.1362786
2017-08-19,25,SEAFOOD,2.4885247
2017-08-20,25,SEAFOOD,2.6296682
2017-08-21,25,SEAFOOD,2.5848088
2017-08-22,25,SEAFOOD,2.5169175
2017-08-23,25,SEAFOOD,3.3192902
2017-08-24,25,SEAFOOD,3.3616006
2017-08-25,25,SEAFOOD,3.1360762
2017-08-26,25,SEAFOOD,2.7710512
2017-08-27,25,SEAFOOD,2.7357183
2017-08-28,25,SEAFOOD,2.8163726
2017-08-29,25,SEAFOOD,2.717293
2017-08-30,25,SEAFOOD,3.308467
2017-08-16,26,AUTOMOTIVE,7.354816
2017-08-17,26,AUTOMOTIVE,7.134585
2017-08-18,26,AUTOMOTIVE,7.497557
2017-08-19,26,AUTOMOTIVE,5.218585
2017-08-20,26,AUTOMOTIVE,6.643333
2017-08-21,26,AUTOMOTIVE,5.8895288
2017-08-22,26,AUTOMOTIVE,6.4149847
2017-08-23,26,AUTOMOTIVE,6.4189777
2017-08-24,26,AUTOMOTIVE,7.9106727
2017-08-25,26,AUTOMOTIVE,6.223099
2017-08-26,26,AUTOMOTIVE,6.5522075
2017-08-27,26,AUTOMOTIVE,5.9595337
2017-08-28,26,AUTOMOTIVE,5.1682506
2017-08-29,26,AUTOMOTIVE,5.6735253
2017-08-30,26,AUTOMOTIVE,6.210318
2017-08-16,26,BABY CARE,0.14872184
2017-08-17,26,BABY CARE,0.1228929
2017-08-18,26,BABY CARE,0.14712976
2017-08-19,26,BABY CARE,0.15104759
2017-08-20,26,BABY CARE,0.1315411
2017-08-21,26,BABY CARE,0.087174684
2017-08-22,26,BABY CARE,0.12292995
2017-08-23,26,BABY CARE,0.14382927
2017-08-24,26,BABY CARE,0.19317089
2017-08-25,26,BABY CARE,0.16694695
2017-08-26,26,BABY CARE,0.14254934
2017-08-27,26,BABY CARE,0.11905277
2017-08-28,26,BABY CARE,0.041152697
2017-08-29,26,BABY CARE,0.12364848
2017-08-30,26,BABY CARE,0.13648096
2017-08-16,26,BEAUTY,3.5228102
2017-08-17,26,BEAUTY,4.0881605
2017-08-18,26,BEAUTY,3.0818875
2017-08-19,26,BEAUTY,3.322033
2017-08-20,26,BEAUTY,3.3812246
2017-08-21,26,BEAUTY,2.8244731
2017-08-22,26,BEAUTY,2.9499187
2017-08-23,26,BEAUTY,3.0390606
2017-08-24,26,BEAUTY,3.970416
2017-08-25,26,BEAUTY,3.5818236
2017-08-26,26,BEAUTY,2.905726
2017-08-27,26,BEAUTY,3.3016515
2017-08-28,26,BEAUTY,2.7390816
2017-08-29,26,BEAUTY,2.739479
2017-08-30,26,BEAUTY,3.4285812
2017-08-16,26,BEVERAGES,3429.8481
2017-08-17,26,BEVERAGES,4055.9658
2017-08-18,26,BEVERAGES,3548.9314
2017-08-19,26,BEVERAGES,3556.6453
2017-08-20,26,BEVERAGES,3535.9143
2017-08-21,26,BEVERAGES,2947.1145
2017-08-22,26,BEVERAGES,2803.3884
2017-08-23,26,BEVERAGES,3405.5435
2017-08-24,26,BEVERAGES,4177.1025
2017-08-25,26,BEVERAGES,3802.1858
2017-08-26,26,BEVERAGES,3627.1592
2017-08-27,26,BEVERAGES,3479.1194
2017-08-28,26,BEVERAGES,2865.777
2017-08-29,26,BEVERAGES,2894.4348
2017-08-30,26,BEVERAGES,3526.1543
2017-08-16,26,BOOKS,0.12202718
2017-08-17,26,BOOKS,0.13496245
2017-08-18,26,BOOKS,0.12199281
2017-08-19,26,BOOKS,0.16031505
2017-08-20,26,BOOKS,0.10929186
2017-08-21,26,BOOKS,0.1325627
2017-08-22,26,BOOKS,0.09838387
2017-08-23,26,BOOKS,0.12537785
2017-08-24,26,BOOKS,0.14979394
2017-08-25,26,BOOKS,0.105783574
2017-08-26,26,BOOKS,0.109868355
2017-08-27,26,BOOKS,0.120468386
2017-08-28,26,BOOKS,0.101032004
2017-08-29,26,BOOKS,0.13512713
2017-08-30,26,BOOKS,0.12618303
2017-08-16,26,BREAD/BAKERY,686.08215
2017-08-17,26,BREAD/BAKERY,743.29004
2017-08-18,26,BREAD/BAKERY,804.1529
2017-08-19,26,BREAD/BAKERY,785.82513
2017-08-20,26,BREAD/BAKERY,798.5764
2017-08-21,26,BREAD/BAKERY,644.409
2017-08-22,26,BREAD/BAKERY,620.42224
2017-08-23,26,BREAD/BAKERY,770.75006
2017-08-24,26,BREAD/BAKERY,896.7373
2017-08-25,26,BREAD/BAKERY,793.19324
2017-08-26,26,BREAD/BAKERY,793.2406
2017-08-27,26,BREAD/BAKERY,763.5981
2017-08-28,26,BREAD/BAKERY,644.2629
2017-08-29,26,BREAD/BAKERY,643.57465
2017-08-30,26,BREAD/BAKERY,760.8055
2017-08-16,26,CELEBRATION,18.323137
2017-08-17,26,CELEBRATION,17.88433
2017-08-18,26,CELEBRATION,19.612526
2017-08-19,26,CELEBRATION,17.13937
2017-08-20,26,CELEBRATION,18.162191
2017-08-21,26,CELEBRATION,19.17404
2017-08-22,26,CELEBRATION,16.764732
2017-08-23,26,CELEBRATION,19.067177
2017-08-24,26,CELEBRATION,17.56541
2017-08-25,26,CELEBRATION,18.459797
2017-08-26,26,CELEBRATION,17.679493
2017-08-27,26,CELEBRATION,17.713295
2017-08-28,26,CELEBRATION,16.241486
2017-08-29,26,CELEBRATION,16.480154
2017-08-30,26,CELEBRATION,18.212433
2017-08-16,26,CLEANING,968.5769
2017-08-17,26,CLEANING,1124.2863
2017-08-18,26,CLEANING,1018.05676
2017-08-19,26,CLEANING,982.02747
2017-08-20,26,CLEANING,972.58936
2017-08-21,26,CLEANING,785.28326
2017-08-22,26,CLEANING,759.5789
2017-08-23,26,CLEANING,928.6711
2017-08-24,26,CLEANING,1159.1302
2017-08-25,26,CLEANING,1055.3549
2017-08-26,26,CLEANING,1008.7451
2017-08-27,26,CLEANING,1004.47723
2017-08-28,26,CLEANING,834.8737
2017-08-29,26,CLEANING,832.5675
2017-08-30,26,CLEANING,917.20074
2017-08-16,26,DAIRY,1137.4032
2017-08-17,26,DAIRY,1231.395
2017-08-18,26,DAIRY,1199.2958
2017-08-19,26,DAIRY,1136.8577
2017-08-20,26,DAIRY,1160.4099
2017-08-21,26,DAIRY,934.24786
2017-08-22,26,DAIRY,956.93866
2017-08-23,26,DAIRY,1180.8245
2017-08-24,26,DAIRY,1428.2981
2017-08-25,26,DAIRY,1229.0203
2017-08-26,26,DAIRY,1137.859
2017-08-27,26,DAIRY,1141.3285
2017-08-28,26,DAIRY,936.2275
2017-08-29,26,DAIRY,961.5384
2017-08-30,26,DAIRY,1138.7268
2017-08-16,26,DELI,320.0793
2017-08-17,26,DELI,354.69696
2017-08-18,26,DELI,415.24365
2017-08-19,26,DELI,329.95718
2017-08-20,26,DELI,304.38046
2017-08-21,26,DELI,261.36075
2017-08-22,26,DELI,273.5864
2017-08-23,26,DELI,322.01508
2017-08-24,26,DELI,377.06128
2017-08-25,26,DELI,407.78073
2017-08-26,26,DELI,319.1041
2017-08-27,26,DELI,309.63995
2017-08-28,26,DELI,248.59804
2017-08-29,26,DELI,283.36786
2017-08-30,26,DELI,326.26007
2017-08-16,26,EGGS,257.47202
2017-08-17,26,EGGS,282.19168
2017-08-18,26,EGGS,333.68546
2017-08-19,26,EGGS,236.0785
2017-08-20,26,EGGS,258.6467
2017-08-21,26,EGGS,206.45425
2017-08-22,26,EGGS,206.39757
2017-08-23,26,EGGS,257.10577
2017-08-24,26,EGGS,304.11176
2017-08-25,26,EGGS,354.65833
2017-08-26,26,EGGS,234.92543
2017-08-27,26,EGGS,250.94095
2017-08-28,26,EGGS,209.27347
2017-08-29,26,EGGS,211.83742
2017-08-30,26,EGGS,258.12128
2017-08-16,26,FROZEN FOODS,160.79956
2017-08-17,26,FROZEN FOODS,157.89143
2017-08-18,26,FROZEN FOODS,144.70049
2017-08-19,26,FROZEN FOODS,159.32169
2017-08-20,26,FROZEN FOODS,169.54536
2017-08-21,26,FROZEN FOODS,125.97539
2017-08-22,26,FROZEN FOODS,119.6008
2017-08-23,26,FROZEN FOODS,159.5936
2017-08-24,26,FROZEN FOODS,165.69664
2017-08-25,26,FROZEN FOODS,135.5362
2017-08-26,26,FROZEN FOODS,149.4944
2017-08-27,26,FROZEN FOODS,146.20541
2017-08-28,26,FROZEN FOODS,126.232155
2017-08-29,26,FROZEN FOODS,128.2415
2017-08-30,26,FROZEN FOODS,169.31242
2017-08-16,26,GROCERY I,4472.098
2017-08-17,26,GROCERY I,4608.8467
2017-08-18,26,GROCERY I,4134.335
2017-08-19,26,GROCERY I,4082.466
2017-08-20,26,GROCERY I,4104.355
2017-08-21,26,GROCERY I,3467.5605
2017-08-22,26,GROCERY I,3341.8225
2017-08-23,26,GROCERY I,4209.0586
2017-08-24,26,GROCERY I,5606.6694
2017-08-25,26,GROCERY I,4719.8076
2017-08-26,26,GROCERY I,4460.388
2017-08-27,26,GROCERY I,4381.9663
2017-08-28,26,GROCERY I,3701.7927
2017-08-29,26,GROCERY I,3620.593
2017-08-30,26,GROCERY I,4645.961
2017-08-16,26,GROCERY II,30.639912
2017-08-17,26,GROCERY II,35.35694
2017-08-18,26,GROCERY II,29.125257
2017-08-19,26,GROCERY II,34.56828
2017-08-20,26,GROCERY II,31.474169
2017-08-21,26,GROCERY II,27.920708
2017-08-22,26,GROCERY II,25.22582
2017-08-23,26,GROCERY II,28.214209
2017-08-24,26,GROCERY II,29.845346
2017-08-25,26,GROCERY II,28.43254
2017-08-26,26,GROCERY II,32.498657
2017-08-27,26,GROCERY II,30.162851
2017-08-28,26,GROCERY II,27.010315
2017-08-29,26,GROCERY II,24.63071
2017-08-30,26,GROCERY II,26.754164
2017-08-16,26,HARDWARE,2.684984
2017-08-17,26,HARDWARE,2.5916724
2017-08-18,26,HARDWARE,2.8036492
2017-08-19,26,HARDWARE,2.5523393
2017-08-20,26,HARDWARE,2.8046465
2017-08-21,26,HARDWARE,2.3919737
2017-08-22,26,HARDWARE,2.4395347
2017-08-23,26,HARDWARE,2.0975592
2017-08-24,26,HARDWARE,2.6988363
2017-08-25,26,HARDWARE,2.2316146
2017-08-26,26,HARDWARE,2.6931834
2017-08-27,26,HARDWARE,2.7660065
2017-08-28,26,HARDWARE,2.3840156
2017-08-29,26,HARDWARE,2.0384347
2017-08-30,26,HARDWARE,2.1849458
2017-08-16,26,HOME AND KITCHEN I,17.995085
2017-08-17,26,HOME AND KITCHEN I,16.634901
2017-08-18,26,HOME AND KITCHEN I,19.02856
2017-08-19,26,HOME AND KITCHEN I,21.247446
2017-08-20,26,HOME AND KITCHEN I,19.965427
2017-08-21,26,HOME AND KITCHEN I,17.41329
2017-08-22,26,HOME AND KITCHEN I,14.180189
2017-08-23,26,HOME AND KITCHEN I,16.74975
2017-08-24,26,HOME AND KITCHEN I,16.124638
2017-08-25,26,HOME AND KITCHEN I,17.89868
2017-08-26,26,HOME AND KITCHEN I,19.367102
2017-08-27,26,HOME AND KITCHEN I,19.179934
2017-08-28,26,HOME AND KITCHEN I,15.763583
2017-08-29,26,HOME AND KITCHEN I,13.714348
2017-08-30,26,HOME AND KITCHEN I,17.918898
2017-08-16,26,HOME AND KITCHEN II,30.130505
2017-08-17,26,HOME AND KITCHEN II,33.478863
2017-08-18,26,HOME AND KITCHEN II,31.144361
2017-08-19,26,HOME AND KITCHEN II,33.007587
2017-08-20,26,HOME AND KITCHEN II,29.942709
2017-08-21,26,HOME AND KITCHEN II,24.301477
2017-08-22,26,HOME AND KITCHEN II,19.550909
2017-08-23,26,HOME AND KITCHEN II,27.147219
2017-08-24,26,HOME AND KITCHEN II,27.901846
2017-08-25,26,HOME AND KITCHEN II,26.27468
2017-08-26,26,HOME AND KITCHEN II,33.028973
2017-08-27,26,HOME AND KITCHEN II,32.693867
2017-08-28,26,HOME AND KITCHEN II,22.286886
2017-08-29,26,HOME AND KITCHEN II,20.13666
2017-08-30,26,HOME AND KITCHEN II,25.811674
2017-08-16,26,HOME APPLIANCES,0.1964629
2017-08-17,26,HOME APPLIANCES,0.23891838
2017-08-18,26,HOME APPLIANCES,0.25412616
2017-08-19,26,HOME APPLIANCES,0.2075853
2017-08-20,26,HOME APPLIANCES,0.24781717
2017-08-21,26,HOME APPLIANCES,0.2164216
2017-08-22,26,HOME APPLIANCES,0.18887718
2017-08-23,26,HOME APPLIANCES,0.3328089
2017-08-24,26,HOME APPLIANCES,0.2926232
2017-08-25,26,HOME APPLIANCES,0.38214606
2017-08-26,26,HOME APPLIANCES,0.34467205
2017-08-27,26,HOME APPLIANCES,0.27709267
2017-08-28,26,HOME APPLIANCES,0.36979714
2017-08-29,26,HOME APPLIANCES,0.32204702
2017-08-30,26,HOME APPLIANCES,0.21898386
2017-08-16,26,HOME CARE,204.82614
2017-08-17,26,HOME CARE,223.95398
2017-08-18,26,HOME CARE,199.3632
2017-08-19,26,HOME CARE,205.07112
2017-08-20,26,HOME CARE,207.68068
2017-08-21,26,HOME CARE,157.88242
2017-08-22,26,HOME CARE,148.47803
2017-08-23,26,HOME CARE,167.8403
2017-08-24,26,HOME CARE,211.66597
2017-08-25,26,HOME CARE,180.23967
2017-08-26,26,HOME CARE,179.24808
2017-08-27,26,HOME CARE,179.09016
2017-08-28,26,HOME CARE,122.882866
2017-08-29,26,HOME CARE,142.04984
2017-08-30,26,HOME CARE,165.52638
2017-08-16,26,LADIESWEAR,6.2643833
2017-08-17,26,LADIESWEAR,9.358358
2017-08-18,26,LADIESWEAR,8.257943
2017-08-19,26,LADIESWEAR,6.993009
2017-08-20,26,LADIESWEAR,7.7544227
2017-08-21,26,LADIESWEAR,6.462738
2017-08-22,26,LADIESWEAR,7.7465477
2017-08-23,26,LADIESWEAR,7.1047635
2017-08-24,26,LADIESWEAR,10.154627
2017-08-25,26,LADIESWEAR,7.7461386
2017-08-26,26,LADIESWEAR,7.5760293
2017-08-27,26,LADIESWEAR,6.1775885
2017-08-28,26,LADIESWEAR,5.3280344
2017-08-29,26,LADIESWEAR,5.2116675
2017-08-30,26,LADIESWEAR,6.5389385
2017-08-16,26,LAWN AND GARDEN,41.078663
2017-08-17,26,LAWN AND GARDEN,40.963238
2017-08-18,26,LAWN AND GARDEN,44.04185
2017-08-19,26,LAWN AND GARDEN,35.394714
2017-08-20,26,LAWN AND GARDEN,37.09761
2017-08-21,26,LAWN AND GARDEN,35.337425
2017-08-22,26,LAWN AND GARDEN,32.764538
2017-08-23,26,LAWN AND GARDEN,39.003567
2017-08-24,26,LAWN AND GARDEN,42.5632
2017-08-25,26,LAWN AND GARDEN,41.170967
2017-08-26,26,LAWN AND GARDEN,40.641254
2017-08-27,26,LAWN AND GARDEN,36.257317
2017-08-28,26,LAWN AND GARDEN,34.679607
2017-08-29,26,LAWN AND GARDEN,31.254858
2017-08-30,26,LAWN AND GARDEN,45.13855
2017-08-16,26,LINGERIE,10.076096
2017-08-17,26,LINGERIE,12.281086
2017-08-18,26,LINGERIE,10.20086
2017-08-19,26,LINGERIE,10.416691
2017-08-20,26,LINGERIE,10.313162
2017-08-21,26,LINGERIE,8.185064
2017-08-22,26,LINGERIE,7.952387
2017-08-23,26,LINGERIE,9.199888
2017-08-24,26,LINGERIE,12.2581835
2017-08-25,26,LINGERIE,9.398147
2017-08-26,26,LINGERIE,10.46624
2017-08-27,26,LINGERIE,9.297587
2017-08-28,26,LINGERIE,8.017152
2017-08-29,26,LINGERIE,8.123931
2017-08-30,26,LINGERIE,9.86544
2017-08-16,26,"LIQUOR,WINE,BEER",224.62482
2017-08-17,26,"LIQUOR,WINE,BEER",281.34958
2017-08-18,26,"LIQUOR,WINE,BEER",258.50085
2017-08-19,26,"LIQUOR,WINE,BEER",158.80833
2017-08-20,26,"LIQUOR,WINE,BEER",150.92392
2017-08-21,26,"LIQUOR,WINE,BEER",186.42136
2017-08-22,26,"LIQUOR,WINE,BEER",201.77289
2017-08-23,26,"LIQUOR,WINE,BEER",214.36147
2017-08-24,26,"LIQUOR,WINE,BEER",260.78525
2017-08-25,26,"LIQUOR,WINE,BEER",264.62817
2017-08-26,26,"LIQUOR,WINE,BEER",143.36758
2017-08-27,26,"LIQUOR,WINE,BEER",121.34306
2017-08-28,26,"LIQUOR,WINE,BEER",190.00644
2017-08-29,26,"LIQUOR,WINE,BEER",161.31651
2017-08-30,26,"LIQUOR,WINE,BEER",197.81587
2017-08-16,26,MAGAZINES,3.9913015
2017-08-17,26,MAGAZINES,5.572943
2017-08-18,26,MAGAZINES,4.5924854
2017-08-19,26,MAGAZINES,4.589412
2017-08-20,26,MAGAZINES,3.7227926
2017-08-21,26,MAGAZINES,3.7074838
2017-08-22,26,MAGAZINES,3.7090814
2017-08-23,26,MAGAZINES,4.111574
2017-08-24,26,MAGAZINES,4.862416
2017-08-25,26,MAGAZINES,4.8058176
2017-08-26,26,MAGAZINES,4.498423
2017-08-27,26,MAGAZINES,4.7389884
2017-08-28,26,MAGAZINES,4.135618
2017-08-29,26,MAGAZINES,3.4840229
2017-08-30,26,MAGAZINES,4.2775683
2017-08-16,26,MEATS,315.20795
2017-08-17,26,MEATS,326.77258
2017-08-18,26,MEATS,431.75162
2017-08-19,26,MEATS,266.6227
2017-08-20,26,MEATS,291.84946
2017-08-21,26,MEATS,242.71812
2017-08-22,26,MEATS,272.88922
2017-08-23,26,MEATS,331.33347
2017-08-24,26,MEATS,352.2082
2017-08-25,26,MEATS,440.0736
2017-08-26,26,MEATS,270.44104
2017-08-27,26,MEATS,295.99225
2017-08-28,26,MEATS,252.83119
2017-08-29,26,MEATS,263.44547
2017-08-30,26,MEATS,322.6027
2017-08-16,26,PERSONAL CARE,252.7611
2017-08-17,26,PERSONAL CARE,308.76813
2017-08-18,26,PERSONAL CARE,276.91705
2017-08-19,26,PERSONAL CARE,281.364
2017-08-20,26,PERSONAL CARE,283.76648
2017-08-21,26,PERSONAL CARE,236.91347
2017-08-22,26,PERSONAL CARE,222.74878
2017-08-23,26,PERSONAL CARE,266.44562
2017-08-24,26,PERSONAL CARE,315.25473
2017-08-25,26,PERSONAL CARE,293.6824
2017-08-26,26,PERSONAL CARE,302.4677
2017-08-27,26,PERSONAL CARE,277.0938
2017-08-28,26,PERSONAL CARE,241.40552
2017-08-29,26,PERSONAL CARE,227.3854
2017-08-30,26,PERSONAL CARE,257.34344
2017-08-16,26,PET SUPPLIES,9.856008
2017-08-17,26,PET SUPPLIES,11.353711
2017-08-18,26,PET SUPPLIES,11.40114
2017-08-19,26,PET SUPPLIES,10.689541
2017-08-20,26,PET SUPPLIES,11.297651
2017-08-21,26,PET SUPPLIES,10.790319
2017-08-22,26,PET SUPPLIES,8.378287
2017-08-23,26,PET SUPPLIES,9.7683325
2017-08-24,26,PET SUPPLIES,11.237331
2017-08-25,26,PET SUPPLIES,10.434857
2017-08-26,26,PET SUPPLIES,9.880747
2017-08-27,26,PET SUPPLIES,10.386794
2017-08-28,26,PET SUPPLIES,9.468113
2017-08-29,26,PET SUPPLIES,9.564785
2017-08-30,26,PET SUPPLIES,9.095393
2017-08-16,26,PLAYERS AND ELECTRONICS,11.136279
2017-08-17,26,PLAYERS AND ELECTRONICS,10.364735
2017-08-18,26,PLAYERS AND ELECTRONICS,11.221183
2017-08-19,26,PLAYERS AND ELECTRONICS,10.858457
2017-08-20,26,PLAYERS AND ELECTRONICS,10.849596
2017-08-21,26,PLAYERS AND ELECTRONICS,8.088924
2017-08-22,26,PLAYERS AND ELECTRONICS,8.53063
2017-08-23,26,PLAYERS AND ELECTRONICS,9.831471
2017-08-24,26,PLAYERS AND ELECTRONICS,9.968116
2017-08-25,26,PLAYERS AND ELECTRONICS,9.883216
2017-08-26,26,PLAYERS AND ELECTRONICS,9.645835
2017-08-27,26,PLAYERS AND ELECTRONICS,8.982879
2017-08-28,26,PLAYERS AND ELECTRONICS,8.66409
2017-08-29,26,PLAYERS AND ELECTRONICS,7.1654367
2017-08-30,26,PLAYERS AND ELECTRONICS,9.225849
2017-08-16,26,POULTRY,440.79202
2017-08-17,26,POULTRY,457.2436
2017-08-18,26,POULTRY,597.28204
2017-08-19,26,POULTRY,363.48477
2017-08-20,26,POULTRY,427.18045
2017-08-21,26,POULTRY,338.91998
2017-08-22,26,POULTRY,391.86224
2017-08-23,26,POULTRY,455.54288
2017-08-24,26,POULTRY,496.52155
2017-08-25,26,POULTRY,616.03345
2017-08-26,26,POULTRY,352.12115
2017-08-27,26,POULTRY,429.9853
2017-08-28,26,POULTRY,323.35217
2017-08-29,26,POULTRY,373.4819
2017-08-30,26,POULTRY,461.27362
2017-08-16,26,PREPARED FOODS,81.90726
2017-08-17,26,PREPARED FOODS,86.88089
2017-08-18,26,PREPARED FOODS,87.86999
2017-08-19,26,PREPARED FOODS,88.45782
2017-08-20,26,PREPARED FOODS,81.8486
2017-08-21,26,PREPARED FOODS,72.7398
2017-08-22,26,PREPARED FOODS,76.29527
2017-08-23,26,PREPARED FOODS,84.61258
2017-08-24,26,PREPARED FOODS,93.77947
2017-08-25,26,PREPARED FOODS,88.42051
2017-08-26,26,PREPARED FOODS,88.67132
2017-08-27,26,PREPARED FOODS,88.42546
2017-08-28,26,PREPARED FOODS,75.17582
2017-08-29,26,PREPARED FOODS,80.59196
2017-08-30,26,PREPARED FOODS,94.17091
2017-08-16,26,PRODUCE,3919.2031
2017-08-17,26,PRODUCE,2274.1824
2017-08-18,26,PRODUCE,2117.5132
2017-08-19,26,PRODUCE,2131.3533
2017-08-20,26,PRODUCE,2412.2266
2017-08-21,26,PRODUCE,2075.496
2017-08-22,26,PRODUCE,1921.4674
2017-08-23,26,PRODUCE,3791.4893
2017-08-24,26,PRODUCE,2166.5796
2017-08-25,26,PRODUCE,1976.0913
2017-08-26,26,PRODUCE,1983.3834
2017-08-27,26,PRODUCE,2278.2053
2017-08-28,26,PRODUCE,1851.657
2017-08-29,26,PRODUCE,1936.2601
2017-08-30,26,PRODUCE,3850.3093
2017-08-16,26,SCHOOL AND OFFICE SUPPLIES,1.9368771
2017-08-17,26,SCHOOL AND OFFICE SUPPLIES,1.5244565
2017-08-18,26,SCHOOL AND OFFICE SUPPLIES,1.4532641
2017-08-19,26,SCHOOL AND OFFICE SUPPLIES,1.3769006
2017-08-20,26,SCHOOL AND OFFICE SUPPLIES,1.7046045
2017-08-21,26,SCHOOL AND OFFICE SUPPLIES,1.0735644
2017-08-22,26,SCHOOL AND OFFICE SUPPLIES,1.2904136
2017-08-23,26,SCHOOL AND OFFICE SUPPLIES,1.2392548
2017-08-24,26,SCHOOL AND OFFICE SUPPLIES,1.5651132
2017-08-25,26,SCHOOL AND OFFICE SUPPLIES,1.4867115
2017-08-26,26,SCHOOL AND OFFICE SUPPLIES,1.516365
2017-08-27,26,SCHOOL AND OFFICE SUPPLIES,1.476805
2017-08-28,26,SCHOOL AND OFFICE SUPPLIES,1.1517352
2017-08-29,26,SCHOOL AND OFFICE SUPPLIES,1.2449294
2017-08-30,26,SCHOOL AND OFFICE SUPPLIES,1.188823
2017-08-16,26,SEAFOOD,19.584965
2017-08-17,26,SEAFOOD,21.48567
2017-08-18,26,SEAFOOD,22.4866
2017-08-19,26,SEAFOOD,17.42712
2017-08-20,26,SEAFOOD,22.774294
2017-08-21,26,SEAFOOD,17.924128
2017-08-22,26,SEAFOOD,17.699144
2017-08-23,26,SEAFOOD,21.565594
2017-08-24,26,SEAFOOD,24.07477
2017-08-25,26,SEAFOOD,21.490614
2017-08-26,26,SEAFOOD,19.70448
2017-08-27,26,SEAFOOD,21.472301
2017-08-28,26,SEAFOOD,16.224419
2017-08-29,26,SEAFOOD,18.124184
2017-08-30,26,SEAFOOD,18.814184
2017-08-16,27,AUTOMOTIVE,7.38614
2017-08-17,27,AUTOMOTIVE,7.790278
2017-08-18,27,AUTOMOTIVE,7.06605
2017-08-19,27,AUTOMOTIVE,6.5158515
2017-08-20,27,AUTOMOTIVE,6.6077933
2017-08-21,27,AUTOMOTIVE,6.088706
2017-08-22,27,AUTOMOTIVE,6.252307
2017-08-23,27,AUTOMOTIVE,7.7013693
2017-08-24,27,AUTOMOTIVE,7.249843
2017-08-25,27,AUTOMOTIVE,7.6085625
2017-08-26,27,AUTOMOTIVE,6.3789773
2017-08-27,27,AUTOMOTIVE,5.83609
2017-08-28,27,AUTOMOTIVE,6.39029
2017-08-29,27,AUTOMOTIVE,5.9394336
2017-08-30,27,AUTOMOTIVE,7.669524
2017-08-16,27,BABY CARE,0.006784415
2017-08-17,27,BABY CARE,0.0
2017-08-18,27,BABY CARE,0.013640866
2017-08-19,27,BABY CARE,0.0029219973
2017-08-20,27,BABY CARE,0.0
2017-08-21,27,BABY CARE,0.0
2017-08-22,27,BABY CARE,0.0122222565
2017-08-23,27,BABY CARE,0.012870395
2017-08-24,27,BABY CARE,0.0
2017-08-25,27,BABY CARE,0.008084959
2017-08-26,27,BABY CARE,0.028234085
2017-08-27,27,BABY CARE,0.008787571
2017-08-28,27,BABY CARE,0.008716757
2017-08-29,27,BABY CARE,0.0
2017-08-30,27,BABY CARE,0.0
2017-08-16,27,BEAUTY,3.0714018
2017-08-17,27,BEAUTY,3.168547
2017-08-18,27,BEAUTY,3.372735
2017-08-19,27,BEAUTY,4.1048303
2017-08-20,27,BEAUTY,3.0537765
2017-08-21,27,BEAUTY,2.6795342
2017-08-22,27,BEAUTY,2.6541686
2017-08-23,27,BEAUTY,3.0732684
2017-08-24,27,BEAUTY,3.1049187
2017-08-25,27,BEAUTY,3.0842416
2017-08-26,27,BEAUTY,2.9429946
2017-08-27,27,BEAUTY,2.4905434
2017-08-28,27,BEAUTY,2.593129
2017-08-29,27,BEAUTY,2.4586382
2017-08-30,27,BEAUTY,3.391029
2017-08-16,27,BEVERAGES,4457.889
2017-08-17,27,BEVERAGES,4171.117
2017-08-18,27,BEVERAGES,4429.288
2017-08-19,27,BEVERAGES,4519.6045
2017-08-20,27,BEVERAGES,3253.698
2017-08-21,27,BEVERAGES,3591.4475
2017-08-22,27,BEVERAGES,2674.8875
2017-08-23,27,BEVERAGES,3618.1377
2017-08-24,27,BEVERAGES,4233.9663
2017-08-25,27,BEVERAGES,4146.5747
2017-08-26,27,BEVERAGES,4250.7188
2017-08-27,27,BEVERAGES,3021.2402
2017-08-28,27,BEVERAGES,3096.683
2017-08-29,27,BEVERAGES,2613.411
2017-08-30,27,BEVERAGES,3419.9624
2017-08-16,27,BOOKS,687.3197
2017-08-17,27,BOOKS,626.21936
2017-08-18,27,BOOKS,800.01074
2017-08-19,27,BOOKS,895.31964
2017-08-20,27,BOOKS,804.2108
2017-08-21,27,BOOKS,661.0406
2017-08-22,27,BOOKS,513.67633
2017-08-23,27,BOOKS,671.8567
2017-08-24,27,BOOKS,586.6922
2017-08-25,27,BOOKS,809.38983
2017-08-26,27,BOOKS,836.1482
2017-08-27,27,BOOKS,831.73816
2017-08-28,27,BOOKS,631.9214
2017-08-29,27,BOOKS,498.13007
2017-08-30,27,BOOKS,655.8535
2017-08-16,27,BREAD/BAKERY,14.372979
2017-08-17,27,BREAD/BAKERY,12.417909
2017-08-18,27,BREAD/BAKERY,12.752614
2017-08-19,27,BREAD/BAKERY,12.937975
2017-08-20,27,BREAD/BAKERY,10.68383
2017-08-21,27,BREAD/BAKERY,11.855901
2017-08-22,27,BREAD/BAKERY,11.738259
2017-08-23,27,BREAD/BAKERY,15.015194
2017-08-24,27,BREAD/BAKERY,12.20367
2017-08-25,27,BREAD/BAKERY,12.001981
2017-08-26,27,BREAD/BAKERY,11.237563
2017-08-27,27,BREAD/BAKERY,12.116577
2017-08-28,27,BREAD/BAKERY,12.024053
2017-08-29,27,BREAD/BAKERY,10.91554
2017-08-30,27,BREAD/BAKERY,14.93641
2017-08-16,27,CELEBRATION,1298.3452
2017-08-17,27,CELEBRATION,1271.1248
2017-08-18,27,CELEBRATION,1260.1967
2017-08-19,27,CELEBRATION,1425.5876
2017-08-20,27,CELEBRATION,1062.9489
2017-08-21,27,CELEBRATION,1077.2312
2017-08-22,27,CELEBRATION,958.25964
2017-08-23,27,CELEBRATION,1196.6748
2017-08-24,27,CELEBRATION,1332.4835
2017-08-25,27,CELEBRATION,1296.8772
2017-08-26,27,CELEBRATION,1428.5154
2017-08-27,27,CELEBRATION,1050.1785
2017-08-28,27,CELEBRATION,1171.8356
2017-08-29,27,CELEBRATION,1009.95654
2017-08-30,27,CELEBRATION,1207.8763
2017-08-16,27,CLEANING,1335.8154
2017-08-17,27,CLEANING,904.61664
2017-08-18,27,CLEANING,1025.8396
2017-08-19,27,CLEANING,1083.5511
2017-08-20,27,CLEANING,860.8393
2017-08-21,27,CLEANING,885.6393
2017-08-22,27,CLEANING,766.5553
2017-08-23,27,CLEANING,1286.2501
2017-08-24,27,CLEANING,922.5525
2017-08-25,27,CLEANING,942.34607
2017-08-26,27,CLEANING,1030.7394
2017-08-27,27,CLEANING,846.6454
2017-08-28,27,CLEANING,902.4375
2017-08-29,27,CLEANING,773.8938
2017-08-30,27,CLEANING,1303.7853
2017-08-16,27,DAIRY,415.46643
2017-08-17,27,DAIRY,385.75436
2017-08-18,27,DAIRY,527.83765
2017-08-19,27,DAIRY,439.52213
2017-08-20,27,DAIRY,352.3311
2017-08-21,27,DAIRY,345.13943
2017-08-22,27,DAIRY,303.99753
2017-08-23,27,DAIRY,396.14398
2017-08-24,27,DAIRY,417.69327
2017-08-25,27,DAIRY,589.5841
2017-08-26,27,DAIRY,454.14606
2017-08-27,27,DAIRY,343.29102
2017-08-28,27,DAIRY,348.2111
2017-08-29,27,DAIRY,309.76053
2017-08-30,27,DAIRY,396.99356
2017-08-16,27,DELI,261.73917
2017-08-17,27,DELI,223.97504
2017-08-18,27,DELI,291.15448
2017-08-19,27,DELI,284.09357
2017-08-20,27,DELI,208.28885
2017-08-21,27,DELI,296.5512
2017-08-22,27,DELI,164.73668
2017-08-23,27,DELI,247.36798
2017-08-24,27,DELI,207.90988
2017-08-25,27,DELI,354.74753
2017-08-26,27,DELI,313.5135
2017-08-27,27,DELI,218.91376
2017-08-28,27,DELI,293.5676
2017-08-29,27,DELI,171.00502
2017-08-30,27,DELI,243.11607
2017-08-16,27,EGGS,90.22096
2017-08-17,27,EGGS,75.69707
2017-08-18,27,EGGS,81.31969
2017-08-19,27,EGGS,114.47591
2017-08-20,27,EGGS,69.11602
2017-08-21,27,EGGS,84.644875
2017-08-22,27,EGGS,64.32946
2017-08-23,27,EGGS,89.700386
2017-08-24,27,EGGS,86.17932
2017-08-25,27,EGGS,81.60263
2017-08-26,27,EGGS,120.7001
2017-08-27,27,EGGS,65.51765
2017-08-28,27,EGGS,80.26552
2017-08-29,27,EGGS,62.749744
2017-08-30,27,EGGS,84.29243
2017-08-16,27,FROZEN FOODS,7540.5215
2017-08-17,27,FROZEN FOODS,5947.1226
2017-08-18,27,FROZEN FOODS,5016.934
2017-08-19,27,FROZEN FOODS,6035.363
2017-08-20,27,FROZEN FOODS,4458.4194
2017-08-21,27,FROZEN FOODS,4709.204
2017-08-22,27,FROZEN FOODS,4031.178
2017-08-23,27,FROZEN FOODS,5172.2905
2017-08-24,27,FROZEN FOODS,5405.8916
2017-08-25,27,FROZEN FOODS,5151.4272
2017-08-26,27,FROZEN FOODS,6165.222
2017-08-27,27,FROZEN FOODS,4717.781
2017-08-28,27,FROZEN FOODS,5083.256
2017-08-29,27,FROZEN FOODS,4128.926
2017-08-30,27,FROZEN FOODS,5917.837
2017-08-16,27,GROCERY I,15.288851
2017-08-17,27,GROCERY I,12.508501
2017-08-18,27,GROCERY I,13.879479
2017-08-19,27,GROCERY I,17.193907
2017-08-20,27,GROCERY I,12.391711
2017-08-21,27,GROCERY I,15.311174
2017-08-22,27,GROCERY I,10.073148
2017-08-23,27,GROCERY I,12.501775
2017-08-24,27,GROCERY I,11.779794
2017-08-25,27,GROCERY I,13.517269
2017-08-26,27,GROCERY I,16.425035
2017-08-27,27,GROCERY I,11.778729
2017-08-28,27,GROCERY I,11.023138
2017-08-29,27,GROCERY I,8.268319
2017-08-30,27,GROCERY I,12.310635
2017-08-16,27,GROCERY II,0.92061675
2017-08-17,27,GROCERY II,0.8924565
2017-08-18,27,GROCERY II,0.8449901
2017-08-19,27,GROCERY II,0.90628403
2017-08-20,27,GROCERY II,0.92482543
2017-08-21,27,GROCERY II,0.81193715
2017-08-22,27,GROCERY II,0.7829076
2017-08-23,27,GROCERY II,1.0202712
2017-08-24,27,GROCERY II,0.9648051
2017-08-25,27,GROCERY II,1.0413924
2017-08-26,27,GROCERY II,1.0503912
2017-08-27,27,GROCERY II,0.9519782
2017-08-28,27,GROCERY II,1.0843343
2017-08-29,27,GROCERY II,0.9741545
2017-08-30,27,GROCERY II,0.9284669
2017-08-16,27,HARDWARE,37.81404
2017-08-17,27,HARDWARE,27.418083
2017-08-18,27,HARDWARE,32.624535
2017-08-19,27,HARDWARE,32.003098
2017-08-20,27,HARDWARE,33.062637
2017-08-21,27,HARDWARE,31.57901
2017-08-22,27,HARDWARE,26.398445
2017-08-23,27,HARDWARE,33.080616
2017-08-24,27,HARDWARE,25.998558
2017-08-25,27,HARDWARE,27.823532
2017-08-26,27,HARDWARE,30.420883
2017-08-27,27,HARDWARE,28.83246
2017-08-28,27,HARDWARE,26.984056
2017-08-29,27,HARDWARE,24.255236
2017-08-30,27,HARDWARE,32.75551
2017-08-16,27,HOME AND KITCHEN I,21.217993
2017-08-17,27,HOME AND KITCHEN I,21.0235
2017-08-18,27,HOME AND KITCHEN I,19.526995
2017-08-19,27,HOME AND KITCHEN I,24.004995
2017-08-20,27,HOME AND KITCHEN I,19.033957
2017-08-21,27,HOME AND KITCHEN I,16.750916
2017-08-22,27,HOME AND KITCHEN I,14.801266
2017-08-23,27,HOME AND KITCHEN I,18.543165
2017-08-24,27,HOME AND KITCHEN I,18.616493
2017-08-25,27,HOME AND KITCHEN I,19.528107
2017-08-26,27,HOME AND KITCHEN I,19.419
2017-08-27,27,HOME AND KITCHEN I,20.45888
2017-08-28,27,HOME AND KITCHEN I,16.64636
2017-08-29,27,HOME AND KITCHEN I,14.333618
2017-08-30,27,HOME AND KITCHEN I,18.996515
2017-08-16,27,HOME AND KITCHEN II,0.87718797
2017-08-17,27,HOME AND KITCHEN II,0.80896413
2017-08-18,27,HOME AND KITCHEN II,0.7295691
2017-08-19,27,HOME AND KITCHEN II,0.8554344
2017-08-20,27,HOME AND KITCHEN II,0.8064591
2017-08-21,27,HOME AND KITCHEN II,0.96979016
2017-08-22,27,HOME AND KITCHEN II,0.75391066
2017-08-23,27,HOME AND KITCHEN II,0.8300676
2017-08-24,27,HOME AND KITCHEN II,0.57731026
2017-08-25,27,HOME AND KITCHEN II,0.70488274
2017-08-26,27,HOME AND KITCHEN II,0.72195876
2017-08-27,27,HOME AND KITCHEN II,0.7403839
2017-08-28,27,HOME AND KITCHEN II,0.6964598
2017-08-29,27,HOME AND KITCHEN II,0.5170833
2017-08-30,27,HOME AND KITCHEN II,0.7674441
2017-08-16,27,HOME APPLIANCES,283.53632
2017-08-17,27,HOME APPLIANCES,243.16275
2017-08-18,27,HOME APPLIANCES,263.52884
2017-08-19,27,HOME APPLIANCES,279.92288
2017-08-20,27,HOME APPLIANCES,245.57628
2017-08-21,27,HOME APPLIANCES,206.17703
2017-08-22,27,HOME APPLIANCES,170.91992
2017-08-23,27,HOME APPLIANCES,226.31963
2017-08-24,27,HOME APPLIANCES,217.30374
2017-08-25,27,HOME APPLIANCES,215.46867
2017-08-26,27,HOME APPLIANCES,230.65982
2017-08-27,27,HOME APPLIANCES,225.92265
2017-08-28,27,HOME APPLIANCES,193.73999
2017-08-29,27,HOME APPLIANCES,174.0904
2017-08-30,27,HOME APPLIANCES,189.22343
2017-08-16,27,HOME CARE,6.566405
2017-08-17,27,HOME CARE,5.7822948
2017-08-18,27,HOME CARE,5.298615
2017-08-19,27,HOME CARE,6.3785667
2017-08-20,27,HOME CARE,6.0293064
2017-08-21,27,HOME CARE,5.3990583
2017-08-22,27,HOME CARE,3.725216
2017-08-23,27,HOME CARE,6.37147
2017-08-24,27,HOME CARE,6.108474
2017-08-25,27,HOME CARE,5.709817
2017-08-26,27,HOME CARE,7.3633857
2017-08-27,27,HOME CARE,5.3004365
2017-08-28,27,HOME CARE,5.0458374
2017-08-29,27,HOME CARE,3.5164387
2017-08-30,27,HOME CARE,5.335713
2017-08-16,27,LADIESWEAR,7.926829
2017-08-17,27,LADIESWEAR,6.457575
2017-08-18,27,LADIESWEAR,7.357482
2017-08-19,27,LADIESWEAR,7.695512
2017-08-20,27,LADIESWEAR,5.767402
2017-08-21,27,LADIESWEAR,7.382948
2017-08-22,27,LADIESWEAR,5.3676267
2017-08-23,27,LADIESWEAR,7.468018
2017-08-24,27,LADIESWEAR,6.1823707
2017-08-25,27,LADIESWEAR,7.1501303
2017-08-26,27,LADIESWEAR,7.019098
2017-08-27,27,LADIESWEAR,5.781451
2017-08-28,27,LADIESWEAR,5.5014873
2017-08-29,27,LADIESWEAR,5.185362
2017-08-30,27,LADIESWEAR,6.0944443
2017-08-16,27,LAWN AND GARDEN,89.04548
2017-08-17,27,LAWN AND GARDEN,124.548416
2017-08-18,27,LAWN AND GARDEN,106.10757
2017-08-19,27,LAWN AND GARDEN,81.08911
2017-08-20,27,LAWN AND GARDEN,51.563766
2017-08-21,27,LAWN AND GARDEN,73.61158
2017-08-22,27,LAWN AND GARDEN,72.53808
2017-08-23,27,LAWN AND GARDEN,71.741425
2017-08-24,27,LAWN AND GARDEN,96.51431
2017-08-25,27,LAWN AND GARDEN,111.4578
2017-08-26,27,LAWN AND GARDEN,61.69795
2017-08-27,27,LAWN AND GARDEN,59.65831
2017-08-28,27,LAWN AND GARDEN,72.650795
2017-08-29,27,LAWN AND GARDEN,51.02536
2017-08-30,27,LAWN AND GARDEN,67.69259
2017-08-16,27,LINGERIE,1.6063851
2017-08-17,27,LINGERIE,1.447074
2017-08-18,27,LINGERIE,1.393668
2017-08-19,27,LINGERIE,1.2267423
2017-08-20,27,LINGERIE,1.273153
2017-08-21,27,LINGERIE,1.2034539
2017-08-22,27,LINGERIE,1.1504446
2017-08-23,27,LINGERIE,1.3593549
2017-08-24,27,LINGERIE,1.254919
2017-08-25,27,LINGERIE,1.3181372
2017-08-26,27,LINGERIE,1.2359393
2017-08-27,27,LINGERIE,1.133653
2017-08-28,27,LINGERIE,1.2104734
2017-08-29,27,LINGERIE,1.312687
2017-08-30,27,LINGERIE,1.2581381
2017-08-16,27,"LIQUOR,WINE,BEER",215.7857
2017-08-17,27,"LIQUOR,WINE,BEER",241.9839
2017-08-18,27,"LIQUOR,WINE,BEER",199.30101
2017-08-19,27,"LIQUOR,WINE,BEER",249.45937
2017-08-20,27,"LIQUOR,WINE,BEER",190.31815
2017-08-21,27,"LIQUOR,WINE,BEER",235.1084
2017-08-22,27,"LIQUOR,WINE,BEER",152.68095
2017-08-23,27,"LIQUOR,WINE,BEER",211.30067
2017-08-24,27,"LIQUOR,WINE,BEER",251.41492
2017-08-25,27,"LIQUOR,WINE,BEER",208.06317
2017-08-26,27,"LIQUOR,WINE,BEER",251.45033
2017-08-27,27,"LIQUOR,WINE,BEER",176.76717
2017-08-28,27,"LIQUOR,WINE,BEER",224.92302
2017-08-29,27,"LIQUOR,WINE,BEER",150.8596
2017-08-30,27,"LIQUOR,WINE,BEER",215.94852
2017-08-16,27,MAGAZINES,352.42242
2017-08-17,27,MAGAZINES,332.07452
2017-08-18,27,MAGAZINES,342.6028
2017-08-19,27,MAGAZINES,416.38052
2017-08-20,27,MAGAZINES,314.54086
2017-08-21,27,MAGAZINES,312.9839
2017-08-22,27,MAGAZINES,257.37048
2017-08-23,27,MAGAZINES,296.69333
2017-08-24,27,MAGAZINES,326.16995
2017-08-25,27,MAGAZINES,316.08417
2017-08-26,27,MAGAZINES,401.94128
2017-08-27,27,MAGAZINES,312.13303
2017-08-28,27,MAGAZINES,321.524
2017-08-29,27,MAGAZINES,262.84805
2017-08-30,27,MAGAZINES,312.367
2017-08-16,27,MEATS,5.490448
2017-08-17,27,MEATS,5.674009
2017-08-18,27,MEATS,6.4603477
2017-08-19,27,MEATS,5.913882
2017-08-20,27,MEATS,5.6628833
2017-08-21,27,MEATS,4.830394
2017-08-22,27,MEATS,4.874356
2017-08-23,27,MEATS,6.1049967
2017-08-24,27,MEATS,5.740659
2017-08-25,27,MEATS,5.0436907
2017-08-26,27,MEATS,6.2239575
2017-08-27,27,MEATS,5.0744004
2017-08-28,27,MEATS,5.152048
2017-08-29,27,MEATS,5.1295495
2017-08-30,27,MEATS,5.6894145
2017-08-16,27,PERSONAL CARE,5.404834
2017-08-17,27,PERSONAL CARE,5.3344126
2017-08-18,27,PERSONAL CARE,5.701148
2017-08-19,27,PERSONAL CARE,5.6621847
2017-08-20,27,PERSONAL CARE,5.2447906
2017-08-21,27,PERSONAL CARE,4.3775654
2017-08-22,27,PERSONAL CARE,4.275238
2017-08-23,27,PERSONAL CARE,5.9570923
2017-08-24,27,PERSONAL CARE,5.272691
2017-08-25,27,PERSONAL CARE,5.9283347
2017-08-26,27,PERSONAL CARE,6.178927
2017-08-27,27,PERSONAL CARE,5.059142
2017-08-28,27,PERSONAL CARE,4.766021
2017-08-29,27,PERSONAL CARE,4.999876
2017-08-30,27,PERSONAL CARE,5.9247937
2017-08-16,27,PET SUPPLIES,238.54448
2017-08-17,27,PET SUPPLIES,224.05493
2017-08-18,27,PET SUPPLIES,296.73917
2017-08-19,27,PET SUPPLIES,240.14906
2017-08-20,27,PET SUPPLIES,208.6829
2017-08-21,27,PET SUPPLIES,230.21132
2017-08-22,27,PET SUPPLIES,170.94772
2017-08-23,27,PET SUPPLIES,241.29816
2017-08-24,27,PET SUPPLIES,210.48236
2017-08-25,27,PET SUPPLIES,293.33484
2017-08-26,27,PET SUPPLIES,236.22952
2017-08-27,27,PET SUPPLIES,191.3071
2017-08-28,27,PET SUPPLIES,220.14166
2017-08-29,27,PET SUPPLIES,175.87192
2017-08-30,27,PET SUPPLIES,230.13242
2017-08-16,27,PLAYERS AND ELECTRONICS,82.95896
2017-08-17,27,PLAYERS AND ELECTRONICS,78.40123
2017-08-18,27,PLAYERS AND ELECTRONICS,93.518745
2017-08-19,27,PLAYERS AND ELECTRONICS,95.47818
2017-08-20,27,PLAYERS AND ELECTRONICS,79.71549
2017-08-21,27,PLAYERS AND ELECTRONICS,76.33555
2017-08-22,27,PLAYERS AND ELECTRONICS,62.362415
2017-08-23,27,PLAYERS AND ELECTRONICS,76.639015
2017-08-24,27,PLAYERS AND ELECTRONICS,82.01104
2017-08-25,27,PLAYERS AND ELECTRONICS,95.62591
2017-08-26,27,PLAYERS AND ELECTRONICS,94.0713
2017-08-27,27,PLAYERS AND ELECTRONICS,76.65465
2017-08-28,27,PLAYERS AND ELECTRONICS,76.36239
2017-08-29,27,PLAYERS AND ELECTRONICS,61.287975
2017-08-30,27,PLAYERS AND ELECTRONICS,78.346214
2017-08-16,27,POULTRY,2242.385
2017-08-17,27,POULTRY,903.5424
2017-08-18,27,POULTRY,909.9342
2017-08-19,27,POULTRY,866.90906
2017-08-20,27,POULTRY,994.58704
2017-08-21,27,POULTRY,1175.7787
2017-08-22,27,POULTRY,1423.4717
2017-08-23,27,POULTRY,911.2236
2017-08-24,27,POULTRY,916.39044
2017-08-25,27,POULTRY,855.5803
2017-08-26,27,POULTRY,1088.1149
2017-08-27,27,POULTRY,1057.7322
2017-08-28,27,POULTRY,1221.9092
2017-08-29,27,POULTRY,1401.6342
2017-08-30,27,POULTRY,881.9671
2017-08-16,27,PREPARED FOODS,3.8973172
2017-08-17,27,PREPARED FOODS,3.5446365
2017-08-18,27,PREPARED FOODS,3.3827963
2017-08-19,27,PREPARED FOODS,2.9094992
2017-08-20,27,PREPARED FOODS,2.8427596
2017-08-21,27,PREPARED FOODS,3.0678246
2017-08-22,27,PREPARED FOODS,2.459861
2017-08-23,27,PREPARED FOODS,2.9353464
2017-08-24,27,PREPARED FOODS,3.4212105
2017-08-25,27,PREPARED FOODS,3.7952843
2017-08-26,27,PREPARED FOODS,3.6827552
2017-08-27,27,PREPARED FOODS,3.5723042
2017-08-28,27,PREPARED FOODS,3.8048434
2017-08-29,27,PREPARED FOODS,2.840471
2017-08-30,27,PREPARED FOODS,3.7578633
2017-08-16,27,PRODUCE,5.6204104
2017-08-17,27,PRODUCE,4.7670712
2017-08-18,27,PRODUCE,5.9841814
2017-08-19,27,PRODUCE,5.960437
2017-08-20,27,PRODUCE,4.1365185
2017-08-21,27,PRODUCE,6.6985297
2017-08-22,27,PRODUCE,4.354182
2017-08-23,27,PRODUCE,6.862258
2017-08-24,27,PRODUCE,6.3683667
2017-08-25,27,PRODUCE,6.7262287
2017-08-26,27,PRODUCE,8.152176
2017-08-27,27,PRODUCE,6.0293612
2017-08-28,27,PRODUCE,6.0668335
2017-08-29,27,PRODUCE,4.276133
2017-08-30,27,PRODUCE,6.026522
2017-08-16,27,SCHOOL AND OFFICE SUPPLIES,4.7363596
2017-08-17,27,SCHOOL AND OFFICE SUPPLIES,5.921268
2017-08-18,27,SCHOOL AND OFFICE SUPPLIES,5.7042704
2017-08-19,27,SCHOOL AND OFFICE SUPPLIES,6.032809
2017-08-20,27,SCHOOL AND OFFICE SUPPLIES,4.070584
2017-08-21,27,SCHOOL AND OFFICE SUPPLIES,3.7622974
2017-08-22,27,SCHOOL AND OFFICE SUPPLIES,4.27489
2017-08-23,27,SCHOOL AND OFFICE SUPPLIES,5.0662165
2017-08-24,27,SCHOOL AND OFFICE SUPPLIES,5.556194
2017-08-25,27,SCHOOL AND OFFICE SUPPLIES,5.6549582
2017-08-26,27,SCHOOL AND OFFICE SUPPLIES,6.0680676
2017-08-27,27,SCHOOL AND OFFICE SUPPLIES,4.279036
2017-08-28,27,SCHOOL AND OFFICE SUPPLIES,4.896926
2017-08-29,27,SCHOOL AND OFFICE SUPPLIES,4.1804347
2017-08-30,27,SCHOOL AND OFFICE SUPPLIES,5.299109
2017-08-16,27,SEAFOOD,0.33843672
2017-08-17,27,SEAFOOD,0.3142245
2017-08-18,27,SEAFOOD,0.3932456
2017-08-19,27,SEAFOOD,0.36838517
2017-08-20,27,SEAFOOD,0.34360793
2017-08-21,27,SEAFOOD,0.35446087
2017-08-22,27,SEAFOOD,0.32536784
2017-08-23,27,SEAFOOD,0.36675677
2017-08-24,27,SEAFOOD,0.30724338
2017-08-25,27,SEAFOOD,0.40894407
2017-08-26,27,SEAFOOD,0.4225859
2017-08-27,27,SEAFOOD,0.35228035
2017-08-28,27,SEAFOOD,0.3185065
2017-08-29,27,SEAFOOD,0.3119256
2017-08-30,27,SEAFOOD,0.27470687
2017-08-16,28,AUTOMOTIVE,3.2087522
2017-08-17,28,AUTOMOTIVE,2.8147814
2017-08-18,28,AUTOMOTIVE,2.8511977
2017-08-19,28,AUTOMOTIVE,3.2768085
2017-08-20,28,AUTOMOTIVE,2.787389
2017-08-21,28,AUTOMOTIVE,2.6600266
2017-08-22,28,AUTOMOTIVE,1.9217644
2017-08-23,28,AUTOMOTIVE,2.5784893
2017-08-24,28,AUTOMOTIVE,2.80303
2017-08-25,28,AUTOMOTIVE,3.3222935
2017-08-26,28,AUTOMOTIVE,2.894101
2017-08-27,28,AUTOMOTIVE,2.4468734
2017-08-28,28,AUTOMOTIVE,2.148838
2017-08-29,28,AUTOMOTIVE,1.7755237
2017-08-30,28,AUTOMOTIVE,2.457891
2017-08-16,28,BABY CARE,1974.329
2017-08-17,28,BABY CARE,1689.5476
2017-08-18,28,BABY CARE,1425.0348
2017-08-19,28,BABY CARE,1201.8024
2017-08-20,28,BABY CARE,1074.5176
2017-08-21,28,BABY CARE,1193.808
2017-08-22,28,BABY CARE,941.3803
2017-08-23,28,BABY CARE,787.5403
2017-08-24,28,BABY CARE,1155.4053
2017-08-25,28,BABY CARE,1205.1648
2017-08-26,28,BABY CARE,1024.4764
2017-08-27,28,BABY CARE,801.6047
2017-08-28,28,BABY CARE,805.1698
2017-08-29,28,BABY CARE,733.70703
2017-08-30,28,BABY CARE,736.3807
2017-08-16,28,BEAUTY,447.0059
2017-08-17,28,BEAUTY,400.91418
2017-08-18,28,BEAUTY,348.76144
2017-08-19,28,BEAUTY,352.02435
2017-08-20,28,BEAUTY,350.97418
2017-08-21,28,BEAUTY,222.52411
2017-08-22,28,BEAUTY,226.76831
2017-08-23,28,BEAUTY,232.35597
2017-08-24,28,BEAUTY,216.72206
2017-08-25,28,BEAUTY,236.77382
2017-08-26,28,BEAUTY,230.4793
2017-08-27,28,BEAUTY,229.62021
2017-08-28,28,BEAUTY,172.71953
2017-08-29,28,BEAUTY,182.07365
2017-08-30,28,BEAUTY,193.83908
2017-08-16,28,BEVERAGES,14.507552
2017-08-17,28,BEVERAGES,10.892142
2017-08-18,28,BEVERAGES,8.934286
2017-08-19,28,BEVERAGES,9.936195
2017-08-20,28,BEVERAGES,10.238669
2017-08-21,28,BEVERAGES,14.107694
2017-08-22,28,BEVERAGES,10.232908
2017-08-23,28,BEVERAGES,12.660409
2017-08-24,28,BEVERAGES,9.436346
2017-08-25,28,BEVERAGES,11.396599
2017-08-26,28,BEVERAGES,10.955801
2017-08-27,28,BEVERAGES,8.025283
2017-08-28,28,BEVERAGES,9.099949
2017-08-29,28,BEVERAGES,7.9707932
2017-08-30,28,BEVERAGES,11.782294
2017-08-16,28,BREAD/BAKERY,561.25543
2017-08-17,28,BREAD/BAKERY,500.1712
2017-08-18,28,BREAD/BAKERY,433.16568
2017-08-19,28,BREAD/BAKERY,412.2406
2017-08-20,28,BREAD/BAKERY,339.25314
2017-08-21,28,BREAD/BAKERY,362.7994
2017-08-22,28,BREAD/BAKERY,302.7671
2017-08-23,28,BREAD/BAKERY,302.75946
2017-08-24,28,BREAD/BAKERY,372.10928
2017-08-25,28,BREAD/BAKERY,332.13144
2017-08-26,28,BREAD/BAKERY,296.7839
2017-08-27,28,BREAD/BAKERY,275.07315
2017-08-28,28,BREAD/BAKERY,307.81464
2017-08-29,28,BREAD/BAKERY,248.483
2017-08-30,28,BREAD/BAKERY,284.27908
2017-08-16,28,CELEBRATION,615.24036
2017-08-17,28,CELEBRATION,441.63663
2017-08-18,28,CELEBRATION,370.00006
2017-08-19,28,CELEBRATION,323.2902
2017-08-20,28,CELEBRATION,297.9365
2017-08-21,28,CELEBRATION,302.1252
2017-08-22,28,CELEBRATION,282.66388
2017-08-23,28,CELEBRATION,424.69196
2017-08-24,28,CELEBRATION,324.18588
2017-08-25,28,CELEBRATION,298.27216
2017-08-26,28,CELEBRATION,267.03387
2017-08-27,28,CELEBRATION,236.85872
2017-08-28,28,CELEBRATION,251.21346
2017-08-29,28,CELEBRATION,244.93793
2017-08-30,28,CELEBRATION,436.4615
2017-08-16,28,CLEANING,226.96555
2017-08-17,28,CLEANING,178.46902
2017-08-18,28,CLEANING,267.84933
2017-08-19,28,CLEANING,202.97852
2017-08-20,28,CLEANING,160.21585
2017-08-21,28,CLEANING,161.35808
2017-08-22,28,CLEANING,121.12435
2017-08-23,28,CLEANING,152.53874
2017-08-24,28,CLEANING,166.71811
2017-08-25,28,CLEANING,223.65688
2017-08-26,28,CLEANING,186.0076
2017-08-27,28,CLEANING,134.91772
2017-08-28,28,CLEANING,126.020485
2017-08-29,28,CLEANING,128.08641
2017-08-30,28,CLEANING,141.61665
2017-08-16,28,DAIRY,166.32883
2017-08-17,28,DAIRY,152.53983
2017-08-18,28,DAIRY,194.64548
2017-08-19,28,DAIRY,203.65918
2017-08-20,28,DAIRY,108.1638
2017-08-21,28,DAIRY,154.1954
2017-08-22,28,DAIRY,89.874565
2017-08-23,28,DAIRY,144.14171
2017-08-24,28,DAIRY,121.00118
2017-08-25,28,DAIRY,191.27887
2017-08-26,28,DAIRY,179.90569
2017-08-27,28,DAIRY,91.23809
2017-08-28,28,DAIRY,116.849724
2017-08-29,28,DAIRY,63.942158
2017-08-30,28,DAIRY,80.336105
2017-08-16,28,DELI,91.23029
2017-08-17,28,DELI,68.97831
2017-08-18,28,DELI,69.8379
2017-08-19,28,DELI,117.46338
2017-08-20,28,DELI,87.9993
2017-08-21,28,DELI,75.0403
2017-08-22,28,DELI,44.6354
2017-08-23,28,DELI,69.30167
2017-08-24,28,DELI,59.419113
2017-08-25,28,DELI,60.49374
2017-08-26,28,DELI,92.98716
2017-08-27,28,DELI,76.00631
2017-08-28,28,DELI,65.61274
2017-08-29,28,DELI,44.646687
2017-08-30,28,DELI,64.97407
2017-08-16,28,EGGS,1998.7252
2017-08-17,28,EGGS,1460.6218
2017-08-18,28,EGGS,1394.0737
2017-08-19,28,EGGS,1127.4081
2017-08-20,28,EGGS,881.574
2017-08-21,28,EGGS,929.7674
2017-08-22,28,EGGS,1023.0902
2017-08-23,28,EGGS,1012.37665
2017-08-24,28,EGGS,1068.7198
2017-08-25,28,EGGS,991.91925
2017-08-26,28,EGGS,756.56573
2017-08-27,28,EGGS,800.964
2017-08-28,28,EGGS,782.51074
2017-08-29,28,EGGS,798.9754
2017-08-30,28,EGGS,815.3776
2017-08-16,28,FROZEN FOODS,13.230705
2017-08-17,28,FROZEN FOODS,12.299891
2017-08-18,28,FROZEN FOODS,12.579652
2017-08-19,28,FROZEN FOODS,15.0963745
2017-08-20,28,FROZEN FOODS,11.686611
2017-08-21,28,FROZEN FOODS,9.751972
2017-08-22,28,FROZEN FOODS,6.880724
2017-08-23,28,FROZEN FOODS,9.349322
2017-08-24,28,FROZEN FOODS,9.288556
2017-08-25,28,FROZEN FOODS,9.698166
2017-08-26,28,FROZEN FOODS,10.420695
2017-08-27,28,FROZEN FOODS,10.172562
2017-08-28,28,FROZEN FOODS,8.919601
2017-08-29,28,FROZEN FOODS,5.972464
2017-08-30,28,FROZEN FOODS,9.395147
2017-08-16,28,GROCERY I,1.0735029
2017-08-17,28,GROCERY I,1.1251463
2017-08-18,28,GROCERY I,0.99928373
2017-08-19,28,GROCERY I,1.1354971
2017-08-20,28,GROCERY I,1.2567878
2017-08-21,28,GROCERY I,0.9584027
2017-08-22,28,GROCERY I,0.7679286
2017-08-23,28,GROCERY I,1.0915068
2017-08-24,28,GROCERY I,1.0312518
2017-08-25,28,GROCERY I,0.9383791
2017-08-26,28,GROCERY I,1.1379039
2017-08-27,28,GROCERY I,1.0226661
2017-08-28,28,GROCERY I,0.78189385
2017-08-29,28,GROCERY I,0.7434951
2017-08-30,28,GROCERY I,0.8579783
2017-08-16,28,GROCERY II,27.043285
2017-08-17,28,GROCERY II,20.728096
2017-08-18,28,GROCERY II,22.424047
2017-08-19,28,GROCERY II,25.169546
2017-08-20,28,GROCERY II,25.040127
2017-08-21,28,GROCERY II,20.892939
2017-08-22,28,GROCERY II,15.165384
2017-08-23,28,GROCERY II,20.449823
2017-08-24,28,GROCERY II,16.340994
2017-08-25,28,GROCERY II,16.909748
2017-08-26,28,GROCERY II,19.644918
2017-08-27,28,GROCERY II,18.324526
2017-08-28,28,GROCERY II,19.738945
2017-08-29,28,GROCERY II,12.737186
2017-08-30,28,GROCERY II,18.124777
2017-08-16,28,HARDWARE,22.99585
2017-08-17,28,HARDWARE,21.847652
2017-08-18,28,HARDWARE,18.448547
2017-08-19,28,HARDWARE,21.30208
2017-08-20,28,HARDWARE,20.317131
2017-08-21,28,HARDWARE,16.545343
2017-08-22,28,HARDWARE,13.912707
2017-08-23,28,HARDWARE,19.571634
2017-08-24,28,HARDWARE,16.456856
2017-08-25,28,HARDWARE,17.564682
2017-08-26,28,HARDWARE,20.38105
2017-08-27,28,HARDWARE,18.435408
2017-08-28,28,HARDWARE,15.077535
2017-08-29,28,HARDWARE,11.378135
2017-08-30,28,HARDWARE,16.846458
2017-08-16,28,HOME AND KITCHEN I,0.050501958
2017-08-17,28,HOME AND KITCHEN I,0.05605279
2017-08-18,28,HOME AND KITCHEN I,0.082024135
2017-08-19,28,HOME AND KITCHEN I,0.07013414
2017-08-20,28,HOME AND KITCHEN I,0.05822349
2017-08-21,28,HOME AND KITCHEN I,0.092938215
2017-08-22,28,HOME AND KITCHEN I,0.0514591
2017-08-23,28,HOME AND KITCHEN I,0.07928613
2017-08-24,28,HOME AND KITCHEN I,0.067057125
2017-08-25,28,HOME AND KITCHEN I,0.08210846
2017-08-26,28,HOME AND KITCHEN I,0.0990149
2017-08-27,28,HOME AND KITCHEN I,0.15715703
2017-08-28,28,HOME AND KITCHEN I,0.06910859
2017-08-29,28,HOME AND KITCHEN I,0.14931901
2017-08-30,28,HOME AND KITCHEN I,0.1402983
2017-08-16,28,HOME AND KITCHEN II,271.3948
2017-08-17,28,HOME AND KITCHEN II,233.88081
2017-08-18,28,HOME AND KITCHEN II,260.9488
2017-08-19,28,HOME AND KITCHEN II,281.5461
2017-08-20,28,HOME AND KITCHEN II,251.51549
2017-08-21,28,HOME AND KITCHEN II,202.68558
2017-08-22,28,HOME AND KITCHEN II,131.28423
2017-08-23,28,HOME AND KITCHEN II,178.48706
2017-08-24,28,HOME AND KITCHEN II,175.5452
2017-08-25,28,HOME AND KITCHEN II,220.05507
2017-08-26,28,HOME AND KITCHEN II,187.43132
2017-08-27,28,HOME AND KITCHEN II,185.05406
2017-08-28,28,HOME AND KITCHEN II,157.64798
2017-08-29,28,HOME AND KITCHEN II,129.99013
2017-08-30,28,HOME AND KITCHEN II,167.4899
2017-08-16,28,HOME APPLIANCES,4.663323
2017-08-17,28,HOME APPLIANCES,4.672098
2017-08-18,28,HOME APPLIANCES,5.3063874
2017-08-19,28,HOME APPLIANCES,5.311566
2017-08-20,28,HOME APPLIANCES,5.2345715
2017-08-21,28,HOME APPLIANCES,4.6922746
2017-08-22,28,HOME APPLIANCES,2.8785262
2017-08-23,28,HOME APPLIANCES,4.350494
2017-08-24,28,HOME APPLIANCES,4.166904
2017-08-25,28,HOME APPLIANCES,4.9665804
2017-08-26,28,HOME APPLIANCES,5.4678974
2017-08-27,28,HOME APPLIANCES,5.0530825
2017-08-28,28,HOME APPLIANCES,4.268997
2017-08-29,28,HOME APPLIANCES,2.609602
2017-08-30,28,HOME APPLIANCES,3.9707024
2017-08-16,28,HOME CARE,5.060754
2017-08-17,28,HOME CARE,4.5585194
2017-08-18,28,HOME CARE,5.7946057
2017-08-19,28,HOME CARE,5.5376005
2017-08-20,28,HOME CARE,4.4740124
2017-08-21,28,HOME CARE,4.774521
2017-08-22,28,HOME CARE,3.3913348
2017-08-23,28,HOME CARE,4.021639
2017-08-24,28,HOME CARE,4.8901052
2017-08-25,28,HOME CARE,3.8390088
2017-08-26,28,HOME CARE,4.9248734
2017-08-27,28,HOME CARE,4.048402
2017-08-28,28,HOME CARE,3.652268
2017-08-29,28,HOME CARE,3.2190392
2017-08-30,28,HOME CARE,4.011335
2017-08-16,28,LAWN AND GARDEN,136.71396
2017-08-17,28,LAWN AND GARDEN,129.70967
2017-08-18,28,LAWN AND GARDEN,184.32077
2017-08-19,28,LAWN AND GARDEN,147.78041
2017-08-20,28,LAWN AND GARDEN,77.49212
2017-08-21,28,LAWN AND GARDEN,105.374405
2017-08-22,28,LAWN AND GARDEN,60.726425
2017-08-23,28,LAWN AND GARDEN,103.58957
2017-08-24,28,LAWN AND GARDEN,181.51454
2017-08-25,28,LAWN AND GARDEN,163.23506
2017-08-26,28,LAWN AND GARDEN,172.72832
2017-08-27,28,LAWN AND GARDEN,78.472115
2017-08-28,28,LAWN AND GARDEN,140.01064
2017-08-29,28,LAWN AND GARDEN,103.07326
2017-08-30,28,LAWN AND GARDEN,114.69744
2017-08-16,28,LINGERIE,1.7993287
2017-08-17,28,LINGERIE,1.2855636
2017-08-18,28,LINGERIE,1.5066365
2017-08-19,28,LINGERIE,1.9049448
2017-08-20,28,LINGERIE,1.5216262
2017-08-21,28,LINGERIE,1.630852
2017-08-22,28,LINGERIE,1.2479267
2017-08-23,28,LINGERIE,1.5092938
2017-08-24,28,LINGERIE,1.3808541
2017-08-25,28,LINGERIE,1.6014383
2017-08-26,28,LINGERIE,1.6293441
2017-08-27,28,LINGERIE,1.3715914
2017-08-28,28,LINGERIE,1.0879097
2017-08-29,28,LINGERIE,1.074263
2017-08-30,28,LINGERIE,1.5024078
2017-08-16,28,"LIQUOR,WINE,BEER",128.612
2017-08-17,28,"LIQUOR,WINE,BEER",139.32593
2017-08-18,28,"LIQUOR,WINE,BEER",94.674576
2017-08-19,28,"LIQUOR,WINE,BEER",103.40234
2017-08-20,28,"LIQUOR,WINE,BEER",87.545525
2017-08-21,28,"LIQUOR,WINE,BEER",105.46816
2017-08-22,28,"LIQUOR,WINE,BEER",51.68956
2017-08-23,28,"LIQUOR,WINE,BEER",91.167534
2017-08-24,28,"LIQUOR,WINE,BEER",127.26315
2017-08-25,28,"LIQUOR,WINE,BEER",67.21969
2017-08-26,28,"LIQUOR,WINE,BEER",96.28162
2017-08-27,28,"LIQUOR,WINE,BEER",74.23641
2017-08-28,28,"LIQUOR,WINE,BEER",94.97306
2017-08-29,28,"LIQUOR,WINE,BEER",61.24803
2017-08-30,28,"LIQUOR,WINE,BEER",83.69914
2017-08-16,28,MAGAZINES,178.36742
2017-08-17,28,MAGAZINES,173.75943
2017-08-18,28,MAGAZINES,190.34935
2017-08-19,28,MAGAZINES,189.13306
2017-08-20,28,MAGAZINES,160.56367
2017-08-21,28,MAGAZINES,143.21654
2017-08-22,28,MAGAZINES,126.567635
2017-08-23,28,MAGAZINES,147.99602
2017-08-24,28,MAGAZINES,159.76218
2017-08-25,28,MAGAZINES,163.00847
2017-08-26,28,MAGAZINES,168.7863
2017-08-27,28,MAGAZINES,135.4797
2017-08-28,28,MAGAZINES,123.90359
2017-08-29,28,MAGAZINES,114.102974
2017-08-30,28,MAGAZINES,126.15193
2017-08-16,28,MEATS,3.800134
2017-08-17,28,MEATS,3.5602374
2017-08-18,28,MEATS,4.7511554
2017-08-19,28,MEATS,4.851296
2017-08-20,28,MEATS,3.767133
2017-08-21,28,MEATS,4.0674376
2017-08-22,28,MEATS,4.1483216
2017-08-23,28,MEATS,4.6462336
2017-08-24,28,MEATS,4.099137
2017-08-25,28,MEATS,4.297339
2017-08-26,28,MEATS,4.2684116
2017-08-27,28,MEATS,3.656207
2017-08-28,28,MEATS,4.138266
2017-08-29,28,MEATS,4.217939
2017-08-30,28,MEATS,4.164392
2017-08-16,28,PERSONAL CARE,4.676509
2017-08-17,28,PERSONAL CARE,5.731974
2017-08-18,28,PERSONAL CARE,5.1009927
2017-08-19,28,PERSONAL CARE,5.087544
2017-08-20,28,PERSONAL CARE,5.2965546
2017-08-21,28,PERSONAL CARE,4.2922764
2017-08-22,28,PERSONAL CARE,3.7690673
2017-08-23,28,PERSONAL CARE,4.8464093
2017-08-24,28,PERSONAL CARE,4.5425196
2017-08-25,28,PERSONAL CARE,4.975185
2017-08-26,28,PERSONAL CARE,4.3570304
2017-08-27,28,PERSONAL CARE,5.217693
2017-08-28,28,PERSONAL CARE,3.9905875
2017-08-29,28,PERSONAL CARE,4.4921637
2017-08-30,28,PERSONAL CARE,4.823025
2017-08-16,28,PET SUPPLIES,188.26904
2017-08-17,28,PET SUPPLIES,152.54594
2017-08-18,28,PET SUPPLIES,199.48863
2017-08-19,28,PET SUPPLIES,175.62598
2017-08-20,28,PET SUPPLIES,161.07623
2017-08-21,28,PET SUPPLIES,183.58015
2017-08-22,28,PET SUPPLIES,113.617584
2017-08-23,28,PET SUPPLIES,165.6003
2017-08-24,28,PET SUPPLIES,142.52925
2017-08-25,28,PET SUPPLIES,186.20691
2017-08-26,28,PET SUPPLIES,181.56392
2017-08-27,28,PET SUPPLIES,145.89578
2017-08-28,28,PET SUPPLIES,166.7382
2017-08-29,28,PET SUPPLIES,87.77905
2017-08-30,28,PET SUPPLIES,139.88849
2017-08-16,28,PLAYERS AND ELECTRONICS,65.54088
2017-08-17,28,PLAYERS AND ELECTRONICS,61.60692
2017-08-18,28,PLAYERS AND ELECTRONICS,66.21316
2017-08-19,28,PLAYERS AND ELECTRONICS,68.39227
2017-08-20,28,PLAYERS AND ELECTRONICS,59.602306
2017-08-21,28,PLAYERS AND ELECTRONICS,57.547436
2017-08-22,28,PLAYERS AND ELECTRONICS,43.106903
2017-08-23,28,PLAYERS AND ELECTRONICS,54.129696
2017-08-24,28,PLAYERS AND ELECTRONICS,51.864258
2017-08-25,28,PLAYERS AND ELECTRONICS,57.45485
2017-08-26,28,PLAYERS AND ELECTRONICS,65.74981
2017-08-27,28,PLAYERS AND ELECTRONICS,48.81488
2017-08-28,28,PLAYERS AND ELECTRONICS,49.776707
2017-08-29,28,PLAYERS AND ELECTRONICS,35.285892
2017-08-30,28,PLAYERS AND ELECTRONICS,44.926132
2017-08-16,28,POULTRY,1589.7567
2017-08-17,28,POULTRY,556.3595
2017-08-18,28,POULTRY,434.29694
2017-08-19,28,POULTRY,424.48187
2017-08-20,28,POULTRY,460.89874
2017-08-21,28,POULTRY,576.768
2017-08-22,28,POULTRY,835.96027
2017-08-23,28,POULTRY,535.9027
2017-08-24,28,POULTRY,462.73035
2017-08-25,28,POULTRY,412.96432
2017-08-26,28,POULTRY,513.875
2017-08-27,28,POULTRY,493.32745
2017-08-28,28,POULTRY,569.56024
2017-08-29,28,POULTRY,761.39044
2017-08-30,28,POULTRY,490.39957
2017-08-16,28,PREPARED FOODS,2.548156
2017-08-17,28,PREPARED FOODS,2.0029755
2017-08-18,28,PREPARED FOODS,2.476696
2017-08-19,28,PREPARED FOODS,2.17053
2017-08-20,28,PREPARED FOODS,2.2194257
2017-08-21,28,PREPARED FOODS,1.7268668
2017-08-22,28,PREPARED FOODS,1.7046582
2017-08-23,28,PREPARED FOODS,2.537977
2017-08-24,28,PREPARED FOODS,2.1652884
2017-08-25,28,PREPARED FOODS,2.1782842
2017-08-26,28,PREPARED FOODS,2.3741534
2017-08-27,28,PREPARED FOODS,2.832222
2017-08-28,28,PREPARED FOODS,1.9112197
2017-08-29,28,PREPARED FOODS,2.3597238
2017-08-30,28,PREPARED FOODS,2.5560565
2017-08-16,28,PRODUCE,7.654775
2017-08-17,28,PRODUCE,5.979553
2017-08-18,28,PRODUCE,7.4988537
2017-08-19,28,PRODUCE,8.467526
2017-08-20,28,PRODUCE,7.094469
2017-08-21,28,PRODUCE,8.395671
2017-08-22,28,PRODUCE,4.9461107
2017-08-23,28,PRODUCE,7.542954
2017-08-24,28,PRODUCE,6.5279016
2017-08-25,28,PRODUCE,7.583471
2017-08-26,28,PRODUCE,8.051628
2017-08-27,28,PRODUCE,6.693299
2017-08-28,28,PRODUCE,7.424138
2017-08-29,28,PRODUCE,4.3494024
2017-08-30,28,PRODUCE,6.6686583
2017-08-16,28,SCHOOL AND OFFICE SUPPLIES,6.7924876
2017-08-17,28,SCHOOL AND OFFICE SUPPLIES,6.4718695
2017-08-18,28,SCHOOL AND OFFICE SUPPLIES,7.84564
2017-08-19,28,SCHOOL AND OFFICE SUPPLIES,6.930978
2017-08-20,28,SCHOOL AND OFFICE SUPPLIES,6.610087
2017-08-21,28,SCHOOL AND OFFICE SUPPLIES,5.9203806
2017-08-22,28,SCHOOL AND OFFICE SUPPLIES,6.5006847
2017-08-23,28,SCHOOL AND OFFICE SUPPLIES,5.9101596
2017-08-24,28,SCHOOL AND OFFICE SUPPLIES,7.219718
2017-08-25,28,SCHOOL AND OFFICE SUPPLIES,7.5067325
2017-08-26,28,SCHOOL AND OFFICE SUPPLIES,6.5969152
2017-08-27,28,SCHOOL AND OFFICE SUPPLIES,6.2712784
2017-08-28,28,SCHOOL AND OFFICE SUPPLIES,6.11649
2017-08-29,28,SCHOOL AND OFFICE SUPPLIES,5.9037023
2017-08-30,28,SCHOOL AND OFFICE SUPPLIES,5.7699113
2017-08-16,28,SEAFOOD,0.002683382
2017-08-17,28,SEAFOOD,0.0
2017-08-18,28,SEAFOOD,0.0
2017-08-19,28,SEAFOOD,0.0
2017-08-20,28,SEAFOOD,0.022061193
2017-08-21,28,SEAFOOD,0.0025568039
2017-08-22,28,SEAFOOD,0.01101027
2017-08-23,28,SEAFOOD,0.0
2017-08-24,28,SEAFOOD,0.0
2017-08-25,28,SEAFOOD,0.0
2017-08-26,28,SEAFOOD,0.026863303
2017-08-27,28,SEAFOOD,0.0
2017-08-28,28,SEAFOOD,0.0
2017-08-29,28,SEAFOOD,0.006478217
2017-08-30,28,SEAFOOD,0.02684992
2017-08-16,29,AUTOMOTIVE,8.305673
2017-08-17,29,AUTOMOTIVE,10.051898
2017-08-18,29,AUTOMOTIVE,8.143413
2017-08-19,29,AUTOMOTIVE,9.049085
2017-08-20,29,AUTOMOTIVE,8.092254
2017-08-21,29,AUTOMOTIVE,7.0862937
2017-08-22,29,AUTOMOTIVE,7.4536014
2017-08-23,29,AUTOMOTIVE,7.742766
2017-08-24,29,AUTOMOTIVE,8.600742
2017-08-25,29,AUTOMOTIVE,8.10604
2017-08-26,29,AUTOMOTIVE,8.334667
2017-08-27,29,AUTOMOTIVE,7.8277373
2017-08-28,29,AUTOMOTIVE,7.3369837
2017-08-29,29,AUTOMOTIVE,6.5322366
2017-08-30,29,AUTOMOTIVE,7.202855
2017-08-16,29,BABY CARE,2844.8552
2017-08-17,29,BABY CARE,3051.3877
2017-08-18,29,BABY CARE,2648.484
2017-08-19,29,BABY CARE,2811.6772
2017-08-20,29,BABY CARE,2849.3843
2017-08-21,29,BABY CARE,2676.6702
2017-08-22,29,BABY CARE,2660.1228
2017-08-23,29,BABY CARE,3154.3447
2017-08-24,29,BABY CARE,3542.0925
2017-08-25,29,BABY CARE,3004.3997
2017-08-26,29,BABY CARE,3018.5527
2017-08-27,29,BABY CARE,3049.334
2017-08-28,29,BABY CARE,2877.1243
2017-08-29,29,BABY CARE,2727.4868
2017-08-30,29,BABY CARE,3171.016
2017-08-16,29,BEAUTY,0.0
2017-08-17,29,BEAUTY,0.0
2017-08-18,29,BEAUTY,0.0047326568
2017-08-19,29,BEAUTY,0.0
2017-08-20,29,BEAUTY,0.057188634
2017-08-21,29,BEAUTY,0.030460758
2017-08-22,29,BEAUTY,0.012538974
2017-08-23,29,BEAUTY,0.034021806
2017-08-24,29,BEAUTY,0.0040707397
2017-08-25,29,BEAUTY,0.008548307
2017-08-26,29,BEAUTY,0.009054106
2017-08-27,29,BEAUTY,0.07720146
2017-08-28,29,BEAUTY,0.045469813
2017-08-29,29,BEAUTY,0.0
2017-08-30,29,BEAUTY,0.026480414
2017-08-16,29,BEVERAGES,646.93207
2017-08-17,29,BEVERAGES,737.1067
2017-08-18,29,BEVERAGES,689.5218
2017-08-19,29,BEVERAGES,683.4861
2017-08-20,29,BEVERAGES,669.5065
2017-08-21,29,BEVERAGES,607.4619
2017-08-22,29,BEVERAGES,614.4818
2017-08-23,29,BEVERAGES,698.89233
2017-08-24,29,BEVERAGES,784.49207
2017-08-25,29,BEVERAGES,706.09607
2017-08-26,29,BEVERAGES,744.9152
2017-08-27,29,BEVERAGES,696.0075
2017-08-28,29,BEVERAGES,632.83685
2017-08-29,29,BEVERAGES,615.39966
2017-08-30,29,BEVERAGES,692.33386
2017-08-16,29,BREAD/BAKERY,11.984772
2017-08-17,29,BREAD/BAKERY,10.965678
2017-08-18,29,BREAD/BAKERY,13.479013
2017-08-19,29,BREAD/BAKERY,11.551045
2017-08-20,29,BREAD/BAKERY,11.875355
2017-08-21,29,BREAD/BAKERY,12.442517
2017-08-22,29,BREAD/BAKERY,11.775107
2017-08-23,29,BREAD/BAKERY,13.137669
2017-08-24,29,BREAD/BAKERY,11.737026
2017-08-25,29,BREAD/BAKERY,12.431054
2017-08-26,29,BREAD/BAKERY,12.188242
2017-08-27,29,BREAD/BAKERY,11.748759
2017-08-28,29,BREAD/BAKERY,12.357573
2017-08-29,29,BREAD/BAKERY,11.553889
2017-08-30,29,BREAD/BAKERY,14.22796
2017-08-16,29,CELEBRATION,859.83954
2017-08-17,29,CELEBRATION,903.97375
2017-08-18,29,CELEBRATION,740.14453
2017-08-19,29,CELEBRATION,900.55804
2017-08-20,29,CELEBRATION,913.2559
2017-08-21,29,CELEBRATION,802.9962
2017-08-22,29,CELEBRATION,841.85535
2017-08-23,29,CELEBRATION,926.5076
2017-08-24,29,CELEBRATION,1005.9094
2017-08-25,29,CELEBRATION,892.3184
2017-08-26,29,CELEBRATION,993.4703
2017-08-27,29,CELEBRATION,930.32886
2017-08-28,29,CELEBRATION,829.9545
2017-08-29,29,CELEBRATION,874.4354
2017-08-30,29,CELEBRATION,968.179
2017-08-16,29,CLEANING,876.4846
2017-08-17,29,CLEANING,922.82355
2017-08-18,29,CLEANING,788.2239
2017-08-19,29,CLEANING,888.1742
2017-08-20,29,CLEANING,906.69617
2017-08-21,29,CLEANING,810.9529
2017-08-22,29,CLEANING,892.16504
2017-08-23,29,CLEANING,944.47015
2017-08-24,29,CLEANING,1072.5897
2017-08-25,29,CLEANING,926.5867
2017-08-26,29,CLEANING,951.7336
2017-08-27,29,CLEANING,959.5367
2017-08-28,29,CLEANING,890.2465
2017-08-29,29,CLEANING,920.3454
2017-08-30,29,CLEANING,965.3499
2017-08-16,29,DAIRY,257.0233
2017-08-17,29,DAIRY,255.62265
2017-08-18,29,DAIRY,284.40793
2017-08-19,29,DAIRY,234.30278
2017-08-20,29,DAIRY,226.81305
2017-08-21,29,DAIRY,207.91742
2017-08-22,29,DAIRY,224.95128
2017-08-23,29,DAIRY,246.2487
2017-08-24,29,DAIRY,270.3164
2017-08-25,29,DAIRY,283.69293
2017-08-26,29,DAIRY,255.16653
2017-08-27,29,DAIRY,233.38097
2017-08-28,29,DAIRY,232.29005
2017-08-29,29,DAIRY,231.86226
2017-08-30,29,DAIRY,261.21667
2017-08-16,29,DELI,192.63785
2017-08-17,29,DELI,217.12767
2017-08-18,29,DELI,223.4788
2017-08-19,29,DELI,161.57884
2017-08-20,29,DELI,176.98262
2017-08-21,29,DELI,149.91072
2017-08-22,29,DELI,166.6854
2017-08-23,29,DELI,192.87538
2017-08-24,29,DELI,239.75316
2017-08-25,29,DELI,242.92757
2017-08-26,29,DELI,168.35052
2017-08-27,29,DELI,191.12267
2017-08-28,29,DELI,155.64369
2017-08-29,29,DELI,172.92293
2017-08-30,29,DELI,201.86526
2017-08-16,29,EGGS,121.13083
2017-08-17,29,EGGS,114.49417
2017-08-18,29,EGGS,99.8213
2017-08-19,29,EGGS,114.97748
2017-08-20,29,EGGS,107.825874
2017-08-21,29,EGGS,100.76755
2017-08-22,29,EGGS,110.69325
2017-08-23,29,EGGS,131.82903
2017-08-24,29,EGGS,122.71437
2017-08-25,29,EGGS,102.46898
2017-08-26,29,EGGS,119.738396
2017-08-27,29,EGGS,113.082954
2017-08-28,29,EGGS,109.419655
2017-08-29,29,EGGS,113.33705
2017-08-30,29,EGGS,133.14941
2017-08-16,29,FROZEN FOODS,3955.9927
2017-08-17,29,FROZEN FOODS,4041.9348
2017-08-18,29,FROZEN FOODS,3456.4043
2017-08-19,29,FROZEN FOODS,4002.4502
2017-08-20,29,FROZEN FOODS,4157.3413
2017-08-21,29,FROZEN FOODS,3655.1587
2017-08-22,29,FROZEN FOODS,3897.1575
2017-08-23,29,FROZEN FOODS,4219.594
2017-08-24,29,FROZEN FOODS,5003.477
2017-08-25,29,FROZEN FOODS,4411.737
2017-08-26,29,FROZEN FOODS,4469.561
2017-08-27,29,FROZEN FOODS,4349.936
2017-08-28,29,FROZEN FOODS,3823.0212
2017-08-29,29,FROZEN FOODS,4008.8337
2017-08-30,29,FROZEN FOODS,4558.8784
2017-08-16,29,GROCERY I,33.581905
2017-08-17,29,GROCERY I,40.100487
2017-08-18,29,GROCERY I,39.57132
2017-08-19,29,GROCERY I,39.16656
2017-08-20,29,GROCERY I,32.04396
2017-08-21,29,GROCERY I,31.066154
2017-08-22,29,GROCERY I,26.917917
2017-08-23,29,GROCERY I,36.040638
2017-08-24,29,GROCERY I,34.897682
2017-08-25,29,GROCERY I,35.11652
2017-08-26,29,GROCERY I,41.296272
2017-08-27,29,GROCERY I,37.589222
2017-08-28,29,GROCERY I,31.372038
2017-08-29,29,GROCERY I,27.952623
2017-08-30,29,GROCERY I,34.72322
2017-08-16,29,GROCERY II,1.5827215
2017-08-17,29,GROCERY II,1.5743388
2017-08-18,29,GROCERY II,1.5162942
2017-08-19,29,GROCERY II,1.2702171
2017-08-20,29,GROCERY II,1.5652134
2017-08-21,29,GROCERY II,1.3887467
2017-08-22,29,GROCERY II,1.2225782
2017-08-23,29,GROCERY II,1.6441079
2017-08-24,29,GROCERY II,1.5194037
2017-08-25,29,GROCERY II,1.1701785
2017-08-26,29,GROCERY II,1.3643298
2017-08-27,29,GROCERY II,1.3503357
2017-08-28,29,GROCERY II,1.3429778
2017-08-29,29,GROCERY II,1.0557367
2017-08-30,29,GROCERY II,1.4399488
2017-08-16,29,HARDWARE,21.544203
2017-08-17,29,HARDWARE,17.01375
2017-08-18,29,HARDWARE,19.593166
2017-08-19,29,HARDWARE,20.804525
2017-08-20,29,HARDWARE,19.684624
2017-08-21,29,HARDWARE,16.754505
2017-08-22,29,HARDWARE,16.818316
2017-08-23,29,HARDWARE,20.423925
2017-08-24,29,HARDWARE,18.310839
2017-08-25,29,HARDWARE,19.048918
2017-08-26,29,HARDWARE,22.263393
2017-08-27,29,HARDWARE,20.444048
2017-08-28,29,HARDWARE,18.233297
2017-08-29,29,HARDWARE,17.117111
2017-08-30,29,HARDWARE,18.490322
2017-08-16,29,HOME AND KITCHEN I,34.80184
2017-08-17,29,HOME AND KITCHEN I,33.161026
2017-08-18,29,HOME AND KITCHEN I,28.775007
2017-08-19,29,HOME AND KITCHEN I,36.973064
2017-08-20,29,HOME AND KITCHEN I,34.149014
2017-08-21,29,HOME AND KITCHEN I,28.789341
2017-08-22,29,HOME AND KITCHEN I,22.89204
2017-08-23,29,HOME AND KITCHEN I,29.129642
2017-08-24,29,HOME AND KITCHEN I,25.64325
2017-08-25,29,HOME AND KITCHEN I,28.961372
2017-08-26,29,HOME AND KITCHEN I,34.10021
2017-08-27,29,HOME AND KITCHEN I,34.040142
2017-08-28,29,HOME AND KITCHEN I,22.096392
2017-08-29,29,HOME AND KITCHEN I,20.880754
2017-08-30,29,HOME AND KITCHEN I,23.197636
2017-08-16,29,HOME AND KITCHEN II,0.06669052
2017-08-17,29,HOME AND KITCHEN II,0.13382854
2017-08-18,29,HOME AND KITCHEN II,0.17639954
2017-08-19,29,HOME AND KITCHEN II,0.16435514
2017-08-20,29,HOME AND KITCHEN II,0.25675726
2017-08-21,29,HOME AND KITCHEN II,0.15371458
2017-08-22,29,HOME AND KITCHEN II,0.21182008
2017-08-23,29,HOME AND KITCHEN II,0.21266206
2017-08-24,29,HOME AND KITCHEN II,0.23800044
2017-08-25,29,HOME AND KITCHEN II,0.21795377
2017-08-26,29,HOME AND KITCHEN II,0.30578995
2017-08-27,29,HOME AND KITCHEN II,0.28402403
2017-08-28,29,HOME AND KITCHEN II,0.34320816
2017-08-29,29,HOME AND KITCHEN II,0.2385456
2017-08-30,29,HOME AND KITCHEN II,0.24908778
2017-08-16,29,HOME APPLIANCES,206.13194
2017-08-17,29,HOME APPLIANCES,215.0622
2017-08-18,29,HOME APPLIANCES,204.7055
2017-08-19,29,HOME APPLIANCES,215.29723
2017-08-20,29,HOME APPLIANCES,217.33772
2017-08-21,29,HOME APPLIANCES,172.68549
2017-08-22,29,HOME APPLIANCES,167.17722
2017-08-23,29,HOME APPLIANCES,197.41197
2017-08-24,29,HOME APPLIANCES,206.08762
2017-08-25,29,HOME APPLIANCES,199.62788
2017-08-26,29,HOME APPLIANCES,211.80386
2017-08-27,29,HOME APPLIANCES,221.37605
2017-08-28,29,HOME APPLIANCES,172.72182
2017-08-29,29,HOME APPLIANCES,165.95126
2017-08-30,29,HOME APPLIANCES,188.14735
2017-08-16,29,HOME CARE,21.089804
2017-08-17,29,HOME CARE,27.80497
2017-08-18,29,HOME CARE,24.73914
2017-08-19,29,HOME CARE,24.582739
2017-08-20,29,HOME CARE,22.604994
2017-08-21,29,HOME CARE,20.926718
2017-08-22,29,HOME CARE,21.242292
2017-08-23,29,HOME CARE,22.567368
2017-08-24,29,HOME CARE,26.105585
2017-08-25,29,HOME CARE,25.956213
2017-08-26,29,HOME CARE,30.44312
2017-08-27,29,HOME CARE,24.206944
2017-08-28,29,HOME CARE,17.317265
2017-08-29,29,HOME CARE,19.731228
2017-08-30,29,HOME CARE,21.518314
2017-08-16,29,LAWN AND GARDEN,25.060612
2017-08-17,29,LAWN AND GARDEN,18.316486
2017-08-18,29,LAWN AND GARDEN,24.57164
2017-08-19,29,LAWN AND GARDEN,19.926538
2017-08-20,29,LAWN AND GARDEN,18.86699
2017-08-21,29,LAWN AND GARDEN,17.606339
2017-08-22,29,LAWN AND GARDEN,13.302944
2017-08-23,29,LAWN AND GARDEN,22.41239
2017-08-24,29,LAWN AND GARDEN,25.140259
2017-08-25,29,LAWN AND GARDEN,22.21863
2017-08-26,29,LAWN AND GARDEN,20.80916
2017-08-27,29,LAWN AND GARDEN,21.275913
2017-08-28,29,LAWN AND GARDEN,21.12121
2017-08-29,29,LAWN AND GARDEN,16.068527
2017-08-30,29,LAWN AND GARDEN,21.452206
2017-08-16,29,LINGERIE,6.2659745
2017-08-17,29,LINGERIE,5.91482
2017-08-18,29,LINGERIE,6.838294
2017-08-19,29,LINGERIE,6.718548
2017-08-20,29,LINGERIE,5.315888
2017-08-21,29,LINGERIE,5.9368615
2017-08-22,29,LINGERIE,5.0947046
2017-08-23,29,LINGERIE,7.471052
2017-08-24,29,LINGERIE,7.7745605
2017-08-25,29,LINGERIE,6.453527
2017-08-26,29,LINGERIE,7.114147
2017-08-27,29,LINGERIE,6.186968
2017-08-28,29,LINGERIE,5.701087
2017-08-29,29,LINGERIE,5.1813946
2017-08-30,29,LINGERIE,6.2310405
2017-08-16,29,"LIQUOR,WINE,BEER",101.83016
2017-08-17,29,"LIQUOR,WINE,BEER",108.81955
2017-08-18,29,"LIQUOR,WINE,BEER",114.276474
2017-08-19,29,"LIQUOR,WINE,BEER",88.719
2017-08-20,29,"LIQUOR,WINE,BEER",62.626415
2017-08-21,29,"LIQUOR,WINE,BEER",86.06531
2017-08-22,29,"LIQUOR,WINE,BEER",87.10456
2017-08-23,29,"LIQUOR,WINE,BEER",86.61874
2017-08-24,29,"LIQUOR,WINE,BEER",78.48786
2017-08-25,29,"LIQUOR,WINE,BEER",103.58025
2017-08-26,29,"LIQUOR,WINE,BEER",72.12451
2017-08-27,29,"LIQUOR,WINE,BEER",62.476963
2017-08-28,29,"LIQUOR,WINE,BEER",83.21621
2017-08-29,29,"LIQUOR,WINE,BEER",65.81164
2017-08-30,29,"LIQUOR,WINE,BEER",94.666664
2017-08-16,29,MAGAZINES,11.368986
2017-08-17,29,MAGAZINES,11.505491
2017-08-18,29,MAGAZINES,10.17805
2017-08-19,29,MAGAZINES,12.09965
2017-08-20,29,MAGAZINES,11.370087
2017-08-21,29,MAGAZINES,9.8164215
2017-08-22,29,MAGAZINES,7.774789
2017-08-23,29,MAGAZINES,9.489655
2017-08-24,29,MAGAZINES,9.609122
2017-08-25,29,MAGAZINES,9.012045
2017-08-26,29,MAGAZINES,9.7477665
2017-08-27,29,MAGAZINES,8.897568
2017-08-28,29,MAGAZINES,7.8014445
2017-08-29,29,MAGAZINES,7.205327
2017-08-30,29,MAGAZINES,8.161758
2017-08-16,29,MEATS,598.8248
2017-08-17,29,MEATS,509.11554
2017-08-18,29,MEATS,784.21356
2017-08-19,29,MEATS,404.961
2017-08-20,29,MEATS,471.60843
2017-08-21,29,MEATS,388.45822
2017-08-22,29,MEATS,457.04703
2017-08-23,29,MEATS,599.7856
2017-08-24,29,MEATS,544.06146
2017-08-25,29,MEATS,788.88574
2017-08-26,29,MEATS,452.71848
2017-08-27,29,MEATS,500.88242
2017-08-28,29,MEATS,431.70233
2017-08-29,29,MEATS,442.08472
2017-08-30,29,MEATS,605.0883
2017-08-16,29,PERSONAL CARE,252.3554
2017-08-17,29,PERSONAL CARE,283.3065
2017-08-18,29,PERSONAL CARE,235.50702
2017-08-19,29,PERSONAL CARE,291.4546
2017-08-20,29,PERSONAL CARE,293.9477
2017-08-21,29,PERSONAL CARE,249.19615
2017-08-22,29,PERSONAL CARE,261.81586
2017-08-23,29,PERSONAL CARE,273.70984
2017-08-24,29,PERSONAL CARE,322.01202
2017-08-25,29,PERSONAL CARE,278.68542
2017-08-26,29,PERSONAL CARE,306.6653
2017-08-27,29,PERSONAL CARE,291.09753
2017-08-28,29,PERSONAL CARE,256.53357
2017-08-29,29,PERSONAL CARE,258.2921
2017-08-30,29,PERSONAL CARE,287.13
2017-08-16,29,PET SUPPLIES,9.043315
2017-08-17,29,PET SUPPLIES,9.866921
2017-08-18,29,PET SUPPLIES,9.341827
2017-08-19,29,PET SUPPLIES,9.080682
2017-08-20,29,PET SUPPLIES,9.659028
2017-08-21,29,PET SUPPLIES,9.148621
2017-08-22,29,PET SUPPLIES,8.231032
2017-08-23,29,PET SUPPLIES,9.235124
2017-08-24,29,PET SUPPLIES,9.781179
2017-08-25,29,PET SUPPLIES,9.019929
2017-08-26,29,PET SUPPLIES,10.371527
2017-08-27,29,PET SUPPLIES,8.931244
2017-08-28,29,PET SUPPLIES,7.9633603
2017-08-29,29,PET SUPPLIES,7.6849914
2017-08-30,29,PET SUPPLIES,10.3230715
2017-08-16,29,PLAYERS AND ELECTRONICS,8.666182
2017-08-17,29,PLAYERS AND ELECTRONICS,9.146532
2017-08-18,29,PLAYERS AND ELECTRONICS,8.917151
2017-08-19,29,PLAYERS AND ELECTRONICS,9.478967
2017-08-20,29,PLAYERS AND ELECTRONICS,9.343455
2017-08-21,29,PLAYERS AND ELECTRONICS,8.529179
2017-08-22,29,PLAYERS AND ELECTRONICS,8.126514
2017-08-23,29,PLAYERS AND ELECTRONICS,9.686673
2017-08-24,29,PLAYERS AND ELECTRONICS,8.837045
2017-08-25,29,PLAYERS AND ELECTRONICS,8.366171
2017-08-26,29,PLAYERS AND ELECTRONICS,9.8587055
2017-08-27,29,PLAYERS AND ELECTRONICS,8.932011
2017-08-28,29,PLAYERS AND ELECTRONICS,8.392378
2017-08-29,29,PLAYERS AND ELECTRONICS,7.101037
2017-08-30,29,PLAYERS AND ELECTRONICS,8.163201
2017-08-16,29,POULTRY,491.55844
2017-08-17,29,POULTRY,472.3063
2017-08-18,29,POULTRY,595.9987
2017-08-19,29,POULTRY,446.3127
2017-08-20,29,POULTRY,468.64374
2017-08-21,29,POULTRY,394.0145
2017-08-22,29,POULTRY,442.98593
2017-08-23,29,POULTRY,540.5958
2017-08-24,29,POULTRY,542.48883
2017-08-25,29,POULTRY,645.87415
2017-08-26,29,POULTRY,441.96948
2017-08-27,29,POULTRY,480.97397
2017-08-28,29,POULTRY,405.4067
2017-08-29,29,POULTRY,453.98444
2017-08-30,29,POULTRY,547.97473
2017-08-16,29,PREPARED FOODS,106.37802
2017-08-17,29,PREPARED FOODS,110.53854
2017-08-18,29,PREPARED FOODS,107.5533
2017-08-19,29,PREPARED FOODS,112.86435
2017-08-20,29,PREPARED FOODS,109.89758
2017-08-21,29,PREPARED FOODS,98.70197
2017-08-22,29,PREPARED FOODS,100.2754
2017-08-23,29,PREPARED FOODS,112.66965
2017-08-24,29,PREPARED FOODS,112.182274
2017-08-25,29,PREPARED FOODS,112.97322
2017-08-26,29,PREPARED FOODS,123.065506
2017-08-27,29,PREPARED FOODS,112.31613
2017-08-28,29,PREPARED FOODS,101.93316
2017-08-29,29,PREPARED FOODS,100.1317
2017-08-30,29,PREPARED FOODS,113.512184
2017-08-16,29,PRODUCE,3648.6145
2017-08-17,29,PRODUCE,2004.1945
2017-08-18,29,PRODUCE,1900.217
2017-08-19,29,PRODUCE,2050.0352
2017-08-20,29,PRODUCE,2239.2642
2017-08-21,29,PRODUCE,2200.3672
2017-08-22,29,PRODUCE,1875.0638
2017-08-23,29,PRODUCE,3643.7354
2017-08-24,29,PRODUCE,1911.3322
2017-08-25,29,PRODUCE,1818.3131
2017-08-26,29,PRODUCE,1915.1302
2017-08-27,29,PRODUCE,2108.1335
2017-08-28,29,PRODUCE,2089.6802
2017-08-29,29,PRODUCE,1806.2778
2017-08-30,29,PRODUCE,3696.846
2017-08-16,29,SCHOOL AND OFFICE SUPPLIES,0.004021865
2017-08-17,29,SCHOOL AND OFFICE SUPPLIES,0.0
2017-08-18,29,SCHOOL AND OFFICE SUPPLIES,0.0
2017-08-19,29,SCHOOL AND OFFICE SUPPLIES,0.0
2017-08-20,29,SCHOOL AND OFFICE SUPPLIES,0.0
2017-08-21,29,SCHOOL AND OFFICE SUPPLIES,0.0
2017-08-22,29,SCHOOL AND OFFICE SUPPLIES,0.0
2017-08-23,29,SCHOOL AND OFFICE SUPPLIES,0.0
2017-08-24,29,SCHOOL AND OFFICE SUPPLIES,0.0
2017-08-25,29,SCHOOL AND OFFICE SUPPLIES,0.0
2017-08-26,29,SCHOOL AND OFFICE SUPPLIES,0.0
2017-08-27,29,SCHOOL AND OFFICE SUPPLIES,0.0
2017-08-28,29,SCHOOL AND OFFICE SUPPLIES,0.0
2017-08-29,29,SCHOOL AND OFFICE SUPPLIES,0.0
2017-08-30,29,SCHOOL AND OFFICE SUPPLIES,0.0
2017-08-16,29,SEAFOOD,33.618443
2017-08-17,29,SEAFOOD,35.02158
2017-08-18,29,SEAFOOD,38.41808
2017-08-19,29,SEAFOOD,33.699646
2017-08-20,29,SEAFOOD,36.727303
2017-08-21,29,SEAFOOD,30.13726
2017-08-22,29,SEAFOOD,31.49062
2017-08-23,29,SEAFOOD,35.94325
2017-08-24,29,SEAFOOD,35.357803
2017-08-25,29,SEAFOOD,39.018745
2017-08-26,29,SEAFOOD,36.185177
2017-08-27,29,SEAFOOD,35.35226
2017-08-28,29,SEAFOOD,31.72646
2017-08-29,29,SEAFOOD,30.760143
2017-08-30,29,SEAFOOD,34.730473
2017-08-16,3,AUTOMOTIVE,3.7235773
2017-08-17,3,AUTOMOTIVE,2.6628869
2017-08-18,3,AUTOMOTIVE,3.6181905
2017-08-19,3,AUTOMOTIVE,3.2890196
2017-08-20,3,AUTOMOTIVE,3.320938
2017-08-21,3,AUTOMOTIVE,3.133572
2017-08-22,3,AUTOMOTIVE,3.2226825
2017-08-23,3,AUTOMOTIVE,3.4838731
2017-08-24,3,AUTOMOTIVE,3.2440228
2017-08-25,3,AUTOMOTIVE,3.4418817
2017-08-26,3,AUTOMOTIVE,4.0787606
2017-08-27,3,AUTOMOTIVE,3.4254098
2017-08-28,3,AUTOMOTIVE,2.6549575
2017-08-29,3,AUTOMOTIVE,3.4629846
2017-08-30,3,AUTOMOTIVE,3.5658922
2017-08-16,3,BABY CARE,0.24142608
2017-08-17,3,BABY CARE,0.12837546
2017-08-18,3,BABY CARE,0.22702067
2017-08-19,3,BABY CARE,0.2106858
2017-08-20,3,BABY CARE,0.26732573
2017-08-21,3,BABY CARE,0.1212068
2017-08-22,3,BABY CARE,0.17215122
2017-08-23,3,BABY CARE,0.13442364
2017-08-24,3,BABY CARE,0.15322863
2017-08-25,3,BABY CARE,0.16946118
2017-08-26,3,BABY CARE,0.28199694
2017-08-27,3,BABY CARE,0.22835276
2017-08-28,3,BABY CARE,0.16205923
2017-08-29,3,BABY CARE,0.168996
2017-08-30,3,BABY CARE,0.19907798
2017-08-16,3,BEAUTY,0.690403
2017-08-17,3,BEAUTY,0.58293
2017-08-18,3,BEAUTY,0.5507835
2017-08-19,3,BEAUTY,0.8333201
2017-08-20,3,BEAUTY,0.7316917
2017-08-21,3,BEAUTY,0.56166226
2017-08-22,3,BEAUTY,0.4598287
2017-08-23,3,BEAUTY,0.7905742
2017-08-24,3,BEAUTY,0.556819
2017-08-25,3,BEAUTY,0.6205254
2017-08-26,3,BEAUTY,0.7339601
2017-08-27,3,BEAUTY,0.57222825
2017-08-28,3,BEAUTY,0.5742531
2017-08-29,3,BEAUTY,0.64112043
2017-08-30,3,BEAUTY,0.6800906
2017-08-16,3,BEVERAGES,2050.0981
2017-08-17,3,BEVERAGES,1427.7657
2017-08-18,3,BEVERAGES,1841.4846
2017-08-19,3,BEVERAGES,1973.6118
2017-08-20,3,BEVERAGES,1512.8834
2017-08-21,3,BEVERAGES,1559.5371
2017-08-22,3,BEVERAGES,1288.2787
2017-08-23,3,BEVERAGES,1508.1061
2017-08-24,3,BEVERAGES,1314.3646
2017-08-25,3,BEVERAGES,1528.1218
2017-08-26,3,BEVERAGES,1605.7065
2017-08-27,3,BEVERAGES,1374.4121
2017-08-28,3,BEVERAGES,1396.7668
2017-08-29,3,BEVERAGES,1200.5278
2017-08-30,3,BEVERAGES,1372.306
2017-08-16,3,BOOKS,175.57416
2017-08-17,3,BOOKS,154.02916
2017-08-18,3,BOOKS,179.17393
2017-08-19,3,BOOKS,195.65549
2017-08-20,3,BOOKS,180.41875
2017-08-21,3,BOOKS,164.0016
2017-08-22,3,BOOKS,148.45132
2017-08-23,3,BOOKS,180.11447
2017-08-24,3,BOOKS,147.47914
2017-08-25,3,BOOKS,187.43736
2017-08-26,3,BOOKS,198.65231
2017-08-27,3,BOOKS,200.21602
2017-08-28,3,BOOKS,165.36058
2017-08-29,3,BOOKS,146.52008
2017-08-30,3,BOOKS,173.68361
2017-08-16,3,BREAD/BAKERY,6.271952
2017-08-17,3,BREAD/BAKERY,3.095906
2017-08-18,3,BREAD/BAKERY,4.79712
2017-08-19,3,BREAD/BAKERY,4.2601113
2017-08-20,3,BREAD/BAKERY,4.737759
2017-08-21,3,BREAD/BAKERY,3.939775
2017-08-22,3,BREAD/BAKERY,3.8251498
2017-08-23,3,BREAD/BAKERY,5.349444
2017-08-24,3,BREAD/BAKERY,3.9254384
2017-08-25,3,BREAD/BAKERY,4.6750703
2017-08-26,3,BREAD/BAKERY,4.488701
2017-08-27,3,BREAD/BAKERY,3.770954
2017-08-28,3,BREAD/BAKERY,4.710109
2017-08-29,3,BREAD/BAKERY,4.1230097
2017-08-30,3,BREAD/BAKERY,4.8118653
2017-08-16,3,CELEBRATION,754.08514
2017-08-17,3,CELEBRATION,492.01883
2017-08-18,3,CELEBRATION,605.07947
2017-08-19,3,CELEBRATION,723.0341
2017-08-20,3,CELEBRATION,543.24786
2017-08-21,3,CELEBRATION,579.78326
2017-08-22,3,CELEBRATION,474.90756
2017-08-23,3,CELEBRATION,544.1378
2017-08-24,3,CELEBRATION,476.72076
2017-08-25,3,CELEBRATION,547.33026
2017-08-26,3,CELEBRATION,670.33685
2017-08-27,3,CELEBRATION,498.28098
2017-08-28,3,CELEBRATION,547.3464
2017-08-29,3,CELEBRATION,466.7368
2017-08-30,3,CELEBRATION,531.22736
2017-08-16,3,CLEANING,328.54373
2017-08-17,3,CLEANING,246.41757
2017-08-18,3,CLEANING,261.31982
2017-08-19,3,CLEANING,293.14282
2017-08-20,3,CLEANING,263.4365
2017-08-21,3,CLEANING,291.61456
2017-08-22,3,CLEANING,255.71663
2017-08-23,3,CLEANING,320.96045
2017-08-24,3,CLEANING,237.9673
2017-08-25,3,CLEANING,266.65143
2017-08-26,3,CLEANING,285.80783
2017-08-27,3,CLEANING,265.52234
2017-08-28,3,CLEANING,276.2541
2017-08-29,3,CLEANING,253.48473
2017-08-30,3,CLEANING,321.34213
2017-08-16,3,DAIRY,130.01328
2017-08-17,3,DAIRY,109.720116
2017-08-18,3,DAIRY,144.37572
2017-08-19,3,DAIRY,134.31514
2017-08-20,3,DAIRY,112.64245
2017-08-21,3,DAIRY,115.9442
2017-08-22,3,DAIRY,99.73425
2017-08-23,3,DAIRY,115.99155
2017-08-24,3,DAIRY,104.83182
2017-08-25,3,DAIRY,142.02956
2017-08-26,3,DAIRY,130.85751
2017-08-27,3,DAIRY,109.04959
2017-08-28,3,DAIRY,114.94461
2017-08-29,3,DAIRY,100.01424
2017-08-30,3,DAIRY,122.37438
2017-08-16,3,DELI,138.54144
2017-08-17,3,DELI,105.613686
2017-08-18,3,DELI,161.68588
2017-08-19,3,DELI,162.86559
2017-08-20,3,DELI,128.96564
2017-08-21,3,DELI,169.3112
2017-08-22,3,DELI,98.601524
2017-08-23,3,DELI,138.98915
2017-08-24,3,DELI,130.03151
2017-08-25,3,DELI,172.39299
2017-08-26,3,DELI,174.51378
2017-08-27,3,DELI,139.25177
2017-08-28,3,DELI,165.31514
2017-08-29,3,DELI,92.76166
2017-08-30,3,DELI,137.20929
2017-08-16,3,EGGS,54.936527
2017-08-17,3,EGGS,46.03324
2017-08-18,3,EGGS,48.829903
2017-08-19,3,EGGS,64.37662
2017-08-20,3,EGGS,44.929493
2017-08-21,3,EGGS,54.150448
2017-08-22,3,EGGS,43.05572
2017-08-23,3,EGGS,55.3727
2017-08-24,3,EGGS,44.42645
2017-08-25,3,EGGS,46.70116
2017-08-26,3,EGGS,62.909557
2017-08-27,3,EGGS,43.640106
2017-08-28,3,EGGS,50.056206
2017-08-29,3,EGGS,46.90808
2017-08-30,3,EGGS,53.788193
2017-08-16,3,FROZEN FOODS,2873.7134
2017-08-17,3,FROZEN FOODS,1788.7362
2017-08-18,3,FROZEN FOODS,2041.5015
2017-08-19,3,FROZEN FOODS,2228.2913
2017-08-20,3,FROZEN FOODS,1792.504
2017-08-21,3,FROZEN FOODS,2110.8494
2017-08-22,3,FROZEN FOODS,1776.4937
2017-08-23,3,FROZEN FOODS,1941.1681
2017-08-24,3,FROZEN FOODS,1786.916
2017-08-25,3,FROZEN FOODS,2117.1392
2017-08-26,3,FROZEN FOODS,2176.664
2017-08-27,3,FROZEN FOODS,1902.8646
2017-08-28,3,FROZEN FOODS,1926.8114
2017-08-29,3,FROZEN FOODS,1765.8076
2017-08-30,3,FROZEN FOODS,2178.2344
2017-08-16,3,GROCERY I,5.6799183
2017-08-17,3,GROCERY I,4.8566766
2017-08-18,3,GROCERY I,4.700472
2017-08-19,3,GROCERY I,6.092621
2017-08-20,3,GROCERY I,6.145827
2017-08-21,3,GROCERY I,5.5372877
2017-08-22,3,GROCERY I,3.4125793
2017-08-23,3,GROCERY I,5.553048
2017-08-24,3,GROCERY I,3.9149773
2017-08-25,3,GROCERY I,4.974197
2017-08-26,3,GROCERY I,5.836564
2017-08-27,3,GROCERY I,4.735431
2017-08-28,3,GROCERY I,4.6575155
2017-08-29,3,GROCERY I,3.6170158
2017-08-30,3,GROCERY I,5.015353
2017-08-16,3,GROCERY II,0.60729665
2017-08-17,3,GROCERY II,0.44474646
2017-08-18,3,GROCERY II,0.53795046
2017-08-19,3,GROCERY II,0.54224765
2017-08-20,3,GROCERY II,0.5534075
2017-08-21,3,GROCERY II,0.7185181
2017-08-22,3,GROCERY II,0.43064696
2017-08-23,3,GROCERY II,0.6864689
2017-08-24,3,GROCERY II,0.5849911
2017-08-25,3,GROCERY II,0.6839415
2017-08-26,3,GROCERY II,0.716008
2017-08-27,3,GROCERY II,0.63066185
2017-08-28,3,GROCERY II,0.76610154
2017-08-29,3,GROCERY II,0.59558475
2017-08-30,3,GROCERY II,0.7369404
2017-08-16,3,HARDWARE,13.16762
2017-08-17,3,HARDWARE,9.394548
2017-08-18,3,HARDWARE,10.5956745
2017-08-19,3,HARDWARE,13.109381
2017-08-20,3,HARDWARE,12.440063
2017-08-21,3,HARDWARE,13.175295
2017-08-22,3,HARDWARE,9.338412
2017-08-23,3,HARDWARE,13.143879
2017-08-24,3,HARDWARE,10.162155
2017-08-25,3,HARDWARE,9.617109
2017-08-26,3,HARDWARE,13.28113
2017-08-27,3,HARDWARE,12.062627
2017-08-28,3,HARDWARE,12.000532
2017-08-29,3,HARDWARE,10.550871
2017-08-30,3,HARDWARE,11.434494
2017-08-16,3,HOME AND KITCHEN I,8.817288
2017-08-17,3,HOME AND KITCHEN I,7.0784593
2017-08-18,3,HOME AND KITCHEN I,7.254925
2017-08-19,3,HOME AND KITCHEN I,9.487222
2017-08-20,3,HOME AND KITCHEN I,8.499771
2017-08-21,3,HOME AND KITCHEN I,7.776653
2017-08-22,3,HOME AND KITCHEN I,6.298127
2017-08-23,3,HOME AND KITCHEN I,7.4426208
2017-08-24,3,HOME AND KITCHEN I,5.4917645
2017-08-25,3,HOME AND KITCHEN I,6.5305557
2017-08-26,3,HOME AND KITCHEN I,7.508184
2017-08-27,3,HOME AND KITCHEN I,6.882747
2017-08-28,3,HOME AND KITCHEN I,6.5250635
2017-08-29,3,HOME AND KITCHEN I,6.261274
2017-08-30,3,HOME AND KITCHEN I,7.224758
2017-08-16,3,HOME AND KITCHEN II,0.112906165
2017-08-17,3,HOME AND KITCHEN II,0.16549958
2017-08-18,3,HOME AND KITCHEN II,0.1799196
2017-08-19,3,HOME AND KITCHEN II,0.17484866
2017-08-20,3,HOME AND KITCHEN II,0.17894046
2017-08-21,3,HOME AND KITCHEN II,0.13221633
2017-08-22,3,HOME AND KITCHEN II,0.24998851
2017-08-23,3,HOME AND KITCHEN II,0.282865
2017-08-24,3,HOME AND KITCHEN II,0.22228569
2017-08-25,3,HOME AND KITCHEN II,0.21946947
2017-08-26,3,HOME AND KITCHEN II,0.3003825
2017-08-27,3,HOME AND KITCHEN II,0.2661377
2017-08-28,3,HOME AND KITCHEN II,0.2736595
2017-08-29,3,HOME AND KITCHEN II,0.28864878
2017-08-30,3,HOME AND KITCHEN II,0.24567795
2017-08-16,3,HOME APPLIANCES,152.854
2017-08-17,3,HOME APPLIANCES,113.264595
2017-08-18,3,HOME APPLIANCES,118.66432
2017-08-19,3,HOME APPLIANCES,148.46616
2017-08-20,3,HOME APPLIANCES,136.00357
2017-08-21,3,HOME APPLIANCES,103.832985
2017-08-22,3,HOME APPLIANCES,77.90873
2017-08-23,3,HOME APPLIANCES,129.27182
2017-08-24,3,HOME APPLIANCES,89.107666
2017-08-25,3,HOME APPLIANCES,104.57544
2017-08-26,3,HOME APPLIANCES,126.71178
2017-08-27,3,HOME APPLIANCES,117.93214
2017-08-28,3,HOME APPLIANCES,105.75351
2017-08-29,3,HOME APPLIANCES,80.625854
2017-08-30,3,HOME APPLIANCES,101.33508
2017-08-16,3,HOME CARE,0.68371475
2017-08-17,3,HOME CARE,0.4296843
2017-08-18,3,HOME CARE,0.4603386
2017-08-19,3,HOME CARE,0.6091124
2017-08-20,3,HOME CARE,0.570249
2017-08-21,3,HOME CARE,0.47694227
2017-08-22,3,HOME CARE,0.46849653
2017-08-23,3,HOME CARE,0.49421003
2017-08-24,3,HOME CARE,0.49777925
2017-08-25,3,HOME CARE,0.5980322
2017-08-26,3,HOME CARE,0.44874907
2017-08-27,3,HOME CARE,0.50961876
2017-08-28,3,HOME CARE,0.4225968
2017-08-29,3,HOME CARE,0.4589412
2017-08-30,3,HOME CARE,0.5761927
2017-08-16,3,LADIESWEAR,3.6439247
2017-08-17,3,LADIESWEAR,3.5850677
2017-08-18,3,LADIESWEAR,3.6890585
2017-08-19,3,LADIESWEAR,3.565339
2017-08-20,3,LADIESWEAR,3.3345373
2017-08-21,3,LADIESWEAR,4.4369636
2017-08-22,3,LADIESWEAR,2.7387917
2017-08-23,3,LADIESWEAR,3.7278526
2017-08-24,3,LADIESWEAR,3.164974
2017-08-25,3,LADIESWEAR,3.790207
2017-08-26,3,LADIESWEAR,3.9821167
2017-08-27,3,LADIESWEAR,3.0598886
2017-08-28,3,LADIESWEAR,3.5488107
2017-08-29,3,LADIESWEAR,2.929458
2017-08-30,3,LADIESWEAR,3.4190445
2017-08-16,3,LAWN AND GARDEN,69.77546
2017-08-17,3,LAWN AND GARDEN,62.37922
2017-08-18,3,LAWN AND GARDEN,60.042706
2017-08-19,3,LAWN AND GARDEN,52.33125
2017-08-20,3,LAWN AND GARDEN,44.15551
2017-08-21,3,LAWN AND GARDEN,50.08584
2017-08-22,3,LAWN AND GARDEN,38.450138
2017-08-23,3,LAWN AND GARDEN,57.622917
2017-08-24,3,LAWN AND GARDEN,57.73668
2017-08-25,3,LAWN AND GARDEN,108.64181
2017-08-26,3,LAWN AND GARDEN,75.85017
2017-08-27,3,LAWN AND GARDEN,50.45126
2017-08-28,3,LAWN AND GARDEN,52.30183
2017-08-29,3,LAWN AND GARDEN,38.592262
2017-08-30,3,LAWN AND GARDEN,49.16588
2017-08-16,3,LINGERIE,0.6878089
2017-08-17,3,LINGERIE,0.64308554
2017-08-18,3,LINGERIE,0.6643497
2017-08-19,3,LINGERIE,0.87017286
2017-08-20,3,LINGERIE,0.80343205
2017-08-21,3,LINGERIE,0.8512239
2017-08-22,3,LINGERIE,0.8329025
2017-08-23,3,LINGERIE,0.72607803
2017-08-24,3,LINGERIE,0.7752173
2017-08-25,3,LINGERIE,0.6411923
2017-08-26,3,LINGERIE,0.90048325
2017-08-27,3,LINGERIE,0.6385725
2017-08-28,3,LINGERIE,0.648185
2017-08-29,3,LINGERIE,0.6688632
2017-08-30,3,LINGERIE,0.7461093
2017-08-16,3,"LIQUOR,WINE,BEER",77.70184
2017-08-17,3,"LIQUOR,WINE,BEER",74.81158
2017-08-18,3,"LIQUOR,WINE,BEER",61.044018
2017-08-19,3,"LIQUOR,WINE,BEER",83.88983
2017-08-20,3,"LIQUOR,WINE,BEER",59.782528
2017-08-21,3,"LIQUOR,WINE,BEER",75.81333
2017-08-22,3,"LIQUOR,WINE,BEER",45.978043
2017-08-23,3,"LIQUOR,WINE,BEER",72.30584
2017-08-24,3,"LIQUOR,WINE,BEER",78.89872
2017-08-25,3,"LIQUOR,WINE,BEER",63.877605
2017-08-26,3,"LIQUOR,WINE,BEER",79.39315
2017-08-27,3,"LIQUOR,WINE,BEER",56.3517
2017-08-28,3,"LIQUOR,WINE,BEER",75.420586
2017-08-29,3,"LIQUOR,WINE,BEER",47.094837
2017-08-30,3,"LIQUOR,WINE,BEER",69.458046
2017-08-16,3,MAGAZINES,113.50232
2017-08-17,3,MAGAZINES,98.585815
2017-08-18,3,MAGAZINES,115.027115
2017-08-19,3,MAGAZINES,140.82552
2017-08-20,3,MAGAZINES,106.30655
2017-08-21,3,MAGAZINES,105.84318
2017-08-22,3,MAGAZINES,88.59097
2017-08-23,3,MAGAZINES,97.05296
2017-08-24,3,MAGAZINES,78.45185
2017-08-25,3,MAGAZINES,93.19716
2017-08-26,3,MAGAZINES,111.90365
2017-08-27,3,MAGAZINES,103.49785
2017-08-28,3,MAGAZINES,105.69441
2017-08-29,3,MAGAZINES,87.164314
2017-08-30,3,MAGAZINES,95.225746
2017-08-16,3,MEATS,2.1860702
2017-08-17,3,MEATS,1.9041332
2017-08-18,3,MEATS,2.088724
2017-08-19,3,MEATS,2.2692716
2017-08-20,3,MEATS,2.1369803
2017-08-21,3,MEATS,2.1617377
2017-08-22,3,MEATS,1.8999132
2017-08-23,3,MEATS,2.2555935
2017-08-24,3,MEATS,1.952756
2017-08-25,3,MEATS,1.9369363
2017-08-26,3,MEATS,2.1646075
2017-08-27,3,MEATS,2.2529607
2017-08-28,3,MEATS,1.8223797
2017-08-29,3,MEATS,1.818632
2017-08-30,3,MEATS,1.7651956
2017-08-16,3,PERSONAL CARE,4.832472
2017-08-17,3,PERSONAL CARE,3.8516815
2017-08-18,3,PERSONAL CARE,4.773453
2017-08-19,3,PERSONAL CARE,5.2473764
2017-08-20,3,PERSONAL CARE,5.0451865
2017-08-21,3,PERSONAL CARE,4.2190585
2017-08-22,3,PERSONAL CARE,4.0103936
2017-08-23,3,PERSONAL CARE,4.7765274
2017-08-24,3,PERSONAL CARE,3.496629
2017-08-25,3,PERSONAL CARE,4.5791945
2017-08-26,3,PERSONAL CARE,4.70088
2017-08-27,3,PERSONAL CARE,4.886957
2017-08-28,3,PERSONAL CARE,3.732373
2017-08-29,3,PERSONAL CARE,4.602171
2017-08-30,3,PERSONAL CARE,3.8718867
2017-08-16,3,PET SUPPLIES,125.24756
2017-08-17,3,PET SUPPLIES,97.46928
2017-08-18,3,PET SUPPLIES,137.41553
2017-08-19,3,PET SUPPLIES,121.98732
2017-08-20,3,PET SUPPLIES,108.115265
2017-08-21,3,PET SUPPLIES,118.888016
2017-08-22,3,PET SUPPLIES,94.441444
2017-08-23,3,PET SUPPLIES,122.62371
2017-08-24,3,PET SUPPLIES,99.784874
2017-08-25,3,PET SUPPLIES,135.26059
2017-08-26,3,PET SUPPLIES,124.59101
2017-08-27,3,PET SUPPLIES,107.41947
2017-08-28,3,PET SUPPLIES,118.20138
2017-08-29,3,PET SUPPLIES,87.24642
2017-08-30,3,PET SUPPLIES,120.410645
2017-08-16,3,PLAYERS AND ELECTRONICS,27.315641
2017-08-17,3,PLAYERS AND ELECTRONICS,21.213179
2017-08-18,3,PLAYERS AND ELECTRONICS,23.915113
2017-08-19,3,PLAYERS AND ELECTRONICS,31.285213
2017-08-20,3,PLAYERS AND ELECTRONICS,22.978228
2017-08-21,3,PLAYERS AND ELECTRONICS,26.392914
2017-08-22,3,PLAYERS AND ELECTRONICS,18.867798
2017-08-23,3,PLAYERS AND ELECTRONICS,23.680073
2017-08-24,3,PLAYERS AND ELECTRONICS,20.157055
2017-08-25,3,PLAYERS AND ELECTRONICS,23.67538
2017-08-26,3,PLAYERS AND ELECTRONICS,24.921606
2017-08-27,3,PLAYERS AND ELECTRONICS,23.344107
2017-08-28,3,PLAYERS AND ELECTRONICS,23.962093
2017-08-29,3,PLAYERS AND ELECTRONICS,18.493345
2017-08-30,3,PLAYERS AND ELECTRONICS,24.433916
2017-08-16,3,POULTRY,905.1332
2017-08-17,3,POULTRY,321.05154
2017-08-18,3,POULTRY,350.39957
2017-08-19,3,POULTRY,365.84485
2017-08-20,3,POULTRY,361.52615
2017-08-21,3,POULTRY,472.43137
2017-08-22,3,POULTRY,577.0511
2017-08-23,3,POULTRY,355.30667
2017-08-24,3,POULTRY,322.53848
2017-08-25,3,POULTRY,311.88
2017-08-26,3,POULTRY,456.08987
2017-08-27,3,POULTRY,389.69592
2017-08-28,3,POULTRY,472.00037
2017-08-29,3,POULTRY,560.72925
2017-08-30,3,POULTRY,324.9852
2017-08-16,3,PREPARED FOODS,0.32106456
2017-08-17,3,PREPARED FOODS,0.1952047
2017-08-18,3,PREPARED FOODS,0.24334924
2017-08-19,3,PREPARED FOODS,0.30315733
2017-08-20,3,PREPARED FOODS,0.26127562
2017-08-21,3,PREPARED FOODS,0.1974024
2017-08-22,3,PREPARED FOODS,0.176434
2017-08-23,3,PREPARED FOODS,0.26170918
2017-08-24,3,PREPARED FOODS,0.38382694
2017-08-25,3,PREPARED FOODS,0.32429665
2017-08-26,3,PREPARED FOODS,0.4984412
2017-08-27,3,PREPARED FOODS,0.3247421
2017-08-28,3,PREPARED FOODS,0.20652561
2017-08-29,3,PREPARED FOODS,0.3699762
2017-08-30,3,PREPARED FOODS,0.33939147
2017-08-16,3,PRODUCE,5.304167
2017-08-17,3,PRODUCE,4.787508
2017-08-18,3,PRODUCE,5.1022663
2017-08-19,3,PRODUCE,6.0397124
2017-08-20,3,PRODUCE,4.994979
2017-08-21,3,PRODUCE,5.379123
2017-08-22,3,PRODUCE,3.0248778
2017-08-23,3,PRODUCE,5.229809
2017-08-24,3,PRODUCE,4.0587153
2017-08-25,3,PRODUCE,4.428777
2017-08-26,3,PRODUCE,5.7839136
2017-08-27,3,PRODUCE,4.426732
2017-08-28,3,PRODUCE,5.3301883
2017-08-29,3,PRODUCE,3.6182513
2017-08-30,3,PRODUCE,6.5706787
2017-08-16,3,SCHOOL AND OFFICE SUPPLIES,8.776703
2017-08-17,3,SCHOOL AND OFFICE SUPPLIES,9.136322
2017-08-18,3,SCHOOL AND OFFICE SUPPLIES,9.761433
2017-08-19,3,SCHOOL AND OFFICE SUPPLIES,9.941293
2017-08-20,3,SCHOOL AND OFFICE SUPPLIES,9.335545
2017-08-21,3,SCHOOL AND OFFICE SUPPLIES,8.203933
2017-08-22,3,SCHOOL AND OFFICE SUPPLIES,8.612204
2017-08-23,3,SCHOOL AND OFFICE SUPPLIES,9.667993
2017-08-24,3,SCHOOL AND OFFICE SUPPLIES,8.86921
2017-08-25,3,SCHOOL AND OFFICE SUPPLIES,9.824339
2017-08-26,3,SCHOOL AND OFFICE SUPPLIES,10.006428
2017-08-27,3,SCHOOL AND OFFICE SUPPLIES,8.785823
2017-08-28,3,SCHOOL AND OFFICE SUPPLIES,7.787144
2017-08-29,3,SCHOOL AND OFFICE SUPPLIES,7.7764106
2017-08-30,3,SCHOOL AND OFFICE SUPPLIES,8.618239
2017-08-16,3,SEAFOOD,0.24053057
2017-08-17,3,SEAFOOD,0.22402167
2017-08-18,3,SEAFOOD,0.30864596
2017-08-19,3,SEAFOOD,0.23711023
2017-08-20,3,SEAFOOD,0.17193948
2017-08-21,3,SEAFOOD,0.24695079
2017-08-22,3,SEAFOOD,0.292831
2017-08-23,3,SEAFOOD,0.29313478
2017-08-24,3,SEAFOOD,0.2388692
2017-08-25,3,SEAFOOD,0.26925236
2017-08-26,3,SEAFOOD,0.5149442
2017-08-27,3,SEAFOOD,0.47009104
2017-08-28,3,SEAFOOD,0.24624631
2017-08-29,3,SEAFOOD,0.15891466
2017-08-30,3,SEAFOOD,0.397095
2017-08-16,30,AUTOMOTIVE,2.2620623
2017-08-17,30,AUTOMOTIVE,1.7618929
2017-08-18,30,AUTOMOTIVE,2.4685187
2017-08-19,30,AUTOMOTIVE,2.489721
2017-08-20,30,AUTOMOTIVE,2.3302243
2017-08-21,30,AUTOMOTIVE,1.8512902
2017-08-22,30,AUTOMOTIVE,2.034632
2017-08-23,30,AUTOMOTIVE,2.7241673
2017-08-24,30,AUTOMOTIVE,2.2078705
2017-08-25,30,AUTOMOTIVE,2.1305768
2017-08-26,30,AUTOMOTIVE,2.61518
2017-08-27,30,AUTOMOTIVE,2.2622743
2017-08-28,30,AUTOMOTIVE,2.2225046
2017-08-29,30,AUTOMOTIVE,2.2313743
2017-08-30,30,AUTOMOTIVE,2.388935
2017-08-16,30,BABY CARE,4002.01
2017-08-17,30,BABY CARE,3543.3486
2017-08-18,30,BABY CARE,3779.8962
2017-08-19,30,BABY CARE,4544.6973
2017-08-20,30,BABY CARE,3528.3555
2017-08-21,30,BABY CARE,3496.658
2017-08-22,30,BABY CARE,2806.1355
2017-08-23,30,BABY CARE,3596.7097
2017-08-24,30,BABY CARE,3702.4792
2017-08-25,30,BABY CARE,3582.545
2017-08-26,30,BABY CARE,3871.1086
2017-08-27,30,BABY CARE,3177.1667
2017-08-28,30,BABY CARE,3263.052
2017-08-29,30,BABY CARE,2427.433
2017-08-30,30,BABY CARE,3177.7544
2017-08-16,30,BEAUTY,611.8443
2017-08-17,30,BEAUTY,506.0728
2017-08-18,30,BEAUTY,672.951
2017-08-19,30,BEAUTY,736.5807
2017-08-20,30,BEAUTY,707.76935
2017-08-21,30,BEAUTY,542.4763
2017-08-22,30,BEAUTY,485.4022
2017-08-23,30,BEAUTY,568.3976
2017-08-24,30,BEAUTY,493.7767
2017-08-25,30,BEAUTY,620.57837
2017-08-26,30,BEAUTY,670.7217
2017-08-27,30,BEAUTY,704.0624
2017-08-28,30,BEAUTY,540.4778
2017-08-29,30,BEAUTY,435.75586
2017-08-30,30,BEAUTY,560.83405
2017-08-16,30,BEVERAGES,13.71136
2017-08-17,30,BEVERAGES,8.140777
2017-08-18,30,BEVERAGES,9.542486
2017-08-19,30,BEVERAGES,11.465676
2017-08-20,30,BEVERAGES,9.581571
2017-08-21,30,BEVERAGES,11.659263
2017-08-22,30,BEVERAGES,9.441702
2017-08-23,30,BEVERAGES,14.783315
2017-08-24,30,BEVERAGES,11.533484
2017-08-25,30,BEVERAGES,12.168139
2017-08-26,30,BEVERAGES,11.708149
2017-08-27,30,BEVERAGES,9.778792
2017-08-28,30,BEVERAGES,10.329713
2017-08-29,30,BEVERAGES,8.891978
2017-08-30,30,BEVERAGES,12.023795
2017-08-16,30,BREAD/BAKERY,1277.2086
2017-08-17,30,BREAD/BAKERY,1201.1459
2017-08-18,30,BREAD/BAKERY,1236.7168
2017-08-19,30,BREAD/BAKERY,1501.7748
2017-08-20,30,BREAD/BAKERY,1198.9796
2017-08-21,30,BREAD/BAKERY,1322.3816
2017-08-22,30,BREAD/BAKERY,1066.8915
2017-08-23,30,BREAD/BAKERY,1343.1348
2017-08-24,30,BREAD/BAKERY,1223.2307
2017-08-25,30,BREAD/BAKERY,1267.7383
2017-08-26,30,BREAD/BAKERY,1495.4154
2017-08-27,30,BREAD/BAKERY,1114.4762
2017-08-28,30,BREAD/BAKERY,1258.6786
2017-08-29,30,BREAD/BAKERY,1078.8673
2017-08-30,30,BREAD/BAKERY,1387.8914
2017-08-16,30,CELEBRATION,901.9795
2017-08-17,30,CELEBRATION,599.6878
2017-08-18,30,CELEBRATION,643.1467
2017-08-19,30,CELEBRATION,765.2668
2017-08-20,30,CELEBRATION,694.8621
2017-08-21,30,CELEBRATION,750.1876
2017-08-22,30,CELEBRATION,654.1208
2017-08-23,30,CELEBRATION,940.6578
2017-08-24,30,CELEBRATION,631.55493
2017-08-25,30,CELEBRATION,681.26154
2017-08-26,30,CELEBRATION,759.96466
2017-08-27,30,CELEBRATION,678.13544
2017-08-28,30,CELEBRATION,727.8147
2017-08-29,30,CELEBRATION,630.1842
2017-08-30,30,CELEBRATION,932.5102
2017-08-16,30,CLEANING,263.9167
2017-08-17,30,CLEANING,247.8501
2017-08-18,30,CLEANING,333.16312
2017-08-19,30,CLEANING,275.81522
2017-08-20,30,CLEANING,236.3062
2017-08-21,30,CLEANING,244.53658
2017-08-22,30,CLEANING,216.81511
2017-08-23,30,CLEANING,250.5919
2017-08-24,30,CLEANING,264.1
2017-08-25,30,CLEANING,338.57123
2017-08-26,30,CLEANING,301.35617
2017-08-27,30,CLEANING,242.14328
2017-08-28,30,CLEANING,239.30066
2017-08-29,30,CLEANING,225.15234
2017-08-30,30,CLEANING,269.3493
2017-08-16,30,DAIRY,309.7092
2017-08-17,30,DAIRY,242.0286
2017-08-18,30,DAIRY,361.81503
2017-08-19,30,DAIRY,372.14117
2017-08-20,30,DAIRY,283.19775
2017-08-21,30,DAIRY,358.9585
2017-08-22,30,DAIRY,207.26718
2017-08-23,30,DAIRY,286.73022
2017-08-24,30,DAIRY,274.58124
2017-08-25,30,DAIRY,385.31592
2017-08-26,30,DAIRY,348.24066
2017-08-27,30,DAIRY,272.14648
2017-08-28,30,DAIRY,335.25467
2017-08-29,30,DAIRY,209.23857
2017-08-30,30,DAIRY,310.74097
2017-08-16,30,DELI,106.17666
2017-08-17,30,DELI,87.52176
2017-08-18,30,DELI,81.58315
2017-08-19,30,DELI,122.77084
2017-08-20,30,DELI,78.561104
2017-08-21,30,DELI,90.195656
2017-08-22,30,DELI,69.1552
2017-08-23,30,DELI,91.344215
2017-08-24,30,DELI,75.895325
2017-08-25,30,DELI,82.2504
2017-08-26,30,DELI,121.42615
2017-08-27,30,DELI,76.85004
2017-08-28,30,DELI,95.8287
2017-08-29,30,DELI,71.42527
2017-08-30,30,DELI,94.558395
2017-08-16,30,EGGS,5761.2036
2017-08-17,30,EGGS,4577.4873
2017-08-18,30,EGGS,4315.957
2017-08-19,30,EGGS,5430.335
2017-08-20,30,EGGS,4429.894
2017-08-21,30,EGGS,5359.296
2017-08-22,30,EGGS,4542.665
2017-08-23,30,EGGS,5174.3813
2017-08-24,30,EGGS,4903.308
2017-08-25,30,EGGS,5075.2476
2017-08-26,30,EGGS,5788.259
2017-08-27,30,EGGS,4670.831
2017-08-28,30,EGGS,5084.5327
2017-08-29,30,EGGS,4377.284
2017-08-30,30,EGGS,5568.593
2017-08-16,30,FROZEN FOODS,13.612117
2017-08-17,30,FROZEN FOODS,10.931738
2017-08-18,30,FROZEN FOODS,12.082953
2017-08-19,30,FROZEN FOODS,13.213582
2017-08-20,30,FROZEN FOODS,10.838758
2017-08-21,30,FROZEN FOODS,11.306202
2017-08-22,30,FROZEN FOODS,10.704108
2017-08-23,30,FROZEN FOODS,10.889558
2017-08-24,30,FROZEN FOODS,11.667291
2017-08-25,30,FROZEN FOODS,12.395997
2017-08-26,30,FROZEN FOODS,14.664088
2017-08-27,30,FROZEN FOODS,13.285
2017-08-28,30,FROZEN FOODS,11.786461
2017-08-29,30,FROZEN FOODS,10.026849
2017-08-30,30,FROZEN FOODS,12.315697
2017-08-16,30,GROCERY I,0.76022536
2017-08-17,30,GROCERY I,0.5377332
2017-08-18,30,GROCERY I,0.4501779
2017-08-19,30,GROCERY I,0.58308214
2017-08-20,30,GROCERY I,0.4529895
2017-08-21,30,GROCERY I,0.57710516
2017-08-22,30,GROCERY I,0.48298255
2017-08-23,30,GROCERY I,0.697686
2017-08-24,30,GROCERY I,0.4550554
2017-08-25,30,GROCERY I,0.55824447
2017-08-26,30,GROCERY I,0.87303936
2017-08-27,30,GROCERY I,0.46086776
2017-08-28,30,GROCERY I,0.6092837
2017-08-29,30,GROCERY I,0.550474
2017-08-30,30,GROCERY I,0.6400017
2017-08-16,30,GROCERY II,23.602705
2017-08-17,30,GROCERY II,16.792234
2017-08-18,30,GROCERY II,20.756535
2017-08-19,30,GROCERY II,21.187696
2017-08-20,30,GROCERY II,22.321056
2017-08-21,30,GROCERY II,17.782373
2017-08-22,30,GROCERY II,15.613217
2017-08-23,30,GROCERY II,21.017033
2017-08-24,30,GROCERY II,15.552941
2017-08-25,30,GROCERY II,19.674229
2017-08-26,30,GROCERY II,21.73653
2017-08-27,30,GROCERY II,19.158276
2017-08-28,30,GROCERY II,17.757204
2017-08-29,30,GROCERY II,15.3074875
2017-08-30,30,GROCERY II,20.255121
2017-08-16,30,HARDWARE,21.188993
2017-08-17,30,HARDWARE,18.358946
2017-08-18,30,HARDWARE,20.578762
2017-08-19,30,HARDWARE,22.570934
2017-08-20,30,HARDWARE,23.763683
2017-08-21,30,HARDWARE,20.38783
2017-08-22,30,HARDWARE,18.193584
2017-08-23,30,HARDWARE,22.1871
2017-08-24,30,HARDWARE,17.615711
2017-08-25,30,HARDWARE,21.47162
2017-08-26,30,HARDWARE,24.648361
2017-08-27,30,HARDWARE,21.1093
2017-08-28,30,HARDWARE,18.914572
2017-08-29,30,HARDWARE,17.38028
2017-08-30,30,HARDWARE,22.298418
2017-08-16,30,HOME AND KITCHEN I,0.00404194
2017-08-17,30,HOME AND KITCHEN I,0.046972837
2017-08-18,30,HOME AND KITCHEN I,0.066751815
2017-08-19,30,HOME AND KITCHEN I,0.08288638
2017-08-20,30,HOME AND KITCHEN I,0.14071205
2017-08-21,30,HOME AND KITCHEN I,0.15526973
2017-08-22,30,HOME AND KITCHEN I,0.10003294
2017-08-23,30,HOME AND KITCHEN I,0.11474754
2017-08-24,30,HOME AND KITCHEN I,0.14073987
2017-08-25,30,HOME AND KITCHEN I,0.21946089
2017-08-26,30,HOME AND KITCHEN I,0.26559052
2017-08-27,30,HOME AND KITCHEN I,0.2651624
2017-08-28,30,HOME AND KITCHEN I,0.20108075
2017-08-29,30,HOME AND KITCHEN I,0.21757345
2017-08-30,30,HOME AND KITCHEN I,0.29557747
2017-08-16,30,HOME AND KITCHEN II,283.11612
2017-08-17,30,HOME AND KITCHEN II,243.8696
2017-08-18,30,HOME AND KITCHEN II,257.70505
2017-08-19,30,HOME AND KITCHEN II,293.65738
2017-08-20,30,HOME AND KITCHEN II,275.87326
2017-08-21,30,HOME AND KITCHEN II,227.06357
2017-08-22,30,HOME AND KITCHEN II,203.84894
2017-08-23,30,HOME AND KITCHEN II,251.48892
2017-08-24,30,HOME AND KITCHEN II,225.6732
2017-08-25,30,HOME AND KITCHEN II,220.61136
2017-08-26,30,HOME AND KITCHEN II,283.7004
2017-08-27,30,HOME AND KITCHEN II,260.01636
2017-08-28,30,HOME AND KITCHEN II,228.24156
2017-08-29,30,HOME AND KITCHEN II,193.30737
2017-08-30,30,HOME AND KITCHEN II,252.897
2017-08-16,30,HOME APPLIANCES,1.1881218
2017-08-17,30,HOME APPLIANCES,1.6593223
2017-08-18,30,HOME APPLIANCES,1.4285519
2017-08-19,30,HOME APPLIANCES,1.4422858
2017-08-20,30,HOME APPLIANCES,1.375423
2017-08-21,30,HOME APPLIANCES,0.9743062
2017-08-22,30,HOME APPLIANCES,1.1699191
2017-08-23,30,HOME APPLIANCES,1.4351982
2017-08-24,30,HOME APPLIANCES,1.3887738
2017-08-25,30,HOME APPLIANCES,1.2678483
2017-08-26,30,HOME APPLIANCES,1.1210381
2017-08-27,30,HOME APPLIANCES,1.5287617
2017-08-28,30,HOME APPLIANCES,1.4276947
2017-08-29,30,HOME APPLIANCES,1.2851917
2017-08-30,30,HOME APPLIANCES,1.6764576
2017-08-16,30,HOME CARE,7.5867996
2017-08-17,30,HOME CARE,5.550267
2017-08-18,30,HOME CARE,6.0069113
2017-08-19,30,HOME CARE,5.471516
2017-08-20,30,HOME CARE,5.3676147
2017-08-21,30,HOME CARE,5.147897
2017-08-22,30,HOME CARE,3.602929
2017-08-23,30,HOME CARE,4.7122617
2017-08-24,30,HOME CARE,4.38683
2017-08-25,30,HOME CARE,4.559066
2017-08-26,30,HOME CARE,4.935886
2017-08-27,30,HOME CARE,4.555822
2017-08-28,30,HOME CARE,4.3287516
2017-08-29,30,HOME CARE,2.5499403
2017-08-30,30,HOME CARE,4.010552
2017-08-16,30,LADIESWEAR,11.568172
2017-08-17,30,LADIESWEAR,12.862368
2017-08-18,30,LADIESWEAR,11.901193
2017-08-19,30,LADIESWEAR,12.344537
2017-08-20,30,LADIESWEAR,10.217976
2017-08-21,30,LADIESWEAR,12.596889
2017-08-22,30,LADIESWEAR,9.3475275
2017-08-23,30,LADIESWEAR,11.192383
2017-08-24,30,LADIESWEAR,8.765264
2017-08-25,30,LADIESWEAR,10.851672
2017-08-26,30,LADIESWEAR,11.653257
2017-08-27,30,LADIESWEAR,9.905559
2017-08-28,30,LADIESWEAR,11.076208
2017-08-29,30,LADIESWEAR,9.942167
2017-08-30,30,LADIESWEAR,10.218926
2017-08-16,30,LINGERIE,34.939354
2017-08-17,30,LINGERIE,33.264442
2017-08-18,30,LINGERIE,42.18419
2017-08-19,30,LINGERIE,28.50099
2017-08-20,30,LINGERIE,16.915066
2017-08-21,30,LINGERIE,31.430038
2017-08-22,30,LINGERIE,21.260038
2017-08-23,30,LINGERIE,22.501562
2017-08-24,30,LINGERIE,24.363169
2017-08-25,30,LINGERIE,39.449135
2017-08-26,30,LINGERIE,29.13797
2017-08-27,30,LINGERIE,17.642221
2017-08-28,30,LINGERIE,34.89144
2017-08-29,30,LINGERIE,23.312984
2017-08-30,30,LINGERIE,27.391464
2017-08-16,30,"LIQUOR,WINE,BEER",1.2963655
2017-08-17,30,"LIQUOR,WINE,BEER",1.1393168
2017-08-18,30,"LIQUOR,WINE,BEER",1.6022422
2017-08-19,30,"LIQUOR,WINE,BEER",1.9290079
2017-08-20,30,"LIQUOR,WINE,BEER",1.7235029
2017-08-21,30,"LIQUOR,WINE,BEER",1.345208
2017-08-22,30,"LIQUOR,WINE,BEER",1.2943423
2017-08-23,30,"LIQUOR,WINE,BEER",1.4248168
2017-08-24,30,"LIQUOR,WINE,BEER",1.6358807
2017-08-25,30,"LIQUOR,WINE,BEER",1.2087568
2017-08-26,30,"LIQUOR,WINE,BEER",1.748034
2017-08-27,30,"LIQUOR,WINE,BEER",1.4214791
2017-08-28,30,"LIQUOR,WINE,BEER",1.2852355
2017-08-29,30,"LIQUOR,WINE,BEER",0.95821905
2017-08-30,30,"LIQUOR,WINE,BEER",1.357311
2017-08-16,30,MAGAZINES,375.51624
2017-08-17,30,MAGAZINES,419.8962
2017-08-18,30,MAGAZINES,356.79156
2017-08-19,30,MAGAZINES,411.20053
2017-08-20,30,MAGAZINES,332.05835
2017-08-21,30,MAGAZINES,408.25183
2017-08-22,30,MAGAZINES,274.53275
2017-08-23,30,MAGAZINES,384.25592
2017-08-24,30,MAGAZINES,412.73035
2017-08-25,30,MAGAZINES,345.7652
2017-08-26,30,MAGAZINES,407.9788
2017-08-27,30,MAGAZINES,320.142
2017-08-28,30,MAGAZINES,403.3445
2017-08-29,30,MAGAZINES,279.0395
2017-08-30,30,MAGAZINES,364.76483
2017-08-16,30,MEATS,280.30292
2017-08-17,30,MEATS,250.56914
2017-08-18,30,MEATS,267.2204
2017-08-19,30,MEATS,322.8042
2017-08-20,30,MEATS,260.4577
2017-08-21,30,MEATS,260.52475
2017-08-22,30,MEATS,249.29312
2017-08-23,30,MEATS,278.52216
2017-08-24,30,MEATS,271.88913
2017-08-25,30,MEATS,263.97705
2017-08-26,30,MEATS,313.30194
2017-08-27,30,MEATS,256.6628
2017-08-28,30,MEATS,261.56424
2017-08-29,30,MEATS,228.02296
2017-08-30,30,MEATS,265.7153
2017-08-16,30,PERSONAL CARE,4.130774
2017-08-17,30,PERSONAL CARE,3.8392923
2017-08-18,30,PERSONAL CARE,3.4694989
2017-08-19,30,PERSONAL CARE,4.0625935
2017-08-20,30,PERSONAL CARE,3.6143475
2017-08-21,30,PERSONAL CARE,3.5099218
2017-08-22,30,PERSONAL CARE,3.2576463
2017-08-23,30,PERSONAL CARE,3.435844
2017-08-24,30,PERSONAL CARE,2.99807
2017-08-25,30,PERSONAL CARE,3.1324182
2017-08-26,30,PERSONAL CARE,3.7222466
2017-08-27,30,PERSONAL CARE,3.4257731
2017-08-28,30,PERSONAL CARE,2.9897068
2017-08-29,30,PERSONAL CARE,2.5149121
2017-08-30,30,PERSONAL CARE,3.1598942
2017-08-16,30,PET SUPPLIES,7.771107
2017-08-17,30,PET SUPPLIES,7.401609
2017-08-18,30,PET SUPPLIES,8.623422
2017-08-19,30,PET SUPPLIES,8.42419
2017-08-20,30,PET SUPPLIES,8.610358
2017-08-21,30,PET SUPPLIES,7.4535923
2017-08-22,30,PET SUPPLIES,6.791531
2017-08-23,30,PET SUPPLIES,7.995111
2017-08-24,30,PET SUPPLIES,7.822064
2017-08-25,30,PET SUPPLIES,7.940727
2017-08-26,30,PET SUPPLIES,8.248188
2017-08-27,30,PET SUPPLIES,7.739642
2017-08-28,30,PET SUPPLIES,6.935497
2017-08-29,30,PET SUPPLIES,7.190493
2017-08-30,30,PET SUPPLIES,7.8577166
2017-08-16,30,PLAYERS AND ELECTRONICS,145.64403
2017-08-17,30,PLAYERS AND ELECTRONICS,131.85136
2017-08-18,30,PLAYERS AND ELECTRONICS,171.62422
2017-08-19,30,PLAYERS AND ELECTRONICS,138.51076
2017-08-20,30,PLAYERS AND ELECTRONICS,127.92749
2017-08-21,30,PLAYERS AND ELECTRONICS,137.09088
2017-08-22,30,PLAYERS AND ELECTRONICS,114.35062
2017-08-23,30,PLAYERS AND ELECTRONICS,149.54199
2017-08-24,30,PLAYERS AND ELECTRONICS,131.56628
2017-08-25,30,PLAYERS AND ELECTRONICS,171.36876
2017-08-26,30,PLAYERS AND ELECTRONICS,145.18799
2017-08-27,30,PLAYERS AND ELECTRONICS,131.77661
2017-08-28,30,PLAYERS AND ELECTRONICS,141.1326
2017-08-29,30,PLAYERS AND ELECTRONICS,113.54659
2017-08-30,30,PLAYERS AND ELECTRONICS,149.43306
2017-08-16,30,POULTRY,70.14452
2017-08-17,30,POULTRY,61.801365
2017-08-18,30,POULTRY,77.37756
2017-08-19,30,POULTRY,81.03043
2017-08-20,30,POULTRY,67.832466
2017-08-21,30,POULTRY,68.256836
2017-08-22,30,POULTRY,55.78373
2017-08-23,30,POULTRY,68.11371
2017-08-24,30,POULTRY,64.52218
2017-08-25,30,POULTRY,73.331055
2017-08-26,30,POULTRY,78.383995
2017-08-27,30,POULTRY,65.06087
2017-08-28,30,POULTRY,67.01602
2017-08-29,30,POULTRY,64.57354
2017-08-30,30,POULTRY,72.60552
2017-08-16,30,PREPARED FOODS,2056.9072
2017-08-17,30,PREPARED FOODS,829.0396
2017-08-18,30,PREPARED FOODS,812.8737
2017-08-19,30,PREPARED FOODS,779.2609
2017-08-20,30,PREPARED FOODS,954.71265
2017-08-21,30,PREPARED FOODS,1036.9478
2017-08-22,30,PREPARED FOODS,1456.2765
2017-08-23,30,PREPARED FOODS,940.22473
2017-08-24,30,PREPARED FOODS,808.16895
2017-08-25,30,PREPARED FOODS,818.8759
2017-08-26,30,PREPARED FOODS,1031.3846
2017-08-27,30,PREPARED FOODS,995.59875
2017-08-28,30,PREPARED FOODS,1011.38403
2017-08-29,30,PREPARED FOODS,1348.6334
2017-08-30,30,PREPARED FOODS,768.27466
2017-08-16,30,PRODUCE,2.649098
2017-08-17,30,PRODUCE,2.036907
2017-08-18,30,PRODUCE,2.226528
2017-08-19,30,PRODUCE,2.3336275
2017-08-20,30,PRODUCE,1.7259381
2017-08-21,30,PRODUCE,2.1071095
2017-08-22,30,PRODUCE,2.0477862
2017-08-23,30,PRODUCE,1.6756262
2017-08-24,30,PRODUCE,2.005795
2017-08-25,30,PRODUCE,2.459889
2017-08-26,30,PRODUCE,2.9563863
2017-08-27,30,PRODUCE,2.090702
2017-08-28,30,PRODUCE,2.1390798
2017-08-29,30,PRODUCE,1.9560359
2017-08-30,30,PRODUCE,2.514994
2017-08-16,30,SCHOOL AND OFFICE SUPPLIES,6.585938
2017-08-17,30,SCHOOL AND OFFICE SUPPLIES,5.808524
2017-08-18,30,SCHOOL AND OFFICE SUPPLIES,6.714774
2017-08-19,30,SCHOOL AND OFFICE SUPPLIES,7.2506785
2017-08-20,30,SCHOOL AND OFFICE SUPPLIES,6.206775
2017-08-21,30,SCHOOL AND OFFICE SUPPLIES,6.9172764
2017-08-22,30,SCHOOL AND OFFICE SUPPLIES,4.590118
2017-08-23,30,SCHOOL AND OFFICE SUPPLIES,7.595811
2017-08-24,30,SCHOOL AND OFFICE SUPPLIES,6.044194
2017-08-25,30,SCHOOL AND OFFICE SUPPLIES,6.775696
2017-08-26,30,SCHOOL AND OFFICE SUPPLIES,6.87046
2017-08-27,30,SCHOOL AND OFFICE SUPPLIES,6.236788
2017-08-28,30,SCHOOL AND OFFICE SUPPLIES,6.78468
2017-08-29,30,SCHOOL AND OFFICE SUPPLIES,5.42326
2017-08-30,30,SCHOOL AND OFFICE SUPPLIES,7.6201663
2017-08-16,30,SEAFOOD,1.6040415
2017-08-17,30,SEAFOOD,2.0421295
2017-08-18,30,SEAFOOD,1.8105359
2017-08-19,30,SEAFOOD,1.9560754
2017-08-20,30,SEAFOOD,1.5857905
2017-08-21,30,SEAFOOD,1.4350046
2017-08-22,30,SEAFOOD,1.6092836
2017-08-23,30,SEAFOOD,1.5765126
2017-08-24,30,SEAFOOD,1.6603085
2017-08-25,30,SEAFOOD,1.7068045
2017-08-26,30,SEAFOOD,1.8695638
2017-08-27,30,SEAFOOD,1.4623966
2017-08-28,30,SEAFOOD,1.8493451
2017-08-29,30,SEAFOOD,1.8664911
2017-08-30,30,SEAFOOD,1.6652088
2017-08-16,31,AUTOMOTIVE,0.011035421
2017-08-17,31,AUTOMOTIVE,0.0017124814
2017-08-18,31,AUTOMOTIVE,0.02270497
2017-08-19,31,AUTOMOTIVE,0.014049204
2017-08-20,31,AUTOMOTIVE,0.00980289
2017-08-21,31,AUTOMOTIVE,0.02216325
2017-08-22,31,AUTOMOTIVE,0.0
2017-08-23,31,AUTOMOTIVE,0.020766705
2017-08-24,31,AUTOMOTIVE,0.0028685718
2017-08-25,31,AUTOMOTIVE,0.01150872
2017-08-26,31,AUTOMOTIVE,0.049281634
2017-08-27,31,AUTOMOTIVE,0.0012702012
2017-08-28,31,AUTOMOTIVE,0.0018888068
2017-08-29,31,AUTOMOTIVE,0.011292399
2017-08-30,31,AUTOMOTIVE,0.009307025
2017-08-16,31,BABY CARE,0.72763795
2017-08-17,31,BABY CARE,0.7227977
2017-08-18,31,BABY CARE,0.62986165
2017-08-19,31,BABY CARE,0.73815376
2017-08-20,31,BABY CARE,0.6025012
2017-08-21,31,BABY CARE,0.60721344
2017-08-22,31,BABY CARE,0.55817056
2017-08-23,31,BABY CARE,0.5955587
2017-08-24,31,BABY CARE,0.4899829
2017-08-25,31,BABY CARE,0.46024993
2017-08-26,31,BABY CARE,0.75258976
2017-08-27,31,BABY CARE,0.48947838
2017-08-28,31,BABY CARE,0.49428383
2017-08-29,31,BABY CARE,0.41395026
2017-08-30,31,BABY CARE,0.5238098
2017-08-16,31,BEAUTY,1034.9548
2017-08-17,31,BEAUTY,1066.175
2017-08-18,31,BEAUTY,1245.0673
2017-08-19,31,BEAUTY,1278.2015
2017-08-20,31,BEAUTY,1018.7076
2017-08-21,31,BEAUTY,1036.1522
2017-08-22,31,BEAUTY,842.4972
2017-08-23,31,BEAUTY,907.7496
2017-08-24,31,BEAUTY,1044.3685
2017-08-25,31,BEAUTY,1150.5059
2017-08-26,31,BEAUTY,1244.0289
2017-08-27,31,BEAUTY,953.09717
2017-08-28,31,BEAUTY,1008.7967
2017-08-29,31,BEAUTY,781.29425
2017-08-30,31,BEAUTY,906.3008
2017-08-16,31,BEVERAGES,112.603
2017-08-17,31,BEVERAGES,106.23578
2017-08-18,31,BEVERAGES,142.3107
2017-08-19,31,BEVERAGES,151.8124
2017-08-20,31,BEVERAGES,138.7163
2017-08-21,31,BEVERAGES,126.528984
2017-08-22,31,BEVERAGES,100.5392
2017-08-23,31,BEVERAGES,120.40762
2017-08-24,31,BEVERAGES,115.64144
2017-08-25,31,BEVERAGES,136.64111
2017-08-26,31,BEVERAGES,147.25131
2017-08-27,31,BEVERAGES,138.02425
2017-08-28,31,BEVERAGES,118.66992
2017-08-29,31,BEVERAGES,98.636795
2017-08-30,31,BEVERAGES,118.05082
2017-08-16,31,BREAD/BAKERY,4.6805983
2017-08-17,31,BREAD/BAKERY,3.6816368
2017-08-18,31,BREAD/BAKERY,5.352108
2017-08-19,31,BREAD/BAKERY,3.925398
2017-08-20,31,BREAD/BAKERY,3.9518683
2017-08-21,31,BREAD/BAKERY,3.6537774
2017-08-22,31,BREAD/BAKERY,3.392733
2017-08-23,31,BREAD/BAKERY,5.080521
2017-08-24,31,BREAD/BAKERY,3.5596142
2017-08-25,31,BREAD/BAKERY,4.8771276
2017-08-26,31,BREAD/BAKERY,3.8288963
2017-08-27,31,BREAD/BAKERY,3.7068799
2017-08-28,31,BREAD/BAKERY,4.1543946
2017-08-29,31,BREAD/BAKERY,3.1698549
2017-08-30,31,BREAD/BAKERY,4.240811
2017-08-16,31,CELEBRATION,603.6286
2017-08-17,31,CELEBRATION,508.57877
2017-08-18,31,CELEBRATION,617.0247
2017-08-19,31,CELEBRATION,652.4726
2017-08-20,31,CELEBRATION,515.224
2017-08-21,31,CELEBRATION,548.9231
2017-08-22,31,CELEBRATION,398.5265
2017-08-23,31,CELEBRATION,521.3261
2017-08-24,31,CELEBRATION,472.58148
2017-08-25,31,CELEBRATION,574.1195
2017-08-26,31,CELEBRATION,617.3821
2017-08-27,31,CELEBRATION,463.67004
2017-08-28,31,CELEBRATION,445.93713
2017-08-29,31,CELEBRATION,378.92856
2017-08-30,31,CELEBRATION,484.6647
2017-08-16,31,CLEANING,196.36374
2017-08-17,31,CLEANING,148.85773
2017-08-18,31,CLEANING,171.67299
2017-08-19,31,CLEANING,191.1057
2017-08-20,31,CLEANING,158.01135
2017-08-21,31,CLEANING,172.62082
2017-08-22,31,CLEANING,142.79663
2017-08-23,31,CLEANING,186.03712
2017-08-24,31,CLEANING,161.69894
2017-08-25,31,CLEANING,177.1421
2017-08-26,31,CLEANING,177.06099
2017-08-27,31,CLEANING,163.36215
2017-08-28,31,CLEANING,165.51852
2017-08-29,31,CLEANING,145.76321
2017-08-30,31,CLEANING,189.933
2017-08-16,31,DAIRY,105.5623
2017-08-17,31,DAIRY,83.72391
2017-08-18,31,DAIRY,125.9114
2017-08-19,31,DAIRY,104.48955
2017-08-20,31,DAIRY,94.593666
2017-08-21,31,DAIRY,95.64748
2017-08-22,31,DAIRY,82.4
2017-08-23,31,DAIRY,90.48699
2017-08-24,31,DAIRY,91.84889
2017-08-25,31,DAIRY,126.76235
2017-08-26,31,DAIRY,96.808464
2017-08-27,31,DAIRY,95.44787
2017-08-28,31,DAIRY,84.65871
2017-08-29,31,DAIRY,80.326996
2017-08-30,31,DAIRY,92.17496
2017-08-16,31,DELI,187.31969
2017-08-17,31,DELI,154.4775
2017-08-18,31,DELI,237.33463
2017-08-19,31,DELI,218.19939
2017-08-20,31,DELI,152.13832
2017-08-21,31,DELI,223.93251
2017-08-22,31,DELI,116.53034
2017-08-23,31,DELI,181.99626
2017-08-24,31,DELI,168.32045
2017-08-25,31,DELI,270.3462
2017-08-26,31,DELI,204.30861
2017-08-27,31,DELI,148.63206
2017-08-28,31,DELI,200.9581
2017-08-29,31,DELI,113.244774
2017-08-30,31,DELI,163.02869
2017-08-16,31,EGGS,20.227041
2017-08-17,31,EGGS,21.787533
2017-08-18,31,EGGS,20.029976
2017-08-19,31,EGGS,23.268244
2017-08-20,31,EGGS,16.402973
2017-08-21,31,EGGS,21.921415
2017-08-22,31,EGGS,19.511621
2017-08-23,31,EGGS,22.760393
2017-08-24,31,EGGS,20.661606
2017-08-25,31,EGGS,18.867296
2017-08-26,31,EGGS,22.860338
2017-08-27,31,EGGS,16.54611
2017-08-28,31,EGGS,21.06733
2017-08-29,31,EGGS,18.857233
2017-08-30,31,EGGS,23.065054
2017-08-16,31,FROZEN FOODS,2284.2383
2017-08-17,31,FROZEN FOODS,2010.118
2017-08-18,31,FROZEN FOODS,2102.2053
2017-08-19,31,FROZEN FOODS,2179.0686
2017-08-20,31,FROZEN FOODS,1793.8859
2017-08-21,31,FROZEN FOODS,1806.8481
2017-08-22,31,FROZEN FOODS,1622.6791
2017-08-23,31,FROZEN FOODS,1753.1207
2017-08-24,31,FROZEN FOODS,1854.2358
2017-08-25,31,FROZEN FOODS,2055.7327
2017-08-26,31,FROZEN FOODS,2086.936
2017-08-27,31,FROZEN FOODS,1579.4338
2017-08-28,31,FROZEN FOODS,1643.2042
2017-08-29,31,FROZEN FOODS,1570.7463
2017-08-30,31,FROZEN FOODS,1784.1442
2017-08-16,31,GROCERY I,1.89022
2017-08-17,31,GROCERY I,1.5697147
2017-08-18,31,GROCERY I,1.4875226
2017-08-19,31,GROCERY I,1.8448887
2017-08-20,31,GROCERY I,1.6228275
2017-08-21,31,GROCERY I,1.5696934
2017-08-22,31,GROCERY I,1.6700213
2017-08-23,31,GROCERY I,1.6418263
2017-08-24,31,GROCERY I,1.3610417
2017-08-25,31,GROCERY I,1.7878221
2017-08-26,31,GROCERY I,1.9773865
2017-08-27,31,GROCERY I,1.9786303
2017-08-28,31,GROCERY I,1.4773117
2017-08-29,31,GROCERY I,1.359721
2017-08-30,31,GROCERY I,1.6819025
2017-08-16,31,GROCERY II,0.34526932
2017-08-17,31,GROCERY II,0.30462447
2017-08-18,31,GROCERY II,0.5044562
2017-08-19,31,GROCERY II,0.57878304
2017-08-20,31,GROCERY II,0.38823903
2017-08-21,31,GROCERY II,0.3460571
2017-08-22,31,GROCERY II,0.2612056
2017-08-23,31,GROCERY II,0.39085758
2017-08-24,31,GROCERY II,0.35319844
2017-08-25,31,GROCERY II,0.5607906
2017-08-26,31,GROCERY II,0.49231818
2017-08-27,31,GROCERY II,0.49515814
2017-08-28,31,GROCERY II,0.4760802
2017-08-29,31,GROCERY II,0.41211882
2017-08-30,31,GROCERY II,0.46742147
2017-08-16,31,HARDWARE,8.631515
2017-08-17,31,HARDWARE,7.257888
2017-08-18,31,HARDWARE,10.246369
2017-08-19,31,HARDWARE,8.238913
2017-08-20,31,HARDWARE,7.850747
2017-08-21,31,HARDWARE,8.100289
2017-08-22,31,HARDWARE,6.729277
2017-08-23,31,HARDWARE,8.7656355
2017-08-24,31,HARDWARE,6.848605
2017-08-25,31,HARDWARE,7.640393
2017-08-26,31,HARDWARE,9.03326
2017-08-27,31,HARDWARE,8.249885
2017-08-28,31,HARDWARE,8.060187
2017-08-29,31,HARDWARE,6.943379
2017-08-30,31,HARDWARE,7.890379
2017-08-16,31,HOME AND KITCHEN I,5.1441107
2017-08-17,31,HOME AND KITCHEN I,3.8753371
2017-08-18,31,HOME AND KITCHEN I,4.501727
2017-08-19,31,HOME AND KITCHEN I,5.5099406
2017-08-20,31,HOME AND KITCHEN I,4.947612
2017-08-21,31,HOME AND KITCHEN I,4.194465
2017-08-22,31,HOME AND KITCHEN I,4.3044257
2017-08-23,31,HOME AND KITCHEN I,4.2683673
2017-08-24,31,HOME AND KITCHEN I,3.6973712
2017-08-25,31,HOME AND KITCHEN I,4.2114997
2017-08-26,31,HOME AND KITCHEN I,5.339724
2017-08-27,31,HOME AND KITCHEN I,4.634136
2017-08-28,31,HOME AND KITCHEN I,4.555118
2017-08-29,31,HOME AND KITCHEN I,3.199376
2017-08-30,31,HOME AND KITCHEN I,3.2206628
2017-08-16,31,HOME AND KITCHEN II,0.17329258
2017-08-17,31,HOME AND KITCHEN II,0.11179036
2017-08-18,31,HOME AND KITCHEN II,0.15681794
2017-08-19,31,HOME AND KITCHEN II,0.2144056
2017-08-20,31,HOME AND KITCHEN II,0.20599812
2017-08-21,31,HOME AND KITCHEN II,0.2434172
2017-08-22,31,HOME AND KITCHEN II,0.21781039
2017-08-23,31,HOME AND KITCHEN II,0.19546175
2017-08-24,31,HOME AND KITCHEN II,0.16180362
2017-08-25,31,HOME AND KITCHEN II,0.2081247
2017-08-26,31,HOME AND KITCHEN II,0.23756723
2017-08-27,31,HOME AND KITCHEN II,0.24496694
2017-08-28,31,HOME AND KITCHEN II,0.19517116
2017-08-29,31,HOME AND KITCHEN II,0.2067282
2017-08-30,31,HOME AND KITCHEN II,0.24030556
2017-08-16,31,HOME APPLIANCES,75.99576
2017-08-17,31,HOME APPLIANCES,67.6135
2017-08-18,31,HOME APPLIANCES,71.19808
2017-08-19,31,HOME APPLIANCES,83.75462
2017-08-20,31,HOME APPLIANCES,70.79878
2017-08-21,31,HOME APPLIANCES,66.60493
2017-08-22,31,HOME APPLIANCES,66.8719
2017-08-23,31,HOME APPLIANCES,61.241234
2017-08-24,31,HOME APPLIANCES,59.672367
2017-08-25,31,HOME APPLIANCES,69.44583
2017-08-26,31,HOME APPLIANCES,83.48922
2017-08-27,31,HOME APPLIANCES,69.9477
2017-08-28,31,HOME APPLIANCES,67.85321
2017-08-29,31,HOME APPLIANCES,63.01628
2017-08-30,31,HOME APPLIANCES,64.48183
2017-08-16,31,HOME CARE,0.002702776
2017-08-17,31,HOME CARE,0.0031801092
2017-08-18,31,HOME CARE,0.0037056112
2017-08-19,31,HOME CARE,0.00400125
2017-08-20,31,HOME CARE,0.003806342
2017-08-21,31,HOME CARE,0.003524015
2017-08-22,31,HOME CARE,0.0036803698
2017-08-23,31,HOME CARE,0.0030741333
2017-08-24,31,HOME CARE,0.0030556547
2017-08-25,31,HOME CARE,0.0035959398
2017-08-26,31,HOME CARE,0.0037480865
2017-08-27,31,HOME CARE,0.0035406004
2017-08-28,31,HOME CARE,0.0033403968
2017-08-29,31,HOME CARE,0.003454822
2017-08-30,31,HOME CARE,0.0029286789
2017-08-16,31,LADIESWEAR,1.1541203
2017-08-17,31,LADIESWEAR,1.2575194
2017-08-18,31,LADIESWEAR,1.4566275
2017-08-19,31,LADIESWEAR,1.6741805
2017-08-20,31,LADIESWEAR,1.5514659
2017-08-21,31,LADIESWEAR,1.4809554
2017-08-22,31,LADIESWEAR,0.9973723
2017-08-23,31,LADIESWEAR,1.1730714
2017-08-24,31,LADIESWEAR,1.4014187
2017-08-25,31,LADIESWEAR,1.9453754
2017-08-26,31,LADIESWEAR,1.6002383
2017-08-27,31,LADIESWEAR,1.5031774
2017-08-28,31,LADIESWEAR,1.774983
2017-08-29,31,LADIESWEAR,1.2205617
2017-08-30,31,LADIESWEAR,1.5463026
2017-08-16,31,LAWN AND GARDEN,45.42777
2017-08-17,31,LAWN AND GARDEN,79.311874
2017-08-18,31,LAWN AND GARDEN,125.70484
2017-08-19,31,LAWN AND GARDEN,44.018764
2017-08-20,31,LAWN AND GARDEN,30.957792
2017-08-21,31,LAWN AND GARDEN,39.10613
2017-08-22,31,LAWN AND GARDEN,31.455448
2017-08-23,31,LAWN AND GARDEN,35.900013
2017-08-24,31,LAWN AND GARDEN,35.44303
2017-08-25,31,LAWN AND GARDEN,109.59038
2017-08-26,31,LAWN AND GARDEN,53.120834
2017-08-27,31,LAWN AND GARDEN,48.114677
2017-08-28,31,LAWN AND GARDEN,34.04255
2017-08-29,31,LAWN AND GARDEN,50.607304
2017-08-30,31,LAWN AND GARDEN,40.794434
2017-08-16,31,LINGERIE,0.22588141
2017-08-17,31,LINGERIE,0.1920457
2017-08-18,31,LINGERIE,0.2975438
2017-08-19,31,LINGERIE,0.28800568
2017-08-20,31,LINGERIE,0.26828226
2017-08-21,31,LINGERIE,0.26223528
2017-08-22,31,LINGERIE,0.21258137
2017-08-23,31,LINGERIE,0.21934322
2017-08-24,31,LINGERIE,0.23085265
2017-08-25,31,LINGERIE,0.22975776
2017-08-26,31,LINGERIE,0.2217308
2017-08-27,31,LINGERIE,0.21674374
2017-08-28,31,LINGERIE,0.19674107
2017-08-29,31,LINGERIE,0.2619968
2017-08-30,31,LINGERIE,0.23486601
2017-08-16,31,"LIQUOR,WINE,BEER",76.00492
2017-08-17,31,"LIQUOR,WINE,BEER",71.33311
2017-08-18,31,"LIQUOR,WINE,BEER",70.96583
2017-08-19,31,"LIQUOR,WINE,BEER",84.57694
2017-08-20,31,"LIQUOR,WINE,BEER",64.41767
2017-08-21,31,"LIQUOR,WINE,BEER",81.3914
2017-08-22,31,"LIQUOR,WINE,BEER",56.578064
2017-08-23,31,"LIQUOR,WINE,BEER",71.0761
2017-08-24,31,"LIQUOR,WINE,BEER",79.96798
2017-08-25,31,"LIQUOR,WINE,BEER",68.03287
2017-08-26,31,"LIQUOR,WINE,BEER",86.884705
2017-08-27,31,"LIQUOR,WINE,BEER",63.51003
2017-08-28,31,"LIQUOR,WINE,BEER",76.1744
2017-08-29,31,"LIQUOR,WINE,BEER",56.559994
2017-08-30,31,"LIQUOR,WINE,BEER",68.32382
2017-08-16,31,MAGAZINES,84.12755
2017-08-17,31,MAGAZINES,80.58958
2017-08-18,31,MAGAZINES,80.30661
2017-08-19,31,MAGAZINES,93.51761
2017-08-20,31,MAGAZINES,79.809525
2017-08-21,31,MAGAZINES,77.03622
2017-08-22,31,MAGAZINES,71.87203
2017-08-23,31,MAGAZINES,77.56446
2017-08-24,31,MAGAZINES,80.58692
2017-08-25,31,MAGAZINES,76.614746
2017-08-26,31,MAGAZINES,93.9005
2017-08-27,31,MAGAZINES,75.441124
2017-08-28,31,MAGAZINES,77.39477
2017-08-29,31,MAGAZINES,69.15161
2017-08-30,31,MAGAZINES,79.11772
2017-08-16,31,MEATS,0.4025451
2017-08-17,31,MEATS,0.38799644
2017-08-18,31,MEATS,0.43290916
2017-08-19,31,MEATS,0.40780532
2017-08-20,31,MEATS,0.3837118
2017-08-21,31,MEATS,0.36351517
2017-08-22,31,MEATS,0.40554312
2017-08-23,31,MEATS,0.39829162
2017-08-24,31,MEATS,0.42721644
2017-08-25,31,MEATS,0.33630043
2017-08-26,31,MEATS,0.45147994
2017-08-27,31,MEATS,0.4106089
2017-08-28,31,MEATS,0.27263895
2017-08-29,31,MEATS,0.27316985
2017-08-30,31,MEATS,0.31103286
2017-08-16,31,PERSONAL CARE,1.1526536
2017-08-17,31,PERSONAL CARE,0.99703914
2017-08-18,31,PERSONAL CARE,1.4862756
2017-08-19,31,PERSONAL CARE,1.3065256
2017-08-20,31,PERSONAL CARE,1.2782605
2017-08-21,31,PERSONAL CARE,1.1854676
2017-08-22,31,PERSONAL CARE,1.3781567
2017-08-23,31,PERSONAL CARE,0.9717064
2017-08-24,31,PERSONAL CARE,1.1116334
2017-08-25,31,PERSONAL CARE,1.1890051
2017-08-26,31,PERSONAL CARE,1.0813181
2017-08-27,31,PERSONAL CARE,1.2479178
2017-08-28,31,PERSONAL CARE,0.86772525
2017-08-29,31,PERSONAL CARE,1.091088
2017-08-30,31,PERSONAL CARE,1.2772576
2017-08-16,31,PET SUPPLIES,55.877205
2017-08-17,31,PET SUPPLIES,57.34987
2017-08-18,31,PET SUPPLIES,74.14299
2017-08-19,31,PET SUPPLIES,62.46678
2017-08-20,31,PET SUPPLIES,56.024437
2017-08-21,31,PET SUPPLIES,58.784763
2017-08-22,31,PET SUPPLIES,49.918545
2017-08-23,31,PET SUPPLIES,59.57269
2017-08-24,31,PET SUPPLIES,56.827595
2017-08-25,31,PET SUPPLIES,69.07505
2017-08-26,31,PET SUPPLIES,64.70253
2017-08-27,31,PET SUPPLIES,57.486088
2017-08-28,31,PET SUPPLIES,62.513927
2017-08-29,31,PET SUPPLIES,47.48263
2017-08-30,31,PET SUPPLIES,59.664696
2017-08-16,31,PLAYERS AND ELECTRONICS,11.681883
2017-08-17,31,PLAYERS AND ELECTRONICS,11.331355
2017-08-18,31,PLAYERS AND ELECTRONICS,14.110424
2017-08-19,31,PLAYERS AND ELECTRONICS,14.136115
2017-08-20,31,PLAYERS AND ELECTRONICS,11.302266
2017-08-21,31,PLAYERS AND ELECTRONICS,12.411178
2017-08-22,31,PLAYERS AND ELECTRONICS,9.560955
2017-08-23,31,PLAYERS AND ELECTRONICS,11.331497
2017-08-24,31,PLAYERS AND ELECTRONICS,11.114924
2017-08-25,31,PLAYERS AND ELECTRONICS,12.690296
2017-08-26,31,PLAYERS AND ELECTRONICS,14.365499
2017-08-27,31,PLAYERS AND ELECTRONICS,11.053203
2017-08-28,31,PLAYERS AND ELECTRONICS,12.047811
2017-08-29,31,PLAYERS AND ELECTRONICS,10.295129
2017-08-30,31,PLAYERS AND ELECTRONICS,11.014749
2017-08-16,31,POULTRY,368.81296
2017-08-17,31,POULTRY,133.94054
2017-08-18,31,POULTRY,134.39082
2017-08-19,31,POULTRY,164.27003
2017-08-20,31,POULTRY,167.24948
2017-08-21,31,POULTRY,208.92294
2017-08-22,31,POULTRY,260.81543
2017-08-23,31,POULTRY,171.74203
2017-08-24,31,POULTRY,141.23
2017-08-25,31,POULTRY,167.14162
2017-08-26,31,POULTRY,206.06801
2017-08-27,31,POULTRY,183.9637
2017-08-28,31,POULTRY,218.25246
2017-08-29,31,POULTRY,263.63483
2017-08-30,31,POULTRY,142.02206
2017-08-16,31,PREPARED FOODS,0.080972075
2017-08-17,31,PREPARED FOODS,0.042065572
2017-08-18,31,PREPARED FOODS,0.06467303
2017-08-19,31,PREPARED FOODS,0.07364199
2017-08-20,31,PREPARED FOODS,0.04077161
2017-08-21,31,PREPARED FOODS,0.04822197
2017-08-22,31,PREPARED FOODS,0.033428293
2017-08-23,31,PREPARED FOODS,0.06155914
2017-08-24,31,PREPARED FOODS,0.10050972
2017-08-25,31,PREPARED FOODS,0.058657072
2017-08-26,31,PREPARED FOODS,0.053670015
2017-08-27,31,PREPARED FOODS,0.10140923
2017-08-28,31,PREPARED FOODS,0.04527504
2017-08-29,31,PREPARED FOODS,0.06908078
2017-08-30,31,PREPARED FOODS,0.046937395
2017-08-16,31,PRODUCE,2.2056623
2017-08-17,31,PRODUCE,1.8240881
2017-08-18,31,PRODUCE,2.1315825
2017-08-19,31,PRODUCE,2.3966289
2017-08-20,31,PRODUCE,2.1608608
2017-08-21,31,PRODUCE,2.0063727
2017-08-22,31,PRODUCE,1.2789778
2017-08-23,31,PRODUCE,2.0371356
2017-08-24,31,PRODUCE,1.9479368
2017-08-25,31,PRODUCE,2.1873703
2017-08-26,31,PRODUCE,2.1406412
2017-08-27,31,PRODUCE,1.6646733
2017-08-28,31,PRODUCE,2.1117625
2017-08-29,31,PRODUCE,1.4161502
2017-08-30,31,PRODUCE,2.4951382
2017-08-16,31,SCHOOL AND OFFICE SUPPLIES,7.826107
2017-08-17,31,SCHOOL AND OFFICE SUPPLIES,7.527589
2017-08-18,31,SCHOOL AND OFFICE SUPPLIES,8.70787
2017-08-19,31,SCHOOL AND OFFICE SUPPLIES,7.011175
2017-08-20,31,SCHOOL AND OFFICE SUPPLIES,7.228813
2017-08-21,31,SCHOOL AND OFFICE SUPPLIES,6.3316355
2017-08-22,31,SCHOOL AND OFFICE SUPPLIES,7.3658752
2017-08-23,31,SCHOOL AND OFFICE SUPPLIES,8.2218275
2017-08-24,31,SCHOOL AND OFFICE SUPPLIES,7.08399
2017-08-25,31,SCHOOL AND OFFICE SUPPLIES,7.68989
2017-08-26,31,SCHOOL AND OFFICE SUPPLIES,6.678675
2017-08-27,31,SCHOOL AND OFFICE SUPPLIES,7.6489453
2017-08-28,31,SCHOOL AND OFFICE SUPPLIES,7.532809
2017-08-29,31,SCHOOL AND OFFICE SUPPLIES,7.6507635
2017-08-30,31,SCHOOL AND OFFICE SUPPLIES,7.494873
2017-08-16,31,SEAFOOD,0.022667954
2017-08-17,31,SEAFOOD,0.010485859
2017-08-18,31,SEAFOOD,0.06602516
2017-08-19,31,SEAFOOD,0.04520585
2017-08-20,31,SEAFOOD,0.06515002
2017-08-21,31,SEAFOOD,0.015166819
2017-08-22,31,SEAFOOD,0.0268993
2017-08-23,31,SEAFOOD,0.0
2017-08-24,31,SEAFOOD,0.0
2017-08-25,31,SEAFOOD,0.063472964
2017-08-26,31,SEAFOOD,0.008668783
2017-08-27,31,SEAFOOD,0.041006558
2017-08-28,31,SEAFOOD,0.0
2017-08-29,31,SEAFOOD,0.03363639
2017-08-30,31,SEAFOOD,0.062616736
2017-08-16,32,AUTOMOTIVE,2.00668
2017-08-17,32,AUTOMOTIVE,2.1384687
2017-08-18,32,AUTOMOTIVE,2.0302124
2017-08-19,32,AUTOMOTIVE,2.0343864
2017-08-20,32,AUTOMOTIVE,2.182429
2017-08-21,32,AUTOMOTIVE,1.7975497
2017-08-22,32,AUTOMOTIVE,1.831618
2017-08-23,32,AUTOMOTIVE,1.8360547
2017-08-24,32,AUTOMOTIVE,1.9337801
2017-08-25,32,AUTOMOTIVE,2.0745242
2017-08-26,32,AUTOMOTIVE,2.225967
2017-08-27,32,AUTOMOTIVE,2.0568879
2017-08-28,32,AUTOMOTIVE,1.725022
2017-08-29,32,AUTOMOTIVE,2.155065
2017-08-30,32,AUTOMOTIVE,1.897763
2017-08-16,32,BABY CARE,2683.1963
2017-08-17,32,BABY CARE,2272.343
2017-08-18,32,BABY CARE,2622.726
2017-08-19,32,BABY CARE,2657.202
2017-08-20,32,BABY CARE,1983.2843
2017-08-21,32,BABY CARE,1909.9282
2017-08-22,32,BABY CARE,1732.6448
2017-08-23,32,BABY CARE,2323.8347
2017-08-24,32,BABY CARE,2114.146
2017-08-25,32,BABY CARE,2538.7283
2017-08-26,32,BABY CARE,2483.2654
2017-08-27,32,BABY CARE,1885.2821
2017-08-28,32,BABY CARE,1949.7352
2017-08-29,32,BABY CARE,1720.3407
2017-08-30,32,BABY CARE,2107.4812
2017-08-16,32,BEAUTY,249.64781
2017-08-17,32,BEAUTY,209.49612
2017-08-18,32,BEAUTY,258.97437
2017-08-19,32,BEAUTY,264.00974
2017-08-20,32,BEAUTY,247.71793
2017-08-21,32,BEAUTY,207.95413
2017-08-22,32,BEAUTY,203.11363
2017-08-23,32,BEAUTY,240.78366
2017-08-24,32,BEAUTY,189.96753
2017-08-25,32,BEAUTY,263.41797
2017-08-26,32,BEAUTY,256.84573
2017-08-27,32,BEAUTY,258.2424
2017-08-28,32,BEAUTY,201.94672
2017-08-29,32,BEAUTY,195.47171
2017-08-30,32,BEAUTY,242.26367
2017-08-16,32,BEVERAGES,10.872656
2017-08-17,32,BEVERAGES,8.100394
2017-08-18,32,BEVERAGES,8.243622
2017-08-19,32,BEVERAGES,9.16299
2017-08-20,32,BEVERAGES,8.094985
2017-08-21,32,BEVERAGES,8.210364
2017-08-22,32,BEVERAGES,7.8787746
2017-08-23,32,BEVERAGES,10.481222
2017-08-24,32,BEVERAGES,7.2185416
2017-08-25,32,BEVERAGES,9.618456
2017-08-26,32,BEVERAGES,7.029737
2017-08-27,32,BEVERAGES,7.0177813
2017-08-28,32,BEVERAGES,7.0089984
2017-08-29,32,BEVERAGES,8.322817
2017-08-30,32,BEVERAGES,7.979973
2017-08-16,32,BREAD/BAKERY,1221.9071
2017-08-17,32,BREAD/BAKERY,912.33295
2017-08-18,32,BREAD/BAKERY,1143.0211
2017-08-19,32,BREAD/BAKERY,1188.5684
2017-08-20,32,BREAD/BAKERY,915.78687
2017-08-21,32,BREAD/BAKERY,912.8014
2017-08-22,32,BREAD/BAKERY,879.4138
2017-08-23,32,BREAD/BAKERY,1077.4288
2017-08-24,32,BREAD/BAKERY,921.4978
2017-08-25,32,BREAD/BAKERY,1103.2606
2017-08-26,32,BREAD/BAKERY,1199.4972
2017-08-27,32,BREAD/BAKERY,894.00977
2017-08-28,32,BREAD/BAKERY,940.93256
2017-08-29,32,BREAD/BAKERY,932.7852
2017-08-30,32,BREAD/BAKERY,1111.6985
2017-08-16,32,CELEBRATION,588.8108
2017-08-17,32,CELEBRATION,402.3842
2017-08-18,32,CELEBRATION,461.83936
2017-08-19,32,CELEBRATION,495.79773
2017-08-20,32,CELEBRATION,434.62488
2017-08-21,32,CELEBRATION,426.7534
2017-08-22,32,CELEBRATION,432.48035
2017-08-23,32,CELEBRATION,595.421
2017-08-24,32,CELEBRATION,412.88287
2017-08-25,32,CELEBRATION,469.2657
2017-08-26,32,CELEBRATION,475.75693
2017-08-27,32,CELEBRATION,445.27658
2017-08-28,32,CELEBRATION,416.50632
2017-08-29,32,CELEBRATION,433.14273
2017-08-30,32,CELEBRATION,597.96094
2017-08-16,32,CLEANING,209.26764
2017-08-17,32,CLEANING,172.16924
2017-08-18,32,CLEANING,224.82983
2017-08-19,32,CLEANING,204.4803
2017-08-20,32,CLEANING,169.27422
2017-08-21,32,CLEANING,172.7501
2017-08-22,32,CLEANING,168.79512
2017-08-23,32,CLEANING,196.08363
2017-08-24,32,CLEANING,165.1336
2017-08-25,32,CLEANING,257.26456
2017-08-26,32,CLEANING,211.8274
2017-08-27,32,CLEANING,172.05754
2017-08-28,32,CLEANING,165.6139
2017-08-29,32,CLEANING,164.76768
2017-08-30,32,CLEANING,193.57979
2017-08-16,32,DAIRY,188.83005
2017-08-17,32,DAIRY,163.93465
2017-08-18,32,DAIRY,217.79256
2017-08-19,32,DAIRY,206.68858
2017-08-20,32,DAIRY,170.10939
2017-08-21,32,DAIRY,174.37338
2017-08-22,32,DAIRY,119.35385
2017-08-23,32,DAIRY,167.82773
2017-08-24,32,DAIRY,142.37933
2017-08-25,32,DAIRY,212.11578
2017-08-26,32,DAIRY,187.07265
2017-08-27,32,DAIRY,130.88765
2017-08-28,32,DAIRY,163.99683
2017-08-29,32,DAIRY,129.24834
2017-08-30,32,DAIRY,164.75693
2017-08-16,32,DELI,73.68555
2017-08-17,32,DELI,68.26328
2017-08-18,32,DELI,57.956657
2017-08-19,32,DELI,76.04342
2017-08-20,32,DELI,46.584732
2017-08-21,32,DELI,52.563644
2017-08-22,32,DELI,59.86119
2017-08-23,32,DELI,71.176285
2017-08-24,32,DELI,67.34156
2017-08-25,32,DELI,56.607304
2017-08-26,32,DELI,77.42017
2017-08-27,32,DELI,51.967724
2017-08-28,32,DELI,61.378708
2017-08-29,32,DELI,56.919537
2017-08-30,32,DELI,78.27155
2017-08-16,32,EGGS,3937.1658
2017-08-17,32,EGGS,3014.6038
2017-08-18,32,EGGS,3600.1936
2017-08-19,32,EGGS,3805.0598
2017-08-20,32,EGGS,3142.2861
2017-08-21,32,EGGS,3325.361
2017-08-22,32,EGGS,3249.8354
2017-08-23,32,EGGS,3733.517
2017-08-24,32,EGGS,3672.6067
2017-08-25,32,EGGS,4263.5938
2017-08-26,32,EGGS,4170.2754
2017-08-27,32,EGGS,3221.1677
2017-08-28,32,EGGS,3316.1711
2017-08-29,32,EGGS,3132.2893
2017-08-30,32,EGGS,3886.1533
2017-08-16,32,FROZEN FOODS,4.0903273
2017-08-17,32,FROZEN FOODS,3.2007713
2017-08-18,32,FROZEN FOODS,4.912269
2017-08-19,32,FROZEN FOODS,4.9492283
2017-08-20,32,FROZEN FOODS,3.9425056
2017-08-21,32,FROZEN FOODS,3.4229925
2017-08-22,32,FROZEN FOODS,2.8936007
2017-08-23,32,FROZEN FOODS,4.289529
2017-08-24,32,FROZEN FOODS,3.4288867
2017-08-25,32,FROZEN FOODS,4.1579905
2017-08-26,32,FROZEN FOODS,4.581096
2017-08-27,32,FROZEN FOODS,3.4443917
2017-08-28,32,FROZEN FOODS,3.7377937
2017-08-29,32,FROZEN FOODS,3.030446
2017-08-30,32,FROZEN FOODS,3.8490453
2017-08-16,32,GROCERY I,0.6416006
2017-08-17,32,GROCERY I,0.5233114
2017-08-18,32,GROCERY I,0.73327637
2017-08-19,32,GROCERY I,0.70954955
2017-08-20,32,GROCERY I,0.6071931
2017-08-21,32,GROCERY I,0.5531524
2017-08-22,32,GROCERY I,0.71236587
2017-08-23,32,GROCERY I,0.7996356
2017-08-24,32,GROCERY I,0.56995386
2017-08-25,32,GROCERY I,0.89316493
2017-08-26,32,GROCERY I,0.75654984
2017-08-27,32,GROCERY I,0.5882318
2017-08-28,32,GROCERY I,0.64611036
2017-08-29,32,GROCERY I,0.6029387
2017-08-30,32,GROCERY I,0.823888
2017-08-16,32,GROCERY II,34.073265
2017-08-17,32,GROCERY II,23.06188
2017-08-18,32,GROCERY II,28.841694
2017-08-19,32,GROCERY II,28.1989
2017-08-20,32,GROCERY II,27.736923
2017-08-21,32,GROCERY II,31.29143
2017-08-22,32,GROCERY II,28.562553
2017-08-23,32,GROCERY II,33.399586
2017-08-24,32,GROCERY II,27.571201
2017-08-25,32,GROCERY II,28.680536
2017-08-26,32,GROCERY II,30.930092
2017-08-27,32,GROCERY II,27.238771
2017-08-28,32,GROCERY II,26.423256
2017-08-29,32,GROCERY II,23.905657
2017-08-30,32,GROCERY II,33.39209
2017-08-16,32,HARDWARE,22.302118
2017-08-17,32,HARDWARE,16.161985
2017-08-18,32,HARDWARE,17.470392
2017-08-19,32,HARDWARE,21.191296
2017-08-20,32,HARDWARE,19.114943
2017-08-21,32,HARDWARE,15.534335
2017-08-22,32,HARDWARE,14.818003
2017-08-23,32,HARDWARE,18.627455
2017-08-24,32,HARDWARE,15.580084
2017-08-25,32,HARDWARE,16.063145
2017-08-26,32,HARDWARE,17.003242
2017-08-27,32,HARDWARE,16.46893
2017-08-28,32,HARDWARE,14.580198
2017-08-29,32,HARDWARE,15.558945
2017-08-30,32,HARDWARE,19.40223
2017-08-16,32,HOME AND KITCHEN I,0.18993741
2017-08-17,32,HOME AND KITCHEN I,0.16523224
2017-08-18,32,HOME AND KITCHEN I,0.16222171
2017-08-19,32,HOME AND KITCHEN I,0.21523394
2017-08-20,32,HOME AND KITCHEN I,0.17848195
2017-08-21,32,HOME AND KITCHEN I,0.20412292
2017-08-22,32,HOME AND KITCHEN I,0.19480464
2017-08-23,32,HOME AND KITCHEN I,0.21941076
2017-08-24,32,HOME AND KITCHEN I,0.19561076
2017-08-25,32,HOME AND KITCHEN I,0.23473018
2017-08-26,32,HOME AND KITCHEN I,0.23791936
2017-08-27,32,HOME AND KITCHEN I,0.23140877
2017-08-28,32,HOME AND KITCHEN I,0.2039791
2017-08-29,32,HOME AND KITCHEN I,0.18740894
2017-08-30,32,HOME AND KITCHEN I,0.26889977
2017-08-16,32,HOME AND KITCHEN II,221.81937
2017-08-17,32,HOME AND KITCHEN II,163.10895
2017-08-18,32,HOME AND KITCHEN II,177.21896
2017-08-19,32,HOME AND KITCHEN II,192.72269
2017-08-20,32,HOME AND KITCHEN II,176.62653
2017-08-21,32,HOME AND KITCHEN II,141.83603
2017-08-22,32,HOME AND KITCHEN II,150.30312
2017-08-23,32,HOME AND KITCHEN II,201.9174
2017-08-24,32,HOME AND KITCHEN II,150.22496
2017-08-25,32,HOME AND KITCHEN II,172.39606
2017-08-26,32,HOME AND KITCHEN II,181.82906
2017-08-27,32,HOME AND KITCHEN II,176.25485
2017-08-28,32,HOME AND KITCHEN II,145.27249
2017-08-29,32,HOME AND KITCHEN II,159.54639
2017-08-30,32,HOME AND KITCHEN II,181.41089
2017-08-16,32,HOME APPLIANCES,0.0005660534
2017-08-17,32,HOME APPLIANCES,0.00037230967
2017-08-18,32,HOME APPLIANCES,0.00083531375
2017-08-19,32,HOME APPLIANCES,0.001060009
2017-08-20,32,HOME APPLIANCES,0.00091309304
2017-08-21,32,HOME APPLIANCES,0.0010386652
2017-08-22,32,HOME APPLIANCES,0.0014023792
2017-08-23,32,HOME APPLIANCES,0.0002567482
2017-08-24,32,HOME APPLIANCES,0.00047873138
2017-08-25,32,HOME APPLIANCES,0.00095680833
2017-08-26,32,HOME APPLIANCES,0.0009957653
2017-08-27,32,HOME APPLIANCES,0.00087219354
2017-08-28,32,HOME APPLIANCES,0.00087364315
2017-08-29,32,HOME APPLIANCES,0.0015255606
2017-08-30,32,HOME APPLIANCES,0.00011017084
2017-08-16,32,HOME CARE,14.526406
2017-08-17,32,HOME CARE,12.900848
2017-08-18,32,HOME CARE,16.785255
2017-08-19,32,HOME CARE,14.768039
2017-08-20,32,HOME CARE,13.337424
2017-08-21,32,HOME CARE,12.783552
2017-08-22,32,HOME CARE,13.387202
2017-08-23,32,HOME CARE,15.482722
2017-08-24,32,HOME CARE,12.237451
2017-08-25,32,HOME CARE,15.608717
2017-08-26,32,HOME CARE,15.924565
2017-08-27,32,HOME CARE,14.81654
2017-08-28,32,HOME CARE,13.530515
2017-08-29,32,HOME CARE,13.840022
2017-08-30,32,HOME CARE,14.954662
2017-08-16,32,LAWN AND GARDEN,59.495224
2017-08-17,32,LAWN AND GARDEN,55.057343
2017-08-18,32,LAWN AND GARDEN,64.310104
2017-08-19,32,LAWN AND GARDEN,64.11116
2017-08-20,32,LAWN AND GARDEN,38.57628
2017-08-21,32,LAWN AND GARDEN,60.154648
2017-08-22,32,LAWN AND GARDEN,48.24291
2017-08-23,32,LAWN AND GARDEN,44.77914
2017-08-24,32,LAWN AND GARDEN,53.508427
2017-08-25,32,LAWN AND GARDEN,74.717964
2017-08-26,32,LAWN AND GARDEN,43.193584
2017-08-27,32,LAWN AND GARDEN,41.506454
2017-08-28,32,LAWN AND GARDEN,57.17997
2017-08-29,32,LAWN AND GARDEN,40.194515
2017-08-30,32,LAWN AND GARDEN,53.45072
2017-08-16,32,LINGERIE,1.9693493
2017-08-17,32,LINGERIE,1.7508054
2017-08-18,32,LINGERIE,1.8278663
2017-08-19,32,LINGERIE,1.925105
2017-08-20,32,LINGERIE,1.4445207
2017-08-21,32,LINGERIE,1.4616418
2017-08-22,32,LINGERIE,1.7670178
2017-08-23,32,LINGERIE,2.1112869
2017-08-24,32,LINGERIE,1.3679807
2017-08-25,32,LINGERIE,1.7423431
2017-08-26,32,LINGERIE,1.7352984
2017-08-27,32,LINGERIE,1.7457992
2017-08-28,32,LINGERIE,1.6212727
2017-08-29,32,LINGERIE,1.6021867
2017-08-30,32,LINGERIE,1.7591984
2017-08-16,32,"LIQUOR,WINE,BEER",298.04233
2017-08-17,32,"LIQUOR,WINE,BEER",294.98718
2017-08-18,32,"LIQUOR,WINE,BEER",275.78864
2017-08-19,32,"LIQUOR,WINE,BEER",302.56918
2017-08-20,32,"LIQUOR,WINE,BEER",229.13144
2017-08-21,32,"LIQUOR,WINE,BEER",271.80066
2017-08-22,32,"LIQUOR,WINE,BEER",211.37006
2017-08-23,32,"LIQUOR,WINE,BEER",282.59192
2017-08-24,32,"LIQUOR,WINE,BEER",303.57892
2017-08-25,32,"LIQUOR,WINE,BEER",268.49118
2017-08-26,32,"LIQUOR,WINE,BEER",301.64694
2017-08-27,32,"LIQUOR,WINE,BEER",217.32939
2017-08-28,32,"LIQUOR,WINE,BEER",285.51822
2017-08-29,32,"LIQUOR,WINE,BEER",208.14076
2017-08-30,32,"LIQUOR,WINE,BEER",271.01132
2017-08-16,32,MAGAZINES,224.7689
2017-08-17,32,MAGAZINES,212.1806
2017-08-18,32,MAGAZINES,240.93875
2017-08-19,32,MAGAZINES,268.32718
2017-08-20,32,MAGAZINES,226.29535
2017-08-21,32,MAGAZINES,198.60931
2017-08-22,32,MAGAZINES,206.89388
2017-08-23,32,MAGAZINES,241.0907
2017-08-24,32,MAGAZINES,224.00156
2017-08-25,32,MAGAZINES,240.45782
2017-08-26,32,MAGAZINES,290.95377
2017-08-27,32,MAGAZINES,214.41478
2017-08-28,32,MAGAZINES,214.88269
2017-08-29,32,MAGAZINES,214.83057
2017-08-30,32,MAGAZINES,241.59843
2017-08-16,32,MEATS,2.3187034
2017-08-17,32,MEATS,1.805449
2017-08-18,32,MEATS,1.617637
2017-08-19,32,MEATS,1.4825011
2017-08-20,32,MEATS,1.9689158
2017-08-21,32,MEATS,1.563591
2017-08-22,32,MEATS,1.5772128
2017-08-23,32,MEATS,1.6081091
2017-08-24,32,MEATS,1.5909823
2017-08-25,32,MEATS,1.9741397
2017-08-26,32,MEATS,1.7580676
2017-08-27,32,MEATS,1.5092165
2017-08-28,32,MEATS,1.3577627
2017-08-29,32,MEATS,1.6095141
2017-08-30,32,MEATS,1.9615555
2017-08-16,32,PERSONAL CARE,4.9865117
2017-08-17,32,PERSONAL CARE,3.6536782
2017-08-18,32,PERSONAL CARE,4.282277
2017-08-19,32,PERSONAL CARE,4.496654
2017-08-20,32,PERSONAL CARE,4.3135757
2017-08-21,32,PERSONAL CARE,3.6409683
2017-08-22,32,PERSONAL CARE,3.7096615
2017-08-23,32,PERSONAL CARE,3.8907487
2017-08-24,32,PERSONAL CARE,4.3850236
2017-08-25,32,PERSONAL CARE,4.439916
2017-08-26,32,PERSONAL CARE,4.922299
2017-08-27,32,PERSONAL CARE,4.339241
2017-08-28,32,PERSONAL CARE,4.111246
2017-08-29,32,PERSONAL CARE,3.9188848
2017-08-30,32,PERSONAL CARE,4.589756
2017-08-16,32,PET SUPPLIES,236.06885
2017-08-17,32,PET SUPPLIES,209.88696
2017-08-18,32,PET SUPPLIES,310.27274
2017-08-19,32,PET SUPPLIES,217.96002
2017-08-20,32,PET SUPPLIES,203.3998
2017-08-21,32,PET SUPPLIES,204.29468
2017-08-22,32,PET SUPPLIES,195.20906
2017-08-23,32,PET SUPPLIES,242.68144
2017-08-24,32,PET SUPPLIES,202.33977
2017-08-25,32,PET SUPPLIES,303.57846
2017-08-26,32,PET SUPPLIES,228.33545
2017-08-27,32,PET SUPPLIES,200.07872
2017-08-28,32,PET SUPPLIES,200.04869
2017-08-29,32,PET SUPPLIES,175.36168
2017-08-30,32,PET SUPPLIES,238.51665
2017-08-16,32,PLAYERS AND ELECTRONICS,31.316582
2017-08-17,32,PLAYERS AND ELECTRONICS,30.19036
2017-08-18,32,PLAYERS AND ELECTRONICS,33.142788
2017-08-19,32,PLAYERS AND ELECTRONICS,31.38495
2017-08-20,32,PLAYERS AND ELECTRONICS,28.114157
2017-08-21,32,PLAYERS AND ELECTRONICS,30.64866
2017-08-22,32,PLAYERS AND ELECTRONICS,26.70583
2017-08-23,32,PLAYERS AND ELECTRONICS,31.43046
2017-08-24,32,PLAYERS AND ELECTRONICS,26.40067
2017-08-25,32,PLAYERS AND ELECTRONICS,33.251793
2017-08-26,32,PLAYERS AND ELECTRONICS,33.162155
2017-08-27,32,PLAYERS AND ELECTRONICS,26.726696
2017-08-28,32,PLAYERS AND ELECTRONICS,27.858223
2017-08-29,32,PLAYERS AND ELECTRONICS,27.650558
2017-08-30,32,PLAYERS AND ELECTRONICS,30.251862
2017-08-16,32,POULTRY,1785.4862
2017-08-17,32,POULTRY,878.65594
2017-08-18,32,POULTRY,881.6828
2017-08-19,32,POULTRY,784.2092
2017-08-20,32,POULTRY,827.19586
2017-08-21,32,POULTRY,857.2333
2017-08-22,32,POULTRY,1129.6448
2017-08-23,32,POULTRY,774.7946
2017-08-24,32,POULTRY,692.5899
2017-08-25,32,POULTRY,804.9106
2017-08-26,32,POULTRY,898.07477
2017-08-27,32,POULTRY,795.37274
2017-08-28,32,POULTRY,829.76886
2017-08-29,32,POULTRY,1035.7246
2017-08-30,32,POULTRY,695.02216
2017-08-16,32,PREPARED FOODS,0.040898893
2017-08-17,32,PREPARED FOODS,0.0
2017-08-18,32,PREPARED FOODS,0.010962601
2017-08-19,32,PREPARED FOODS,0.0
2017-08-20,32,PREPARED FOODS,0.0
2017-08-21,32,PREPARED FOODS,0.0
2017-08-22,32,PREPARED FOODS,0.0
2017-08-23,32,PREPARED FOODS,0.0
2017-08-24,32,PREPARED FOODS,0.0
2017-08-25,32,PREPARED FOODS,0.0
2017-08-26,32,PREPARED FOODS,0.0
2017-08-27,32,PREPARED FOODS,0.0
2017-08-28,32,PREPARED FOODS,0.0
2017-08-29,32,PREPARED FOODS,0.0
2017-08-30,32,PREPARED FOODS,0.0
2017-08-16,32,PRODUCE,0.98276716
2017-08-17,32,PRODUCE,1.0918616
2017-08-18,32,PRODUCE,1.2721456
2017-08-19,32,PRODUCE,1.0725013
2017-08-20,32,PRODUCE,0.9528287
2017-08-21,32,PRODUCE,0.93704575
2017-08-22,32,PRODUCE,1.0360702
2017-08-23,32,PRODUCE,1.0133172
2017-08-24,32,PRODUCE,1.0642923
2017-08-25,32,PRODUCE,1.4112931
2017-08-26,32,PRODUCE,1.2450731
2017-08-27,32,PRODUCE,1.0860955
2017-08-28,32,PRODUCE,1.04241
2017-08-29,32,PRODUCE,0.774789
2017-08-30,32,PRODUCE,1.1069989
2017-08-16,32,SCHOOL AND OFFICE SUPPLIES,3.6558208
2017-08-17,32,SCHOOL AND OFFICE SUPPLIES,3.0228467
2017-08-18,32,SCHOOL AND OFFICE SUPPLIES,4.013857
2017-08-19,32,SCHOOL AND OFFICE SUPPLIES,3.5337079
2017-08-20,32,SCHOOL AND OFFICE SUPPLIES,3.2394762
2017-08-21,32,SCHOOL AND OFFICE SUPPLIES,3.940637
2017-08-22,32,SCHOOL AND OFFICE SUPPLIES,3.4111872
2017-08-23,32,SCHOOL AND OFFICE SUPPLIES,3.2884579
2017-08-24,32,SCHOOL AND OFFICE SUPPLIES,3.4981291
2017-08-25,32,SCHOOL AND OFFICE SUPPLIES,3.7083282
2017-08-26,32,SCHOOL AND OFFICE SUPPLIES,3.4317157
2017-08-27,32,SCHOOL AND OFFICE SUPPLIES,3.5266652
2017-08-28,32,SCHOOL AND OFFICE SUPPLIES,3.2354248
2017-08-29,32,SCHOOL AND OFFICE SUPPLIES,2.696735
2017-08-30,32,SCHOOL AND OFFICE SUPPLIES,3.329551
2017-08-16,32,SEAFOOD,0.32841355
2017-08-17,32,SEAFOOD,0.44843945
2017-08-18,32,SEAFOOD,0.35278854
2017-08-19,32,SEAFOOD,0.46303374
2017-08-20,32,SEAFOOD,0.43301338
2017-08-21,32,SEAFOOD,0.34867725
2017-08-22,32,SEAFOOD,0.36528364
2017-08-23,32,SEAFOOD,0.42456904
2017-08-24,32,SEAFOOD,0.36572596
2017-08-25,32,SEAFOOD,0.47650602
2017-08-26,32,SEAFOOD,0.48673874
2017-08-27,32,SEAFOOD,0.5342944
2017-08-28,32,SEAFOOD,0.30428702
2017-08-29,32,SEAFOOD,0.42906776
2017-08-30,32,SEAFOOD,0.29506126
2017-08-16,33,AUTOMOTIVE,2.01033
2017-08-17,33,AUTOMOTIVE,2.0032885
2017-08-18,33,AUTOMOTIVE,1.9079647
2017-08-19,33,AUTOMOTIVE,2.5543764
2017-08-20,33,AUTOMOTIVE,2.2510703
2017-08-21,33,AUTOMOTIVE,1.9986352
2017-08-22,33,AUTOMOTIVE,1.747442
2017-08-23,33,AUTOMOTIVE,2.3511987
2017-08-24,33,AUTOMOTIVE,2.217315
2017-08-25,33,AUTOMOTIVE,2.7028022
2017-08-26,33,AUTOMOTIVE,2.6420636
2017-08-27,33,AUTOMOTIVE,1.9968764
2017-08-28,33,AUTOMOTIVE,2.2319133
2017-08-29,33,AUTOMOTIVE,1.885036
2017-08-30,33,AUTOMOTIVE,2.5922716
2017-08-16,33,BABY CARE,2640.7354
2017-08-17,33,BABY CARE,2505.7378
2017-08-18,33,BABY CARE,2702.18
2017-08-19,33,BABY CARE,2614.642
2017-08-20,33,BABY CARE,2462.8367
2017-08-21,33,BABY CARE,2494.981
2017-08-22,33,BABY CARE,2366.2532
2017-08-23,33,BABY CARE,2632.2837
2017-08-24,33,BABY CARE,2682.7256
2017-08-25,33,BABY CARE,2900.3994
2017-08-26,33,BABY CARE,2822.6443
2017-08-27,33,BABY CARE,2654.9387
2017-08-28,33,BABY CARE,2723.845
2017-08-29,33,BABY CARE,2379.8967
2017-08-30,33,BABY CARE,2654.7036
2017-08-16,33,BEAUTY,699.2102
2017-08-17,33,BEAUTY,656.6978
2017-08-18,33,BEAUTY,755.36945
2017-08-19,33,BEAUTY,792.2531
2017-08-20,33,BEAUTY,796.02704
2017-08-21,33,BEAUTY,705.512
2017-08-22,33,BEAUTY,660.4693
2017-08-23,33,BEAUTY,724.755
2017-08-24,33,BEAUTY,671.1581
2017-08-25,33,BEAUTY,789.85535
2017-08-26,33,BEAUTY,820.3686
2017-08-27,33,BEAUTY,859.3608
2017-08-28,33,BEAUTY,721.65765
2017-08-29,33,BEAUTY,623.64264
2017-08-30,33,BEAUTY,713.0306
2017-08-16,33,BEVERAGES,12.08715
2017-08-17,33,BEVERAGES,10.591421
2017-08-18,33,BEVERAGES,11.174562
2017-08-19,33,BEVERAGES,10.520139
2017-08-20,33,BEVERAGES,10.131962
2017-08-21,33,BEVERAGES,11.443488
2017-08-22,33,BEVERAGES,10.128203
2017-08-23,33,BEVERAGES,11.0919285
2017-08-24,33,BEVERAGES,8.578332
2017-08-25,33,BEVERAGES,10.018505
2017-08-26,33,BEVERAGES,8.804914
2017-08-27,33,BEVERAGES,8.145819
2017-08-28,33,BEVERAGES,10.702065
2017-08-29,33,BEVERAGES,10.639142
2017-08-30,33,BEVERAGES,10.4308815
2017-08-16,33,BREAD/BAKERY,991.481
2017-08-17,33,BREAD/BAKERY,850.4159
2017-08-18,33,BREAD/BAKERY,899.2369
2017-08-19,33,BREAD/BAKERY,1022.9423
2017-08-20,33,BREAD/BAKERY,914.4506
2017-08-21,33,BREAD/BAKERY,998.89453
2017-08-22,33,BREAD/BAKERY,894.1149
2017-08-23,33,BREAD/BAKERY,1003.1095
2017-08-24,33,BREAD/BAKERY,943.8176
2017-08-25,33,BREAD/BAKERY,1016.8892
2017-08-26,33,BREAD/BAKERY,1103.2041
2017-08-27,33,BREAD/BAKERY,917.6017
2017-08-28,33,BREAD/BAKERY,1006.14105
2017-08-29,33,BREAD/BAKERY,904.7527
2017-08-30,33,BREAD/BAKERY,1010.3894
2017-08-16,33,CELEBRATION,769.90027
2017-08-17,33,CELEBRATION,564.4921
2017-08-18,33,CELEBRATION,625.73755
2017-08-19,33,CELEBRATION,695.41235
2017-08-20,33,CELEBRATION,637.8636
2017-08-21,33,CELEBRATION,660.3923
2017-08-22,33,CELEBRATION,605.7057
2017-08-23,33,CELEBRATION,774.3954
2017-08-24,33,CELEBRATION,593.0928
2017-08-25,33,CELEBRATION,622.65497
2017-08-26,33,CELEBRATION,665.2579
2017-08-27,33,CELEBRATION,625.7625
2017-08-28,33,CELEBRATION,648.52246
2017-08-29,33,CELEBRATION,589.2271
2017-08-30,33,CELEBRATION,782.7422
2017-08-16,33,CLEANING,248.63254
2017-08-17,33,CLEANING,220.49709
2017-08-18,33,CLEANING,266.85904
2017-08-19,33,CLEANING,241.10625
2017-08-20,33,CLEANING,220.46724
2017-08-21,33,CLEANING,230.78925
2017-08-22,33,CLEANING,216.08478
2017-08-23,33,CLEANING,235.24663
2017-08-24,33,CLEANING,232.14917
2017-08-25,33,CLEANING,286.66116
2017-08-26,33,CLEANING,245.74734
2017-08-27,33,CLEANING,217.40836
2017-08-28,33,CLEANING,232.48563
2017-08-29,33,CLEANING,224.79959
2017-08-30,33,CLEANING,255.61174
2017-08-16,33,DAIRY,116.202995
2017-08-17,33,DAIRY,116.19406
2017-08-18,33,DAIRY,147.54512
2017-08-19,33,DAIRY,136.85152
2017-08-20,33,DAIRY,116.73788
2017-08-21,33,DAIRY,130.8332
2017-08-22,33,DAIRY,92.581894
2017-08-23,33,DAIRY,121.14157
2017-08-24,33,DAIRY,105.96143
2017-08-25,33,DAIRY,158.30803
2017-08-26,33,DAIRY,140.50589
2017-08-27,33,DAIRY,118.01179
2017-08-28,33,DAIRY,146.04355
2017-08-29,33,DAIRY,87.40986
2017-08-30,33,DAIRY,116.42784
2017-08-16,33,DELI,78.88544
2017-08-17,33,DELI,82.97381
2017-08-18,33,DELI,64.27014
2017-08-19,33,DELI,81.99408
2017-08-20,33,DELI,58.31463
2017-08-21,33,DELI,72.71143
2017-08-22,33,DELI,67.851875
2017-08-23,33,DELI,85.51361
2017-08-24,33,DELI,78.595955
2017-08-25,33,DELI,65.331924
2017-08-26,33,DELI,86.888145
2017-08-27,33,DELI,62.313213
2017-08-28,33,DELI,75.64955
2017-08-29,33,DELI,70.08152
2017-08-30,33,DELI,83.18791
2017-08-16,33,EGGS,4835.309
2017-08-17,33,EGGS,4158.33
2017-08-18,33,EGGS,4316.6465
2017-08-19,33,EGGS,4340.196
2017-08-20,33,EGGS,4235.2275
2017-08-21,33,EGGS,4494.899
2017-08-22,33,EGGS,4170.6587
2017-08-23,33,EGGS,4576.638
2017-08-24,33,EGGS,4219.636
2017-08-25,33,EGGS,4446.9355
2017-08-26,33,EGGS,4477.7637
2017-08-27,33,EGGS,4206.1924
2017-08-28,33,EGGS,4617.9204
2017-08-29,33,EGGS,4115.9604
2017-08-30,33,EGGS,4441.8745
2017-08-16,33,FROZEN FOODS,7.368417
2017-08-17,33,FROZEN FOODS,6.6852965
2017-08-18,33,FROZEN FOODS,7.790034
2017-08-19,33,FROZEN FOODS,8.604351
2017-08-20,33,FROZEN FOODS,7.9787645
2017-08-21,33,FROZEN FOODS,7.4345856
2017-08-22,33,FROZEN FOODS,6.4399667
2017-08-23,33,FROZEN FOODS,6.702196
2017-08-24,33,FROZEN FOODS,6.389475
2017-08-25,33,FROZEN FOODS,7.0929003
2017-08-26,33,FROZEN FOODS,7.7361193
2017-08-27,33,FROZEN FOODS,6.6983666
2017-08-28,33,FROZEN FOODS,6.2742186
2017-08-29,33,FROZEN FOODS,5.4635916
2017-08-30,33,FROZEN FOODS,7.381481
2017-08-16,33,GROCERY I,3.0688796
2017-08-17,33,GROCERY I,3.1229167
2017-08-18,33,GROCERY I,3.2878392
2017-08-19,33,GROCERY I,3.2459967
2017-08-20,33,GROCERY I,2.4718466
2017-08-21,33,GROCERY I,2.978399
2017-08-22,33,GROCERY I,2.3799694
2017-08-23,33,GROCERY I,2.7159996
2017-08-24,33,GROCERY I,2.218279
2017-08-25,33,GROCERY I,2.6494045
2017-08-26,33,GROCERY I,2.3809943
2017-08-27,33,GROCERY I,2.3297055
2017-08-28,33,GROCERY I,2.3706026
2017-08-29,33,GROCERY I,2.2565787
2017-08-30,33,GROCERY I,2.3591087
2017-08-16,33,GROCERY II,29.967756
2017-08-17,33,GROCERY II,25.098291
2017-08-18,33,GROCERY II,25.70543
2017-08-19,33,GROCERY II,30.615292
2017-08-20,33,GROCERY II,26.928925
2017-08-21,33,GROCERY II,28.254303
2017-08-22,33,GROCERY II,23.9233
2017-08-23,33,GROCERY II,29.457071
2017-08-24,33,GROCERY II,24.585846
2017-08-25,33,GROCERY II,27.025425
2017-08-26,33,GROCERY II,28.400652
2017-08-27,33,GROCERY II,23.465004
2017-08-28,33,GROCERY II,21.927319
2017-08-29,33,GROCERY II,25.216465
2017-08-30,33,GROCERY II,27.75832
2017-08-16,33,HARDWARE,45.39466
2017-08-17,33,HARDWARE,34.087063
2017-08-18,33,HARDWARE,33.76501
2017-08-19,33,HARDWARE,38.214993
2017-08-20,33,HARDWARE,35.545086
2017-08-21,33,HARDWARE,27.526167
2017-08-22,33,HARDWARE,30.424553
2017-08-23,33,HARDWARE,36.219013
2017-08-24,33,HARDWARE,32.272903
2017-08-25,33,HARDWARE,35.51565
2017-08-26,33,HARDWARE,37.411915
2017-08-27,33,HARDWARE,35.131207
2017-08-28,33,HARDWARE,31.681086
2017-08-29,33,HARDWARE,28.636192
2017-08-30,33,HARDWARE,31.601074
2017-08-16,33,HOME AND KITCHEN I,0.12888665
2017-08-17,33,HOME AND KITCHEN I,0.17366241
2017-08-18,33,HOME AND KITCHEN I,0.21292523
2017-08-19,33,HOME AND KITCHEN I,0.19332628
2017-08-20,33,HOME AND KITCHEN I,0.24269788
2017-08-21,33,HOME AND KITCHEN I,0.1841068
2017-08-22,33,HOME AND KITCHEN I,0.17827806
2017-08-23,33,HOME AND KITCHEN I,0.25747624
2017-08-24,33,HOME AND KITCHEN I,0.3065746
2017-08-25,33,HOME AND KITCHEN I,0.31001484
2017-08-26,33,HOME AND KITCHEN I,0.34614334
2017-08-27,33,HOME AND KITCHEN I,0.31322026
2017-08-28,33,HOME AND KITCHEN I,0.4666951
2017-08-29,33,HOME AND KITCHEN I,0.398516
2017-08-30,33,HOME AND KITCHEN I,0.4275393
2017-08-16,33,HOME AND KITCHEN II,179.21179
2017-08-17,33,HOME AND KITCHEN II,145.07797
2017-08-18,33,HOME AND KITCHEN II,177.55658
2017-08-19,33,HOME AND KITCHEN II,179.20065
2017-08-20,33,HOME AND KITCHEN II,171.34172
2017-08-21,33,HOME AND KITCHEN II,157.5688
2017-08-22,33,HOME AND KITCHEN II,138.91437
2017-08-23,33,HOME AND KITCHEN II,143.07367
2017-08-24,33,HOME AND KITCHEN II,119.16562
2017-08-25,33,HOME AND KITCHEN II,152.74959
2017-08-26,33,HOME AND KITCHEN II,169.85144
2017-08-27,33,HOME AND KITCHEN II,150.96335
2017-08-28,33,HOME AND KITCHEN II,138.9751
2017-08-29,33,HOME AND KITCHEN II,127.81642
2017-08-30,33,HOME AND KITCHEN II,134.85114
2017-08-16,33,HOME APPLIANCES,2.430564
2017-08-17,33,HOME APPLIANCES,3.1961665
2017-08-18,33,HOME APPLIANCES,2.2035644
2017-08-19,33,HOME APPLIANCES,3.0998693
2017-08-20,33,HOME APPLIANCES,2.1830704
2017-08-21,33,HOME APPLIANCES,3.5015457
2017-08-22,33,HOME APPLIANCES,2.9284303
2017-08-23,33,HOME APPLIANCES,3.5864282
2017-08-24,33,HOME APPLIANCES,3.1728075
2017-08-25,33,HOME APPLIANCES,3.342752
2017-08-26,33,HOME APPLIANCES,4.949753
2017-08-27,33,HOME APPLIANCES,3.8877873
2017-08-28,33,HOME APPLIANCES,2.5096495
2017-08-29,33,HOME APPLIANCES,2.9653826
2017-08-30,33,HOME APPLIANCES,4.4298177
2017-08-16,33,HOME CARE,7.2881393
2017-08-17,33,HOME CARE,5.167211
2017-08-18,33,HOME CARE,6.2820663
2017-08-19,33,HOME CARE,6.293363
2017-08-20,33,HOME CARE,5.3443747
2017-08-21,33,HOME CARE,5.3946805
2017-08-22,33,HOME CARE,3.9256322
2017-08-23,33,HOME CARE,6.248778
2017-08-24,33,HOME CARE,5.5173326
2017-08-25,33,HOME CARE,6.493795
2017-08-26,33,HOME CARE,6.792704
2017-08-27,33,HOME CARE,5.8155346
2017-08-28,33,HOME CARE,5.452256
2017-08-29,33,HOME CARE,3.943848
2017-08-30,33,HOME CARE,5.454132
2017-08-16,33,LAWN AND GARDEN,5.5533104
2017-08-17,33,LAWN AND GARDEN,4.9809666
2017-08-18,33,LAWN AND GARDEN,4.5688934
2017-08-19,33,LAWN AND GARDEN,5.6141663
2017-08-20,33,LAWN AND GARDEN,4.3710885
2017-08-21,33,LAWN AND GARDEN,5.0308294
2017-08-22,33,LAWN AND GARDEN,5.019384
2017-08-23,33,LAWN AND GARDEN,5.338643
2017-08-24,33,LAWN AND GARDEN,5.1765246
2017-08-25,33,LAWN AND GARDEN,5.4499907
2017-08-26,33,LAWN AND GARDEN,6.4147806
2017-08-27,33,LAWN AND GARDEN,6.053857
2017-08-28,33,LAWN AND GARDEN,5.8663087
2017-08-29,33,LAWN AND GARDEN,5.308511
2017-08-30,33,LAWN AND GARDEN,5.927778
2017-08-16,33,LINGERIE,44.236736
2017-08-17,33,LINGERIE,42.379536
2017-08-18,33,LINGERIE,55.42811
2017-08-19,33,LINGERIE,39.982864
2017-08-20,33,LINGERIE,31.769428
2017-08-21,33,LINGERIE,44.84672
2017-08-22,33,LINGERIE,44.889496
2017-08-23,33,LINGERIE,57.729877
2017-08-24,33,LINGERIE,35.001575
2017-08-25,33,LINGERIE,49.0469
2017-08-26,33,LINGERIE,37.881687
2017-08-27,33,LINGERIE,29.826794
2017-08-28,33,LINGERIE,41.893856
2017-08-29,33,LINGERIE,32.555664
2017-08-30,33,LINGERIE,50.36121
2017-08-16,33,"LIQUOR,WINE,BEER",2.9595113
2017-08-17,33,"LIQUOR,WINE,BEER",2.8305652
2017-08-18,33,"LIQUOR,WINE,BEER",2.3850403
2017-08-19,33,"LIQUOR,WINE,BEER",2.9180603
2017-08-20,33,"LIQUOR,WINE,BEER",2.442196
2017-08-21,33,"LIQUOR,WINE,BEER",2.2111053
2017-08-22,33,"LIQUOR,WINE,BEER",2.1562135
2017-08-23,33,"LIQUOR,WINE,BEER",1.8974226
2017-08-24,33,"LIQUOR,WINE,BEER",2.055867
2017-08-25,33,"LIQUOR,WINE,BEER",2.4399636
2017-08-26,33,"LIQUOR,WINE,BEER",2.419438
2017-08-27,33,"LIQUOR,WINE,BEER",2.5009809
2017-08-28,33,"LIQUOR,WINE,BEER",2.425512
2017-08-29,33,"LIQUOR,WINE,BEER",1.7726517
2017-08-30,33,"LIQUOR,WINE,BEER",2.2592037
2017-08-16,33,MAGAZINES,195.28047
2017-08-17,33,MAGAZINES,205.1065
2017-08-18,33,MAGAZINES,184.62123
2017-08-19,33,MAGAZINES,203.25378
2017-08-20,33,MAGAZINES,171.96046
2017-08-21,33,MAGAZINES,191.42494
2017-08-22,33,MAGAZINES,165.18007
2017-08-23,33,MAGAZINES,187.4535
2017-08-24,33,MAGAZINES,206.85918
2017-08-25,33,MAGAZINES,179.37334
2017-08-26,33,MAGAZINES,207.67531
2017-08-27,33,MAGAZINES,161.6447
2017-08-28,33,MAGAZINES,193.25871
2017-08-29,33,MAGAZINES,161.13255
2017-08-30,33,MAGAZINES,184.56223
2017-08-16,33,MEATS,270.19086
2017-08-17,33,MEATS,252.20204
2017-08-18,33,MEATS,252.66101
2017-08-19,33,MEATS,297.0467
2017-08-20,33,MEATS,278.14926
2017-08-21,33,MEATS,283.84293
2017-08-22,33,MEATS,258.6213
2017-08-23,33,MEATS,278.99142
2017-08-24,33,MEATS,269.336
2017-08-25,33,MEATS,268.70743
2017-08-26,33,MEATS,314.35858
2017-08-27,33,MEATS,290.38467
2017-08-28,33,MEATS,298.5592
2017-08-29,33,MEATS,280.30148
2017-08-30,33,MEATS,308.0964
2017-08-16,33,PERSONAL CARE,3.8374462
2017-08-17,33,PERSONAL CARE,3.8142173
2017-08-18,33,PERSONAL CARE,4.0069656
2017-08-19,33,PERSONAL CARE,3.8745625
2017-08-20,33,PERSONAL CARE,4.1135287
2017-08-21,33,PERSONAL CARE,3.0063426
2017-08-22,33,PERSONAL CARE,2.7774544
2017-08-23,33,PERSONAL CARE,3.3621576
2017-08-24,33,PERSONAL CARE,3.0106902
2017-08-25,33,PERSONAL CARE,3.5872262
2017-08-26,33,PERSONAL CARE,3.5557745
2017-08-27,33,PERSONAL CARE,3.66278
2017-08-28,33,PERSONAL CARE,3.3501422
2017-08-29,33,PERSONAL CARE,2.4686775
2017-08-30,33,PERSONAL CARE,3.4793172
2017-08-16,33,PET SUPPLIES,6.0233827
2017-08-17,33,PET SUPPLIES,6.310088
2017-08-18,33,PET SUPPLIES,6.2095585
2017-08-19,33,PET SUPPLIES,6.897883
2017-08-20,33,PET SUPPLIES,6.142082
2017-08-21,33,PET SUPPLIES,6.496483
2017-08-22,33,PET SUPPLIES,5.4495525
2017-08-23,33,PET SUPPLIES,6.552968
2017-08-24,33,PET SUPPLIES,5.1735344
2017-08-25,33,PET SUPPLIES,6.033808
2017-08-26,33,PET SUPPLIES,7.2631946
2017-08-27,33,PET SUPPLIES,6.3598065
2017-08-28,33,PET SUPPLIES,5.185456
2017-08-29,33,PET SUPPLIES,5.275481
2017-08-30,33,PET SUPPLIES,6.4133434
2017-08-16,33,PLAYERS AND ELECTRONICS,146.93515
2017-08-17,33,PLAYERS AND ELECTRONICS,136.52635
2017-08-18,33,PLAYERS AND ELECTRONICS,173.819
2017-08-19,33,PLAYERS AND ELECTRONICS,158.7547
2017-08-20,33,PLAYERS AND ELECTRONICS,145.64767
2017-08-21,33,PLAYERS AND ELECTRONICS,152.13666
2017-08-22,33,PLAYERS AND ELECTRONICS,131.39919
2017-08-23,33,PLAYERS AND ELECTRONICS,153.04742
2017-08-24,33,PLAYERS AND ELECTRONICS,139.62654
2017-08-25,33,PLAYERS AND ELECTRONICS,170.21234
2017-08-26,33,PLAYERS AND ELECTRONICS,151.31148
2017-08-27,33,PLAYERS AND ELECTRONICS,149.17288
2017-08-28,33,PLAYERS AND ELECTRONICS,151.62567
2017-08-29,33,PLAYERS AND ELECTRONICS,135.28737
2017-08-30,33,PLAYERS AND ELECTRONICS,155.24162
2017-08-16,33,POULTRY,32.78271
2017-08-17,33,POULTRY,30.081797
2017-08-18,33,POULTRY,33.597847
2017-08-19,33,POULTRY,31.997246
2017-08-20,33,POULTRY,29.481285
2017-08-21,33,POULTRY,31.606848
2017-08-22,33,POULTRY,28.473408
2017-08-23,33,POULTRY,32.40469
2017-08-24,33,POULTRY,28.73046
2017-08-25,33,POULTRY,31.880566
2017-08-26,33,POULTRY,33.639942
2017-08-27,33,POULTRY,29.269428
2017-08-28,33,POULTRY,31.366953
2017-08-29,33,POULTRY,29.890968
2017-08-30,33,POULTRY,29.987705
2017-08-16,33,PREPARED FOODS,954.81085
2017-08-17,33,PREPARED FOODS,443.1655
2017-08-18,33,PREPARED FOODS,424.5444
2017-08-19,33,PREPARED FOODS,439.0671
2017-08-20,33,PREPARED FOODS,509.41812
2017-08-21,33,PREPARED FOODS,531.47217
2017-08-22,33,PREPARED FOODS,664.09515
2017-08-23,33,PREPARED FOODS,428.81766
2017-08-24,33,PREPARED FOODS,407.87332
2017-08-25,33,PREPARED FOODS,444.12732
2017-08-26,33,PREPARED FOODS,495.06256
2017-08-27,33,PREPARED FOODS,483.79077
2017-08-28,33,PREPARED FOODS,510.9496
2017-08-29,33,PREPARED FOODS,667.88025
2017-08-30,33,PREPARED FOODS,413.23773
2017-08-16,33,PRODUCE,4.9235077
2017-08-17,33,PRODUCE,5.2894053
2017-08-18,33,PRODUCE,4.7407126
2017-08-19,33,PRODUCE,4.5288987
2017-08-20,33,PRODUCE,5.0115085
2017-08-21,33,PRODUCE,4.9282966
2017-08-22,33,PRODUCE,4.3147764
2017-08-23,33,PRODUCE,4.6360087
2017-08-24,33,PRODUCE,4.585567
2017-08-25,33,PRODUCE,5.2140784
2017-08-26,33,PRODUCE,5.0482163
2017-08-27,33,PRODUCE,4.772106
2017-08-28,33,PRODUCE,4.5719776
2017-08-29,33,PRODUCE,5.317172
2017-08-30,33,PRODUCE,5.8594437
2017-08-16,33,SCHOOL AND OFFICE SUPPLIES,3.035078
2017-08-17,33,SCHOOL AND OFFICE SUPPLIES,2.903594
2017-08-18,33,SCHOOL AND OFFICE SUPPLIES,3.5693
2017-08-19,33,SCHOOL AND OFFICE SUPPLIES,3.8810692
2017-08-20,33,SCHOOL AND OFFICE SUPPLIES,2.9330468
2017-08-21,33,SCHOOL AND OFFICE SUPPLIES,3.2862995
2017-08-22,33,SCHOOL AND OFFICE SUPPLIES,2.2479203
2017-08-23,33,SCHOOL AND OFFICE SUPPLIES,3.4195073
2017-08-24,33,SCHOOL AND OFFICE SUPPLIES,2.5782428
2017-08-25,33,SCHOOL AND OFFICE SUPPLIES,3.4290967
2017-08-26,33,SCHOOL AND OFFICE SUPPLIES,3.177289
2017-08-27,33,SCHOOL AND OFFICE SUPPLIES,2.4658854
2017-08-28,33,SCHOOL AND OFFICE SUPPLIES,2.8142998
2017-08-29,33,SCHOOL AND OFFICE SUPPLIES,2.6007504
2017-08-30,33,SCHOOL AND OFFICE SUPPLIES,3.2081532
2017-08-16,33,SEAFOOD,4.598601
2017-08-17,33,SEAFOOD,4.742523
2017-08-18,33,SEAFOOD,4.8509293
2017-08-19,33,SEAFOOD,5.059177
2017-08-20,33,SEAFOOD,4.589948
2017-08-21,33,SEAFOOD,4.5469227
2017-08-22,33,SEAFOOD,4.3050528
2017-08-23,33,SEAFOOD,4.591614
2017-08-24,33,SEAFOOD,4.346466
2017-08-25,33,SEAFOOD,4.492949
2017-08-26,33,SEAFOOD,5.0173817
2017-08-27,33,SEAFOOD,5.1611156
2017-08-28,33,SEAFOOD,4.489547
2017-08-29,33,SEAFOOD,4.712673
2017-08-30,33,SEAFOOD,4.4306498
2017-08-16,34,AUTOMOTIVE,0.003424586
2017-08-17,34,AUTOMOTIVE,0.0
2017-08-18,34,AUTOMOTIVE,0.003281803
2017-08-19,34,AUTOMOTIVE,0.008337799
2017-08-20,34,AUTOMOTIVE,0.0
2017-08-21,34,AUTOMOTIVE,0.0034875588
2017-08-22,34,AUTOMOTIVE,0.0
2017-08-23,34,AUTOMOTIVE,0.013728161
2017-08-24,34,AUTOMOTIVE,0.0
2017-08-25,34,AUTOMOTIVE,0.021010436
2017-08-26,34,AUTOMOTIVE,0.02622157
2017-08-27,34,AUTOMOTIVE,0.01948554
2017-08-28,34,AUTOMOTIVE,0.01082916
2017-08-29,34,AUTOMOTIVE,0.012374704
2017-08-30,34,AUTOMOTIVE,0.03097492
2017-08-16,34,BABY CARE,0.5675194
2017-08-17,34,BABY CARE,0.48973593
2017-08-18,34,BABY CARE,0.52319205
2017-08-19,34,BABY CARE,0.61113286
2017-08-20,34,BABY CARE,0.48898038
2017-08-21,34,BABY CARE,0.47239813
2017-08-22,34,BABY CARE,0.49864683
2017-08-23,34,BABY CARE,0.52073294
2017-08-24,34,BABY CARE,0.4525524
2017-08-25,34,BABY CARE,0.46033177
2017-08-26,34,BABY CARE,0.5012276
2017-08-27,34,BABY CARE,0.40111613
2017-08-28,34,BABY CARE,0.3403468
2017-08-29,34,BABY CARE,0.4116837
2017-08-30,34,BABY CARE,0.3537136
2017-08-16,34,BEAUTY,1644.1163
2017-08-17,34,BEAUTY,1538.4087
2017-08-18,34,BEAUTY,1728.7832
2017-08-19,34,BEAUTY,1679.1997
2017-08-20,34,BEAUTY,1362.6746
2017-08-21,34,BEAUTY,1468.743
2017-08-22,34,BEAUTY,1339.0096
2017-08-23,34,BEAUTY,1601.7368
2017-08-24,34,BEAUTY,1449.7494
2017-08-25,34,BEAUTY,1775.3948
2017-08-26,34,BEAUTY,1699.9717
2017-08-27,34,BEAUTY,1442.609
2017-08-28,34,BEAUTY,1360.61
2017-08-29,34,BEAUTY,1237.2029
2017-08-30,34,BEAUTY,1425.0834
2017-08-16,34,BEVERAGES,111.891304
2017-08-17,34,BEVERAGES,94.97049
2017-08-18,34,BEVERAGES,122.329346
2017-08-19,34,BEVERAGES,128.29317
2017-08-20,34,BEVERAGES,115.702156
2017-08-21,34,BEVERAGES,108.51865
2017-08-22,34,BEVERAGES,98.39627
2017-08-23,34,BEVERAGES,108.51617
2017-08-24,34,BEVERAGES,89.99812
2017-08-25,34,BEVERAGES,123.291336
2017-08-26,34,BEVERAGES,132.23152
2017-08-27,34,BEVERAGES,121.94615
2017-08-28,34,BEVERAGES,102.02469
2017-08-29,34,BEVERAGES,84.79837
2017-08-30,34,BEVERAGES,105.050385
2017-08-16,34,BREAD/BAKERY,2.798767
2017-08-17,34,BREAD/BAKERY,2.1892693
2017-08-18,34,BREAD/BAKERY,2.8326821
2017-08-19,34,BREAD/BAKERY,2.176838
2017-08-20,34,BREAD/BAKERY,2.233957
2017-08-21,34,BREAD/BAKERY,2.3923123
2017-08-22,34,BREAD/BAKERY,1.8314931
2017-08-23,34,BREAD/BAKERY,2.7174258
2017-08-24,34,BREAD/BAKERY,2.0273407
2017-08-25,34,BREAD/BAKERY,2.2969275
2017-08-26,34,BREAD/BAKERY,2.5942218
2017-08-27,34,BREAD/BAKERY,1.9618936
2017-08-28,34,BREAD/BAKERY,2.1541972
2017-08-29,34,BREAD/BAKERY,2.2824645
2017-08-30,34,BREAD/BAKERY,2.6107187
2017-08-16,34,CELEBRATION,450.00537
2017-08-17,34,CELEBRATION,449.91898
2017-08-18,34,CELEBRATION,507.85175
2017-08-19,34,CELEBRATION,558.42975
2017-08-20,34,CELEBRATION,428.03586
2017-08-21,34,CELEBRATION,449.18506
2017-08-22,34,CELEBRATION,420.54456
2017-08-23,34,CELEBRATION,458.72647
2017-08-24,34,CELEBRATION,464.76004
2017-08-25,34,CELEBRATION,554.55756
2017-08-26,34,CELEBRATION,588.977
2017-08-27,34,CELEBRATION,457.97076
2017-08-28,34,CELEBRATION,474.10928
2017-08-29,34,CELEBRATION,432.0306
2017-08-30,34,CELEBRATION,484.3521
2017-08-16,34,CLEANING,206.6838
2017-08-17,34,CLEANING,154.29037
2017-08-18,34,CLEANING,181.02863
2017-08-19,34,CLEANING,196.68726
2017-08-20,34,CLEANING,168.8239
2017-08-21,34,CLEANING,175.54562
2017-08-22,34,CLEANING,167.24129
2017-08-23,34,CLEANING,224.7025
2017-08-24,34,CLEANING,177.76999
2017-08-25,34,CLEANING,196.73462
2017-08-26,34,CLEANING,209.5914
2017-08-27,34,CLEANING,174.0819
2017-08-28,34,CLEANING,190.58562
2017-08-29,34,CLEANING,175.74057
2017-08-30,34,CLEANING,220.15523
2017-08-16,34,DAIRY,98.37864
2017-08-17,34,DAIRY,87.07917
2017-08-18,34,DAIRY,115.45726
2017-08-19,34,DAIRY,113.63063
2017-08-20,34,DAIRY,84.80573
2017-08-21,34,DAIRY,101.86987
2017-08-22,34,DAIRY,79.58761
2017-08-23,34,DAIRY,92.308784
2017-08-24,34,DAIRY,87.31641
2017-08-25,34,DAIRY,121.35472
2017-08-26,34,DAIRY,104.62514
2017-08-27,34,DAIRY,85.640564
2017-08-28,34,DAIRY,89.80822
2017-08-29,34,DAIRY,81.962715
2017-08-30,34,DAIRY,92.02645
2017-08-16,34,DELI,153.15031
2017-08-17,34,DELI,126.619995
2017-08-18,34,DELI,198.4639
2017-08-19,34,DELI,183.56424
2017-08-20,34,DELI,144.52951
2017-08-21,34,DELI,178.12039
2017-08-22,34,DELI,115.700905
2017-08-23,34,DELI,139.22627
2017-08-24,34,DELI,124.27011
2017-08-25,34,DELI,192.37796
2017-08-26,34,DELI,168.41441
2017-08-27,34,DELI,147.10674
2017-08-28,34,DELI,170.34009
2017-08-29,34,DELI,110.41853
2017-08-30,34,DELI,160.26982
2017-08-16,34,EGGS,67.60413
2017-08-17,34,EGGS,45.87315
2017-08-18,34,EGGS,53.179726
2017-08-19,34,EGGS,77.38241
2017-08-20,34,EGGS,46.51589
2017-08-21,34,EGGS,59.325703
2017-08-22,34,EGGS,44.18119
2017-08-23,34,EGGS,58.806572
2017-08-24,34,EGGS,54.44005
2017-08-25,34,EGGS,51.84171
2017-08-26,34,EGGS,70.99923
2017-08-27,34,EGGS,41.512302
2017-08-28,34,EGGS,53.563553
2017-08-29,34,EGGS,49.45295
2017-08-30,34,EGGS,60.865818
2017-08-16,34,FROZEN FOODS,2207.817
2017-08-17,34,FROZEN FOODS,1883.0684
2017-08-18,34,FROZEN FOODS,2106.9167
2017-08-19,34,FROZEN FOODS,2202.9475
2017-08-20,34,FROZEN FOODS,1824.2725
2017-08-21,34,FROZEN FOODS,2010.2461
2017-08-22,34,FROZEN FOODS,1930.5454
2017-08-23,34,FROZEN FOODS,2224.3647
2017-08-24,34,FROZEN FOODS,2041.1185
2017-08-25,34,FROZEN FOODS,2265.3833
2017-08-26,34,FROZEN FOODS,2462.4807
2017-08-27,34,FROZEN FOODS,1986.694
2017-08-28,34,FROZEN FOODS,1995.8585
2017-08-29,34,FROZEN FOODS,1887.7007
2017-08-30,34,FROZEN FOODS,2178.256
2017-08-16,34,GROCERY I,5.586836
2017-08-17,34,GROCERY I,4.634786
2017-08-18,34,GROCERY I,5.7920103
2017-08-19,34,GROCERY I,7.023893
2017-08-20,34,GROCERY I,5.4321995
2017-08-21,34,GROCERY I,4.8326535
2017-08-22,34,GROCERY I,3.9226937
2017-08-23,34,GROCERY I,4.478288
2017-08-24,34,GROCERY I,3.775669
2017-08-25,34,GROCERY I,4.8905144
2017-08-26,34,GROCERY I,5.876494
2017-08-27,34,GROCERY I,5.6088963
2017-08-28,34,GROCERY I,4.8741217
2017-08-29,34,GROCERY I,4.2445617
2017-08-30,34,GROCERY I,5.2728944
2017-08-16,34,GROCERY II,0.5968308
2017-08-17,34,GROCERY II,0.43583456
2017-08-18,34,GROCERY II,0.6075359
2017-08-19,34,GROCERY II,0.80936825
2017-08-20,34,GROCERY II,0.7095245
2017-08-21,34,GROCERY II,0.65864015
2017-08-22,34,GROCERY II,0.6779991
2017-08-23,34,GROCERY II,0.59870106
2017-08-24,34,GROCERY II,0.6800635
2017-08-25,34,GROCERY II,0.4910647
2017-08-26,34,GROCERY II,0.6708585
2017-08-27,34,GROCERY II,0.6401817
2017-08-28,34,GROCERY II,0.57795674
2017-08-29,34,GROCERY II,0.57947767
2017-08-30,34,GROCERY II,0.5876805
2017-08-16,34,HARDWARE,11.360152
2017-08-17,34,HARDWARE,9.532747
2017-08-18,34,HARDWARE,11.150017
2017-08-19,34,HARDWARE,10.93415
2017-08-20,34,HARDWARE,10.026975
2017-08-21,34,HARDWARE,9.198371
2017-08-22,34,HARDWARE,8.692363
2017-08-23,34,HARDWARE,10.037031
2017-08-24,34,HARDWARE,8.906124
2017-08-25,34,HARDWARE,8.46566
2017-08-26,34,HARDWARE,11.150838
2017-08-27,34,HARDWARE,8.137468
2017-08-28,34,HARDWARE,9.185105
2017-08-29,34,HARDWARE,8.4046755
2017-08-30,34,HARDWARE,9.069686
2017-08-16,34,HOME AND KITCHEN I,7.313667
2017-08-17,34,HOME AND KITCHEN I,7.0668554
2017-08-18,34,HOME AND KITCHEN I,6.9094524
2017-08-19,34,HOME AND KITCHEN I,7.093018
2017-08-20,34,HOME AND KITCHEN I,6.364952
2017-08-21,34,HOME AND KITCHEN I,5.3459196
2017-08-22,34,HOME AND KITCHEN I,6.4619446
2017-08-23,34,HOME AND KITCHEN I,7.0625987
2017-08-24,34,HOME AND KITCHEN I,6.0283885
2017-08-25,34,HOME AND KITCHEN I,6.378691
2017-08-26,34,HOME AND KITCHEN I,7.8094125
2017-08-27,34,HOME AND KITCHEN I,6.09906
2017-08-28,34,HOME AND KITCHEN I,6.8131204
2017-08-29,34,HOME AND KITCHEN I,6.776295
2017-08-30,34,HOME AND KITCHEN I,6.649813
2017-08-16,34,HOME AND KITCHEN II,0.20558731
2017-08-17,34,HOME AND KITCHEN II,0.15892656
2017-08-18,34,HOME AND KITCHEN II,0.18289043
2017-08-19,34,HOME AND KITCHEN II,0.21613567
2017-08-20,34,HOME AND KITCHEN II,0.23800468
2017-08-21,34,HOME AND KITCHEN II,0.14905925
2017-08-22,34,HOME AND KITCHEN II,0.20443113
2017-08-23,34,HOME AND KITCHEN II,0.27399722
2017-08-24,34,HOME AND KITCHEN II,0.18914594
2017-08-25,34,HOME AND KITCHEN II,0.22883797
2017-08-26,34,HOME AND KITCHEN II,0.22860332
2017-08-27,34,HOME AND KITCHEN II,0.21879864
2017-08-28,34,HOME AND KITCHEN II,0.24465865
2017-08-29,34,HOME AND KITCHEN II,0.19447371
2017-08-30,34,HOME AND KITCHEN II,0.2526557
2017-08-16,34,HOME APPLIANCES,105.43855
2017-08-17,34,HOME APPLIANCES,80.20402
2017-08-18,34,HOME APPLIANCES,93.230385
2017-08-19,34,HOME APPLIANCES,110.47031
2017-08-20,34,HOME APPLIANCES,98.868004
2017-08-21,34,HOME APPLIANCES,85.86318
2017-08-22,34,HOME APPLIANCES,73.86247
2017-08-23,34,HOME APPLIANCES,84.084885
2017-08-24,34,HOME APPLIANCES,76.00438
2017-08-25,34,HOME APPLIANCES,84.57914
2017-08-26,34,HOME APPLIANCES,106.24113
2017-08-27,34,HOME APPLIANCES,91.29779
2017-08-28,34,HOME APPLIANCES,73.00003
2017-08-29,34,HOME APPLIANCES,72.6994
2017-08-30,34,HOME APPLIANCES,82.37823
2017-08-16,34,HOME CARE,0.0012566113
2017-08-17,34,HOME CARE,0.0007603818
2017-08-18,34,HOME CARE,0.00092366635
2017-08-19,34,HOME CARE,0.00088694214
2017-08-20,34,HOME CARE,0.0009834325
2017-08-21,34,HOME CARE,0.0013918757
2017-08-22,34,HOME CARE,0.0015666294
2017-08-23,34,HOME CARE,0.00039478717
2017-08-24,34,HOME CARE,0.0005806929
2017-08-25,34,HOME CARE,0.00071751355
2017-08-26,34,HOME CARE,0.0010934799
2017-08-27,34,HOME CARE,0.00084301055
2017-08-28,34,HOME CARE,0.0013399499
2017-08-29,34,HOME CARE,0.00094509363
2017-08-30,34,HOME CARE,0.00012158155
2017-08-16,34,LADIESWEAR,0.5906038
2017-08-17,34,LADIESWEAR,0.65478176
2017-08-18,34,LADIESWEAR,0.7493083
2017-08-19,34,LADIESWEAR,0.6831583
2017-08-20,34,LADIESWEAR,0.60808
2017-08-21,34,LADIESWEAR,0.5886689
2017-08-22,34,LADIESWEAR,0.44060013
2017-08-23,34,LADIESWEAR,0.95719624
2017-08-24,34,LADIESWEAR,0.79093486
2017-08-25,34,LADIESWEAR,1.1160686
2017-08-26,34,LADIESWEAR,0.9239868
2017-08-27,34,LADIESWEAR,0.6505086
2017-08-28,34,LADIESWEAR,0.7808485
2017-08-29,34,LADIESWEAR,0.7956914
2017-08-30,34,LADIESWEAR,0.97281295
2017-08-16,34,LAWN AND GARDEN,70.17352
2017-08-17,34,LAWN AND GARDEN,31.699228
2017-08-18,34,LAWN AND GARDEN,75.75678
2017-08-19,34,LAWN AND GARDEN,54.725254
2017-08-20,34,LAWN AND GARDEN,47.83922
2017-08-21,34,LAWN AND GARDEN,61.216022
2017-08-22,34,LAWN AND GARDEN,39.534554
2017-08-23,34,LAWN AND GARDEN,49.788532
2017-08-24,34,LAWN AND GARDEN,52.991924
2017-08-25,34,LAWN AND GARDEN,65.84518
2017-08-26,34,LAWN AND GARDEN,67.05581
2017-08-27,34,LAWN AND GARDEN,38.153507
2017-08-28,34,LAWN AND GARDEN,57.422344
2017-08-29,34,LAWN AND GARDEN,33.333027
2017-08-30,34,LAWN AND GARDEN,45.443428
2017-08-16,34,LINGERIE,0.94743544
2017-08-17,34,LINGERIE,0.6517255
2017-08-18,34,LINGERIE,0.7874907
2017-08-19,34,LINGERIE,0.7935792
2017-08-20,34,LINGERIE,0.81258273
2017-08-21,34,LINGERIE,0.57679045
2017-08-22,34,LINGERIE,0.5968373
2017-08-23,34,LINGERIE,0.616278
2017-08-24,34,LINGERIE,0.78966033
2017-08-25,34,LINGERIE,0.6560497
2017-08-26,34,LINGERIE,0.78049386
2017-08-27,34,LINGERIE,0.67111754
2017-08-28,34,LINGERIE,0.55808264
2017-08-29,34,LINGERIE,0.5256074
2017-08-30,34,LINGERIE,0.5788819
2017-08-16,34,"LIQUOR,WINE,BEER",218.68451
2017-08-17,34,"LIQUOR,WINE,BEER",221.77222
2017-08-18,34,"LIQUOR,WINE,BEER",198.35812
2017-08-19,34,"LIQUOR,WINE,BEER",244.42258
2017-08-20,34,"LIQUOR,WINE,BEER",178.29886
2017-08-21,34,"LIQUOR,WINE,BEER",200.73425
2017-08-22,34,"LIQUOR,WINE,BEER",152.7234
2017-08-23,34,"LIQUOR,WINE,BEER",198.11028
2017-08-24,34,"LIQUOR,WINE,BEER",202.99216
2017-08-25,34,"LIQUOR,WINE,BEER",178.17961
2017-08-26,34,"LIQUOR,WINE,BEER",224.21437
2017-08-27,34,"LIQUOR,WINE,BEER",162.47601
2017-08-28,34,"LIQUOR,WINE,BEER",214.26488
2017-08-29,34,"LIQUOR,WINE,BEER",152.67673
2017-08-30,34,"LIQUOR,WINE,BEER",194.50906
2017-08-16,34,MAGAZINES,86.47719
2017-08-17,34,MAGAZINES,71.86563
2017-08-18,34,MAGAZINES,84.4186
2017-08-19,34,MAGAZINES,98.03987
2017-08-20,34,MAGAZINES,80.2784
2017-08-21,34,MAGAZINES,79.26246
2017-08-22,34,MAGAZINES,72.36939
2017-08-23,34,MAGAZINES,78.13408
2017-08-24,34,MAGAZINES,72.66097
2017-08-25,34,MAGAZINES,90.398094
2017-08-26,34,MAGAZINES,106.59935
2017-08-27,34,MAGAZINES,86.74968
2017-08-28,34,MAGAZINES,84.42116
2017-08-29,34,MAGAZINES,75.17693
2017-08-30,34,MAGAZINES,82.87285
2017-08-16,34,MEATS,0.98714566
2017-08-17,34,MEATS,0.57401013
2017-08-18,34,MEATS,0.7163013
2017-08-19,34,MEATS,0.8658192
2017-08-20,34,MEATS,0.8170703
2017-08-21,34,MEATS,0.6998387
2017-08-22,34,MEATS,0.71418804
2017-08-23,34,MEATS,0.58775026
2017-08-24,34,MEATS,0.50826067
2017-08-25,34,MEATS,0.6204432
2017-08-26,34,MEATS,0.68242264
2017-08-27,34,MEATS,0.7500904
2017-08-28,34,MEATS,0.5736142
2017-08-29,34,MEATS,0.5750634
2017-08-30,34,MEATS,0.8692451
2017-08-16,34,PERSONAL CARE,1.090244
2017-08-17,34,PERSONAL CARE,1.1359675
2017-08-18,34,PERSONAL CARE,1.2849901
2017-08-19,34,PERSONAL CARE,1.4271957
2017-08-20,34,PERSONAL CARE,1.1258181
2017-08-21,34,PERSONAL CARE,1.109801
2017-08-22,34,PERSONAL CARE,0.99599594
2017-08-23,34,PERSONAL CARE,1.3025814
2017-08-24,34,PERSONAL CARE,0.84158576
2017-08-25,34,PERSONAL CARE,1.0201285
2017-08-26,34,PERSONAL CARE,1.0717278
2017-08-27,34,PERSONAL CARE,0.98505473
2017-08-28,34,PERSONAL CARE,0.8375668
2017-08-29,34,PERSONAL CARE,0.98222625
2017-08-30,34,PERSONAL CARE,1.0613607
2017-08-16,34,PET SUPPLIES,59.70834
2017-08-17,34,PET SUPPLIES,57.25892
2017-08-18,34,PET SUPPLIES,79.986244
2017-08-19,34,PET SUPPLIES,58.154106
2017-08-20,34,PET SUPPLIES,52.712173
2017-08-21,34,PET SUPPLIES,56.615215
2017-08-22,34,PET SUPPLIES,44.44282
2017-08-23,34,PET SUPPLIES,60.094975
2017-08-24,34,PET SUPPLIES,52.600113
2017-08-25,34,PET SUPPLIES,78.25288
2017-08-26,34,PET SUPPLIES,65.51959
2017-08-27,34,PET SUPPLIES,57.449986
2017-08-28,34,PET SUPPLIES,58.550632
2017-08-29,34,PET SUPPLIES,43.147102
2017-08-30,34,PET SUPPLIES,62.453186
2017-08-16,34,PLAYERS AND ELECTRONICS,20.622725
2017-08-17,34,PLAYERS AND ELECTRONICS,17.490463
2017-08-18,34,PLAYERS AND ELECTRONICS,21.943693
2017-08-19,34,PLAYERS AND ELECTRONICS,22.978685
2017-08-20,34,PLAYERS AND ELECTRONICS,18.671831
2017-08-21,34,PLAYERS AND ELECTRONICS,18.94482
2017-08-22,34,PLAYERS AND ELECTRONICS,15.257861
2017-08-23,34,PLAYERS AND ELECTRONICS,18.541784
2017-08-24,34,PLAYERS AND ELECTRONICS,19.540632
2017-08-25,34,PLAYERS AND ELECTRONICS,22.19277
2017-08-26,34,PLAYERS AND ELECTRONICS,21.570614
2017-08-27,34,PLAYERS AND ELECTRONICS,19.70379
2017-08-28,34,PLAYERS AND ELECTRONICS,20.700165
2017-08-29,34,PLAYERS AND ELECTRONICS,16.949005
2017-08-30,34,PLAYERS AND ELECTRONICS,18.976711
2017-08-16,34,POULTRY,786.88715
2017-08-17,34,POULTRY,288.00345
2017-08-18,34,POULTRY,243.99947
2017-08-19,34,POULTRY,255.7964
2017-08-20,34,POULTRY,290.31735
2017-08-21,34,POULTRY,299.34332
2017-08-22,34,POULTRY,481.48962
2017-08-23,34,POULTRY,320.80225
2017-08-24,34,POULTRY,238.76105
2017-08-25,34,POULTRY,307.10693
2017-08-26,34,POULTRY,343.2433
2017-08-27,34,POULTRY,311.39774
2017-08-28,34,POULTRY,336.47098
2017-08-29,34,POULTRY,476.68756
2017-08-30,34,POULTRY,269.04364
2017-08-16,34,PREPARED FOODS,0.30949077
2017-08-17,34,PREPARED FOODS,0.1744163
2017-08-18,34,PREPARED FOODS,0.23226772
2017-08-19,34,PREPARED FOODS,0.15184112
2017-08-20,34,PREPARED FOODS,0.1598906
2017-08-21,34,PREPARED FOODS,0.11110004
2017-08-22,34,PREPARED FOODS,0.08132427
2017-08-23,34,PREPARED FOODS,0.11916352
2017-08-24,34,PREPARED FOODS,0.1498301
2017-08-25,34,PREPARED FOODS,0.2332159
2017-08-26,34,PREPARED FOODS,0.23003432
2017-08-27,34,PREPARED FOODS,0.21404172
2017-08-28,34,PREPARED FOODS,0.19275416
2017-08-29,34,PREPARED FOODS,0.22005206
2017-08-30,34,PREPARED FOODS,0.25138363
2017-08-16,34,PRODUCE,0.97769165
2017-08-17,34,PRODUCE,1.1681038
2017-08-18,34,PRODUCE,0.9391349
2017-08-19,34,PRODUCE,1.0618806
2017-08-20,34,PRODUCE,0.7958669
2017-08-21,34,PRODUCE,0.91302466
2017-08-22,34,PRODUCE,0.49563494
2017-08-23,34,PRODUCE,0.9426066
2017-08-24,34,PRODUCE,0.51717836
2017-08-25,34,PRODUCE,1.1262277
2017-08-26,34,PRODUCE,0.8515734
2017-08-27,34,PRODUCE,0.61835027
2017-08-28,34,PRODUCE,0.8616192
2017-08-29,34,PRODUCE,0.6134347
2017-08-30,34,PRODUCE,0.81124663
2017-08-16,34,SCHOOL AND OFFICE SUPPLIES,5.9559555
2017-08-17,34,SCHOOL AND OFFICE SUPPLIES,4.4973426
2017-08-18,34,SCHOOL AND OFFICE SUPPLIES,5.2277756
2017-08-19,34,SCHOOL AND OFFICE SUPPLIES,5.77836
2017-08-20,34,SCHOOL AND OFFICE SUPPLIES,4.8344073
2017-08-21,34,SCHOOL AND OFFICE SUPPLIES,5.868601
2017-08-22,34,SCHOOL AND OFFICE SUPPLIES,4.1272984
2017-08-23,34,SCHOOL AND OFFICE SUPPLIES,5.10352
2017-08-24,34,SCHOOL AND OFFICE SUPPLIES,4.992363
2017-08-25,34,SCHOOL AND OFFICE SUPPLIES,4.880118
2017-08-26,34,SCHOOL AND OFFICE SUPPLIES,6.047514
2017-08-27,34,SCHOOL AND OFFICE SUPPLIES,4.405595
2017-08-28,34,SCHOOL AND OFFICE SUPPLIES,4.4505386
2017-08-29,34,SCHOOL AND OFFICE SUPPLIES,4.599534
2017-08-30,34,SCHOOL AND OFFICE SUPPLIES,4.843339
2017-08-16,34,SEAFOOD,0.010597289
2017-08-17,34,SEAFOOD,0.0
2017-08-18,34,SEAFOOD,0.010348394
2017-08-19,34,SEAFOOD,0.019713962
2017-08-20,34,SEAFOOD,0.0
2017-08-21,34,SEAFOOD,0.0
2017-08-22,34,SEAFOOD,0.0
2017-08-23,34,SEAFOOD,0.010310111
2017-08-24,34,SEAFOOD,0.0
2017-08-25,34,SEAFOOD,0.0066597736
2017-08-26,34,SEAFOOD,0.040682092
2017-08-27,34,SEAFOOD,0.025105752
2017-08-28,34,SEAFOOD,0.00876374
2017-08-29,34,SEAFOOD,0.0
2017-08-30,34,SEAFOOD,0.034828786
2017-08-16,35,AUTOMOTIVE,1.259452
2017-08-17,35,AUTOMOTIVE,1.0895454
2017-08-18,35,AUTOMOTIVE,1.1660191
2017-08-19,35,AUTOMOTIVE,1.0490152
2017-08-20,35,AUTOMOTIVE,0.8782309
2017-08-21,35,AUTOMOTIVE,1.0215946
2017-08-22,35,AUTOMOTIVE,0.76945645
2017-08-23,35,AUTOMOTIVE,1.2975597
2017-08-24,35,AUTOMOTIVE,0.8460337
2017-08-25,35,AUTOMOTIVE,0.94965285
2017-08-26,35,AUTOMOTIVE,1.5973661
2017-08-27,35,AUTOMOTIVE,1.097296
2017-08-28,35,AUTOMOTIVE,1.1917648
2017-08-29,35,AUTOMOTIVE,1.083909
2017-08-30,35,AUTOMOTIVE,1.2034347
2017-08-16,35,BABY CARE,3757.2136
2017-08-17,35,BABY CARE,3255.582
2017-08-18,35,BABY CARE,3321.2212
2017-08-19,35,BABY CARE,3511.2986
2017-08-20,35,BABY CARE,2992.5999
2017-08-21,35,BABY CARE,3187.1272
2017-08-22,35,BABY CARE,2712.452
2017-08-23,35,BABY CARE,3362.7349
2017-08-24,35,BABY CARE,2778.2144
2017-08-25,35,BABY CARE,3113.5989
2017-08-26,35,BABY CARE,3223.1936
2017-08-27,35,BABY CARE,2900.4656
2017-08-28,35,BABY CARE,2861.9214
2017-08-29,35,BABY CARE,2585.266
2017-08-30,35,BABY CARE,3862.5637
2017-08-16,35,BEAUTY,664.66095
2017-08-17,35,BEAUTY,583.6672
2017-08-18,35,BEAUTY,576.5435
2017-08-19,35,BEAUTY,633.82886
2017-08-20,35,BEAUTY,707.3606
2017-08-21,35,BEAUTY,534.2667
2017-08-22,35,BEAUTY,451.9841
2017-08-23,35,BEAUTY,572.958
2017-08-24,35,BEAUTY,469.0137
2017-08-25,35,BEAUTY,552.2697
2017-08-26,35,BEAUTY,584.9877
2017-08-27,35,BEAUTY,630.52026
2017-08-28,35,BEAUTY,483.55826
2017-08-29,35,BEAUTY,442.57507
2017-08-30,35,BEAUTY,692.6792
2017-08-16,35,BEVERAGES,12.838254
2017-08-17,35,BEVERAGES,10.557439
2017-08-18,35,BEVERAGES,11.2209425
2017-08-19,35,BEVERAGES,11.581475
2017-08-20,35,BEVERAGES,9.598476
2017-08-21,35,BEVERAGES,9.953892
2017-08-22,35,BEVERAGES,8.660754
2017-08-23,35,BEVERAGES,10.571482
2017-08-24,35,BEVERAGES,7.3356147
2017-08-25,35,BEVERAGES,9.603684
2017-08-26,35,BEVERAGES,9.800942
2017-08-27,35,BEVERAGES,9.307154
2017-08-28,35,BEVERAGES,8.1735115
2017-08-29,35,BEVERAGES,8.790145
2017-08-30,35,BEVERAGES,13.71739
2017-08-16,35,BREAD/BAKERY,1003.44507
2017-08-17,35,BREAD/BAKERY,807.32043
2017-08-18,35,BREAD/BAKERY,780.7444
2017-08-19,35,BREAD/BAKERY,940.7381
2017-08-20,35,BREAD/BAKERY,816.8008
2017-08-21,35,BREAD/BAKERY,877.31335
2017-08-22,35,BREAD/BAKERY,740.3241
2017-08-23,35,BREAD/BAKERY,899.4169
2017-08-24,35,BREAD/BAKERY,783.8597
2017-08-25,35,BREAD/BAKERY,824.66693
2017-08-26,35,BREAD/BAKERY,960.14685
2017-08-27,35,BREAD/BAKERY,851.83466
2017-08-28,35,BREAD/BAKERY,940.33105
2017-08-29,35,BREAD/BAKERY,720.588
2017-08-30,35,BREAD/BAKERY,1197.8882
2017-08-16,35,CELEBRATION,892.2352
2017-08-17,35,CELEBRATION,589.98627
2017-08-18,35,CELEBRATION,585.6663
2017-08-19,35,CELEBRATION,641.9155
2017-08-20,35,CELEBRATION,572.5354
2017-08-21,35,CELEBRATION,616.8013
2017-08-22,35,CELEBRATION,561.8021
2017-08-23,35,CELEBRATION,831.584
2017-08-24,35,CELEBRATION,537.9627
2017-08-25,35,CELEBRATION,568.3846
2017-08-26,35,CELEBRATION,601.6356
2017-08-27,35,CELEBRATION,587.6197
2017-08-28,35,CELEBRATION,623.98456
2017-08-29,35,CELEBRATION,550.9527
2017-08-30,35,CELEBRATION,817.1879
2017-08-16,35,CLEANING,247.10982
2017-08-17,35,CLEANING,197.45988
2017-08-18,35,CLEANING,267.11783
2017-08-19,35,CLEANING,228.26022
2017-08-20,35,CLEANING,219.67853
2017-08-21,35,CLEANING,212.17091
2017-08-22,35,CLEANING,196.74727
2017-08-23,35,CLEANING,218.02922
2017-08-24,35,CLEANING,196.80144
2017-08-25,35,CLEANING,305.94965
2017-08-26,35,CLEANING,244.16887
2017-08-27,35,CLEANING,204.24825
2017-08-28,35,CLEANING,219.43234
2017-08-29,35,CLEANING,191.37251
2017-08-30,35,CLEANING,283.16153
2017-08-16,35,DAIRY,170.14377
2017-08-17,35,DAIRY,122.24711
2017-08-18,35,DAIRY,173.76897
2017-08-19,35,DAIRY,182.19025
2017-08-20,35,DAIRY,140.46948
2017-08-21,35,DAIRY,233.59747
2017-08-22,35,DAIRY,98.01048
2017-08-23,35,DAIRY,138.81323
2017-08-24,35,DAIRY,123.52068
2017-08-25,35,DAIRY,183.66841
2017-08-26,35,DAIRY,184.5914
2017-08-27,35,DAIRY,144.20044
2017-08-28,35,DAIRY,208.12251
2017-08-29,35,DAIRY,98.930214
2017-08-30,35,DAIRY,161.05103
2017-08-16,35,DELI,112.73664
2017-08-17,35,DELI,78.62281
2017-08-18,35,DELI,88.27452
2017-08-19,35,DELI,145.42285
2017-08-20,35,DELI,83.10279
2017-08-21,35,DELI,110.88215
2017-08-22,35,DELI,84.661415
2017-08-23,35,DELI,107.037025
2017-08-24,35,DELI,81.418434
2017-08-25,35,DELI,91.51435
2017-08-26,35,DELI,141.0324
2017-08-27,35,DELI,85.86589
2017-08-28,35,DELI,103.772026
2017-08-29,35,DELI,81.081955
2017-08-30,35,DELI,134.0072
2017-08-16,35,EGGS,4519.638
2017-08-17,35,EGGS,3020.5986
2017-08-18,35,EGGS,3412.692
2017-08-19,35,EGGS,4025.4111
2017-08-20,35,EGGS,3322.331
2017-08-21,35,EGGS,3665.7969
2017-08-22,35,EGGS,3567.3723
2017-08-23,35,EGGS,3814.003
2017-08-24,35,EGGS,3298.2773
2017-08-25,35,EGGS,3600.4724
2017-08-26,35,EGGS,4049.8318
2017-08-27,35,EGGS,3529.6338
2017-08-28,35,EGGS,3691.2683
2017-08-29,35,EGGS,3202.0537
2017-08-30,35,EGGS,4856.048
2017-08-16,35,FROZEN FOODS,10.12832
2017-08-17,35,FROZEN FOODS,7.9687905
2017-08-18,35,FROZEN FOODS,9.269808
2017-08-19,35,FROZEN FOODS,10.805411
2017-08-20,35,FROZEN FOODS,9.291648
2017-08-21,35,FROZEN FOODS,7.16499
2017-08-22,35,FROZEN FOODS,6.404043
2017-08-23,35,FROZEN FOODS,8.600896
2017-08-24,35,FROZEN FOODS,6.6517615
2017-08-25,35,FROZEN FOODS,6.3616276
2017-08-26,35,FROZEN FOODS,8.294718
2017-08-27,35,FROZEN FOODS,7.6154895
2017-08-28,35,FROZEN FOODS,8.982925
2017-08-29,35,FROZEN FOODS,6.382089
2017-08-30,35,FROZEN FOODS,8.08078
2017-08-16,35,GROCERY I,0.40719238
2017-08-17,35,GROCERY I,0.3925983
2017-08-18,35,GROCERY I,0.5127415
2017-08-19,35,GROCERY I,0.4903751
2017-08-20,35,GROCERY I,0.33803266
2017-08-21,35,GROCERY I,0.47065178
2017-08-22,35,GROCERY I,0.35865042
2017-08-23,35,GROCERY I,0.39524472
2017-08-24,35,GROCERY I,0.5329138
2017-08-25,35,GROCERY I,0.34070265
2017-08-26,35,GROCERY I,0.5345055
2017-08-27,35,GROCERY I,0.4795114
2017-08-28,35,GROCERY I,0.39565596
2017-08-29,35,GROCERY I,0.34280327
2017-08-30,35,GROCERY I,0.49184105
2017-08-16,35,GROCERY II,30.86243
2017-08-17,35,GROCERY II,25.85474
2017-08-18,35,GROCERY II,24.559345
2017-08-19,35,GROCERY II,32.6878
2017-08-20,35,GROCERY II,24.236738
2017-08-21,35,GROCERY II,25.965693
2017-08-22,35,GROCERY II,21.298645
2017-08-23,35,GROCERY II,24.63868
2017-08-24,35,GROCERY II,19.775494
2017-08-25,35,GROCERY II,23.369045
2017-08-26,35,GROCERY II,26.649374
2017-08-27,35,GROCERY II,21.573984
2017-08-28,35,GROCERY II,23.617672
2017-08-29,35,GROCERY II,19.21075
2017-08-30,35,GROCERY II,29.861385
2017-08-16,35,HARDWARE,13.011037
2017-08-17,35,HARDWARE,9.9873085
2017-08-18,35,HARDWARE,11.923862
2017-08-19,35,HARDWARE,14.190561
2017-08-20,35,HARDWARE,12.565544
2017-08-21,35,HARDWARE,12.342874
2017-08-22,35,HARDWARE,10.844767
2017-08-23,35,HARDWARE,12.835115
2017-08-24,35,HARDWARE,10.063511
2017-08-25,35,HARDWARE,11.568308
2017-08-26,35,HARDWARE,15.093569
2017-08-27,35,HARDWARE,13.350911
2017-08-28,35,HARDWARE,13.04733
2017-08-29,35,HARDWARE,11.090632
2017-08-30,35,HARDWARE,14.567913
2017-08-16,35,HOME AND KITCHEN I,0.1131373
2017-08-17,35,HOME AND KITCHEN I,0.09335675
2017-08-18,35,HOME AND KITCHEN I,0.17018068
2017-08-19,35,HOME AND KITCHEN I,0.16762519
2017-08-20,35,HOME AND KITCHEN I,0.13563819
2017-08-21,35,HOME AND KITCHEN I,0.13592355
2017-08-22,35,HOME AND KITCHEN I,0.17029119
2017-08-23,35,HOME AND KITCHEN I,0.1356429
2017-08-24,35,HOME AND KITCHEN I,0.12753467
2017-08-25,35,HOME AND KITCHEN I,0.12577298
2017-08-26,35,HOME AND KITCHEN I,0.18291146
2017-08-27,35,HOME AND KITCHEN I,0.1393959
2017-08-28,35,HOME AND KITCHEN I,0.18984218
2017-08-29,35,HOME AND KITCHEN I,0.15218449
2017-08-30,35,HOME AND KITCHEN I,0.19119674
2017-08-16,35,HOME AND KITCHEN II,219.1741
2017-08-17,35,HOME AND KITCHEN II,159.78186
2017-08-18,35,HOME AND KITCHEN II,187.3938
2017-08-19,35,HOME AND KITCHEN II,248.54793
2017-08-20,35,HOME AND KITCHEN II,227.38713
2017-08-21,35,HOME AND KITCHEN II,173.54184
2017-08-22,35,HOME AND KITCHEN II,146.54408
2017-08-23,35,HOME AND KITCHEN II,195.00706
2017-08-24,35,HOME AND KITCHEN II,144.71262
2017-08-25,35,HOME AND KITCHEN II,188.62549
2017-08-26,35,HOME AND KITCHEN II,241.87305
2017-08-27,35,HOME AND KITCHEN II,193.003
2017-08-28,35,HOME AND KITCHEN II,181.01497
2017-08-29,35,HOME AND KITCHEN II,133.71681
2017-08-30,35,HOME AND KITCHEN II,241.0937
2017-08-16,35,HOME APPLIANCES,0.0
2017-08-17,35,HOME APPLIANCES,0.0
2017-08-18,35,HOME APPLIANCES,0.0
2017-08-19,35,HOME APPLIANCES,0.0
2017-08-20,35,HOME APPLIANCES,0.0005199933
2017-08-21,35,HOME APPLIANCES,0.0
2017-08-22,35,HOME APPLIANCES,0.0
2017-08-23,35,HOME APPLIANCES,0.0
2017-08-24,35,HOME APPLIANCES,0.0
2017-08-25,35,HOME APPLIANCES,0.0
2017-08-26,35,HOME APPLIANCES,0.0008251655
2017-08-27,35,HOME APPLIANCES,0.0016483598
2017-08-28,35,HOME APPLIANCES,0.0
2017-08-29,35,HOME APPLIANCES,0.0
2017-08-30,35,HOME APPLIANCES,0.0
2017-08-16,35,HOME CARE,32.147392
2017-08-17,35,HOME CARE,22.030756
2017-08-18,35,HOME CARE,23.055027
2017-08-19,35,HOME CARE,33.076397
2017-08-20,35,HOME CARE,24.120544
2017-08-21,35,HOME CARE,28.686665
2017-08-22,35,HOME CARE,19.16808
2017-08-23,35,HOME CARE,27.188322
2017-08-24,35,HOME CARE,20.747446
2017-08-25,35,HOME CARE,25.209518
2017-08-26,35,HOME CARE,34.553978
2017-08-27,35,HOME CARE,28.647583
2017-08-28,35,HOME CARE,29.262619
2017-08-29,35,HOME CARE,20.792793
2017-08-30,35,HOME CARE,29.94871
2017-08-16,35,LAWN AND GARDEN,3.7609515
2017-08-17,35,LAWN AND GARDEN,3.3934023
2017-08-18,35,LAWN AND GARDEN,3.7759588
2017-08-19,35,LAWN AND GARDEN,4.505142
2017-08-20,35,LAWN AND GARDEN,3.0486314
2017-08-21,35,LAWN AND GARDEN,3.360763
2017-08-22,35,LAWN AND GARDEN,3.0714848
2017-08-23,35,LAWN AND GARDEN,3.6550112
2017-08-24,35,LAWN AND GARDEN,3.6380532
2017-08-25,35,LAWN AND GARDEN,2.9837332
2017-08-26,35,LAWN AND GARDEN,4.164641
2017-08-27,35,LAWN AND GARDEN,3.5933423
2017-08-28,35,LAWN AND GARDEN,3.5776818
2017-08-29,35,LAWN AND GARDEN,2.9580455
2017-08-30,35,LAWN AND GARDEN,3.9317517
2017-08-16,35,LINGERIE,90.071045
2017-08-17,35,LINGERIE,102.045135
2017-08-18,35,LINGERIE,175.34918
2017-08-19,35,LINGERIE,124.29597
2017-08-20,35,LINGERIE,63.784817
2017-08-21,35,LINGERIE,110.927246
2017-08-22,35,LINGERIE,80.68753
2017-08-23,35,LINGERIE,80.09571
2017-08-24,35,LINGERIE,82.5143
2017-08-25,35,LINGERIE,143.72572
2017-08-26,35,LINGERIE,130.59676
2017-08-27,35,LINGERIE,76.47376
2017-08-28,35,LINGERIE,125.09058
2017-08-29,35,LINGERIE,73.62852
2017-08-30,35,LINGERIE,231.19054
2017-08-16,35,"LIQUOR,WINE,BEER",1.9374348
2017-08-17,35,"LIQUOR,WINE,BEER",1.5683676
2017-08-18,35,"LIQUOR,WINE,BEER",1.318782
2017-08-19,35,"LIQUOR,WINE,BEER",1.6285071
2017-08-20,35,"LIQUOR,WINE,BEER",1.695808
2017-08-21,35,"LIQUOR,WINE,BEER",1.2982125
2017-08-22,35,"LIQUOR,WINE,BEER",1.363342
2017-08-23,35,"LIQUOR,WINE,BEER",1.5205206
2017-08-24,35,"LIQUOR,WINE,BEER",1.2509515
2017-08-25,35,"LIQUOR,WINE,BEER",1.2075814
2017-08-26,35,"LIQUOR,WINE,BEER",1.4394331
2017-08-27,35,"LIQUOR,WINE,BEER",1.3420362
2017-08-28,35,"LIQUOR,WINE,BEER",1.0612509
2017-08-29,35,"LIQUOR,WINE,BEER",1.1020187
2017-08-30,35,"LIQUOR,WINE,BEER",1.4834137
2017-08-16,35,MAGAZINES,269.9705
2017-08-17,35,MAGAZINES,273.508
2017-08-18,35,MAGAZINES,232.90927
2017-08-19,35,MAGAZINES,299.31424
2017-08-20,35,MAGAZINES,233.86343
2017-08-21,35,MAGAZINES,277.12143
2017-08-22,35,MAGAZINES,161.46205
2017-08-23,35,MAGAZINES,260.4954
2017-08-24,35,MAGAZINES,300.08667
2017-08-25,35,MAGAZINES,209.7175
2017-08-26,35,MAGAZINES,271.94043
2017-08-27,35,MAGAZINES,179.21178
2017-08-28,35,MAGAZINES,286.50052
2017-08-29,35,MAGAZINES,170.55449
2017-08-30,35,MAGAZINES,298.29828
2017-08-16,35,MEATS,235.41292
2017-08-17,35,MEATS,216.56459
2017-08-18,35,MEATS,227.527
2017-08-19,35,MEATS,275.4282
2017-08-20,35,MEATS,235.27701
2017-08-21,35,MEATS,236.56111
2017-08-22,35,MEATS,219.3056
2017-08-23,35,MEATS,248.30632
2017-08-24,35,MEATS,217.60167
2017-08-25,35,MEATS,235.21745
2017-08-26,35,MEATS,281.4703
2017-08-27,35,MEATS,234.78435
2017-08-28,35,MEATS,270.79745
2017-08-29,35,MEATS,229.40538
2017-08-30,35,MEATS,297.17047
2017-08-16,35,PERSONAL CARE,4.129057
2017-08-17,35,PERSONAL CARE,2.9671204
2017-08-18,35,PERSONAL CARE,3.4006374
2017-08-19,35,PERSONAL CARE,4.290946
2017-08-20,35,PERSONAL CARE,3.6981823
2017-08-21,35,PERSONAL CARE,3.1779864
2017-08-22,35,PERSONAL CARE,3.5314443
2017-08-23,35,PERSONAL CARE,3.2862017
2017-08-24,35,PERSONAL CARE,2.451913
2017-08-25,35,PERSONAL CARE,3.310412
2017-08-26,35,PERSONAL CARE,3.6070628
2017-08-27,35,PERSONAL CARE,2.8093414
2017-08-28,35,PERSONAL CARE,2.5968013
2017-08-29,35,PERSONAL CARE,2.1542747
2017-08-30,35,PERSONAL CARE,2.527824
2017-08-16,35,PET SUPPLIES,4.545658
2017-08-17,35,PET SUPPLIES,4.4482255
2017-08-18,35,PET SUPPLIES,4.151197
2017-08-19,35,PET SUPPLIES,4.2498775
2017-08-20,35,PET SUPPLIES,4.1078815
2017-08-21,35,PET SUPPLIES,3.6280775
2017-08-22,35,PET SUPPLIES,3.5407732
2017-08-23,35,PET SUPPLIES,4.0705066
2017-08-24,35,PET SUPPLIES,3.5250254
2017-08-25,35,PET SUPPLIES,3.7756119
2017-08-26,35,PET SUPPLIES,3.8916516
2017-08-27,35,PET SUPPLIES,3.7572098
2017-08-28,35,PET SUPPLIES,3.6092758
2017-08-29,35,PET SUPPLIES,3.854825
2017-08-30,35,PET SUPPLIES,4.6274357
2017-08-16,35,PLAYERS AND ELECTRONICS,152.97421
2017-08-17,35,PLAYERS AND ELECTRONICS,118.966736
2017-08-18,35,PLAYERS AND ELECTRONICS,164.67274
2017-08-19,35,PLAYERS AND ELECTRONICS,142.14177
2017-08-20,35,PLAYERS AND ELECTRONICS,134.14786
2017-08-21,35,PLAYERS AND ELECTRONICS,158.72101
2017-08-22,35,PLAYERS AND ELECTRONICS,114.10019
2017-08-23,35,PLAYERS AND ELECTRONICS,156.77556
2017-08-24,35,PLAYERS AND ELECTRONICS,122.04906
2017-08-25,35,PLAYERS AND ELECTRONICS,173.64111
2017-08-26,35,PLAYERS AND ELECTRONICS,141.10715
2017-08-27,35,PLAYERS AND ELECTRONICS,151.0606
2017-08-28,35,PLAYERS AND ELECTRONICS,145.60359
2017-08-29,35,PLAYERS AND ELECTRONICS,103.038414
2017-08-30,35,PLAYERS AND ELECTRONICS,180.43402
2017-08-16,35,POULTRY,52.56916
2017-08-17,35,POULTRY,44.60581
2017-08-18,35,POULTRY,52.280457
2017-08-19,35,POULTRY,57.325848
2017-08-20,35,POULTRY,47.920994
2017-08-21,35,POULTRY,53.530712
2017-08-22,35,POULTRY,41.98787
2017-08-23,35,POULTRY,51.340214
2017-08-24,35,POULTRY,43.966248
2017-08-25,35,POULTRY,56.860214
2017-08-26,35,POULTRY,56.661446
2017-08-27,35,POULTRY,50.472893
2017-08-28,35,POULTRY,50.695137
2017-08-29,35,POULTRY,38.622032
2017-08-30,35,POULTRY,52.825233
2017-08-16,35,PREPARED FOODS,2323.039
2017-08-17,35,PREPARED FOODS,890.5252
2017-08-18,35,PREPARED FOODS,802.5089
2017-08-19,35,PREPARED FOODS,842.4727
2017-08-20,35,PREPARED FOODS,944.9056
2017-08-21,35,PREPARED FOODS,1043.4397
2017-08-22,35,PREPARED FOODS,1379.2687
2017-08-23,35,PREPARED FOODS,960.5446
2017-08-24,35,PREPARED FOODS,791.5928
2017-08-25,35,PREPARED FOODS,826.5509
2017-08-26,35,PREPARED FOODS,1051.0251
2017-08-27,35,PREPARED FOODS,1021.58105
2017-08-28,35,PREPARED FOODS,1135.515
2017-08-29,35,PREPARED FOODS,1404.5814
2017-08-30,35,PREPARED FOODS,1535.8903
2017-08-16,35,PRODUCE,2.4569135
2017-08-17,35,PRODUCE,1.4709946
2017-08-18,35,PRODUCE,1.551296
2017-08-19,35,PRODUCE,1.5956448
2017-08-20,35,PRODUCE,1.4380598
2017-08-21,35,PRODUCE,1.310346
2017-08-22,35,PRODUCE,1.1128398
2017-08-23,35,PRODUCE,1.8099719
2017-08-24,35,PRODUCE,1.6529776
2017-08-25,35,PRODUCE,1.6220973
2017-08-26,35,PRODUCE,2.9304125
2017-08-27,35,PRODUCE,1.921072
2017-08-28,35,PRODUCE,2.2221303
2017-08-29,35,PRODUCE,1.6074982
2017-08-30,35,PRODUCE,2.3859687
2017-08-16,35,SCHOOL AND OFFICE SUPPLIES,1.5563529
2017-08-17,35,SCHOOL AND OFFICE SUPPLIES,1.2959532
2017-08-18,35,SCHOOL AND OFFICE SUPPLIES,1.4259425
2017-08-19,35,SCHOOL AND OFFICE SUPPLIES,1.3782156
2017-08-20,35,SCHOOL AND OFFICE SUPPLIES,1.358787
2017-08-21,35,SCHOOL AND OFFICE SUPPLIES,1.7600106
2017-08-22,35,SCHOOL AND OFFICE SUPPLIES,0.836273
2017-08-23,35,SCHOOL AND OFFICE SUPPLIES,1.559954
2017-08-24,35,SCHOOL AND OFFICE SUPPLIES,1.0516176
2017-08-25,35,SCHOOL AND OFFICE SUPPLIES,1.4135919
2017-08-26,35,SCHOOL AND OFFICE SUPPLIES,1.351653
2017-08-27,35,SCHOOL AND OFFICE SUPPLIES,1.0578076
2017-08-28,35,SCHOOL AND OFFICE SUPPLIES,1.4279447
2017-08-29,35,SCHOOL AND OFFICE SUPPLIES,0.77162075
2017-08-30,35,SCHOOL AND OFFICE SUPPLIES,1.7267889
2017-08-16,35,SEAFOOD,4.0410676
2017-08-17,35,SEAFOOD,3.2962093
2017-08-18,35,SEAFOOD,4.2231293
2017-08-19,35,SEAFOOD,4.1943803
2017-08-20,35,SEAFOOD,3.534682
2017-08-21,35,SEAFOOD,3.4425445
2017-08-22,35,SEAFOOD,3.9684603
2017-08-23,35,SEAFOOD,3.44735
2017-08-24,35,SEAFOOD,3.0850527
2017-08-25,35,SEAFOOD,3.287644
2017-08-26,35,SEAFOOD,3.8653467
2017-08-27,35,SEAFOOD,3.4889789
2017-08-28,35,SEAFOOD,3.7662203
2017-08-29,35,SEAFOOD,3.9958768
2017-08-30,35,SEAFOOD,3.3906035
2017-08-16,36,AUTOMOTIVE,0.0020526934
2017-08-17,36,AUTOMOTIVE,0.0
2017-08-18,36,AUTOMOTIVE,0.0
2017-08-19,36,AUTOMOTIVE,0.0
2017-08-20,36,AUTOMOTIVE,0.0
2017-08-21,36,AUTOMOTIVE,0.0
2017-08-22,36,AUTOMOTIVE,0.0
2017-08-23,36,AUTOMOTIVE,0.0
2017-08-24,36,AUTOMOTIVE,0.0
2017-08-25,36,AUTOMOTIVE,0.0
2017-08-26,36,AUTOMOTIVE,0.0
2017-08-27,36,AUTOMOTIVE,0.0
2017-08-28,36,AUTOMOTIVE,0.0
2017-08-29,36,AUTOMOTIVE,0.0
2017-08-30,36,AUTOMOTIVE,0.0033038436
2017-08-16,36,BABY CARE,7.373248
2017-08-17,36,BABY CARE,7.106069
2017-08-18,36,BABY CARE,7.5114865
2017-08-19,36,BABY CARE,8.520231
2017-08-20,36,BABY CARE,7.2975187
2017-08-21,36,BABY CARE,5.8538213
2017-08-22,36,BABY CARE,6.2250657
2017-08-23,36,BABY CARE,6.3924656
2017-08-24,36,BABY CARE,6.1538725
2017-08-25,36,BABY CARE,6.772013
2017-08-26,36,BABY CARE,7.025624
2017-08-27,36,BABY CARE,7.1561933
2017-08-28,36,BABY CARE,5.531194
2017-08-29,36,BABY CARE,5.986693
2017-08-30,36,BABY CARE,6.9465375
2017-08-16,36,BEAUTY,2600.4924
2017-08-17,36,BEAUTY,2322.305
2017-08-18,36,BEAUTY,2216.9558
2017-08-19,36,BEAUTY,2321.646
2017-08-20,36,BEAUTY,2341.0713
2017-08-21,36,BEAUTY,2213.5054
2017-08-22,36,BEAUTY,2210.8682
2017-08-23,36,BEAUTY,2384.9375
2017-08-24,36,BEAUTY,2243.6633
2017-08-25,36,BEAUTY,2355.1736
2017-08-26,36,BEAUTY,2387.5066
2017-08-27,36,BEAUTY,2365.251
2017-08-28,36,BEAUTY,2283.7437
2017-08-29,36,BEAUTY,2240.0403
2017-08-30,36,BEAUTY,2491.984
2017-08-16,36,BEVERAGES,0.0
2017-08-17,36,BEVERAGES,0.0
2017-08-18,36,BEVERAGES,0.0014206093
2017-08-19,36,BEVERAGES,0.017341282
2017-08-20,36,BEVERAGES,0.048636425
2017-08-21,36,BEVERAGES,0.019206902
2017-08-22,36,BEVERAGES,0.0134359645
2017-08-23,36,BEVERAGES,0.058392506
2017-08-24,36,BEVERAGES,0.042576946
2017-08-25,36,BEVERAGES,0.011520798
2017-08-26,36,BEVERAGES,0.046190634
2017-08-27,36,BEVERAGES,0.033857565
2017-08-28,36,BEVERAGES,0.025685757
2017-08-29,36,BEVERAGES,0.021853443
2017-08-30,36,BEVERAGES,0.059480734
2017-08-16,36,BREAD/BAKERY,538.93054
2017-08-17,36,BREAD/BAKERY,473.34375
2017-08-18,36,BREAD/BAKERY,508.44565
2017-08-19,36,BREAD/BAKERY,555.9137
2017-08-20,36,BREAD/BAKERY,540.09735
2017-08-21,36,BREAD/BAKERY,484.92026
2017-08-22,36,BREAD/BAKERY,510.01694
2017-08-23,36,BREAD/BAKERY,537.468
2017-08-24,36,BREAD/BAKERY,508.50455
2017-08-25,36,BREAD/BAKERY,518.5411
2017-08-26,36,BREAD/BAKERY,594.84174
2017-08-27,36,BREAD/BAKERY,565.6773
2017-08-28,36,BREAD/BAKERY,528.527
2017-08-29,36,BREAD/BAKERY,535.8603
2017-08-30,36,BREAD/BAKERY,573.97363
2017-08-16,36,CELEBRATION,8.916862
2017-08-17,36,CELEBRATION,8.637061
2017-08-18,36,CELEBRATION,8.765723
2017-08-19,36,CELEBRATION,8.969381
2017-08-20,36,CELEBRATION,8.415887
2017-08-21,36,CELEBRATION,9.115378
2017-08-22,36,CELEBRATION,7.7927084
2017-08-23,36,CELEBRATION,10.617789
2017-08-24,36,CELEBRATION,7.9399085
2017-08-25,36,CELEBRATION,8.793696
2017-08-26,36,CELEBRATION,11.87425
2017-08-27,36,CELEBRATION,8.576897
2017-08-28,36,CELEBRATION,8.591544
2017-08-29,36,CELEBRATION,8.84598
2017-08-30,36,CELEBRATION,10.980248
2017-08-16,36,CLEANING,1078.6205
2017-08-17,36,CLEANING,821.5896
2017-08-18,36,CLEANING,866.1778
2017-08-19,36,CLEANING,1036.3983
2017-08-20,36,CLEANING,1009.4747
2017-08-21,36,CLEANING,861.6625
2017-08-22,36,CLEANING,924.41
2017-08-23,36,CLEANING,1003.6647
2017-08-24,36,CLEANING,867.25006
2017-08-25,36,CLEANING,908.71106
2017-08-26,36,CLEANING,1039.1805
2017-08-27,36,CLEANING,998.84973
2017-08-28,36,CLEANING,891.34247
2017-08-29,36,CLEANING,956.53937
2017-08-30,36,CLEANING,975.3203
2017-08-16,36,DAIRY,989.2906
2017-08-17,36,DAIRY,812.37164
2017-08-18,36,DAIRY,798.5091
2017-08-19,36,DAIRY,945.3097
2017-08-20,36,DAIRY,943.48694
2017-08-21,36,DAIRY,875.58765
2017-08-22,36,DAIRY,910.63354
2017-08-23,36,DAIRY,910.59406
2017-08-24,36,DAIRY,797.1647
2017-08-25,36,DAIRY,820.38043
2017-08-26,36,DAIRY,927.2571
2017-08-27,36,DAIRY,920.64124
2017-08-28,36,DAIRY,834.70483
2017-08-29,36,DAIRY,924.39984
2017-08-30,36,DAIRY,931.02325
2017-08-16,36,DELI,174.28035
2017-08-17,36,DELI,141.95897
2017-08-18,36,DELI,170.74274
2017-08-19,36,DELI,166.375
2017-08-20,36,DELI,152.9046
2017-08-21,36,DELI,151.4817
2017-08-22,36,DELI,152.97914
2017-08-23,36,DELI,163.17186
2017-08-24,36,DELI,148.0394
2017-08-25,36,DELI,184.85765
2017-08-26,36,DELI,168.19434
2017-08-27,36,DELI,152.7933
2017-08-28,36,DELI,148.7247
2017-08-29,36,DELI,152.81546
2017-08-30,36,DELI,167.66054
2017-08-16,36,EGGS,145.05516
2017-08-17,36,EGGS,131.1922
2017-08-18,36,EGGS,143.52643
2017-08-19,36,EGGS,123.18922
2017-08-20,36,EGGS,127.68595
2017-08-21,36,EGGS,111.488846
2017-08-22,36,EGGS,121.41868
2017-08-23,36,EGGS,139.22586
2017-08-24,36,EGGS,132.43011
2017-08-25,36,EGGS,145.15147
2017-08-26,36,EGGS,124.638885
2017-08-27,36,EGGS,142.51962
2017-08-28,36,EGGS,127.59281
2017-08-29,36,EGGS,126.63
2017-08-30,36,EGGS,141.45186
2017-08-16,36,FROZEN FOODS,139.06711
2017-08-17,36,FROZEN FOODS,115.06749
2017-08-18,36,FROZEN FOODS,93.83696
2017-08-19,36,FROZEN FOODS,108.32113
2017-08-20,36,FROZEN FOODS,108.36426
2017-08-21,36,FROZEN FOODS,116.13205
2017-08-22,36,FROZEN FOODS,112.715004
2017-08-23,36,FROZEN FOODS,126.0712
2017-08-24,36,FROZEN FOODS,104.95202
2017-08-25,36,FROZEN FOODS,100.31014
2017-08-26,36,FROZEN FOODS,122.82462
2017-08-27,36,FROZEN FOODS,117.39614
2017-08-28,36,FROZEN FOODS,122.63213
2017-08-29,36,FROZEN FOODS,121.8476
2017-08-30,36,FROZEN FOODS,134.33218
2017-08-16,36,GROCERY I,4140.741
2017-08-17,36,GROCERY I,3196.2852
2017-08-18,36,GROCERY I,3265.8708
2017-08-19,36,GROCERY I,3820.2312
2017-08-20,36,GROCERY I,3704.7383
2017-08-21,36,GROCERY I,3172.4956
2017-08-22,36,GROCERY I,3418.8425
2017-08-23,36,GROCERY I,3602.758
2017-08-24,36,GROCERY I,3307.8596
2017-08-25,36,GROCERY I,3634.0024
2017-08-26,36,GROCERY I,3712.5024
2017-08-27,36,GROCERY I,3538.894
2017-08-28,36,GROCERY I,3177.3281
2017-08-29,36,GROCERY I,3384.5718
2017-08-30,36,GROCERY I,3933.968
2017-08-16,36,GROCERY II,53.78741
2017-08-17,36,GROCERY II,47.25453
2017-08-18,36,GROCERY II,50.78753
2017-08-19,36,GROCERY II,55.674637
2017-08-20,36,GROCERY II,44.804573
2017-08-21,36,GROCERY II,45.47077
2017-08-22,36,GROCERY II,43.596645
2017-08-23,36,GROCERY II,48.49542
2017-08-24,36,GROCERY II,43.80765
2017-08-25,36,GROCERY II,49.784744
2017-08-26,36,GROCERY II,58.938618
2017-08-27,36,GROCERY II,48.09524
2017-08-28,36,GROCERY II,43.52322
2017-08-29,36,GROCERY II,42.329063
2017-08-30,36,GROCERY II,47.142303
2017-08-16,36,HARDWARE,1.8260211
2017-08-17,36,HARDWARE,1.6571336
2017-08-18,36,HARDWARE,1.6870161
2017-08-19,36,HARDWARE,1.8674148
2017-08-20,36,HARDWARE,1.6204209
2017-08-21,36,HARDWARE,1.67552
2017-08-22,36,HARDWARE,1.5260577
2017-08-23,36,HARDWARE,1.5351014
2017-08-24,36,HARDWARE,1.279677
2017-08-25,36,HARDWARE,1.6537907
2017-08-26,36,HARDWARE,1.8131137
2017-08-27,36,HARDWARE,1.6480191
2017-08-28,36,HARDWARE,1.4326799
2017-08-29,36,HARDWARE,1.4280978
2017-08-30,36,HARDWARE,1.4700419
2017-08-16,36,HOME AND KITCHEN I,29.125275
2017-08-17,36,HOME AND KITCHEN I,21.410995
2017-08-18,36,HOME AND KITCHEN I,23.244257
2017-08-19,36,HOME AND KITCHEN I,30.626287
2017-08-20,36,HOME AND KITCHEN I,24.972265
2017-08-21,36,HOME AND KITCHEN I,24.339045
2017-08-22,36,HOME AND KITCHEN I,21.937223
2017-08-23,36,HOME AND KITCHEN I,27.715462
2017-08-24,36,HOME AND KITCHEN I,23.650587
2017-08-25,36,HOME AND KITCHEN I,27.279917
2017-08-26,36,HOME AND KITCHEN I,29.782505
2017-08-27,36,HOME AND KITCHEN I,27.430935
2017-08-28,36,HOME AND KITCHEN I,23.218908
2017-08-29,36,HOME AND KITCHEN I,19.877293
2017-08-30,36,HOME AND KITCHEN I,26.453693
2017-08-16,36,HOME AND KITCHEN II,26.761003
2017-08-17,36,HOME AND KITCHEN II,19.238323
2017-08-18,36,HOME AND KITCHEN II,17.903507
2017-08-19,36,HOME AND KITCHEN II,24.68372
2017-08-20,36,HOME AND KITCHEN II,24.832731
2017-08-21,36,HOME AND KITCHEN II,21.468544
2017-08-22,36,HOME AND KITCHEN II,20.105917
2017-08-23,36,HOME AND KITCHEN II,25.387686
2017-08-24,36,HOME AND KITCHEN II,17.379978
2017-08-25,36,HOME AND KITCHEN II,19.2592
2017-08-26,36,HOME AND KITCHEN II,27.200317
2017-08-27,36,HOME AND KITCHEN II,25.128368
2017-08-28,36,HOME AND KITCHEN II,22.877075
2017-08-29,36,HOME AND KITCHEN II,19.894089
2017-08-30,36,HOME AND KITCHEN II,23.337654
2017-08-16,36,HOME APPLIANCES,0.08032632
2017-08-17,36,HOME APPLIANCES,0.090356596
2017-08-18,36,HOME APPLIANCES,0.15298413
2017-08-19,36,HOME APPLIANCES,0.07424851
2017-08-20,36,HOME APPLIANCES,0.079968795
2017-08-21,36,HOME APPLIANCES,0.10207948
2017-08-22,36,HOME APPLIANCES,0.12368468
2017-08-23,36,HOME APPLIANCES,0.20342313
2017-08-24,36,HOME APPLIANCES,0.16126968
2017-08-25,36,HOME APPLIANCES,0.13504846
2017-08-26,36,HOME APPLIANCES,0.2469231
2017-08-27,36,HOME APPLIANCES,0.24961795
2017-08-28,36,HOME APPLIANCES,0.14532408
2017-08-29,36,HOME APPLIANCES,0.28055355
2017-08-30,36,HOME APPLIANCES,0.201674
2017-08-16,36,HOME CARE,199.05144
2017-08-17,36,HOME CARE,138.5304
2017-08-18,36,HOME CARE,162.99367
2017-08-19,36,HOME CARE,178.04387
2017-08-20,36,HOME CARE,183.12946
2017-08-21,36,HOME CARE,152.56044
2017-08-22,36,HOME CARE,146.42885
2017-08-23,36,HOME CARE,162.43883
2017-08-24,36,HOME CARE,127.90159
2017-08-25,36,HOME CARE,160.27072
2017-08-26,36,HOME CARE,166.95969
2017-08-27,36,HOME CARE,176.2627
2017-08-28,36,HOME CARE,134.57968
2017-08-29,36,HOME CARE,144.09616
2017-08-30,36,HOME CARE,157.14868
2017-08-16,36,LADIESWEAR,20.45343
2017-08-17,36,LADIESWEAR,22.092909
2017-08-18,36,LADIESWEAR,22.76311
2017-08-19,36,LADIESWEAR,23.108498
2017-08-20,36,LADIESWEAR,22.466919
2017-08-21,36,LADIESWEAR,17.952608
2017-08-22,36,LADIESWEAR,19.778845
2017-08-23,36,LADIESWEAR,23.572206
2017-08-24,36,LADIESWEAR,19.670553
2017-08-25,36,LADIESWEAR,20.970995
2017-08-26,36,LADIESWEAR,22.386845
2017-08-27,36,LADIESWEAR,20.064966
2017-08-28,36,LADIESWEAR,19.69887
2017-08-29,36,LADIESWEAR,23.487064
2017-08-30,36,LADIESWEAR,23.337336
2017-08-16,36,LAWN AND GARDEN,35.23022
2017-08-17,36,LAWN AND GARDEN,22.614433
2017-08-18,36,LAWN AND GARDEN,28.547188
2017-08-19,36,LAWN AND GARDEN,31.171928
2017-08-20,36,LAWN AND GARDEN,22.039946
2017-08-21,36,LAWN AND GARDEN,29.379734
2017-08-22,36,LAWN AND GARDEN,27.119667
2017-08-23,36,LAWN AND GARDEN,31.06543
2017-08-24,36,LAWN AND GARDEN,33.217293
2017-08-25,36,LAWN AND GARDEN,35.779285
2017-08-26,36,LAWN AND GARDEN,35.12637
2017-08-27,36,LAWN AND GARDEN,25.705805
2017-08-28,36,LAWN AND GARDEN,30.06093
2017-08-29,36,LAWN AND GARDEN,27.226776
2017-08-30,36,LAWN AND GARDEN,34.18373
2017-08-16,36,LINGERIE,2.6795447
2017-08-17,36,LINGERIE,2.1329381
2017-08-18,36,LINGERIE,2.378129
2017-08-19,36,LINGERIE,2.5441706
2017-08-20,36,LINGERIE,2.572173
2017-08-21,36,LINGERIE,2.2445571
2017-08-22,36,LINGERIE,2.6482363
2017-08-23,36,LINGERIE,2.7702234
2017-08-24,36,LINGERIE,3.1604998
2017-08-25,36,LINGERIE,2.9007068
2017-08-26,36,LINGERIE,4.5490613
2017-08-27,36,LINGERIE,3.0846055
2017-08-28,36,LINGERIE,3.2633574
2017-08-29,36,LINGERIE,2.504852
2017-08-30,36,LINGERIE,3.6052039
2017-08-16,36,"LIQUOR,WINE,BEER",108.926094
2017-08-17,36,"LIQUOR,WINE,BEER",78.70232
2017-08-18,36,"LIQUOR,WINE,BEER",113.11039
2017-08-19,36,"LIQUOR,WINE,BEER",101.41154
2017-08-20,36,"LIQUOR,WINE,BEER",71.5277
2017-08-21,36,"LIQUOR,WINE,BEER",80.89146
2017-08-22,36,"LIQUOR,WINE,BEER",111.824394
2017-08-23,36,"LIQUOR,WINE,BEER",114.66486
2017-08-24,36,"LIQUOR,WINE,BEER",69.6881
2017-08-25,36,"LIQUOR,WINE,BEER",108.40783
2017-08-26,36,"LIQUOR,WINE,BEER",102.16574
2017-08-27,36,"LIQUOR,WINE,BEER",72.4155
2017-08-28,36,"LIQUOR,WINE,BEER",104.2475
2017-08-29,36,"LIQUOR,WINE,BEER",101.82152
2017-08-30,36,"LIQUOR,WINE,BEER",113.88576
2017-08-16,36,MAGAZINES,11.881619
2017-08-17,36,MAGAZINES,9.719898
2017-08-18,36,MAGAZINES,9.995818
2017-08-19,36,MAGAZINES,11.994448
2017-08-20,36,MAGAZINES,11.585359
2017-08-21,36,MAGAZINES,9.826386
2017-08-22,36,MAGAZINES,7.870515
2017-08-23,36,MAGAZINES,8.048369
2017-08-24,36,MAGAZINES,8.317423
2017-08-25,36,MAGAZINES,9.02624
2017-08-26,36,MAGAZINES,12.341437
2017-08-27,36,MAGAZINES,9.955323
2017-08-28,36,MAGAZINES,8.542381
2017-08-29,36,MAGAZINES,7.5162706
2017-08-30,36,MAGAZINES,8.663494
2017-08-16,36,MEATS,279.1035
2017-08-17,36,MEATS,208.3405
2017-08-18,36,MEATS,303.46597
2017-08-19,36,MEATS,213.14851
2017-08-20,36,MEATS,210.05351
2017-08-21,36,MEATS,212.14963
2017-08-22,36,MEATS,227.501
2017-08-23,36,MEATS,262.31256
2017-08-24,36,MEATS,208.23671
2017-08-25,36,MEATS,328.831
2017-08-26,36,MEATS,220.35628
2017-08-27,36,MEATS,207.13605
2017-08-28,36,MEATS,221.82494
2017-08-29,36,MEATS,226.96101
2017-08-30,36,MEATS,268.84006
2017-08-16,36,PERSONAL CARE,322.54037
2017-08-17,36,PERSONAL CARE,282.36578
2017-08-18,36,PERSONAL CARE,297.64188
2017-08-19,36,PERSONAL CARE,326.2164
2017-08-20,36,PERSONAL CARE,283.94925
2017-08-21,36,PERSONAL CARE,268.34885
2017-08-22,36,PERSONAL CARE,252.5673
2017-08-23,36,PERSONAL CARE,280.71866
2017-08-24,36,PERSONAL CARE,254.60844
2017-08-25,36,PERSONAL CARE,264.3521
2017-08-26,36,PERSONAL CARE,305.1328
2017-08-27,36,PERSONAL CARE,277.9862
2017-08-28,36,PERSONAL CARE,252.07445
2017-08-29,36,PERSONAL CARE,268.4534
2017-08-30,36,PERSONAL CARE,286.8501
2017-08-16,36,PET SUPPLIES,12.12476
2017-08-17,36,PET SUPPLIES,11.209147
2017-08-18,36,PET SUPPLIES,10.848002
2017-08-19,36,PET SUPPLIES,11.821748
2017-08-20,36,PET SUPPLIES,11.016354
2017-08-21,36,PET SUPPLIES,11.701941
2017-08-22,36,PET SUPPLIES,9.872382
2017-08-23,36,PET SUPPLIES,10.9647875
2017-08-24,36,PET SUPPLIES,10.700097
2017-08-25,36,PET SUPPLIES,11.95282
2017-08-26,36,PET SUPPLIES,12.273216
2017-08-27,36,PET SUPPLIES,10.916858
2017-08-28,36,PET SUPPLIES,10.022071
2017-08-29,36,PET SUPPLIES,9.408973
2017-08-30,36,PET SUPPLIES,10.463201
2017-08-16,36,PLAYERS AND ELECTRONICS,13.644555
2017-08-17,36,PLAYERS AND ELECTRONICS,11.855198
2017-08-18,36,PLAYERS AND ELECTRONICS,12.500389
2017-08-19,36,PLAYERS AND ELECTRONICS,12.160917
2017-08-20,36,PLAYERS AND ELECTRONICS,11.59366
2017-08-21,36,PLAYERS AND ELECTRONICS,9.784773
2017-08-22,36,PLAYERS AND ELECTRONICS,9.741879
2017-08-23,36,PLAYERS AND ELECTRONICS,11.31335
2017-08-24,36,PLAYERS AND ELECTRONICS,10.032711
2017-08-25,36,PLAYERS AND ELECTRONICS,10.898788
2017-08-26,36,PLAYERS AND ELECTRONICS,11.735527
2017-08-27,36,PLAYERS AND ELECTRONICS,10.619879
2017-08-28,36,PLAYERS AND ELECTRONICS,10.024798
2017-08-29,36,PLAYERS AND ELECTRONICS,9.453757
2017-08-30,36,PLAYERS AND ELECTRONICS,10.344145
2017-08-16,36,POULTRY,267.76703
2017-08-17,36,POULTRY,230.51524
2017-08-18,36,POULTRY,280.12155
2017-08-19,36,POULTRY,243.51357
2017-08-20,36,POULTRY,249.21242
2017-08-21,36,POULTRY,234.61821
2017-08-22,36,POULTRY,256.34485
2017-08-23,36,POULTRY,271.3445
2017-08-24,36,POULTRY,238.79855
2017-08-25,36,POULTRY,309.83478
2017-08-26,36,POULTRY,239.8973
2017-08-27,36,POULTRY,257.46338
2017-08-28,36,POULTRY,247.11734
2017-08-29,36,POULTRY,250.48293
2017-08-30,36,POULTRY,293.6001
2017-08-16,36,PREPARED FOODS,76.328415
2017-08-17,36,PREPARED FOODS,66.35568
2017-08-18,36,PREPARED FOODS,66.63457
2017-08-19,36,PREPARED FOODS,76.27469
2017-08-20,36,PREPARED FOODS,75.88187
2017-08-21,36,PREPARED FOODS,72.433754
2017-08-22,36,PREPARED FOODS,71.016655
2017-08-23,36,PREPARED FOODS,80.17679
2017-08-24,36,PREPARED FOODS,73.65216
2017-08-25,36,PREPARED FOODS,72.81791
2017-08-26,36,PREPARED FOODS,84.26707
2017-08-27,36,PREPARED FOODS,78.54378
2017-08-28,36,PREPARED FOODS,78.07158
2017-08-29,36,PREPARED FOODS,69.820496
2017-08-30,36,PREPARED FOODS,80.20244
2017-08-16,36,PRODUCE,3331.2048
2017-08-17,36,PRODUCE,1650.07
2017-08-18,36,PRODUCE,1827.9918
2017-08-19,36,PRODUCE,1934.014
2017-08-20,36,PRODUCE,2185.0522
2017-08-21,36,PRODUCE,1812.7389
2017-08-22,36,PRODUCE,1715.5391
2017-08-23,36,PRODUCE,3404.3464
2017-08-24,36,PRODUCE,1587.3472
2017-08-25,36,PRODUCE,1719.9894
2017-08-26,36,PRODUCE,1930.1936
2017-08-27,36,PRODUCE,2070.9731
2017-08-28,36,PRODUCE,1743.546
2017-08-29,36,PRODUCE,1771.1061
2017-08-30,36,PRODUCE,3341.334
2017-08-16,36,SCHOOL AND OFFICE SUPPLIES,0.0
2017-08-17,36,SCHOOL AND OFFICE SUPPLIES,0.0
2017-08-18,36,SCHOOL AND OFFICE SUPPLIES,0.0
2017-08-19,36,SCHOOL AND OFFICE SUPPLIES,0.0
2017-08-20,36,SCHOOL AND OFFICE SUPPLIES,0.0
2017-08-21,36,SCHOOL AND OFFICE SUPPLIES,0.0
2017-08-22,36,SCHOOL AND OFFICE SUPPLIES,0.0
2017-08-23,36,SCHOOL AND OFFICE SUPPLIES,0.0
2017-08-24,36,SCHOOL AND OFFICE SUPPLIES,0.0
2017-08-25,36,SCHOOL AND OFFICE SUPPLIES,0.0
2017-08-26,36,SCHOOL AND OFFICE SUPPLIES,0.0
2017-08-27,36,SCHOOL AND OFFICE SUPPLIES,0.0
2017-08-28,36,SCHOOL AND OFFICE SUPPLIES,0.0
2017-08-29,36,SCHOOL AND OFFICE SUPPLIES,0.0
2017-08-30,36,SCHOOL AND OFFICE SUPPLIES,0.0
2017-08-16,36,SEAFOOD,12.813616
2017-08-17,36,SEAFOOD,12.1914425
2017-08-18,36,SEAFOOD,12.983108
2017-08-19,36,SEAFOOD,13.123497
2017-08-20,36,SEAFOOD,13.274723
2017-08-21,36,SEAFOOD,11.138776
2017-08-22,36,SEAFOOD,12.614537
2017-08-23,36,SEAFOOD,14.330873
2017-08-24,36,SEAFOOD,13.496449
2017-08-25,36,SEAFOOD,12.897241
2017-08-26,36,SEAFOOD,13.063076
2017-08-27,36,SEAFOOD,14.02629
2017-08-28,36,SEAFOOD,12.4113035
2017-08-29,36,SEAFOOD,13.703655
2017-08-30,36,SEAFOOD,12.849294
2017-08-16,37,AUTOMOTIVE,6.1189303
2017-08-17,37,AUTOMOTIVE,7.640443
2017-08-18,37,AUTOMOTIVE,6.2974887
2017-08-19,37,AUTOMOTIVE,6.1396446
2017-08-20,37,AUTOMOTIVE,5.5010953
2017-08-21,37,AUTOMOTIVE,5.6477957
2017-08-22,37,AUTOMOTIVE,6.483246
2017-08-23,37,AUTOMOTIVE,6.6265616
2017-08-24,37,AUTOMOTIVE,5.8537803
2017-08-25,37,AUTOMOTIVE,6.4246073
2017-08-26,37,AUTOMOTIVE,6.1504
2017-08-27,37,AUTOMOTIVE,4.8728313
2017-08-28,37,AUTOMOTIVE,5.7459464
2017-08-29,37,AUTOMOTIVE,5.977746
2017-08-30,37,AUTOMOTIVE,6.275011
2017-08-16,37,BABY CARE,0.0
2017-08-17,37,BABY CARE,0.0013127023
2017-08-18,37,BABY CARE,0.0
2017-08-19,37,BABY CARE,0.0
2017-08-20,37,BABY CARE,0.0009291291
2017-08-21,37,BABY CARE,0.0
2017-08-22,37,BABY CARE,0.0
2017-08-23,37,BABY CARE,0.0
2017-08-24,37,BABY CARE,0.0
2017-08-25,37,BABY CARE,0.0
2017-08-26,37,BABY CARE,0.0
2017-08-27,37,BABY CARE,0.0023175697
2017-08-28,37,BABY CARE,0.0
2017-08-29,37,BABY CARE,0.0
2017-08-30,37,BABY CARE,0.0
2017-08-16,37,BEAUTY,9.659711
2017-08-17,37,BEAUTY,11.6315565
2017-08-18,37,BEAUTY,9.050916
2017-08-19,37,BEAUTY,8.211748
2017-08-20,37,BEAUTY,8.891128
2017-08-21,37,BEAUTY,6.6773777
2017-08-22,37,BEAUTY,7.3579416
2017-08-23,37,BEAUTY,8.835159
2017-08-24,37,BEAUTY,9.926472
2017-08-25,37,BEAUTY,8.180202
2017-08-26,37,BEAUTY,7.5601315
2017-08-27,37,BEAUTY,7.9050794
2017-08-28,37,BEAUTY,7.1439323
2017-08-29,37,BEAUTY,6.7898655
2017-08-30,37,BEAUTY,9.527659
2017-08-16,37,BEVERAGES,2423.682
2017-08-17,37,BEVERAGES,2845.7275
2017-08-18,37,BEVERAGES,2359.2073
2017-08-19,37,BEVERAGES,2295.8406
2017-08-20,37,BEVERAGES,2424.1548
2017-08-21,37,BEVERAGES,2135.1587
2017-08-22,37,BEVERAGES,2237.6543
2017-08-23,37,BEVERAGES,2574.1284
2017-08-24,37,BEVERAGES,3135.7568
2017-08-25,37,BEVERAGES,2565.5881
2017-08-26,37,BEVERAGES,2534.0696
2017-08-27,37,BEVERAGES,2497.5305
2017-08-28,37,BEVERAGES,2349.7246
2017-08-29,37,BEVERAGES,2269.9338
2017-08-30,37,BEVERAGES,2619.268
2017-08-16,37,BOOKS,0.004256718
2017-08-17,37,BOOKS,0.016346803
2017-08-18,37,BOOKS,0.0054375264
2017-08-19,37,BOOKS,0.0
2017-08-20,37,BOOKS,0.010734321
2017-08-21,37,BOOKS,0.008300943
2017-08-22,37,BOOKS,0.02202751
2017-08-23,37,BOOKS,0.021698339
2017-08-24,37,BOOKS,0.020085463
2017-08-25,37,BOOKS,0.0
2017-08-26,37,BOOKS,0.03224813
2017-08-27,37,BOOKS,0.036423948
2017-08-28,37,BOOKS,0.03558321
2017-08-29,37,BOOKS,0.028761337
2017-08-30,37,BOOKS,0.05151703
2017-08-16,37,BREAD/BAKERY,486.803
2017-08-17,37,BREAD/BAKERY,554.8178
2017-08-18,37,BREAD/BAKERY,461.87537
2017-08-19,37,BREAD/BAKERY,505.4476
2017-08-20,37,BREAD/BAKERY,519.4912
2017-08-21,37,BREAD/BAKERY,440.1268
2017-08-22,37,BREAD/BAKERY,499.8706
2017-08-23,37,BREAD/BAKERY,543.6413
2017-08-24,37,BREAD/BAKERY,619.1388
2017-08-25,37,BREAD/BAKERY,526.0962
2017-08-26,37,BREAD/BAKERY,552.1017
2017-08-27,37,BREAD/BAKERY,555.778
2017-08-28,37,BREAD/BAKERY,480.04358
2017-08-29,37,BREAD/BAKERY,530.5723
2017-08-30,37,BREAD/BAKERY,562.9736
2017-08-16,37,CELEBRATION,13.648089
2017-08-17,37,CELEBRATION,12.043186
2017-08-18,37,CELEBRATION,12.678982
2017-08-19,37,CELEBRATION,13.147836
2017-08-20,37,CELEBRATION,10.3440695
2017-08-21,37,CELEBRATION,12.616891
2017-08-22,37,CELEBRATION,12.237744
2017-08-23,37,CELEBRATION,15.8320465
2017-08-24,37,CELEBRATION,13.268268
2017-08-25,37,CELEBRATION,12.417107
2017-08-26,37,CELEBRATION,12.697977
2017-08-27,37,CELEBRATION,12.519243
2017-08-28,37,CELEBRATION,12.441455
2017-08-29,37,CELEBRATION,16.010283
2017-08-30,37,CELEBRATION,14.909246
2017-08-16,37,CLEANING,946.44464
2017-08-17,37,CLEANING,1191.065
2017-08-18,37,CLEANING,889.1563
2017-08-19,37,CLEANING,933.57623
2017-08-20,37,CLEANING,981.6516
2017-08-21,37,CLEANING,797.1246
2017-08-22,37,CLEANING,942.54016
2017-08-23,37,CLEANING,1109.5255
2017-08-24,37,CLEANING,1304.9891
2017-08-25,37,CLEANING,1163.0275
2017-08-26,37,CLEANING,1259.5215
2017-08-27,37,CLEANING,1259.1302
2017-08-28,37,CLEANING,994.1407
2017-08-29,37,CLEANING,1088.4412
2017-08-30,37,CLEANING,1272.271
2017-08-16,37,DAIRY,889.0076
2017-08-17,37,DAIRY,927.47534
2017-08-18,37,DAIRY,775.6673
2017-08-19,37,DAIRY,837.547
2017-08-20,37,DAIRY,867.9772
2017-08-21,37,DAIRY,769.7471
2017-08-22,37,DAIRY,868.8242
2017-08-23,37,DAIRY,919.0742
2017-08-24,37,DAIRY,1032.1338
2017-08-25,37,DAIRY,856.45013
2017-08-26,37,DAIRY,863.1493
2017-08-27,37,DAIRY,932.89514
2017-08-28,37,DAIRY,813.6377
2017-08-29,37,DAIRY,886.2437
2017-08-30,37,DAIRY,952.9147
2017-08-16,37,DELI,152.28812
2017-08-17,37,DELI,167.04726
2017-08-18,37,DELI,174.21211
2017-08-19,37,DELI,145.8699
2017-08-20,37,DELI,133.74211
2017-08-21,37,DELI,126.758766
2017-08-22,37,DELI,149.18471
2017-08-23,37,DELI,162.84709
2017-08-24,37,DELI,176.48302
2017-08-25,37,DELI,190.08936
2017-08-26,37,DELI,160.95152
2017-08-27,37,DELI,144.82812
2017-08-28,37,DELI,131.01573
2017-08-29,37,DELI,152.16118
2017-08-30,37,DELI,168.80109
2017-08-16,37,EGGS,97.08929
2017-08-17,37,EGGS,123.08594
2017-08-18,37,EGGS,117.66371
2017-08-19,37,EGGS,86.71463
2017-08-20,37,EGGS,94.07041
2017-08-21,37,EGGS,73.736275
2017-08-22,37,EGGS,87.23043
2017-08-23,37,EGGS,103.49552
2017-08-24,37,EGGS,127.52257
2017-08-25,37,EGGS,126.618835
2017-08-26,37,EGGS,93.37375
2017-08-27,37,EGGS,106.52442
2017-08-28,37,EGGS,84.29496
2017-08-29,37,EGGS,97.4246
2017-08-30,37,EGGS,115.52989
2017-08-16,37,FROZEN FOODS,129.12492
2017-08-17,37,FROZEN FOODS,123.881035
2017-08-18,37,FROZEN FOODS,100.82423
2017-08-19,37,FROZEN FOODS,117.703995
2017-08-20,37,FROZEN FOODS,121.256485
2017-08-21,37,FROZEN FOODS,109.04701
2017-08-22,37,FROZEN FOODS,126.60489
2017-08-23,37,FROZEN FOODS,139.09012
2017-08-24,37,FROZEN FOODS,132.63306
2017-08-25,37,FROZEN FOODS,114.29576
2017-08-26,37,FROZEN FOODS,127.841484
2017-08-27,37,FROZEN FOODS,122.92144
2017-08-28,37,FROZEN FOODS,107.70422
2017-08-29,37,FROZEN FOODS,121.68991
2017-08-30,37,FROZEN FOODS,140.4424
2017-08-16,37,GROCERY I,3739.7883
2017-08-17,37,GROCERY I,4150.003
2017-08-18,37,GROCERY I,3318.1418
2017-08-19,37,GROCERY I,3774.93
2017-08-20,37,GROCERY I,3984.6353
2017-08-21,37,GROCERY I,3520.6196
2017-08-22,37,GROCERY I,4040.6099
2017-08-23,37,GROCERY I,4523.103
2017-08-24,37,GROCERY I,5640.3223
2017-08-25,37,GROCERY I,4539.9253
2017-08-26,37,GROCERY I,4306.463
2017-08-27,37,GROCERY I,4457.9897
2017-08-28,37,GROCERY I,3820.2087
2017-08-29,37,GROCERY I,4163.299
2017-08-30,37,GROCERY I,4874.8354
2017-08-16,37,GROCERY II,25.57411
2017-08-17,37,GROCERY II,25.666582
2017-08-18,37,GROCERY II,29.227217
2017-08-19,37,GROCERY II,31.161163
2017-08-20,37,GROCERY II,25.359116
2017-08-21,37,GROCERY II,21.420868
2017-08-22,37,GROCERY II,23.647114
2017-08-23,37,GROCERY II,26.520351
2017-08-24,37,GROCERY II,31.924538
2017-08-25,37,GROCERY II,29.45246
2017-08-26,37,GROCERY II,31.63265
2017-08-27,37,GROCERY II,28.580544
2017-08-28,37,GROCERY II,26.693993
2017-08-29,37,GROCERY II,22.35704
2017-08-30,37,GROCERY II,28.062365
2017-08-16,37,HARDWARE,1.1618338
2017-08-17,37,HARDWARE,1.3665637
2017-08-18,37,HARDWARE,1.1069432
2017-08-19,37,HARDWARE,1.4534612
2017-08-20,37,HARDWARE,1.258437
2017-08-21,37,HARDWARE,1.4111197
2017-08-22,37,HARDWARE,1.2734159
2017-08-23,37,HARDWARE,1.4034203
2017-08-24,37,HARDWARE,1.6090035
2017-08-25,37,HARDWARE,1.4416013
2017-08-26,37,HARDWARE,1.7014798
2017-08-27,37,HARDWARE,1.6098747
2017-08-28,37,HARDWARE,1.4294451
2017-08-29,37,HARDWARE,1.1177744
2017-08-30,37,HARDWARE,1.2855442
2017-08-16,37,HOME AND KITCHEN I,39.23577
2017-08-17,37,HOME AND KITCHEN I,38.687084
2017-08-18,37,HOME AND KITCHEN I,33.84738
2017-08-19,37,HOME AND KITCHEN I,41.981346
2017-08-20,37,HOME AND KITCHEN I,39.72426
2017-08-21,37,HOME AND KITCHEN I,30.846464
2017-08-22,37,HOME AND KITCHEN I,29.882137
2017-08-23,37,HOME AND KITCHEN I,34.114574
2017-08-24,37,HOME AND KITCHEN I,31.553823
2017-08-25,37,HOME AND KITCHEN I,31.07122
2017-08-26,37,HOME AND KITCHEN I,38.788998
2017-08-27,37,HOME AND KITCHEN I,37.29729
2017-08-28,37,HOME AND KITCHEN I,27.626423
2017-08-29,37,HOME AND KITCHEN I,21.914326
2017-08-30,37,HOME AND KITCHEN I,30.913824
2017-08-16,37,HOME AND KITCHEN II,28.943417
2017-08-17,37,HOME AND KITCHEN II,32.72189
2017-08-18,37,HOME AND KITCHEN II,24.974436
2017-08-19,37,HOME AND KITCHEN II,30.518162
2017-08-20,37,HOME AND KITCHEN II,35.83551
2017-08-21,37,HOME AND KITCHEN II,27.28215
2017-08-22,37,HOME AND KITCHEN II,27.271158
2017-08-23,37,HOME AND KITCHEN II,32.90137
2017-08-24,37,HOME AND KITCHEN II,28.448128
2017-08-25,37,HOME AND KITCHEN II,26.048658
2017-08-26,37,HOME AND KITCHEN II,37.512962
2017-08-27,37,HOME AND KITCHEN II,37.360092
2017-08-28,37,HOME AND KITCHEN II,28.657558
2017-08-29,37,HOME AND KITCHEN II,24.846989
2017-08-30,37,HOME AND KITCHEN II,26.311985
2017-08-16,37,HOME APPLIANCES,0.0
2017-08-17,37,HOME APPLIANCES,0.04415012
2017-08-18,37,HOME APPLIANCES,0.039684247
2017-08-19,37,HOME APPLIANCES,0.03141121
2017-08-20,37,HOME APPLIANCES,0.044299655
2017-08-21,37,HOME APPLIANCES,0.06221731
2017-08-22,37,HOME APPLIANCES,0.033357967
2017-08-23,37,HOME APPLIANCES,0.07195433
2017-08-24,37,HOME APPLIANCES,0.07635904
2017-08-25,37,HOME APPLIANCES,0.10092338
2017-08-26,37,HOME APPLIANCES,0.1237187
2017-08-27,37,HOME APPLIANCES,0.1433757
2017-08-28,37,HOME APPLIANCES,0.12232925
2017-08-29,37,HOME APPLIANCES,0.11138416
2017-08-30,37,HOME APPLIANCES,0.1752054
2017-08-16,37,HOME CARE,266.2417
2017-08-17,37,HOME CARE,256.73062
2017-08-18,37,HOME CARE,257.172
2017-08-19,37,HOME CARE,261.55344
2017-08-20,37,HOME CARE,284.60434
2017-08-21,37,HOME CARE,215.00714
2017-08-22,37,HOME CARE,196.32661
2017-08-23,37,HOME CARE,235.90569
2017-08-24,37,HOME CARE,254.39848
2017-08-25,37,HOME CARE,248.76375
2017-08-26,37,HOME CARE,242.99083
2017-08-27,37,HOME CARE,255.66618
2017-08-28,37,HOME CARE,179.32565
2017-08-29,37,HOME CARE,187.92842
2017-08-30,37,HOME CARE,219.57858
2017-08-16,37,LADIESWEAR,26.524702
2017-08-17,37,LADIESWEAR,31.925766
2017-08-18,37,LADIESWEAR,28.672007
2017-08-19,37,LADIESWEAR,24.38525
2017-08-20,37,LADIESWEAR,27.194187
2017-08-21,37,LADIESWEAR,21.452427
2017-08-22,37,LADIESWEAR,18.111631
2017-08-23,37,LADIESWEAR,21.834358
2017-08-24,37,LADIESWEAR,27.433136
2017-08-25,37,LADIESWEAR,25.902601
2017-08-26,37,LADIESWEAR,26.401598
2017-08-27,37,LADIESWEAR,23.349247
2017-08-28,37,LADIESWEAR,21.442753
2017-08-29,37,LADIESWEAR,18.224821
2017-08-30,37,LADIESWEAR,21.18636
2017-08-16,37,LAWN AND GARDEN,22.33823
2017-08-17,37,LAWN AND GARDEN,20.42601
2017-08-18,37,LAWN AND GARDEN,19.874376
2017-08-19,37,LAWN AND GARDEN,21.976564
2017-08-20,37,LAWN AND GARDEN,17.746208
2017-08-21,37,LAWN AND GARDEN,17.79389
2017-08-22,37,LAWN AND GARDEN,13.821117
2017-08-23,37,LAWN AND GARDEN,21.754726
2017-08-24,37,LAWN AND GARDEN,24.280197
2017-08-25,37,LAWN AND GARDEN,20.111216
2017-08-26,37,LAWN AND GARDEN,20.014727
2017-08-27,37,LAWN AND GARDEN,19.022303
2017-08-28,37,LAWN AND GARDEN,18.62503
2017-08-29,37,LAWN AND GARDEN,16.97524
2017-08-30,37,LAWN AND GARDEN,22.558384
2017-08-16,37,LINGERIE,12.434583
2017-08-17,37,LINGERIE,15.381885
2017-08-18,37,LINGERIE,12.748518
2017-08-19,37,LINGERIE,14.667687
2017-08-20,37,LINGERIE,10.304672
2017-08-21,37,LINGERIE,10.684375
2017-08-22,37,LINGERIE,9.709693
2017-08-23,37,LINGERIE,12.38291
2017-08-24,37,LINGERIE,12.514641
2017-08-25,37,LINGERIE,11.165107
2017-08-26,37,LINGERIE,11.160484
2017-08-27,37,LINGERIE,10.651396
2017-08-28,37,LINGERIE,12.1711445
2017-08-29,37,LINGERIE,11.098574
2017-08-30,37,LINGERIE,12.386448
2017-08-16,37,"LIQUOR,WINE,BEER",108.1872
2017-08-17,37,"LIQUOR,WINE,BEER",85.16443
2017-08-18,37,"LIQUOR,WINE,BEER",129.12976
2017-08-19,37,"LIQUOR,WINE,BEER",98.37919
2017-08-20,37,"LIQUOR,WINE,BEER",60.770996
2017-08-21,37,"LIQUOR,WINE,BEER",137.41104
2017-08-22,37,"LIQUOR,WINE,BEER",94.55741
2017-08-23,37,"LIQUOR,WINE,BEER",90.49444
2017-08-24,37,"LIQUOR,WINE,BEER",83.75596
2017-08-25,37,"LIQUOR,WINE,BEER",95.49181
2017-08-26,37,"LIQUOR,WINE,BEER",77.75833
2017-08-27,37,"LIQUOR,WINE,BEER",45.67788
2017-08-28,37,"LIQUOR,WINE,BEER",99.5452
2017-08-29,37,"LIQUOR,WINE,BEER",83.89341
2017-08-30,37,"LIQUOR,WINE,BEER",84.71414
2017-08-16,37,MAGAZINES,13.859563
2017-08-17,37,MAGAZINES,14.961733
2017-08-18,37,MAGAZINES,12.428808
2017-08-19,37,MAGAZINES,15.136922
2017-08-20,37,MAGAZINES,13.260352
2017-08-21,37,MAGAZINES,10.139959
2017-08-22,37,MAGAZINES,8.765157
2017-08-23,37,MAGAZINES,12.789426
2017-08-24,37,MAGAZINES,13.690968
2017-08-25,37,MAGAZINES,11.002345
2017-08-26,37,MAGAZINES,11.083999
2017-08-27,37,MAGAZINES,10.970391
2017-08-28,37,MAGAZINES,9.512667
2017-08-29,37,MAGAZINES,8.4413595
2017-08-30,37,MAGAZINES,12.301943
2017-08-16,37,MEATS,190.54471
2017-08-17,37,MEATS,189.46577
2017-08-18,37,MEATS,230.00601
2017-08-19,37,MEATS,153.32819
2017-08-20,37,MEATS,159.32947
2017-08-21,37,MEATS,138.51486
2017-08-22,37,MEATS,160.83282
2017-08-23,37,MEATS,187.5323
2017-08-24,37,MEATS,187.17456
2017-08-25,37,MEATS,233.75977
2017-08-26,37,MEATS,158.29745
2017-08-27,37,MEATS,167.83757
2017-08-28,37,MEATS,142.31873
2017-08-29,37,MEATS,166.76968
2017-08-30,37,MEATS,192.40666
2017-08-16,37,PERSONAL CARE,354.80237
2017-08-17,37,PERSONAL CARE,481.66772
2017-08-18,37,PERSONAL CARE,367.04065
2017-08-19,37,PERSONAL CARE,403.5486
2017-08-20,37,PERSONAL CARE,375.32904
2017-08-21,37,PERSONAL CARE,318.8067
2017-08-22,37,PERSONAL CARE,334.84882
2017-08-23,37,PERSONAL CARE,410.68613
2017-08-24,37,PERSONAL CARE,499.15765
2017-08-25,37,PERSONAL CARE,424.40924
2017-08-26,37,PERSONAL CARE,448.86453
2017-08-27,37,PERSONAL CARE,410.01205
2017-08-28,37,PERSONAL CARE,357.03406
2017-08-29,37,PERSONAL CARE,376.1584
2017-08-30,37,PERSONAL CARE,414.29312
2017-08-16,37,PET SUPPLIES,9.067892
2017-08-17,37,PET SUPPLIES,10.204717
2017-08-18,37,PET SUPPLIES,10.431677
2017-08-19,37,PET SUPPLIES,9.288165
2017-08-20,37,PET SUPPLIES,8.795729
2017-08-21,37,PET SUPPLIES,7.450448
2017-08-22,37,PET SUPPLIES,6.9843616
2017-08-23,37,PET SUPPLIES,7.7770176
2017-08-24,37,PET SUPPLIES,8.441669
2017-08-25,37,PET SUPPLIES,8.0806265
2017-08-26,37,PET SUPPLIES,8.844781
2017-08-27,37,PET SUPPLIES,8.447499
2017-08-28,37,PET SUPPLIES,6.756693
2017-08-29,37,PET SUPPLIES,6.672091
2017-08-30,37,PET SUPPLIES,7.2531915
2017-08-16,37,PLAYERS AND ELECTRONICS,12.370468
2017-08-17,37,PLAYERS AND ELECTRONICS,10.979004
2017-08-18,37,PLAYERS AND ELECTRONICS,10.58695
2017-08-19,37,PLAYERS AND ELECTRONICS,11.643781
2017-08-20,37,PLAYERS AND ELECTRONICS,10.839412
2017-08-21,37,PLAYERS AND ELECTRONICS,9.031913
2017-08-22,37,PLAYERS AND ELECTRONICS,9.672996
2017-08-23,37,PLAYERS AND ELECTRONICS,10.026715
2017-08-24,37,PLAYERS AND ELECTRONICS,10.301702
2017-08-25,37,PLAYERS AND ELECTRONICS,9.874191
2017-08-26,37,PLAYERS AND ELECTRONICS,11.367284
2017-08-27,37,PLAYERS AND ELECTRONICS,10.0910425
2017-08-28,37,PLAYERS AND ELECTRONICS,9.23247
2017-08-29,37,PLAYERS AND ELECTRONICS,9.532693
2017-08-30,37,PLAYERS AND ELECTRONICS,9.651832
2017-08-16,37,POULTRY,150.06607
2017-08-17,37,POULTRY,156.75621
2017-08-18,37,POULTRY,155.78558
2017-08-19,37,POULTRY,126.565796
2017-08-20,37,POULTRY,141.28337
2017-08-21,37,POULTRY,111.775055
2017-08-22,37,POULTRY,128.958
2017-08-23,37,POULTRY,153.16179
2017-08-24,37,POULTRY,158.67409
2017-08-25,37,POULTRY,171.28195
2017-08-26,37,POULTRY,137.54488
2017-08-27,37,POULTRY,141.2208
2017-08-28,37,POULTRY,124.97941
2017-08-29,37,POULTRY,139.60617
2017-08-30,37,POULTRY,162.41493
2017-08-16,37,PREPARED FOODS,86.12476
2017-08-17,37,PREPARED FOODS,91.29822
2017-08-18,37,PREPARED FOODS,77.02813
2017-08-19,37,PREPARED FOODS,88.76704
2017-08-20,37,PREPARED FOODS,84.65533
2017-08-21,37,PREPARED FOODS,76.05404
2017-08-22,37,PREPARED FOODS,80.205215
2017-08-23,37,PREPARED FOODS,89.376335
2017-08-24,37,PREPARED FOODS,92.67439
2017-08-25,37,PREPARED FOODS,81.08044
2017-08-26,37,PREPARED FOODS,87.35044
2017-08-27,37,PREPARED FOODS,81.274345
2017-08-28,37,PREPARED FOODS,74.31076
2017-08-29,37,PREPARED FOODS,80.720474
2017-08-30,37,PREPARED FOODS,92.208046
2017-08-16,37,PRODUCE,3285.7468
2017-08-17,37,PRODUCE,1585.5576
2017-08-18,37,PRODUCE,1650.26
2017-08-19,37,PRODUCE,1688.0583
2017-08-20,37,PRODUCE,1866.7363
2017-08-21,37,PRODUCE,1714.1921
2017-08-22,37,PRODUCE,1498.3059
2017-08-23,37,PRODUCE,3220.6033
2017-08-24,37,PRODUCE,1483.3936
2017-08-25,37,PRODUCE,1482.8073
2017-08-26,37,PRODUCE,1496.1799
2017-08-27,37,PRODUCE,1749.0405
2017-08-28,37,PRODUCE,1625.801
2017-08-29,37,PRODUCE,1480.7153
2017-08-30,37,PRODUCE,3162.5256
2017-08-16,37,SCHOOL AND OFFICE SUPPLIES,1.1875204
2017-08-17,37,SCHOOL AND OFFICE SUPPLIES,0.9108391
2017-08-18,37,SCHOOL AND OFFICE SUPPLIES,0.669917
2017-08-19,37,SCHOOL AND OFFICE SUPPLIES,0.7806685
2017-08-20,37,SCHOOL AND OFFICE SUPPLIES,0.8026195
2017-08-21,37,SCHOOL AND OFFICE SUPPLIES,0.7889146
2017-08-22,37,SCHOOL AND OFFICE SUPPLIES,0.6775853
2017-08-23,37,SCHOOL AND OFFICE SUPPLIES,0.66101795
2017-08-24,37,SCHOOL AND OFFICE SUPPLIES,0.9786966
2017-08-25,37,SCHOOL AND OFFICE SUPPLIES,0.52349705
2017-08-26,37,SCHOOL AND OFFICE SUPPLIES,0.55887765
2017-08-27,37,SCHOOL AND OFFICE SUPPLIES,0.5882786
2017-08-28,37,SCHOOL AND OFFICE SUPPLIES,0.568992
2017-08-29,37,SCHOOL AND OFFICE SUPPLIES,0.5125124
2017-08-30,37,SCHOOL AND OFFICE SUPPLIES,0.74775326
2017-08-16,37,SEAFOOD,15.263764
2017-08-17,37,SEAFOOD,18.802582
2017-08-18,37,SEAFOOD,17.324083
2017-08-19,37,SEAFOOD,15.722853
2017-08-20,37,SEAFOOD,17.336308
2017-08-21,37,SEAFOOD,13.550652
2017-08-22,37,SEAFOOD,14.781915
2017-08-23,37,SEAFOOD,16.364815
2017-08-24,37,SEAFOOD,18.524525
2017-08-25,37,SEAFOOD,16.865685
2017-08-26,37,SEAFOOD,17.782139
2017-08-27,37,SEAFOOD,16.95694
2017-08-28,37,SEAFOOD,14.492942
2017-08-29,37,SEAFOOD,14.602378
2017-08-30,37,SEAFOOD,15.961235
2017-08-16,38,AUTOMOTIVE,9.359346
2017-08-17,38,AUTOMOTIVE,9.139928
2017-08-18,38,AUTOMOTIVE,8.374189
2017-08-19,38,AUTOMOTIVE,9.408909
2017-08-20,38,AUTOMOTIVE,7.473912
2017-08-21,38,AUTOMOTIVE,7.475002
2017-08-22,38,AUTOMOTIVE,8.126066
2017-08-23,38,AUTOMOTIVE,8.647038
2017-08-24,38,AUTOMOTIVE,8.515141
2017-08-25,38,AUTOMOTIVE,8.21152
2017-08-26,38,AUTOMOTIVE,8.9654255
2017-08-27,38,AUTOMOTIVE,7.425737
2017-08-28,38,AUTOMOTIVE,8.169209
2017-08-29,38,AUTOMOTIVE,7.390848
2017-08-30,38,AUTOMOTIVE,9.385741
2017-08-16,38,BABY CARE,0.34833407
2017-08-17,38,BABY CARE,0.27111003
2017-08-18,38,BABY CARE,0.29843903
2017-08-19,38,BABY CARE,0.38034874
2017-08-20,38,BABY CARE,0.30180243
2017-08-21,38,BABY CARE,0.19084795
2017-08-22,38,BABY CARE,0.35579878
2017-08-23,38,BABY CARE,0.26699257
2017-08-24,38,BABY CARE,0.2575298
2017-08-25,38,BABY CARE,0.29023567
2017-08-26,38,BABY CARE,0.32959244
2017-08-27,38,BABY CARE,0.25493038
2017-08-28,38,BABY CARE,0.26809433
2017-08-29,38,BABY CARE,0.2569668
2017-08-30,38,BABY CARE,0.28632066
2017-08-16,38,BEAUTY,4.2334185
2017-08-17,38,BEAUTY,3.8507698
2017-08-18,38,BEAUTY,3.6083484
2017-08-19,38,BEAUTY,4.330001
2017-08-20,38,BEAUTY,3.6931047
2017-08-21,38,BEAUTY,2.9019072
2017-08-22,38,BEAUTY,3.0526135
2017-08-23,38,BEAUTY,3.247475
2017-08-24,38,BEAUTY,3.5548663
2017-08-25,38,BEAUTY,3.0666208
2017-08-26,38,BEAUTY,4.2169147
2017-08-27,38,BEAUTY,3.1761029
2017-08-28,38,BEAUTY,2.8035626
2017-08-29,38,BEAUTY,3.2135437
2017-08-30,38,BEAUTY,3.4879699
2017-08-16,38,BEVERAGES,3833.0508
2017-08-17,38,BEVERAGES,3638.9587
2017-08-18,38,BEVERAGES,3649.8086
2017-08-19,38,BEVERAGES,3637.6511
2017-08-20,38,BEVERAGES,3174.9016
2017-08-21,38,BEVERAGES,3345.9817
2017-08-22,38,BEVERAGES,3190.515
2017-08-23,38,BEVERAGES,3619.2715
2017-08-24,38,BEVERAGES,3495.8337
2017-08-25,38,BEVERAGES,3659.503
2017-08-26,38,BEVERAGES,3450.218
2017-08-27,38,BEVERAGES,2985.0535
2017-08-28,38,BEVERAGES,3226.8433
2017-08-29,38,BEVERAGES,2847.2183
2017-08-30,38,BEVERAGES,3451.3755
2017-08-16,38,BOOKS,705.44617
2017-08-17,38,BOOKS,677.8737
2017-08-18,38,BOOKS,760.7881
2017-08-19,38,BOOKS,784.95544
2017-08-20,38,BOOKS,799.3849
2017-08-21,38,BOOKS,710.68524
2017-08-22,38,BOOKS,687.079
2017-08-23,38,BOOKS,763.8175
2017-08-24,38,BOOKS,668.70337
2017-08-25,38,BOOKS,821.3742
2017-08-26,38,BOOKS,853.84326
2017-08-27,38,BOOKS,866.89355
2017-08-28,38,BOOKS,693.787
2017-08-29,38,BOOKS,649.79974
2017-08-30,38,BOOKS,756.5383
2017-08-16,38,BREAD/BAKERY,7.80998
2017-08-17,38,BREAD/BAKERY,6.298212
2017-08-18,38,BREAD/BAKERY,7.8535604
2017-08-19,38,BREAD/BAKERY,7.8276463
2017-08-20,38,BREAD/BAKERY,6.601757
2017-08-21,38,BREAD/BAKERY,7.924664
2017-08-22,38,BREAD/BAKERY,7.2108927
2017-08-23,38,BREAD/BAKERY,9.413443
2017-08-24,38,BREAD/BAKERY,6.1198697
2017-08-25,38,BREAD/BAKERY,7.6122494
2017-08-26,38,BREAD/BAKERY,7.8569455
2017-08-27,38,BREAD/BAKERY,7.2988358
2017-08-28,38,BREAD/BAKERY,8.19282
2017-08-29,38,BREAD/BAKERY,6.9905033
2017-08-30,38,BREAD/BAKERY,8.962142
2017-08-16,38,CELEBRATION,1414.9587
2017-08-17,38,CELEBRATION,1214.6088
2017-08-18,38,CELEBRATION,1337.2155
2017-08-19,38,CELEBRATION,1640.7384
2017-08-20,38,CELEBRATION,1259.2731
2017-08-21,38,CELEBRATION,1160.1564
2017-08-22,38,CELEBRATION,1288.2328
2017-08-23,38,CELEBRATION,1474.4939
2017-08-24,38,CELEBRATION,1433.7003
2017-08-25,38,CELEBRATION,1470.7474
2017-08-26,38,CELEBRATION,1633.1799
2017-08-27,38,CELEBRATION,1261.0914
2017-08-28,38,CELEBRATION,1272.3148
2017-08-29,38,CELEBRATION,1338.5964
2017-08-30,38,CELEBRATION,1472.8381
2017-08-16,38,CLEANING,823.7791
2017-08-17,38,CLEANING,637.93884
2017-08-18,38,CLEANING,619.3772
2017-08-19,38,CLEANING,672.4688
2017-08-20,38,CLEANING,628.6917
2017-08-21,38,CLEANING,641.14075
2017-08-22,38,CLEANING,637.3982
2017-08-23,38,CLEANING,841.69196
2017-08-24,38,CLEANING,637.7002
2017-08-25,38,CLEANING,620.87805
2017-08-26,38,CLEANING,665.9064
2017-08-27,38,CLEANING,595.811
2017-08-28,38,CLEANING,612.8785
2017-08-29,38,CLEANING,611.1731
2017-08-30,38,CLEANING,839.8958
2017-08-16,38,DAIRY,208.86324
2017-08-17,38,DAIRY,192.07108
2017-08-18,38,DAIRY,240.05312
2017-08-19,38,DAIRY,205.89694
2017-08-20,38,DAIRY,166.98375
2017-08-21,38,DAIRY,185.287
2017-08-22,38,DAIRY,179.59433
2017-08-23,38,DAIRY,193.75934
2017-08-24,38,DAIRY,196.10466
2017-08-25,38,DAIRY,245.79921
2017-08-26,38,DAIRY,223.09085
2017-08-27,38,DAIRY,185.84543
2017-08-28,38,DAIRY,191.20187
2017-08-29,38,DAIRY,178.83363
2017-08-30,38,DAIRY,201.91547
2017-08-16,38,DELI,417.81573
2017-08-17,38,DELI,421.382
2017-08-18,38,DELI,499.20883
2017-08-19,38,DELI,448.29654
2017-08-20,38,DELI,295.8955
2017-08-21,38,DELI,420.25552
2017-08-22,38,DELI,281.40326
2017-08-23,38,DELI,370.81577
2017-08-24,38,DELI,348.33035
2017-08-25,38,DELI,518.4529
2017-08-26,38,DELI,410.49222
2017-08-27,38,DELI,330.14594
2017-08-28,38,DELI,428.2721
2017-08-29,38,DELI,271.91562
2017-08-30,38,DELI,353.66113
2017-08-16,38,EGGS,74.61452
2017-08-17,38,EGGS,69.00748
2017-08-18,38,EGGS,69.63662
2017-08-19,38,EGGS,88.81962
2017-08-20,38,EGGS,64.67585
2017-08-21,38,EGGS,68.23696
2017-08-22,38,EGGS,66.67106
2017-08-23,38,EGGS,78.39052
2017-08-24,38,EGGS,75.18776
2017-08-25,38,EGGS,69.52264
2017-08-26,38,EGGS,84.89562
2017-08-27,38,EGGS,62.378796
2017-08-28,38,EGGS,67.16142
2017-08-29,38,EGGS,67.83205
2017-08-30,38,EGGS,80.202774
2017-08-16,38,FROZEN FOODS,6054.988
2017-08-17,38,FROZEN FOODS,5376.6187
2017-08-18,38,FROZEN FOODS,5399.472
2017-08-19,38,FROZEN FOODS,5603.9663
2017-08-20,38,FROZEN FOODS,5157.818
2017-08-21,38,FROZEN FOODS,5365.712
2017-08-22,38,FROZEN FOODS,5151.1045
2017-08-23,38,FROZEN FOODS,5683.093
2017-08-24,38,FROZEN FOODS,5544.7295
2017-08-25,38,FROZEN FOODS,5762.346
2017-08-26,38,FROZEN FOODS,5705.4136
2017-08-27,38,FROZEN FOODS,4769.856
2017-08-28,38,FROZEN FOODS,5027.857
2017-08-29,38,FROZEN FOODS,4860.807
2017-08-30,38,FROZEN FOODS,5652.211
2017-08-16,38,GROCERY I,31.164228
2017-08-17,38,GROCERY I,29.802011
2017-08-18,38,GROCERY I,30.713879
2017-08-19,38,GROCERY I,34.066547
2017-08-20,38,GROCERY I,28.970451
2017-08-21,38,GROCERY I,28.191608
2017-08-22,38,GROCERY I,26.819519
2017-08-23,38,GROCERY I,30.289316
2017-08-24,38,GROCERY I,28.328783
2017-08-25,38,GROCERY I,29.445234
2017-08-26,38,GROCERY I,32.721485
2017-08-27,38,GROCERY I,28.874329
2017-08-28,38,GROCERY I,28.409853
2017-08-29,38,GROCERY I,25.683664
2017-08-30,38,GROCERY I,28.60909
2017-08-16,38,GROCERY II,1.7344257
2017-08-17,38,GROCERY II,2.0502532
2017-08-18,38,GROCERY II,1.8124877
2017-08-19,38,GROCERY II,2.0874956
2017-08-20,38,GROCERY II,1.7538382
2017-08-21,38,GROCERY II,1.5281963
2017-08-22,38,GROCERY II,1.7659324
2017-08-23,38,GROCERY II,1.606513
2017-08-24,38,GROCERY II,1.7167819
2017-08-25,38,GROCERY II,1.752678
2017-08-26,38,GROCERY II,1.7984761
2017-08-27,38,GROCERY II,1.839615
2017-08-28,38,GROCERY II,1.6552626
2017-08-29,38,GROCERY II,1.941777
2017-08-30,38,GROCERY II,1.924298
2017-08-16,38,HARDWARE,26.974997
2017-08-17,38,HARDWARE,22.05477
2017-08-18,38,HARDWARE,25.82847
2017-08-19,38,HARDWARE,31.177015
2017-08-20,38,HARDWARE,25.73538
2017-08-21,38,HARDWARE,22.711264
2017-08-22,38,HARDWARE,23.051582
2017-08-23,38,HARDWARE,26.116447
2017-08-24,38,HARDWARE,20.296495
2017-08-25,38,HARDWARE,24.502573
2017-08-26,38,HARDWARE,25.936846
2017-08-27,38,HARDWARE,20.749542
2017-08-28,38,HARDWARE,23.275171
2017-08-29,38,HARDWARE,22.898628
2017-08-30,38,HARDWARE,27.036644
2017-08-16,38,HOME AND KITCHEN I,18.139568
2017-08-17,38,HOME AND KITCHEN I,17.076496
2017-08-18,38,HOME AND KITCHEN I,17.867981
2017-08-19,38,HOME AND KITCHEN I,19.599945
2017-08-20,38,HOME AND KITCHEN I,19.945984
2017-08-21,38,HOME AND KITCHEN I,15.74651
2017-08-22,38,HOME AND KITCHEN I,17.01724
2017-08-23,38,HOME AND KITCHEN I,19.952093
2017-08-24,38,HOME AND KITCHEN I,17.230972
2017-08-25,38,HOME AND KITCHEN I,17.840971
2017-08-26,38,HOME AND KITCHEN I,20.721481
2017-08-27,38,HOME AND KITCHEN I,17.757185
2017-08-28,38,HOME AND KITCHEN I,15.899155
2017-08-29,38,HOME AND KITCHEN I,16.09044
2017-08-30,38,HOME AND KITCHEN I,16.517466
2017-08-16,38,HOME AND KITCHEN II,0.17581384
2017-08-17,38,HOME AND KITCHEN II,0.20108978
2017-08-18,38,HOME AND KITCHEN II,0.23569171
2017-08-19,38,HOME AND KITCHEN II,0.2982673
2017-08-20,38,HOME AND KITCHEN II,0.22038078
2017-08-21,38,HOME AND KITCHEN II,0.22028331
2017-08-22,38,HOME AND KITCHEN II,0.16423362
2017-08-23,38,HOME AND KITCHEN II,0.314889
2017-08-24,38,HOME AND KITCHEN II,0.26813737
2017-08-25,38,HOME AND KITCHEN II,0.2752361
2017-08-26,38,HOME AND KITCHEN II,0.33011097
2017-08-27,38,HOME AND KITCHEN II,0.26967868
2017-08-28,38,HOME AND KITCHEN II,0.25318655
2017-08-29,38,HOME AND KITCHEN II,0.2954629
2017-08-30,38,HOME AND KITCHEN II,0.35622638
2017-08-16,38,HOME APPLIANCES,301.5783
2017-08-17,38,HOME APPLIANCES,226.81328
2017-08-18,38,HOME APPLIANCES,273.19675
2017-08-19,38,HOME APPLIANCES,274.74545
2017-08-20,38,HOME APPLIANCES,249.62062
2017-08-21,38,HOME APPLIANCES,220.33727
2017-08-22,38,HOME APPLIANCES,202.32579
2017-08-23,38,HOME APPLIANCES,243.66629
2017-08-24,38,HOME APPLIANCES,212.91194
2017-08-25,38,HOME APPLIANCES,248.09177
2017-08-26,38,HOME APPLIANCES,275.86542
2017-08-27,38,HOME APPLIANCES,253.12685
2017-08-28,38,HOME APPLIANCES,223.22485
2017-08-29,38,HOME APPLIANCES,196.54068
2017-08-30,38,HOME APPLIANCES,216.09398
2017-08-16,38,HOME CARE,6.195291
2017-08-17,38,HOME CARE,6.833957
2017-08-18,38,HOME CARE,6.65176
2017-08-19,38,HOME CARE,7.3061957
2017-08-20,38,HOME CARE,6.3103595
2017-08-21,38,HOME CARE,5.355957
2017-08-22,38,HOME CARE,4.8930097
2017-08-23,38,HOME CARE,5.583871
2017-08-24,38,HOME CARE,7.012764
2017-08-25,38,HOME CARE,5.9980216
2017-08-26,38,HOME CARE,6.4042764
2017-08-27,38,HOME CARE,5.5622745
2017-08-28,38,HOME CARE,5.350675
2017-08-29,38,HOME CARE,6.671294
2017-08-30,38,HOME CARE,7.2569604
2017-08-16,38,LADIESWEAR,22.129814
2017-08-17,38,LADIESWEAR,13.757436
2017-08-18,38,LADIESWEAR,17.82171
2017-08-19,38,LADIESWEAR,18.235346
2017-08-20,38,LADIESWEAR,15.019487
2017-08-21,38,LADIESWEAR,16.002192
2017-08-22,38,LADIESWEAR,13.35605
2017-08-23,38,LADIESWEAR,18.659943
2017-08-24,38,LADIESWEAR,17.912645
2017-08-25,38,LADIESWEAR,18.472036
2017-08-26,38,LADIESWEAR,21.931904
2017-08-27,38,LADIESWEAR,18.04486
2017-08-28,38,LADIESWEAR,15.468589
2017-08-29,38,LADIESWEAR,13.968669
2017-08-30,38,LADIESWEAR,19.25308
2017-08-16,38,LAWN AND GARDEN,7.846711
2017-08-17,38,LAWN AND GARDEN,7.641816
2017-08-18,38,LAWN AND GARDEN,7.5720787
2017-08-19,38,LAWN AND GARDEN,8.21337
2017-08-20,38,LAWN AND GARDEN,6.8320117
2017-08-21,38,LAWN AND GARDEN,7.5141187
2017-08-22,38,LAWN AND GARDEN,5.8177695
2017-08-23,38,LAWN AND GARDEN,6.803086
2017-08-24,38,LAWN AND GARDEN,7.1100564
2017-08-25,38,LAWN AND GARDEN,7.476184
2017-08-26,38,LAWN AND GARDEN,8.0172
2017-08-27,38,LAWN AND GARDEN,7.748298
2017-08-28,38,LAWN AND GARDEN,6.3468966
2017-08-29,38,LAWN AND GARDEN,6.798164
2017-08-30,38,LAWN AND GARDEN,7.651619
2017-08-16,38,LINGERIE,59.648994
2017-08-17,38,LINGERIE,56.289925
2017-08-18,38,LINGERIE,61.23875
2017-08-19,38,LINGERIE,48.402313
2017-08-20,38,LINGERIE,40.11648
2017-08-21,38,LINGERIE,60.814407
2017-08-22,38,LINGERIE,50.5966
2017-08-23,38,LINGERIE,57.781006
2017-08-24,38,LINGERIE,57.774822
2017-08-25,38,LINGERIE,68.02679
2017-08-26,38,LINGERIE,49.33237
2017-08-27,38,LINGERIE,44.681023
2017-08-28,38,LINGERIE,54.97008
2017-08-29,38,LINGERIE,49.385853
2017-08-30,38,LINGERIE,53.685867
2017-08-16,38,"LIQUOR,WINE,BEER",5.97495
2017-08-17,38,"LIQUOR,WINE,BEER",7.060883
2017-08-18,38,"LIQUOR,WINE,BEER",5.37141
2017-08-19,38,"LIQUOR,WINE,BEER",5.7292786
2017-08-20,38,"LIQUOR,WINE,BEER",5.326916
2017-08-21,38,"LIQUOR,WINE,BEER",3.5057542
2017-08-22,38,"LIQUOR,WINE,BEER",3.5844269
2017-08-23,38,"LIQUOR,WINE,BEER",5.109507
2017-08-24,38,"LIQUOR,WINE,BEER",4.7428226
2017-08-25,38,"LIQUOR,WINE,BEER",4.898824
2017-08-26,38,"LIQUOR,WINE,BEER",5.2471294
2017-08-27,38,"LIQUOR,WINE,BEER",4.7554255
2017-08-28,38,"LIQUOR,WINE,BEER",4.6479597
2017-08-29,38,"LIQUOR,WINE,BEER",3.6535618
2017-08-30,38,"LIQUOR,WINE,BEER",3.6458929
2017-08-16,38,MAGAZINES,182.23405
2017-08-17,38,MAGAZINES,193.62689
2017-08-18,38,MAGAZINES,168.27345
2017-08-19,38,MAGAZINES,188.50467
2017-08-20,38,MAGAZINES,149.78453
2017-08-21,38,MAGAZINES,168.91386
2017-08-22,38,MAGAZINES,137.15396
2017-08-23,38,MAGAZINES,165.20625
2017-08-24,38,MAGAZINES,200.02156
2017-08-25,38,MAGAZINES,161.42627
2017-08-26,38,MAGAZINES,188.38925
2017-08-27,38,MAGAZINES,150.07309
2017-08-28,38,MAGAZINES,176.51482
2017-08-29,38,MAGAZINES,140.24138
2017-08-30,38,MAGAZINES,181.49745
2017-08-16,38,MEATS,332.31433
2017-08-17,38,MEATS,305.57275
2017-08-18,38,MEATS,333.82053
2017-08-19,38,MEATS,400.11203
2017-08-20,38,MEATS,356.17056
2017-08-21,38,MEATS,335.83963
2017-08-22,38,MEATS,330.08514
2017-08-23,38,MEATS,346.01382
2017-08-24,38,MEATS,319.30154
2017-08-25,38,MEATS,347.36182
2017-08-26,38,MEATS,406.96457
2017-08-27,38,MEATS,327.76688
2017-08-28,38,MEATS,326.92487
2017-08-29,38,MEATS,326.4839
2017-08-30,38,MEATS,327.34198
2017-08-16,38,PERSONAL CARE,6.163187
2017-08-17,38,PERSONAL CARE,6.9747887
2017-08-18,38,PERSONAL CARE,7.0299907
2017-08-19,38,PERSONAL CARE,7.6646967
2017-08-20,38,PERSONAL CARE,6.2509403
2017-08-21,38,PERSONAL CARE,5.5786633
2017-08-22,38,PERSONAL CARE,5.643471
2017-08-23,38,PERSONAL CARE,6.1346874
2017-08-24,38,PERSONAL CARE,6.371123
2017-08-25,38,PERSONAL CARE,6.796575
2017-08-26,38,PERSONAL CARE,6.8153405
2017-08-27,38,PERSONAL CARE,5.6627445
2017-08-28,38,PERSONAL CARE,5.7410464
2017-08-29,38,PERSONAL CARE,5.1820936
2017-08-30,38,PERSONAL CARE,6.183171
2017-08-16,38,PET SUPPLIES,9.121654
2017-08-17,38,PET SUPPLIES,9.492737
2017-08-18,38,PET SUPPLIES,9.188999
2017-08-19,38,PET SUPPLIES,10.160228
2017-08-20,38,PET SUPPLIES,9.193519
2017-08-21,38,PET SUPPLIES,9.320227
2017-08-22,38,PET SUPPLIES,8.924107
2017-08-23,38,PET SUPPLIES,10.376558
2017-08-24,38,PET SUPPLIES,10.398198
2017-08-25,38,PET SUPPLIES,10.2285
2017-08-26,38,PET SUPPLIES,11.533732
2017-08-27,38,PET SUPPLIES,9.994204
2017-08-28,38,PET SUPPLIES,7.1987534
2017-08-29,38,PET SUPPLIES,7.3442826
2017-08-30,38,PET SUPPLIES,9.338019
2017-08-16,38,PLAYERS AND ELECTRONICS,244.70808
2017-08-17,38,PLAYERS AND ELECTRONICS,231.38646
2017-08-18,38,PLAYERS AND ELECTRONICS,279.94675
2017-08-19,38,PLAYERS AND ELECTRONICS,245.51718
2017-08-20,38,PLAYERS AND ELECTRONICS,219.36015
2017-08-21,38,PLAYERS AND ELECTRONICS,222.15959
2017-08-22,38,PLAYERS AND ELECTRONICS,202.751
2017-08-23,38,PLAYERS AND ELECTRONICS,251.70302
2017-08-24,38,PLAYERS AND ELECTRONICS,225.2243
2017-08-25,38,PLAYERS AND ELECTRONICS,291.81857
2017-08-26,38,PLAYERS AND ELECTRONICS,261.30762
2017-08-27,38,PLAYERS AND ELECTRONICS,219.78603
2017-08-28,38,PLAYERS AND ELECTRONICS,229.71077
2017-08-29,38,PLAYERS AND ELECTRONICS,192.68013
2017-08-30,38,PLAYERS AND ELECTRONICS,252.31616
2017-08-16,38,POULTRY,56.660316
2017-08-17,38,POULTRY,57.805965
2017-08-18,38,POULTRY,56.429844
2017-08-19,38,POULTRY,59.80775
2017-08-20,38,POULTRY,51.05389
2017-08-21,38,POULTRY,50.779945
2017-08-22,38,POULTRY,51.923504
2017-08-23,38,POULTRY,59.62746
2017-08-24,38,POULTRY,54.51994
2017-08-25,38,POULTRY,64.90904
2017-08-26,38,POULTRY,66.82112
2017-08-27,38,POULTRY,52.047283
2017-08-28,38,POULTRY,57.05685
2017-08-29,38,POULTRY,49.28454
2017-08-30,38,POULTRY,57.294662
2017-08-16,38,PREPARED FOODS,1817.9713
2017-08-17,38,PREPARED FOODS,889.065
2017-08-18,38,PREPARED FOODS,917.13477
2017-08-19,38,PREPARED FOODS,911.6035
2017-08-20,38,PREPARED FOODS,966.1538
2017-08-21,38,PREPARED FOODS,1073.6313
2017-08-22,38,PREPARED FOODS,1496.0122
2017-08-23,38,PREPARED FOODS,1010.6881
2017-08-24,38,PREPARED FOODS,775.122
2017-08-25,38,PREPARED FOODS,849.89246
2017-08-26,38,PREPARED FOODS,1029.9592
2017-08-27,38,PREPARED FOODS,972.5769
2017-08-28,38,PREPARED FOODS,1037.2194
2017-08-29,38,PREPARED FOODS,1379.3275
2017-08-30,38,PREPARED FOODS,894.2855
2017-08-16,38,PRODUCE,9.169896
2017-08-17,38,PRODUCE,11.648657
2017-08-18,38,PRODUCE,10.129944
2017-08-19,38,PRODUCE,10.685518
2017-08-20,38,PRODUCE,10.771735
2017-08-21,38,PRODUCE,7.7940574
2017-08-22,38,PRODUCE,7.145727
2017-08-23,38,PRODUCE,9.886318
2017-08-24,38,PRODUCE,8.916085
2017-08-25,38,PRODUCE,11.9421625
2017-08-26,38,PRODUCE,14.327377
2017-08-27,38,PRODUCE,11.435082
2017-08-28,38,PRODUCE,9.593939
2017-08-29,38,PRODUCE,7.4528246
2017-08-30,38,PRODUCE,7.1725245
2017-08-16,38,SCHOOL AND OFFICE SUPPLIES,16.456564
2017-08-17,38,SCHOOL AND OFFICE SUPPLIES,12.906155
2017-08-18,38,SCHOOL AND OFFICE SUPPLIES,16.926836
2017-08-19,38,SCHOOL AND OFFICE SUPPLIES,19.151379
2017-08-20,38,SCHOOL AND OFFICE SUPPLIES,13.645426
2017-08-21,38,SCHOOL AND OFFICE SUPPLIES,15.474202
2017-08-22,38,SCHOOL AND OFFICE SUPPLIES,12.823022
2017-08-23,38,SCHOOL AND OFFICE SUPPLIES,16.747366
2017-08-24,38,SCHOOL AND OFFICE SUPPLIES,15.235585
2017-08-25,38,SCHOOL AND OFFICE SUPPLIES,17.459019
2017-08-26,38,SCHOOL AND OFFICE SUPPLIES,16.40281
2017-08-27,38,SCHOOL AND OFFICE SUPPLIES,13.199697
2017-08-28,38,SCHOOL AND OFFICE SUPPLIES,15.916003
2017-08-29,38,SCHOOL AND OFFICE SUPPLIES,12.659526
2017-08-30,38,SCHOOL AND OFFICE SUPPLIES,16.009504
2017-08-16,38,SEAFOOD,10.641126
2017-08-17,38,SEAFOOD,10.968453
2017-08-18,38,SEAFOOD,11.478646
2017-08-19,38,SEAFOOD,10.407156
2017-08-20,38,SEAFOOD,10.131238
2017-08-21,38,SEAFOOD,9.15514
2017-08-22,38,SEAFOOD,9.696527
2017-08-23,38,SEAFOOD,11.035292
2017-08-24,38,SEAFOOD,11.247207
2017-08-25,38,SEAFOOD,11.436866
2017-08-26,38,SEAFOOD,10.13014
2017-08-27,38,SEAFOOD,9.553184
2017-08-28,38,SEAFOOD,9.023507
2017-08-29,38,SEAFOOD,9.865752
2017-08-30,38,SEAFOOD,11.333244
2017-08-16,39,AUTOMOTIVE,0.5902582
2017-08-17,39,AUTOMOTIVE,0.49501488
2017-08-18,39,AUTOMOTIVE,0.47343472
2017-08-19,39,AUTOMOTIVE,0.41770667
2017-08-20,39,AUTOMOTIVE,0.47670272
2017-08-21,39,AUTOMOTIVE,0.40377915
2017-08-22,39,AUTOMOTIVE,0.41290686
2017-08-23,39,AUTOMOTIVE,0.5423902
2017-08-24,39,AUTOMOTIVE,0.5448724
2017-08-25,39,AUTOMOTIVE,0.3043506
2017-08-26,39,AUTOMOTIVE,0.437032
2017-08-27,39,AUTOMOTIVE,0.51316124
2017-08-28,39,AUTOMOTIVE,0.26383933
2017-08-29,39,AUTOMOTIVE,0.43503147
2017-08-30,39,AUTOMOTIVE,0.5547118
2017-08-16,39,BABY CARE,17.65529
2017-08-17,39,BABY CARE,22.684702
2017-08-18,39,BABY CARE,16.506039
2017-08-19,39,BABY CARE,17.684906
2017-08-20,39,BABY CARE,17.159887
2017-08-21,39,BABY CARE,15.065902
2017-08-22,39,BABY CARE,14.9753685
2017-08-23,39,BABY CARE,16.795149
2017-08-24,39,BABY CARE,21.087482
2017-08-25,39,BABY CARE,16.648268
2017-08-26,39,BABY CARE,16.808739
2017-08-27,39,BABY CARE,16.989561
2017-08-28,39,BABY CARE,16.287842
2017-08-29,39,BABY CARE,14.717441
2017-08-30,39,BABY CARE,17.5491
2017-08-16,39,BEAUTY,8263.637
2017-08-17,39,BEAUTY,9004.772
2017-08-18,39,BEAUTY,7690.3174
2017-08-19,39,BEAUTY,7583.7715
2017-08-20,39,BEAUTY,8140.449
2017-08-21,39,BEAUTY,7414.336
2017-08-22,39,BEAUTY,7328.717
2017-08-23,39,BEAUTY,8438.112
2017-08-24,39,BEAUTY,9836.882
2017-08-25,39,BEAUTY,7930.5435
2017-08-26,39,BEAUTY,7856.258
2017-08-27,39,BEAUTY,8260.809
2017-08-28,39,BEAUTY,7339.4937
2017-08-29,39,BEAUTY,7538.7065
2017-08-30,39,BEAUTY,8716.964
2017-08-16,39,BEVERAGES,0.02203654
2017-08-17,39,BEVERAGES,0.0463171
2017-08-18,39,BEVERAGES,0.035500497
2017-08-19,39,BEVERAGES,0.0
2017-08-20,39,BEVERAGES,0.081624165
2017-08-21,39,BEVERAGES,0.03531286
2017-08-22,39,BEVERAGES,0.05568488
2017-08-23,39,BEVERAGES,0.052240852
2017-08-24,39,BEVERAGES,0.023796972
2017-08-25,39,BEVERAGES,0.06803282
2017-08-26,39,BEVERAGES,0.064387724
2017-08-27,39,BEVERAGES,0.09660021
2017-08-28,39,BEVERAGES,0.060174618
2017-08-29,39,BEVERAGES,0.10430464
2017-08-30,39,BEVERAGES,0.09544221
2017-08-16,39,BREAD/BAKERY,1227.0437
2017-08-17,39,BREAD/BAKERY,1426.6234
2017-08-18,39,BREAD/BAKERY,1167.4911
2017-08-19,39,BREAD/BAKERY,1243.0011
2017-08-20,39,BREAD/BAKERY,1302.3538
2017-08-21,39,BREAD/BAKERY,1137.278
2017-08-22,39,BREAD/BAKERY,1203.9009
2017-08-23,39,BREAD/BAKERY,1359.8322
2017-08-24,39,BREAD/BAKERY,1466.9302
2017-08-25,39,BREAD/BAKERY,1265.4514
2017-08-26,39,BREAD/BAKERY,1306.5526
2017-08-27,39,BREAD/BAKERY,1391.8816
2017-08-28,39,BREAD/BAKERY,1220.3293
2017-08-29,39,BREAD/BAKERY,1236.6536
2017-08-30,39,BREAD/BAKERY,1369.3523
2017-08-16,39,CELEBRATION,42.926483
2017-08-17,39,CELEBRATION,31.541945
2017-08-18,39,CELEBRATION,35.768204
2017-08-19,39,CELEBRATION,34.84036
2017-08-20,39,CELEBRATION,33.598763
2017-08-21,39,CELEBRATION,36.928925
2017-08-22,39,CELEBRATION,30.273115
2017-08-23,39,CELEBRATION,39.3112
2017-08-24,39,CELEBRATION,33.43626
2017-08-25,39,CELEBRATION,36.29614
2017-08-26,39,CELEBRATION,36.719677
2017-08-27,39,CELEBRATION,31.638767
2017-08-28,39,CELEBRATION,34.39194
2017-08-29,39,CELEBRATION,37.78838
2017-08-30,39,CELEBRATION,39.29871
2017-08-16,39,CLEANING,1946.5704
2017-08-17,39,CLEANING,2109.1482
2017-08-18,39,CLEANING,1763.7068
2017-08-19,39,CLEANING,1925.6329
2017-08-20,39,CLEANING,2153.4087
2017-08-21,39,CLEANING,1900.5822
2017-08-22,39,CLEANING,1993.5002
2017-08-23,39,CLEANING,2313.1108
2017-08-24,39,CLEANING,2686.7825
2017-08-25,39,CLEANING,2249.3384
2017-08-26,39,CLEANING,2357.6355
2017-08-27,39,CLEANING,2440.49
2017-08-28,39,CLEANING,2060.9001
2017-08-29,39,CLEANING,2105.7312
2017-08-30,39,CLEANING,2248.4287
2017-08-16,39,DAIRY,2229.0027
2017-08-17,39,DAIRY,2458.2986
2017-08-18,39,DAIRY,2021.4712
2017-08-19,39,DAIRY,2190.4875
2017-08-20,39,DAIRY,2385.6423
2017-08-21,39,DAIRY,2070.9888
2017-08-22,39,DAIRY,2238.6663
2017-08-23,39,DAIRY,2500.7556
2017-08-24,39,DAIRY,2803.286
2017-08-25,39,DAIRY,2206.0005
2017-08-26,39,DAIRY,2252.4377
2017-08-27,39,DAIRY,2468.1538
2017-08-28,39,DAIRY,2149.5962
2017-08-29,39,DAIRY,2275.9087
2017-08-30,39,DAIRY,2433.592
2017-08-16,39,DELI,380.88
2017-08-17,39,DELI,415.1362
2017-08-18,39,DELI,441.91614
2017-08-19,39,DELI,382.48096
2017-08-20,39,DELI,368.7443
2017-08-21,39,DELI,343.37756
2017-08-22,39,DELI,369.3383
2017-08-23,39,DELI,403.5052
2017-08-24,39,DELI,476.96042
2017-08-25,39,DELI,517.8388
2017-08-26,39,DELI,421.47757
2017-08-27,39,DELI,395.82635
2017-08-28,39,DELI,363.9296
2017-08-29,39,DELI,381.92612
2017-08-30,39,DELI,430.9374
2017-08-16,39,EGGS,547.50446
2017-08-17,39,EGGS,684.3543
2017-08-18,39,EGGS,595.5969
2017-08-19,39,EGGS,469.79007
2017-08-20,39,EGGS,579.1803
2017-08-21,39,EGGS,464.89804
2017-08-22,39,EGGS,499.0185
2017-08-23,39,EGGS,567.8706
2017-08-24,39,EGGS,721.53613
2017-08-25,39,EGGS,676.3544
2017-08-26,39,EGGS,492.03943
2017-08-27,39,EGGS,583.3937
2017-08-28,39,EGGS,473.68484
2017-08-29,39,EGGS,503.8128
2017-08-30,39,EGGS,585.3571
2017-08-16,39,FROZEN FOODS,380.2064
2017-08-17,39,FROZEN FOODS,370.24112
2017-08-18,39,FROZEN FOODS,285.5903
2017-08-19,39,FROZEN FOODS,347.64038
2017-08-20,39,FROZEN FOODS,330.0526
2017-08-21,39,FROZEN FOODS,304.63364
2017-08-22,39,FROZEN FOODS,335.63797
2017-08-23,39,FROZEN FOODS,410.65335
2017-08-24,39,FROZEN FOODS,395.395
2017-08-25,39,FROZEN FOODS,319.9654
2017-08-26,39,FROZEN FOODS,338.15448
2017-08-27,39,FROZEN FOODS,347.86624
2017-08-28,39,FROZEN FOODS,335.74866
2017-08-29,39,FROZEN FOODS,358.3102
2017-08-30,39,FROZEN FOODS,425.6941
2017-08-16,39,GROCERY I,8422.951
2017-08-17,39,GROCERY I,8909.609
2017-08-18,39,GROCERY I,7118.1206
2017-08-19,39,GROCERY I,7913.1367
2017-08-20,39,GROCERY I,8664.888
2017-08-21,39,GROCERY I,7681.2666
2017-08-22,39,GROCERY I,7950.6104
2017-08-23,39,GROCERY I,9297.615
2017-08-24,39,GROCERY I,10670.934
2017-08-25,39,GROCERY I,8925.643
2017-08-26,39,GROCERY I,8293.811
2017-08-27,39,GROCERY I,9186.74
2017-08-28,39,GROCERY I,8103.5386
2017-08-29,39,GROCERY I,8482.495
2017-08-30,39,GROCERY I,9574.777
2017-08-16,39,GROCERY II,82.159546
2017-08-17,39,GROCERY II,89.54639
2017-08-18,39,GROCERY II,82.47191
2017-08-19,39,GROCERY II,89.642715
2017-08-20,39,GROCERY II,83.50409
2017-08-21,39,GROCERY II,75.62115
2017-08-22,39,GROCERY II,70.33604
2017-08-23,39,GROCERY II,85.01817
2017-08-24,39,GROCERY II,86.99442
2017-08-25,39,GROCERY II,78.84317
2017-08-26,39,GROCERY II,87.04818
2017-08-27,39,GROCERY II,82.15147
2017-08-28,39,GROCERY II,78.12759
2017-08-29,39,GROCERY II,71.22465
2017-08-30,39,GROCERY II,85.72625
2017-08-16,39,HARDWARE,3.3857286
2017-08-17,39,HARDWARE,3.6419094
2017-08-18,39,HARDWARE,2.7034714
2017-08-19,39,HARDWARE,2.670576
2017-08-20,39,HARDWARE,2.5772083
2017-08-21,39,HARDWARE,2.8908195
2017-08-22,39,HARDWARE,2.6270533
2017-08-23,39,HARDWARE,3.2055626
2017-08-24,39,HARDWARE,3.57878
2017-08-25,39,HARDWARE,2.7433374
2017-08-26,39,HARDWARE,3.4281805
2017-08-27,39,HARDWARE,3.0380905
2017-08-28,39,HARDWARE,2.9822457
2017-08-29,39,HARDWARE,2.2870693
2017-08-30,39,HARDWARE,2.7091331
2017-08-16,39,HOME AND KITCHEN I,59.0545
2017-08-17,39,HOME AND KITCHEN I,53.803326
2017-08-18,39,HOME AND KITCHEN I,59.53347
2017-08-19,39,HOME AND KITCHEN I,62.634224
2017-08-20,39,HOME AND KITCHEN I,62.654892
2017-08-21,39,HOME AND KITCHEN I,52.546738
2017-08-22,39,HOME AND KITCHEN I,45.607204
2017-08-23,39,HOME AND KITCHEN I,54.77506
2017-08-24,39,HOME AND KITCHEN I,51.319138
2017-08-25,39,HOME AND KITCHEN I,47.851254
2017-08-26,39,HOME AND KITCHEN I,57.7995
2017-08-27,39,HOME AND KITCHEN I,54.60933
2017-08-28,39,HOME AND KITCHEN I,42.272484
2017-08-29,39,HOME AND KITCHEN I,41.893734
2017-08-30,39,HOME AND KITCHEN I,47.067226
2017-08-16,39,HOME AND KITCHEN II,47.008358
2017-08-17,39,HOME AND KITCHEN II,52.082577
2017-08-18,39,HOME AND KITCHEN II,44.972645
2017-08-19,39,HOME AND KITCHEN II,57.081745
2017-08-20,39,HOME AND KITCHEN II,59.797276
2017-08-21,39,HOME AND KITCHEN II,47.300285
2017-08-22,39,HOME AND KITCHEN II,50.250233
2017-08-23,39,HOME AND KITCHEN II,50.943623
2017-08-24,39,HOME AND KITCHEN II,56.057842
2017-08-25,39,HOME AND KITCHEN II,52.780037
2017-08-26,39,HOME AND KITCHEN II,56.416473
2017-08-27,39,HOME AND KITCHEN II,60.51667
2017-08-28,39,HOME AND KITCHEN II,51.799038
2017-08-29,39,HOME AND KITCHEN II,44.97477
2017-08-30,39,HOME AND KITCHEN II,56.303387
2017-08-16,39,HOME APPLIANCES,0.09898651
2017-08-17,39,HOME APPLIANCES,0.10424736
2017-08-18,39,HOME APPLIANCES,0.08299707
2017-08-19,39,HOME APPLIANCES,0.1475856
2017-08-20,39,HOME APPLIANCES,0.12096712
2017-08-21,39,HOME APPLIANCES,0.17611524
2017-08-22,39,HOME APPLIANCES,0.10105921
2017-08-23,39,HOME APPLIANCES,0.18752994
2017-08-24,39,HOME APPLIANCES,0.17225266
2017-08-25,39,HOME APPLIANCES,0.21996495
2017-08-26,39,HOME APPLIANCES,0.16193992
2017-08-27,39,HOME APPLIANCES,0.2933753
2017-08-28,39,HOME APPLIANCES,0.27401215
2017-08-29,39,HOME APPLIANCES,0.23966892
2017-08-30,39,HOME APPLIANCES,0.31509525
2017-08-16,39,HOME CARE,401.2824
2017-08-17,39,HOME CARE,425.94937
2017-08-18,39,HOME CARE,380.74603
2017-08-19,39,HOME CARE,377.5695
2017-08-20,39,HOME CARE,411.63812
2017-08-21,39,HOME CARE,336.3528
2017-08-22,39,HOME CARE,299.45087
2017-08-23,39,HOME CARE,324.38342
2017-08-24,39,HOME CARE,387.35602
2017-08-25,39,HOME CARE,336.78192
2017-08-26,39,HOME CARE,349.11954
2017-08-27,39,HOME CARE,370.74338
2017-08-28,39,HOME CARE,295.38663
2017-08-29,39,HOME CARE,279.3704
2017-08-30,39,HOME CARE,312.9603
2017-08-16,39,LADIESWEAR,36.647667
2017-08-17,39,LADIESWEAR,47.102158
2017-08-18,39,LADIESWEAR,41.28244
2017-08-19,39,LADIESWEAR,45.060966
2017-08-20,39,LADIESWEAR,40.109444
2017-08-21,39,LADIESWEAR,34.006397
2017-08-22,39,LADIESWEAR,35.245617
2017-08-23,39,LADIESWEAR,40.167397
2017-08-24,39,LADIESWEAR,43.708023
2017-08-25,39,LADIESWEAR,41.19038
2017-08-26,39,LADIESWEAR,35.417538
2017-08-27,39,LADIESWEAR,36.84503
2017-08-28,39,LADIESWEAR,34.315735
2017-08-29,39,LADIESWEAR,33.180527
2017-08-30,39,LADIESWEAR,36.322094
2017-08-16,39,LAWN AND GARDEN,64.48461
2017-08-17,39,LAWN AND GARDEN,69.02293
2017-08-18,39,LAWN AND GARDEN,63.9222
2017-08-19,39,LAWN AND GARDEN,59.258232
2017-08-20,39,LAWN AND GARDEN,59.143173
2017-08-21,39,LAWN AND GARDEN,58.323925
2017-08-22,39,LAWN AND GARDEN,48.45367
2017-08-23,39,LAWN AND GARDEN,64.54461
2017-08-24,39,LAWN AND GARDEN,70.77869
2017-08-25,39,LAWN AND GARDEN,65.28951
2017-08-26,39,LAWN AND GARDEN,56.36454
2017-08-27,39,LAWN AND GARDEN,62.806816
2017-08-28,39,LAWN AND GARDEN,60.094402
2017-08-29,39,LAWN AND GARDEN,46.035618
2017-08-30,39,LAWN AND GARDEN,65.25961
2017-08-16,39,LINGERIE,25.704752
2017-08-17,39,LINGERIE,24.620365
2017-08-18,39,LINGERIE,23.172241
2017-08-19,39,LINGERIE,27.252722
2017-08-20,39,LINGERIE,23.82704
2017-08-21,39,LINGERIE,21.730726
2017-08-22,39,LINGERIE,22.186098
2017-08-23,39,LINGERIE,24.169136
2017-08-24,39,LINGERIE,25.007786
2017-08-25,39,LINGERIE,22.947014
2017-08-26,39,LINGERIE,26.230364
2017-08-27,39,LINGERIE,24.339273
2017-08-28,39,LINGERIE,24.522312
2017-08-29,39,LINGERIE,21.92444
2017-08-30,39,LINGERIE,26.172672
2017-08-16,39,"LIQUOR,WINE,BEER",211.14238
2017-08-17,39,"LIQUOR,WINE,BEER",172.92494
2017-08-18,39,"LIQUOR,WINE,BEER",207.99097
2017-08-19,39,"LIQUOR,WINE,BEER",190.04611
2017-08-20,39,"LIQUOR,WINE,BEER",141.38812
2017-08-21,39,"LIQUOR,WINE,BEER",212.61266
2017-08-22,39,"LIQUOR,WINE,BEER",168.3199
2017-08-23,39,"LIQUOR,WINE,BEER",210.24934
2017-08-24,39,"LIQUOR,WINE,BEER",167.84898
2017-08-25,39,"LIQUOR,WINE,BEER",189.96068
2017-08-26,39,"LIQUOR,WINE,BEER",157.83025
2017-08-27,39,"LIQUOR,WINE,BEER",142.52368
2017-08-28,39,"LIQUOR,WINE,BEER",209.21577
2017-08-29,39,"LIQUOR,WINE,BEER",157.66942
2017-08-30,39,"LIQUOR,WINE,BEER",178.95978
2017-08-16,39,MAGAZINES,27.688107
2017-08-17,39,MAGAZINES,30.604635
2017-08-18,39,MAGAZINES,27.917665
2017-08-19,39,MAGAZINES,30.27941
2017-08-20,39,MAGAZINES,29.23983
2017-08-21,39,MAGAZINES,25.830343
2017-08-22,39,MAGAZINES,20.161402
2017-08-23,39,MAGAZINES,24.660603
2017-08-24,39,MAGAZINES,25.253202
2017-08-25,39,MAGAZINES,25.22439
2017-08-26,39,MAGAZINES,25.497688
2017-08-27,39,MAGAZINES,23.341505
2017-08-28,39,MAGAZINES,19.82274
2017-08-29,39,MAGAZINES,20.068293
2017-08-30,39,MAGAZINES,23.921688
2017-08-16,39,MEATS,884.4999
2017-08-17,39,MEATS,870.8198
2017-08-18,39,MEATS,1141.8284
2017-08-19,39,MEATS,674.2523
2017-08-20,39,MEATS,788.7833
2017-08-21,39,MEATS,629.16724
2017-08-22,39,MEATS,709.7401
2017-08-23,39,MEATS,904.0801
2017-08-24,39,MEATS,913.69824
2017-08-25,39,MEATS,1237.8372
2017-08-26,39,MEATS,657.3134
2017-08-27,39,MEATS,764.95465
2017-08-28,39,MEATS,614.1491
2017-08-29,39,MEATS,738.04047
2017-08-30,39,MEATS,917.1728
2017-08-16,39,PERSONAL CARE,552.689
2017-08-17,39,PERSONAL CARE,667.29724
2017-08-18,39,PERSONAL CARE,509.83554
2017-08-19,39,PERSONAL CARE,576.34796
2017-08-20,39,PERSONAL CARE,595.98224
2017-08-21,39,PERSONAL CARE,520.21094
2017-08-22,39,PERSONAL CARE,512.92566
2017-08-23,39,PERSONAL CARE,605.9525
2017-08-24,39,PERSONAL CARE,785.2358
2017-08-25,39,PERSONAL CARE,595.4369
2017-08-26,39,PERSONAL CARE,618.2599
2017-08-27,39,PERSONAL CARE,632.912
2017-08-28,39,PERSONAL CARE,570.63403
2017-08-29,39,PERSONAL CARE,553.57684
2017-08-30,39,PERSONAL CARE,626.0117
2017-08-16,39,PET SUPPLIES,17.728542
2017-08-17,39,PET SUPPLIES,17.995813
2017-08-18,39,PET SUPPLIES,17.740934
2017-08-19,39,PET SUPPLIES,18.988314
2017-08-20,39,PET SUPPLIES,16.791042
2017-08-21,39,PET SUPPLIES,16.595507
2017-08-22,39,PET SUPPLIES,14.865773
2017-08-23,39,PET SUPPLIES,17.978567
2017-08-24,39,PET SUPPLIES,19.742702
2017-08-25,39,PET SUPPLIES,16.357069
2017-08-26,39,PET SUPPLIES,17.374289
2017-08-27,39,PET SUPPLIES,17.238768
2017-08-28,39,PET SUPPLIES,15.494403
2017-08-29,39,PET SUPPLIES,15.689019
2017-08-30,39,PET SUPPLIES,18.387018
2017-08-16,39,PLAYERS AND ELECTRONICS,26.210844
2017-08-17,39,PLAYERS AND ELECTRONICS,26.927023
2017-08-18,39,PLAYERS AND ELECTRONICS,25.521906
2017-08-19,39,PLAYERS AND ELECTRONICS,28.739
2017-08-20,39,PLAYERS AND ELECTRONICS,25.685312
2017-08-21,39,PLAYERS AND ELECTRONICS,24.70935
2017-08-22,39,PLAYERS AND ELECTRONICS,22.410229
2017-08-23,39,PLAYERS AND ELECTRONICS,24.90482
2017-08-24,39,PLAYERS AND ELECTRONICS,26.284101
2017-08-25,39,PLAYERS AND ELECTRONICS,24.858784
2017-08-26,39,PLAYERS AND ELECTRONICS,26.34491
2017-08-27,39,PLAYERS AND ELECTRONICS,25.53237
2017-08-28,39,PLAYERS AND ELECTRONICS,20.935642
2017-08-29,39,PLAYERS AND ELECTRONICS,19.511648
2017-08-30,39,PLAYERS AND ELECTRONICS,22.287329
2017-08-16,39,POULTRY,1328.1992
2017-08-17,39,POULTRY,1371.488
2017-08-18,39,POULTRY,1586.9333
2017-08-19,39,POULTRY,1048.6925
2017-08-20,39,POULTRY,1214.1908
2017-08-21,39,POULTRY,1002.7799
2017-08-22,39,POULTRY,1158.0931
2017-08-23,39,POULTRY,1347.0258
2017-08-24,39,POULTRY,1360.4113
2017-08-25,39,POULTRY,1596.5223
2017-08-26,39,POULTRY,1060.1254
2017-08-27,39,POULTRY,1193.3093
2017-08-28,39,POULTRY,1068.6842
2017-08-29,39,POULTRY,1143.4238
2017-08-30,39,POULTRY,1400.318
2017-08-16,39,PREPARED FOODS,275.11688
2017-08-17,39,PREPARED FOODS,262.73825
2017-08-18,39,PREPARED FOODS,211.38234
2017-08-19,39,PREPARED FOODS,256.9368
2017-08-20,39,PREPARED FOODS,254.54478
2017-08-21,39,PREPARED FOODS,231.70886
2017-08-22,39,PREPARED FOODS,229.42274
2017-08-23,39,PREPARED FOODS,272.12988
2017-08-24,39,PREPARED FOODS,281.11688
2017-08-25,39,PREPARED FOODS,237.80374
2017-08-26,39,PREPARED FOODS,272.96622
2017-08-27,39,PREPARED FOODS,275.69452
2017-08-28,39,PREPARED FOODS,246.32347
2017-08-29,39,PREPARED FOODS,242.3508
2017-08-30,39,PREPARED FOODS,291.58054
2017-08-16,39,PRODUCE,11047.422
2017-08-17,39,PRODUCE,5697.7637
2017-08-18,39,PRODUCE,5738.7544
2017-08-19,39,PRODUCE,5864.118
2017-08-20,39,PRODUCE,7053.48
2017-08-21,39,PRODUCE,5974.8345
2017-08-22,39,PRODUCE,5312.6396
2017-08-23,39,PRODUCE,10612.112
2017-08-24,39,PRODUCE,5543.8584
2017-08-25,39,PRODUCE,5524.15
2017-08-26,39,PRODUCE,5725.666
2017-08-27,39,PRODUCE,6646.9097
2017-08-28,39,PRODUCE,5527.878
2017-08-29,39,PRODUCE,5131.124
2017-08-30,39,PRODUCE,10959.354
2017-08-16,39,SCHOOL AND OFFICE SUPPLIES,1.3145711
2017-08-17,39,SCHOOL AND OFFICE SUPPLIES,1.2019944
2017-08-18,39,SCHOOL AND OFFICE SUPPLIES,1.1736412
2017-08-19,39,SCHOOL AND OFFICE SUPPLIES,0.8583462
2017-08-20,39,SCHOOL AND OFFICE SUPPLIES,1.1248643
2017-08-21,39,SCHOOL AND OFFICE SUPPLIES,1.0323279
2017-08-22,39,SCHOOL AND OFFICE SUPPLIES,1.0777386
2017-08-23,39,SCHOOL AND OFFICE SUPPLIES,1.0935458
2017-08-24,39,SCHOOL AND OFFICE SUPPLIES,1.1762973
2017-08-25,39,SCHOOL AND OFFICE SUPPLIES,1.2097999
2017-08-26,39,SCHOOL AND OFFICE SUPPLIES,1.2870463
2017-08-27,39,SCHOOL AND OFFICE SUPPLIES,1.1461502
2017-08-28,39,SCHOOL AND OFFICE SUPPLIES,0.9303892
2017-08-29,39,SCHOOL AND OFFICE SUPPLIES,1.1065329
2017-08-30,39,SCHOOL AND OFFICE SUPPLIES,1.1096491
2017-08-16,39,SEAFOOD,79.02583
2017-08-17,39,SEAFOOD,97.47737
2017-08-18,39,SEAFOOD,76.93347
2017-08-19,39,SEAFOOD,81.84662
2017-08-20,39,SEAFOOD,87.265114
2017-08-21,39,SEAFOOD,73.82296
2017-08-22,39,SEAFOOD,81.82904
2017-08-23,39,SEAFOOD,87.98896
2017-08-24,39,SEAFOOD,100.662384
2017-08-25,39,SEAFOOD,85.39453
2017-08-26,39,SEAFOOD,84.60288
2017-08-27,39,SEAFOOD,92.861336
2017-08-28,39,SEAFOOD,70.67889
2017-08-29,39,SEAFOOD,83.26845
2017-08-30,39,SEAFOOD,96.0456
2017-08-16,4,AUTOMOTIVE,4.120966
2017-08-17,4,AUTOMOTIVE,3.118621
2017-08-18,4,AUTOMOTIVE,3.951373
2017-08-19,4,AUTOMOTIVE,4.3544235
2017-08-20,4,AUTOMOTIVE,3.4304345
2017-08-21,4,AUTOMOTIVE,3.4138968
2017-08-22,4,AUTOMOTIVE,3.415655
2017-08-23,4,AUTOMOTIVE,4.047351
2017-08-24,4,AUTOMOTIVE,3.0680969
2017-08-25,4,AUTOMOTIVE,4.162683
2017-08-26,4,AUTOMOTIVE,4.0700073
2017-08-27,4,AUTOMOTIVE,3.2889853
2017-08-28,4,AUTOMOTIVE,3.2665634
2017-08-29,4,AUTOMOTIVE,3.3700476
2017-08-30,4,AUTOMOTIVE,3.6565514
2017-08-16,4,BABY CARE,0.12977724
2017-08-17,4,BABY CARE,0.029583642
2017-08-18,4,BABY CARE,0.21284837
2017-08-19,4,BABY CARE,0.096132316
2017-08-20,4,BABY CARE,0.07378311
2017-08-21,4,BABY CARE,0.12892318
2017-08-22,4,BABY CARE,0.1634674
2017-08-23,4,BABY CARE,0.16924736
2017-08-24,4,BABY CARE,0.041856326
2017-08-25,4,BABY CARE,0.23961185
2017-08-26,4,BABY CARE,0.12619463
2017-08-27,4,BABY CARE,0.17248134
2017-08-28,4,BABY CARE,0.17497818
2017-08-29,4,BABY CARE,0.19338936
2017-08-30,4,BABY CARE,0.1880191
2017-08-16,4,BEAUTY,2.4796133
2017-08-17,4,BEAUTY,1.8575662
2017-08-18,4,BEAUTY,2.425521
2017-08-19,4,BEAUTY,2.5898645
2017-08-20,4,BEAUTY,2.259861
2017-08-21,4,BEAUTY,1.7869973
2017-08-22,4,BEAUTY,1.7420143
2017-08-23,4,BEAUTY,1.8195564
2017-08-24,4,BEAUTY,1.8922174
2017-08-25,4,BEAUTY,1.9546932
2017-08-26,4,BEAUTY,2.1978374
2017-08-27,4,BEAUTY,1.8521867
2017-08-28,4,BEAUTY,1.7454596
2017-08-29,4,BEAUTY,2.168595
2017-08-30,4,BEAUTY,2.2015946
2017-08-16,4,BEVERAGES,6421.871
2017-08-17,4,BEVERAGES,4766.153
2017-08-18,4,BEVERAGES,5875.5938
2017-08-19,4,BEVERAGES,5604.4023
2017-08-20,4,BEVERAGES,4859.9463
2017-08-21,4,BEVERAGES,4503.726
2017-08-22,4,BEVERAGES,4043.77
2017-08-23,4,BEVERAGES,4441.065
2017-08-24,4,BEVERAGES,3948.3516
2017-08-25,4,BEVERAGES,4620.746
2017-08-26,4,BEVERAGES,4473.407
2017-08-27,4,BEVERAGES,4121.6025
2017-08-28,4,BEVERAGES,3685.1921
2017-08-29,4,BEVERAGES,3609.7432
2017-08-30,4,BEVERAGES,3949.0005
2017-08-16,4,BOOKS,450.05655
2017-08-17,4,BOOKS,387.73242
2017-08-18,4,BOOKS,486.55597
2017-08-19,4,BOOKS,498.44437
2017-08-20,4,BOOKS,513.21735
2017-08-21,4,BOOKS,422.64957
2017-08-22,4,BOOKS,425.6984
2017-08-23,4,BOOKS,449.88995
2017-08-24,4,BOOKS,396.6588
2017-08-25,4,BOOKS,495.18564
2017-08-26,4,BOOKS,520.3493
2017-08-27,4,BOOKS,536.9458
2017-08-28,4,BOOKS,401.3346
2017-08-29,4,BOOKS,391.2298
2017-08-30,4,BOOKS,450.9424
2017-08-16,4,BREAD/BAKERY,10.336153
2017-08-17,4,BREAD/BAKERY,7.845549
2017-08-18,4,BREAD/BAKERY,8.477853
2017-08-19,4,BREAD/BAKERY,9.957464
2017-08-20,4,BREAD/BAKERY,9.011714
2017-08-21,4,BREAD/BAKERY,8.57548
2017-08-22,4,BREAD/BAKERY,8.097124
2017-08-23,4,BREAD/BAKERY,10.060857
2017-08-24,4,BREAD/BAKERY,6.876275
2017-08-25,4,BREAD/BAKERY,8.735351
2017-08-26,4,BREAD/BAKERY,9.131475
2017-08-27,4,BREAD/BAKERY,7.250896
2017-08-28,4,BREAD/BAKERY,8.003301
2017-08-29,4,BREAD/BAKERY,8.349094
2017-08-30,4,BREAD/BAKERY,9.312742
2017-08-16,4,CELEBRATION,2386.511
2017-08-17,4,CELEBRATION,1556.321
2017-08-18,4,CELEBRATION,2060.9497
2017-08-19,4,CELEBRATION,2276.824
2017-08-20,4,CELEBRATION,1595.0206
2017-08-21,4,CELEBRATION,1490.8948
2017-08-22,4,CELEBRATION,1488.7935
2017-08-23,4,CELEBRATION,1646.3612
2017-08-24,4,CELEBRATION,1361.1094
2017-08-25,4,CELEBRATION,1745.485
2017-08-26,4,CELEBRATION,1882.7467
2017-08-27,4,CELEBRATION,1601.9014
2017-08-28,4,CELEBRATION,1600.445
2017-08-29,4,CELEBRATION,1594.0376
2017-08-30,4,CELEBRATION,1687.3153
2017-08-16,4,CLEANING,828.0759
2017-08-17,4,CLEANING,547.14935
2017-08-18,4,CLEANING,634.0867
2017-08-19,4,CLEANING,685.3495
2017-08-20,4,CLEANING,637.1047
2017-08-21,4,CLEANING,631.8941
2017-08-22,4,CLEANING,633.7332
2017-08-23,4,CLEANING,834.0827
2017-08-24,4,CLEANING,561.7959
2017-08-25,4,CLEANING,626.6932
2017-08-26,4,CLEANING,676.35077
2017-08-27,4,CLEANING,624.5268
2017-08-28,4,CLEANING,608.7886
2017-08-29,4,CLEANING,625.4129
2017-08-30,4,CLEANING,838.5879
2017-08-16,4,DAIRY,299.12692
2017-08-17,4,DAIRY,255.39171
2017-08-18,4,DAIRY,347.95178
2017-08-19,4,DAIRY,284.297
2017-08-20,4,DAIRY,257.80157
2017-08-21,4,DAIRY,263.6445
2017-08-22,4,DAIRY,279.6964
2017-08-23,4,DAIRY,285.62558
2017-08-24,4,DAIRY,280.97794
2017-08-25,4,DAIRY,393.5546
2017-08-26,4,DAIRY,317.74496
2017-08-27,4,DAIRY,267.02432
2017-08-28,4,DAIRY,263.64914
2017-08-29,4,DAIRY,266.7087
2017-08-30,4,DAIRY,289.66934
2017-08-16,4,DELI,166.28831
2017-08-17,4,DELI,163.3797
2017-08-18,4,DELI,207.29872
2017-08-19,4,DELI,205.72346
2017-08-20,4,DELI,161.62965
2017-08-21,4,DELI,187.03781
2017-08-22,4,DELI,158.82715
2017-08-23,4,DELI,167.86882
2017-08-24,4,DELI,162.82251
2017-08-25,4,DELI,212.4099
2017-08-26,4,DELI,199.42992
2017-08-27,4,DELI,164.46765
2017-08-28,4,DELI,181.08943
2017-08-29,4,DELI,146.22694
2017-08-30,4,DELI,169.09244
2017-08-16,4,EGGS,76.601776
2017-08-17,4,EGGS,62.36524
2017-08-18,4,EGGS,71.1172
2017-08-19,4,EGGS,92.11681
2017-08-20,4,EGGS,59.374783
2017-08-21,4,EGGS,70.22013
2017-08-22,4,EGGS,67.51051
2017-08-23,4,EGGS,71.82033
2017-08-24,4,EGGS,60.60833
2017-08-25,4,EGGS,68.66968
2017-08-26,4,EGGS,89.35876
2017-08-27,4,EGGS,60.794434
2017-08-28,4,EGGS,72.51353
2017-08-29,4,EGGS,69.17409
2017-08-30,4,EGGS,71.56433
2017-08-16,4,FROZEN FOODS,6994.5435
2017-08-17,4,FROZEN FOODS,5375.463
2017-08-18,4,FROZEN FOODS,6070.7974
2017-08-19,4,FROZEN FOODS,6498.79
2017-08-20,4,FROZEN FOODS,5687.0474
2017-08-21,4,FROZEN FOODS,5709.195
2017-08-22,4,FROZEN FOODS,5712.509
2017-08-23,4,FROZEN FOODS,6375.6123
2017-08-24,4,FROZEN FOODS,6083.1235
2017-08-25,4,FROZEN FOODS,7269.9097
2017-08-26,4,FROZEN FOODS,7164.2593
2017-08-27,4,FROZEN FOODS,5896.811
2017-08-28,4,FROZEN FOODS,5909.9087
2017-08-29,4,FROZEN FOODS,5820.56
2017-08-30,4,FROZEN FOODS,6854.2373
2017-08-16,4,GROCERY I,9.240557
2017-08-17,4,GROCERY I,8.8956995
2017-08-18,4,GROCERY I,12.060068
2017-08-19,4,GROCERY I,13.59175
2017-08-20,4,GROCERY I,10.280705
2017-08-21,4,GROCERY I,10.846096
2017-08-22,4,GROCERY I,8.52836
2017-08-23,4,GROCERY I,10.244751
2017-08-24,4,GROCERY I,8.013452
2017-08-25,4,GROCERY I,12.215615
2017-08-26,4,GROCERY I,12.371928
2017-08-27,4,GROCERY I,10.074098
2017-08-28,4,GROCERY I,10.6766815
2017-08-29,4,GROCERY I,9.046408
2017-08-30,4,GROCERY I,10.379662
2017-08-16,4,GROCERY II,2.1429684
2017-08-17,4,GROCERY II,1.623264
2017-08-18,4,GROCERY II,2.024996
2017-08-19,4,GROCERY II,2.0923219
2017-08-20,4,GROCERY II,1.6994449
2017-08-21,4,GROCERY II,2.0921335
2017-08-22,4,GROCERY II,2.1259422
2017-08-23,4,GROCERY II,1.6684687
2017-08-24,4,GROCERY II,1.3732362
2017-08-25,4,GROCERY II,1.8635473
2017-08-26,4,GROCERY II,2.071957
2017-08-27,4,GROCERY II,2.1206107
2017-08-28,4,GROCERY II,1.6867645
2017-08-29,4,GROCERY II,1.5928599
2017-08-30,4,GROCERY II,1.829549
2017-08-16,4,HARDWARE,29.480825
2017-08-17,4,HARDWARE,23.653446
2017-08-18,4,HARDWARE,27.80061
2017-08-19,4,HARDWARE,29.158512
2017-08-20,4,HARDWARE,25.249027
2017-08-21,4,HARDWARE,26.890282
2017-08-22,4,HARDWARE,22.897932
2017-08-23,4,HARDWARE,28.671465
2017-08-24,4,HARDWARE,18.596096
2017-08-25,4,HARDWARE,25.567793
2017-08-26,4,HARDWARE,30.645851
2017-08-27,4,HARDWARE,25.699203
2017-08-28,4,HARDWARE,25.375454
2017-08-29,4,HARDWARE,24.862183
2017-08-30,4,HARDWARE,27.391796
2017-08-16,4,HOME AND KITCHEN I,25.917894
2017-08-17,4,HOME AND KITCHEN I,18.246958
2017-08-18,4,HOME AND KITCHEN I,25.503853
2017-08-19,4,HOME AND KITCHEN I,28.92309
2017-08-20,4,HOME AND KITCHEN I,25.385023
2017-08-21,4,HOME AND KITCHEN I,21.66452
2017-08-22,4,HOME AND KITCHEN I,21.647095
2017-08-23,4,HOME AND KITCHEN I,24.367805
2017-08-24,4,HOME AND KITCHEN I,18.84886
2017-08-25,4,HOME AND KITCHEN I,22.518251
2017-08-26,4,HOME AND KITCHEN I,26.849699
2017-08-27,4,HOME AND KITCHEN I,23.993237
2017-08-28,4,HOME AND KITCHEN I,20.328081
2017-08-29,4,HOME AND KITCHEN I,23.18596
2017-08-30,4,HOME AND KITCHEN I,23.544983
2017-08-16,4,HOME AND KITCHEN II,0.19760323
2017-08-17,4,HOME AND KITCHEN II,0.14601156
2017-08-18,4,HOME AND KITCHEN II,0.25387564
2017-08-19,4,HOME AND KITCHEN II,0.2048952
2017-08-20,4,HOME AND KITCHEN II,0.19100611
2017-08-21,4,HOME AND KITCHEN II,0.19301589
2017-08-22,4,HOME AND KITCHEN II,0.18330444
2017-08-23,4,HOME AND KITCHEN II,0.21045484
2017-08-24,4,HOME AND KITCHEN II,0.11189037
2017-08-25,4,HOME AND KITCHEN II,0.22250992
2017-08-26,4,HOME AND KITCHEN II,0.31663564
2017-08-27,4,HOME AND KITCHEN II,0.24053706
2017-08-28,4,HOME AND KITCHEN II,0.24113448
2017-08-29,4,HOME AND KITCHEN II,0.20408042
2017-08-30,4,HOME AND KITCHEN II,0.31398177
2017-08-16,4,HOME APPLIANCES,298.1938
2017-08-17,4,HOME APPLIANCES,227.74403
2017-08-18,4,HOME APPLIANCES,260.41266
2017-08-19,4,HOME APPLIANCES,289.21478
2017-08-20,4,HOME APPLIANCES,298.64426
2017-08-21,4,HOME APPLIANCES,232.57945
2017-08-22,4,HOME APPLIANCES,234.83182
2017-08-23,4,HOME APPLIANCES,262.1567
2017-08-24,4,HOME APPLIANCES,191.06953
2017-08-25,4,HOME APPLIANCES,236.2806
2017-08-26,4,HOME APPLIANCES,271.78867
2017-08-27,4,HOME APPLIANCES,243.62695
2017-08-28,4,HOME APPLIANCES,225.81573
2017-08-29,4,HOME APPLIANCES,222.72441
2017-08-30,4,HOME APPLIANCES,257.34912
2017-08-16,4,HOME CARE,0.24012628
2017-08-17,4,HOME CARE,0.040945806
2017-08-18,4,HOME CARE,0.13160443
2017-08-19,4,HOME CARE,0.1358324
2017-08-20,4,HOME CARE,0.04693602
2017-08-21,4,HOME CARE,0.11236675
2017-08-22,4,HOME CARE,0.07668646
2017-08-23,4,HOME CARE,0.14575177
2017-08-24,4,HOME CARE,0.060223203
2017-08-25,4,HOME CARE,0.11190466
2017-08-26,4,HOME CARE,0.10990368
2017-08-27,4,HOME CARE,0.114835955
2017-08-28,4,HOME CARE,0.11295125
2017-08-29,4,HOME CARE,0.04804245
2017-08-30,4,HOME CARE,0.1128513
2017-08-16,4,LADIESWEAR,11.979985
2017-08-17,4,LADIESWEAR,10.136865
2017-08-18,4,LADIESWEAR,11.4161825
2017-08-19,4,LADIESWEAR,10.931998
2017-08-20,4,LADIESWEAR,10.156559
2017-08-21,4,LADIESWEAR,9.492101
2017-08-22,4,LADIESWEAR,9.252774
2017-08-23,4,LADIESWEAR,10.957774
2017-08-24,4,LADIESWEAR,10.471924
2017-08-25,4,LADIESWEAR,10.492839
2017-08-26,4,LADIESWEAR,11.059733
2017-08-27,4,LADIESWEAR,10.404211
2017-08-28,4,LADIESWEAR,10.468268
2017-08-29,4,LADIESWEAR,8.809605
2017-08-30,4,LADIESWEAR,11.267573
2017-08-16,4,LAWN AND GARDEN,58.871902
2017-08-17,4,LAWN AND GARDEN,46.749413
2017-08-18,4,LAWN AND GARDEN,85.76054
2017-08-19,4,LAWN AND GARDEN,55.25243
2017-08-20,4,LAWN AND GARDEN,39.629604
2017-08-21,4,LAWN AND GARDEN,94.457275
2017-08-22,4,LAWN AND GARDEN,43.327312
2017-08-23,4,LAWN AND GARDEN,60.340233
2017-08-24,4,LAWN AND GARDEN,51.067253
2017-08-25,4,LAWN AND GARDEN,99.08613
2017-08-26,4,LAWN AND GARDEN,69.59298
2017-08-27,4,LAWN AND GARDEN,47.342064
2017-08-28,4,LAWN AND GARDEN,78.281166
2017-08-29,4,LAWN AND GARDEN,60.25431
2017-08-30,4,LAWN AND GARDEN,50.49816
2017-08-16,4,LINGERIE,2.721725
2017-08-17,4,LINGERIE,1.9275469
2017-08-18,4,LINGERIE,2.316453
2017-08-19,4,LINGERIE,2.4443111
2017-08-20,4,LINGERIE,2.3864577
2017-08-21,4,LINGERIE,1.7117231
2017-08-22,4,LINGERIE,1.7767642
2017-08-23,4,LINGERIE,2.2623496
2017-08-24,4,LINGERIE,2.1794596
2017-08-25,4,LINGERIE,1.952833
2017-08-26,4,LINGERIE,2.2791324
2017-08-27,4,LINGERIE,2.031318
2017-08-28,4,LINGERIE,1.6592458
2017-08-29,4,LINGERIE,1.6518234
2017-08-30,4,LINGERIE,1.6069461
2017-08-16,4,"LIQUOR,WINE,BEER",133.6985
2017-08-17,4,"LIQUOR,WINE,BEER",145.8878
2017-08-18,4,"LIQUOR,WINE,BEER",132.32687
2017-08-19,4,"LIQUOR,WINE,BEER",165.78226
2017-08-20,4,"LIQUOR,WINE,BEER",136.89856
2017-08-21,4,"LIQUOR,WINE,BEER",147.5756
2017-08-22,4,"LIQUOR,WINE,BEER",122.54077
2017-08-23,4,"LIQUOR,WINE,BEER",142.01476
2017-08-24,4,"LIQUOR,WINE,BEER",142.43587
2017-08-25,4,"LIQUOR,WINE,BEER",147.50589
2017-08-26,4,"LIQUOR,WINE,BEER",168.30911
2017-08-27,4,"LIQUOR,WINE,BEER",135.58086
2017-08-28,4,"LIQUOR,WINE,BEER",147.35493
2017-08-29,4,"LIQUOR,WINE,BEER",115.471306
2017-08-30,4,"LIQUOR,WINE,BEER",145.34766
2017-08-16,4,MAGAZINES,304.93127
2017-08-17,4,MAGAZINES,279.11346
2017-08-18,4,MAGAZINES,321.95786
2017-08-19,4,MAGAZINES,362.78546
2017-08-20,4,MAGAZINES,328.08963
2017-08-21,4,MAGAZINES,292.37967
2017-08-22,4,MAGAZINES,310.13876
2017-08-23,4,MAGAZINES,333.38336
2017-08-24,4,MAGAZINES,301.0823
2017-08-25,4,MAGAZINES,375.22226
2017-08-26,4,MAGAZINES,429.48572
2017-08-27,4,MAGAZINES,350.3233
2017-08-28,4,MAGAZINES,313.38455
2017-08-29,4,MAGAZINES,334.6478
2017-08-30,4,MAGAZINES,346.36655
2017-08-16,4,MEATS,2.9589543
2017-08-17,4,MEATS,2.720866
2017-08-18,4,MEATS,3.254732
2017-08-19,4,MEATS,3.0804715
2017-08-20,4,MEATS,2.1629121
2017-08-21,4,MEATS,2.3697755
2017-08-22,4,MEATS,2.4494977
2017-08-23,4,MEATS,2.221929
2017-08-24,4,MEATS,2.2962575
2017-08-25,4,MEATS,2.6665282
2017-08-26,4,MEATS,2.653512
2017-08-27,4,MEATS,2.3253539
2017-08-28,4,MEATS,2.0881162
2017-08-29,4,MEATS,1.7852173
2017-08-30,4,MEATS,2.419473
2017-08-16,4,PERSONAL CARE,9.973585
2017-08-17,4,PERSONAL CARE,7.531259
2017-08-18,4,PERSONAL CARE,8.644116
2017-08-19,4,PERSONAL CARE,9.279455
2017-08-20,4,PERSONAL CARE,9.136712
2017-08-21,4,PERSONAL CARE,7.1896763
2017-08-22,4,PERSONAL CARE,8.339907
2017-08-23,4,PERSONAL CARE,9.406048
2017-08-24,4,PERSONAL CARE,6.8690414
2017-08-25,4,PERSONAL CARE,8.647558
2017-08-26,4,PERSONAL CARE,8.727661
2017-08-27,4,PERSONAL CARE,7.2879295
2017-08-28,4,PERSONAL CARE,6.721048
2017-08-29,4,PERSONAL CARE,6.1282597
2017-08-30,4,PERSONAL CARE,8.571458
2017-08-16,4,PET SUPPLIES,186.4836
2017-08-17,4,PET SUPPLIES,171.28291
2017-08-18,4,PET SUPPLIES,231.47577
2017-08-19,4,PET SUPPLIES,172.24892
2017-08-20,4,PET SUPPLIES,168.60771
2017-08-21,4,PET SUPPLIES,172.82822
2017-08-22,4,PET SUPPLIES,161.57991
2017-08-23,4,PET SUPPLIES,184.48636
2017-08-24,4,PET SUPPLIES,155.23315
2017-08-25,4,PET SUPPLIES,230.2519
2017-08-26,4,PET SUPPLIES,180.4327
2017-08-27,4,PET SUPPLIES,173.86136
2017-08-28,4,PET SUPPLIES,167.82861
2017-08-29,4,PET SUPPLIES,165.10127
2017-08-30,4,PET SUPPLIES,197.02332
2017-08-16,4,PLAYERS AND ELECTRONICS,55.74711
2017-08-17,4,PLAYERS AND ELECTRONICS,49.306908
2017-08-18,4,PLAYERS AND ELECTRONICS,61.76041
2017-08-19,4,PLAYERS AND ELECTRONICS,60.92127
2017-08-20,4,PLAYERS AND ELECTRONICS,56.481194
2017-08-21,4,PLAYERS AND ELECTRONICS,52.473778
2017-08-22,4,PLAYERS AND ELECTRONICS,53.298233
2017-08-23,4,PLAYERS AND ELECTRONICS,58.02492
2017-08-24,4,PLAYERS AND ELECTRONICS,53.46908
2017-08-25,4,PLAYERS AND ELECTRONICS,63.29703
2017-08-26,4,PLAYERS AND ELECTRONICS,64.29128
2017-08-27,4,PLAYERS AND ELECTRONICS,55.77158
2017-08-28,4,PLAYERS AND ELECTRONICS,55.20013
2017-08-29,4,PLAYERS AND ELECTRONICS,56.587296
2017-08-30,4,PLAYERS AND ELECTRONICS,57.59039
2017-08-16,4,POULTRY,1532.4205
2017-08-17,4,POULTRY,742.6083
2017-08-18,4,POULTRY,775.6195
2017-08-19,4,POULTRY,698.7818
2017-08-20,4,POULTRY,809.9206
2017-08-21,4,POULTRY,799.6888
2017-08-22,4,POULTRY,1004.41034
2017-08-23,4,POULTRY,816.7871
2017-08-24,4,POULTRY,638.86896
2017-08-25,4,POULTRY,762.8028
2017-08-26,4,POULTRY,880.1697
2017-08-27,4,POULTRY,833.4768
2017-08-28,4,POULTRY,795.0966
2017-08-29,4,POULTRY,988.40247
2017-08-30,4,POULTRY,738.83105
2017-08-16,4,PREPARED FOODS,0.0109532615
2017-08-17,4,PREPARED FOODS,0.0
2017-08-18,4,PREPARED FOODS,0.0
2017-08-19,4,PREPARED FOODS,0.0
2017-08-20,4,PREPARED FOODS,0.0
2017-08-21,4,PREPARED FOODS,0.0
2017-08-22,4,PREPARED FOODS,0.0
2017-08-23,4,PREPARED FOODS,0.0
2017-08-24,4,PREPARED FOODS,0.0
2017-08-25,4,PREPARED FOODS,0.0
2017-08-26,4,PREPARED FOODS,0.0
2017-08-27,4,PREPARED FOODS,0.0057044453
2017-08-28,4,PREPARED FOODS,0.0
2017-08-29,4,PREPARED FOODS,0.0
2017-08-30,4,PREPARED FOODS,0.0
2017-08-16,4,PRODUCE,5.86833
2017-08-17,4,PRODUCE,5.007225
2017-08-18,4,PRODUCE,5.8836703
2017-08-19,4,PRODUCE,6.3105783
2017-08-20,4,PRODUCE,4.5471525
2017-08-21,4,PRODUCE,4.8123593
2017-08-22,4,PRODUCE,5.457984
2017-08-23,4,PRODUCE,5.3012524
2017-08-24,4,PRODUCE,4.2935405
2017-08-25,4,PRODUCE,5.999372
2017-08-26,4,PRODUCE,5.394846
2017-08-27,4,PRODUCE,4.6072087
2017-08-28,4,PRODUCE,4.7877836
2017-08-29,4,PRODUCE,4.481222
2017-08-30,4,PRODUCE,4.5825686
2017-08-16,4,SCHOOL AND OFFICE SUPPLIES,6.858651
2017-08-17,4,SCHOOL AND OFFICE SUPPLIES,8.540651
2017-08-18,4,SCHOOL AND OFFICE SUPPLIES,7.0387692
2017-08-19,4,SCHOOL AND OFFICE SUPPLIES,6.499512
2017-08-20,4,SCHOOL AND OFFICE SUPPLIES,6.4984508
2017-08-21,4,SCHOOL AND OFFICE SUPPLIES,6.32319
2017-08-22,4,SCHOOL AND OFFICE SUPPLIES,6.7228603
2017-08-23,4,SCHOOL AND OFFICE SUPPLIES,7.082757
2017-08-24,4,SCHOOL AND OFFICE SUPPLIES,7.4026885
2017-08-25,4,SCHOOL AND OFFICE SUPPLIES,6.936771
2017-08-26,4,SCHOOL AND OFFICE SUPPLIES,7.303005
2017-08-27,4,SCHOOL AND OFFICE SUPPLIES,6.451258
2017-08-28,4,SCHOOL AND OFFICE SUPPLIES,6.2817216
2017-08-29,4,SCHOOL AND OFFICE SUPPLIES,5.9636846
2017-08-30,4,SCHOOL AND OFFICE SUPPLIES,6.649397
2017-08-16,4,SEAFOOD,0.0106863715
2017-08-17,4,SEAFOOD,0.023468956
2017-08-18,4,SEAFOOD,0.027410554
2017-08-19,4,SEAFOOD,0.018329032
2017-08-20,4,SEAFOOD,0.025436252
2017-08-21,4,SEAFOOD,0.0
2017-08-22,4,SEAFOOD,0.016581804
2017-08-23,4,SEAFOOD,0.020887837
2017-08-24,4,SEAFOOD,0.023463245
2017-08-25,4,SEAFOOD,0.019346852
2017-08-26,4,SEAFOOD,0.028761944
2017-08-27,4,SEAFOOD,0.03688517
2017-08-28,4,SEAFOOD,0.015941627
2017-08-29,4,SEAFOOD,4.9775837e-05
2017-08-30,4,SEAFOOD,0.024599731
2017-08-16,40,AUTOMOTIVE,9.107307
2017-08-17,40,AUTOMOTIVE,11.013384
2017-08-18,40,AUTOMOTIVE,8.515246
2017-08-19,40,AUTOMOTIVE,9.096846
2017-08-20,40,AUTOMOTIVE,8.513342
2017-08-21,40,AUTOMOTIVE,7.906286
2017-08-22,40,AUTOMOTIVE,6.866963
2017-08-23,40,AUTOMOTIVE,8.456639
2017-08-24,40,AUTOMOTIVE,9.502987
2017-08-25,40,AUTOMOTIVE,8.401599
2017-08-26,40,AUTOMOTIVE,8.2978115
2017-08-27,40,AUTOMOTIVE,8.990116
2017-08-28,40,AUTOMOTIVE,7.392092
2017-08-29,40,AUTOMOTIVE,6.85758
2017-08-30,40,AUTOMOTIVE,6.7534847
2017-08-16,40,BABY CARE,2070.3484
2017-08-17,40,BABY CARE,2511.42
2017-08-18,40,BABY CARE,2291.4836
2017-08-19,40,BABY CARE,2368.0657
2017-08-20,40,BABY CARE,2371.2998
2017-08-21,40,BABY CARE,2080.1646
2017-08-22,40,BABY CARE,1860.8706
2017-08-23,40,BABY CARE,2260.8372
2017-08-24,40,BABY CARE,3061.1594
2017-08-25,40,BABY CARE,2500.3347
2017-08-26,40,BABY CARE,2504.7568
2017-08-27,40,BABY CARE,2508.855
2017-08-28,40,BABY CARE,2170.3582
2017-08-29,40,BABY CARE,1971.9778
2017-08-30,40,BABY CARE,2409.0728
2017-08-16,40,BEAUTY,0.008679077
2017-08-17,40,BEAUTY,0.025997972
2017-08-18,40,BEAUTY,0.01062189
2017-08-19,40,BEAUTY,0.0014048284
2017-08-20,40,BEAUTY,0.02515069
2017-08-21,40,BEAUTY,0.011548225
2017-08-22,40,BEAUTY,0.0
2017-08-23,40,BEAUTY,0.00473431
2017-08-24,40,BEAUTY,0.035649043
2017-08-25,40,BEAUTY,0.015803525
2017-08-26,40,BEAUTY,0.03819279
2017-08-27,40,BEAUTY,0.012803625
2017-08-28,40,BEAUTY,0.01930967
2017-08-29,40,BEAUTY,0.04649806
2017-08-30,40,BEAUTY,0.02078861
2017-08-16,40,BEVERAGES,509.6128
2017-08-17,40,BEVERAGES,607.1369
2017-08-18,40,BEVERAGES,537.3684
2017-08-19,40,BEVERAGES,555.6721
2017-08-20,40,BEVERAGES,548.8883
2017-08-21,40,BEVERAGES,499.07843
2017-08-22,40,BEVERAGES,462.172
2017-08-23,40,BEVERAGES,559.1307
2017-08-24,40,BEVERAGES,693.97327
2017-08-25,40,BEVERAGES,606.79535
2017-08-26,40,BEVERAGES,602.4387
2017-08-27,40,BEVERAGES,610.8955
2017-08-28,40,BEVERAGES,526.74207
2017-08-29,40,BEVERAGES,501.01263
2017-08-30,40,BEVERAGES,558.8561
2017-08-16,40,BREAD/BAKERY,14.490222
2017-08-17,40,BREAD/BAKERY,15.913447
2017-08-18,40,BREAD/BAKERY,14.263633
2017-08-19,40,BREAD/BAKERY,13.81373
2017-08-20,40,BREAD/BAKERY,13.016353
2017-08-21,40,BREAD/BAKERY,16.375551
2017-08-22,40,BREAD/BAKERY,12.987078
2017-08-23,40,BREAD/BAKERY,14.7053
2017-08-24,40,BREAD/BAKERY,13.389374
2017-08-25,40,BREAD/BAKERY,12.037148
2017-08-26,40,BREAD/BAKERY,14.189261
2017-08-27,40,BREAD/BAKERY,11.600212
2017-08-28,40,BREAD/BAKERY,13.453825
2017-08-29,40,BREAD/BAKERY,12.234053
2017-08-30,40,BREAD/BAKERY,13.838301
2017-08-16,40,CELEBRATION,978.9901
2017-08-17,40,CELEBRATION,1146.9296
2017-08-18,40,CELEBRATION,918.3761
2017-08-19,40,CELEBRATION,1001.5723
2017-08-20,40,CELEBRATION,1040.498
2017-08-21,40,CELEBRATION,865.2498
2017-08-22,40,CELEBRATION,849.19226
2017-08-23,40,CELEBRATION,1021.74457
2017-08-24,40,CELEBRATION,1355.8655
2017-08-25,40,CELEBRATION,1053.9681
2017-08-26,40,CELEBRATION,1108.922
2017-08-27,40,CELEBRATION,1151.5018
2017-08-28,40,CELEBRATION,967.5358
2017-08-29,40,CELEBRATION,906.2849
2017-08-30,40,CELEBRATION,1041.0039
2017-08-16,40,CLEANING,741.7132
2017-08-17,40,CLEANING,865.0304
2017-08-18,40,CLEANING,789.5308
2017-08-19,40,CLEANING,774.4491
2017-08-20,40,CLEANING,789.3714
2017-08-21,40,CLEANING,676.5283
2017-08-22,40,CLEANING,687.43274
2017-08-23,40,CLEANING,818.4021
2017-08-24,40,CLEANING,992.3113
2017-08-25,40,CLEANING,839.4301
2017-08-26,40,CLEANING,801.5003
2017-08-27,40,CLEANING,824.30426
2017-08-28,40,CLEANING,696.7533
2017-08-29,40,CLEANING,696.09265
2017-08-30,40,CLEANING,792.0975
2017-08-16,40,DAIRY,239.23535
2017-08-17,40,DAIRY,268.40723
2017-08-18,40,DAIRY,277.11255
2017-08-19,40,DAIRY,243.88191
2017-08-20,40,DAIRY,223.50024
2017-08-21,40,DAIRY,208.62503
2017-08-22,40,DAIRY,202.62828
2017-08-23,40,DAIRY,248.39876
2017-08-24,40,DAIRY,293.91714
2017-08-25,40,DAIRY,303.12112
2017-08-26,40,DAIRY,249.07555
2017-08-27,40,DAIRY,241.97052
2017-08-28,40,DAIRY,206.57898
2017-08-29,40,DAIRY,210.16496
2017-08-30,40,DAIRY,253.16652
2017-08-16,40,DELI,137.22948
2017-08-17,40,DELI,171.4114
2017-08-18,40,DELI,177.03265
2017-08-19,40,DELI,127.64783
2017-08-20,40,DELI,141.52371
2017-08-21,40,DELI,120.32568
2017-08-22,40,DELI,116.66598
2017-08-23,40,DELI,142.32245
2017-08-24,40,DELI,173.04028
2017-08-25,40,DELI,193.79494
2017-08-26,40,DELI,133.06522
2017-08-27,40,DELI,142.90533
2017-08-28,40,DELI,117.65794
2017-08-29,40,DELI,120.74976
2017-08-30,40,DELI,142.47289
2017-08-16,40,EGGS,157.23901
2017-08-17,40,EGGS,145.48618
2017-08-18,40,EGGS,132.3215
2017-08-19,40,EGGS,152.74236
2017-08-20,40,EGGS,148.95763
2017-08-21,40,EGGS,128.42784
2017-08-22,40,EGGS,127.609146
2017-08-23,40,EGGS,163.2684
2017-08-24,40,EGGS,167.53719
2017-08-25,40,EGGS,133.44832
2017-08-26,40,EGGS,152.44978
2017-08-27,40,EGGS,143.354
2017-08-28,40,EGGS,132.22206
2017-08-29,40,EGGS,136.7593
2017-08-30,40,EGGS,161.13097
2017-08-16,40,FROZEN FOODS,3939.2976
2017-08-17,40,FROZEN FOODS,4393.3604
2017-08-18,40,FROZEN FOODS,3541.4167
2017-08-19,40,FROZEN FOODS,3804.629
2017-08-20,40,FROZEN FOODS,4076.1267
2017-08-21,40,FROZEN FOODS,3490.78
2017-08-22,40,FROZEN FOODS,3183.7417
2017-08-23,40,FROZEN FOODS,4022.6755
2017-08-24,40,FROZEN FOODS,5422.527
2017-08-25,40,FROZEN FOODS,4211.937
2017-08-26,40,FROZEN FOODS,4314.401
2017-08-27,40,FROZEN FOODS,4528.5474
2017-08-28,40,FROZEN FOODS,3865.5078
2017-08-29,40,FROZEN FOODS,3449.9956
2017-08-30,40,FROZEN FOODS,4715.211
2017-08-16,40,GROCERY I,30.73863
2017-08-17,40,GROCERY I,35.5008
2017-08-18,40,GROCERY I,35.167374
2017-08-19,40,GROCERY I,37.009842
2017-08-20,40,GROCERY I,39.211166
2017-08-21,40,GROCERY I,30.700808
2017-08-22,40,GROCERY I,26.140139
2017-08-23,40,GROCERY I,30.409014
2017-08-24,40,GROCERY I,33.824978
2017-08-25,40,GROCERY I,31.172232
2017-08-26,40,GROCERY I,37.663574
2017-08-27,40,GROCERY I,34.880184
2017-08-28,40,GROCERY I,30.24977
2017-08-29,40,GROCERY I,24.73375
2017-08-30,40,GROCERY I,30.267958
2017-08-16,40,GROCERY II,1.4609948
2017-08-17,40,GROCERY II,1.5090054
2017-08-18,40,GROCERY II,1.441488
2017-08-19,40,GROCERY II,1.5819885
2017-08-20,40,GROCERY II,1.3012193
2017-08-21,40,GROCERY II,1.2431142
2017-08-22,40,GROCERY II,0.99263555
2017-08-23,40,GROCERY II,1.4056387
2017-08-24,40,GROCERY II,1.515199
2017-08-25,40,GROCERY II,1.1979587
2017-08-26,40,GROCERY II,1.673778
2017-08-27,40,GROCERY II,1.1264285
2017-08-28,40,GROCERY II,1.2888522
2017-08-29,40,GROCERY II,1.3871444
2017-08-30,40,GROCERY II,1.2792096
2017-08-16,40,HARDWARE,31.543097
2017-08-17,40,HARDWARE,23.938122
2017-08-18,40,HARDWARE,24.312687
2017-08-19,40,HARDWARE,27.45713
2017-08-20,40,HARDWARE,28.289995
2017-08-21,40,HARDWARE,22.724329
2017-08-22,40,HARDWARE,19.878109
2017-08-23,40,HARDWARE,21.742361
2017-08-24,40,HARDWARE,20.21071
2017-08-25,40,HARDWARE,21.132154
2017-08-26,40,HARDWARE,23.347641
2017-08-27,40,HARDWARE,25.017746
2017-08-28,40,HARDWARE,23.840258
2017-08-29,40,HARDWARE,19.10955
2017-08-30,40,HARDWARE,22.688759
2017-08-16,40,HOME AND KITCHEN I,29.293505
2017-08-17,40,HOME AND KITCHEN I,28.416948
2017-08-18,40,HOME AND KITCHEN I,26.884897
2017-08-19,40,HOME AND KITCHEN I,30.333975
2017-08-20,40,HOME AND KITCHEN I,35.10693
2017-08-21,40,HOME AND KITCHEN I,28.001886
2017-08-22,40,HOME AND KITCHEN I,25.202553
2017-08-23,40,HOME AND KITCHEN I,29.2033
2017-08-24,40,HOME AND KITCHEN I,34.29786
2017-08-25,40,HOME AND KITCHEN I,30.240898
2017-08-26,40,HOME AND KITCHEN I,34.696323
2017-08-27,40,HOME AND KITCHEN I,38.845264
2017-08-28,40,HOME AND KITCHEN I,33.069195
2017-08-29,40,HOME AND KITCHEN I,33.078316
2017-08-30,40,HOME AND KITCHEN I,34.474888
2017-08-16,40,HOME AND KITCHEN II,0.10546222
2017-08-17,40,HOME AND KITCHEN II,0.16742966
2017-08-18,40,HOME AND KITCHEN II,0.117611594
2017-08-19,40,HOME AND KITCHEN II,0.13860816
2017-08-20,40,HOME AND KITCHEN II,0.16005306
2017-08-21,40,HOME AND KITCHEN II,0.14107154
2017-08-22,40,HOME AND KITCHEN II,0.06757992
2017-08-23,40,HOME AND KITCHEN II,0.21345657
2017-08-24,40,HOME AND KITCHEN II,0.23444957
2017-08-25,40,HOME AND KITCHEN II,0.2596283
2017-08-26,40,HOME AND KITCHEN II,0.23713276
2017-08-27,40,HOME AND KITCHEN II,0.28382304
2017-08-28,40,HOME AND KITCHEN II,0.30959976
2017-08-29,40,HOME AND KITCHEN II,0.24499226
2017-08-30,40,HOME AND KITCHEN II,0.27895436
2017-08-16,40,HOME APPLIANCES,215.68343
2017-08-17,40,HOME APPLIANCES,244.49655
2017-08-18,40,HOME APPLIANCES,216.27937
2017-08-19,40,HOME APPLIANCES,231.92795
2017-08-20,40,HOME APPLIANCES,241.47395
2017-08-21,40,HOME APPLIANCES,167.9157
2017-08-22,40,HOME APPLIANCES,146.24425
2017-08-23,40,HOME APPLIANCES,186.15256
2017-08-24,40,HOME APPLIANCES,206.26688
2017-08-25,40,HOME APPLIANCES,214.5365
2017-08-26,40,HOME APPLIANCES,199.55539
2017-08-27,40,HOME APPLIANCES,212.7928
2017-08-28,40,HOME APPLIANCES,142.14058
2017-08-29,40,HOME APPLIANCES,166.22543
2017-08-30,40,HOME APPLIANCES,171.23334
2017-08-16,40,HOME CARE,19.140581
2017-08-17,40,HOME CARE,23.403757
2017-08-18,40,HOME CARE,21.70506
2017-08-19,40,HOME CARE,24.482983
2017-08-20,40,HOME CARE,20.178478
2017-08-21,40,HOME CARE,15.091641
2017-08-22,40,HOME CARE,15.038215
2017-08-23,40,HOME CARE,15.573806
2017-08-24,40,HOME CARE,19.14822
2017-08-25,40,HOME CARE,16.483202
2017-08-26,40,HOME CARE,16.787867
2017-08-27,40,HOME CARE,19.08295
2017-08-28,40,HOME CARE,17.111275
2017-08-29,40,HOME CARE,13.823844
2017-08-30,40,HOME CARE,14.340664
2017-08-16,40,LAWN AND GARDEN,22.273901
2017-08-17,40,LAWN AND GARDEN,21.827366
2017-08-18,40,LAWN AND GARDEN,21.391504
2017-08-19,40,LAWN AND GARDEN,17.512539
2017-08-20,40,LAWN AND GARDEN,18.554205
2017-08-21,40,LAWN AND GARDEN,17.441076
2017-08-22,40,LAWN AND GARDEN,15.26634
2017-08-23,40,LAWN AND GARDEN,23.721516
2017-08-24,40,LAWN AND GARDEN,23.900879
2017-08-25,40,LAWN AND GARDEN,21.323618
2017-08-26,40,LAWN AND GARDEN,20.017347
2017-08-27,40,LAWN AND GARDEN,19.407316
2017-08-28,40,LAWN AND GARDEN,18.2685
2017-08-29,40,LAWN AND GARDEN,18.620146
2017-08-30,40,LAWN AND GARDEN,22.096125
2017-08-16,40,LINGERIE,9.79669
2017-08-17,40,LINGERIE,10.464246
2017-08-18,40,LINGERIE,8.376269
2017-08-19,40,LINGERIE,9.094044
2017-08-20,40,LINGERIE,9.197419
2017-08-21,40,LINGERIE,8.240205
2017-08-22,40,LINGERIE,9.109806
2017-08-23,40,LINGERIE,10.182529
2017-08-24,40,LINGERIE,9.467783
2017-08-25,40,LINGERIE,8.759458
2017-08-26,40,LINGERIE,9.696798
2017-08-27,40,LINGERIE,8.617778
2017-08-28,40,LINGERIE,8.530606
2017-08-29,40,LINGERIE,7.9385157
2017-08-30,40,LINGERIE,9.639069
2017-08-16,40,"LIQUOR,WINE,BEER",108.40877
2017-08-17,40,"LIQUOR,WINE,BEER",106.324196
2017-08-18,40,"LIQUOR,WINE,BEER",124.97691
2017-08-19,40,"LIQUOR,WINE,BEER",135.39633
2017-08-20,40,"LIQUOR,WINE,BEER",70.36426
2017-08-21,40,"LIQUOR,WINE,BEER",125.383865
2017-08-22,40,"LIQUOR,WINE,BEER",93.475006
2017-08-23,40,"LIQUOR,WINE,BEER",128.20265
2017-08-24,40,"LIQUOR,WINE,BEER",148.09985
2017-08-25,40,"LIQUOR,WINE,BEER",153.99704
2017-08-26,40,"LIQUOR,WINE,BEER",139.55873
2017-08-27,40,"LIQUOR,WINE,BEER",74.35293
2017-08-28,40,"LIQUOR,WINE,BEER",94.141846
2017-08-29,40,"LIQUOR,WINE,BEER",95.67996
2017-08-30,40,"LIQUOR,WINE,BEER",121.15008
2017-08-16,40,MAGAZINES,12.463013
2017-08-17,40,MAGAZINES,13.577132
2017-08-18,40,MAGAZINES,12.622742
2017-08-19,40,MAGAZINES,14.228403
2017-08-20,40,MAGAZINES,12.192056
2017-08-21,40,MAGAZINES,10.831187
2017-08-22,40,MAGAZINES,10.869917
2017-08-23,40,MAGAZINES,12.245107
2017-08-24,40,MAGAZINES,13.035074
2017-08-25,40,MAGAZINES,12.329221
2017-08-26,40,MAGAZINES,12.531499
2017-08-27,40,MAGAZINES,10.916238
2017-08-28,40,MAGAZINES,11.674746
2017-08-29,40,MAGAZINES,9.748195
2017-08-30,40,MAGAZINES,12.020296
2017-08-16,40,MEATS,236.90004
2017-08-17,40,MEATS,245.66504
2017-08-18,40,MEATS,346.68112
2017-08-19,40,MEATS,215.27019
2017-08-20,40,MEATS,228.6498
2017-08-21,40,MEATS,199.5444
2017-08-22,40,MEATS,193.00656
2017-08-23,40,MEATS,248.81006
2017-08-24,40,MEATS,236.6282
2017-08-25,40,MEATS,329.6409
2017-08-26,40,MEATS,205.78746
2017-08-27,40,MEATS,227.48625
2017-08-28,40,MEATS,185.59084
2017-08-29,40,MEATS,198.52812
2017-08-30,40,MEATS,235.20012
2017-08-16,40,PERSONAL CARE,308.7739
2017-08-17,40,PERSONAL CARE,391.37085
2017-08-18,40,PERSONAL CARE,312.16953
2017-08-19,40,PERSONAL CARE,351.98093
2017-08-20,40,PERSONAL CARE,353.64902
2017-08-21,40,PERSONAL CARE,310.40353
2017-08-22,40,PERSONAL CARE,286.48553
2017-08-23,40,PERSONAL CARE,336.5843
2017-08-24,40,PERSONAL CARE,430.19745
2017-08-25,40,PERSONAL CARE,364.8357
2017-08-26,40,PERSONAL CARE,403.24417
2017-08-27,40,PERSONAL CARE,376.9004
2017-08-28,40,PERSONAL CARE,317.24597
2017-08-29,40,PERSONAL CARE,280.04974
2017-08-30,40,PERSONAL CARE,314.91312
2017-08-16,40,PET SUPPLIES,12.962472
2017-08-17,40,PET SUPPLIES,14.586204
2017-08-18,40,PET SUPPLIES,12.139623
2017-08-19,40,PET SUPPLIES,11.410915
2017-08-20,40,PET SUPPLIES,12.513528
2017-08-21,40,PET SUPPLIES,12.1753845
2017-08-22,40,PET SUPPLIES,9.229738
2017-08-23,40,PET SUPPLIES,12.04076
2017-08-24,40,PET SUPPLIES,13.450256
2017-08-25,40,PET SUPPLIES,10.945635
2017-08-26,40,PET SUPPLIES,10.590973
2017-08-27,40,PET SUPPLIES,10.674376
2017-08-28,40,PET SUPPLIES,8.660027
2017-08-29,40,PET SUPPLIES,8.882678
2017-08-30,40,PET SUPPLIES,10.705812
2017-08-16,40,PLAYERS AND ELECTRONICS,7.4475403
2017-08-17,40,PLAYERS AND ELECTRONICS,7.7868934
2017-08-18,40,PLAYERS AND ELECTRONICS,9.178823
2017-08-19,40,PLAYERS AND ELECTRONICS,8.452552
2017-08-20,40,PLAYERS AND ELECTRONICS,8.654022
2017-08-21,40,PLAYERS AND ELECTRONICS,7.7461386
2017-08-22,40,PLAYERS AND ELECTRONICS,8.313559
2017-08-23,40,PLAYERS AND ELECTRONICS,8.387052
2017-08-24,40,PLAYERS AND ELECTRONICS,9.301196
2017-08-25,40,PLAYERS AND ELECTRONICS,7.9931283
2017-08-26,40,PLAYERS AND ELECTRONICS,8.905254
2017-08-27,40,PLAYERS AND ELECTRONICS,8.905602
2017-08-28,40,PLAYERS AND ELECTRONICS,7.9999
2017-08-29,40,PLAYERS AND ELECTRONICS,7.700504
2017-08-30,40,PLAYERS AND ELECTRONICS,7.762598
2017-08-16,40,POULTRY,213.28386
2017-08-17,40,POULTRY,215.04535
2017-08-18,40,POULTRY,256.02347
2017-08-19,40,POULTRY,192.32233
2017-08-20,40,POULTRY,210.83261
2017-08-21,40,POULTRY,167.9256
2017-08-22,40,POULTRY,174.41762
2017-08-23,40,POULTRY,213.51347
2017-08-24,40,POULTRY,237.6744
2017-08-25,40,POULTRY,252.10506
2017-08-26,40,POULTRY,192.29366
2017-08-27,40,POULTRY,207.66194
2017-08-28,40,POULTRY,174.98041
2017-08-29,40,POULTRY,178.43181
2017-08-30,40,POULTRY,209.87689
2017-08-16,40,PREPARED FOODS,64.96095
2017-08-17,40,PREPARED FOODS,71.8676
2017-08-18,40,PREPARED FOODS,64.398506
2017-08-19,40,PREPARED FOODS,70.25551
2017-08-20,40,PREPARED FOODS,72.12507
2017-08-21,40,PREPARED FOODS,63.34193
2017-08-22,40,PREPARED FOODS,57.03702
2017-08-23,40,PREPARED FOODS,69.662224
2017-08-24,40,PREPARED FOODS,73.5403
2017-08-25,40,PREPARED FOODS,67.04906
2017-08-26,40,PREPARED FOODS,70.94636
2017-08-27,40,PREPARED FOODS,64.61808
2017-08-28,40,PREPARED FOODS,58.013428
2017-08-29,40,PREPARED FOODS,54.437187
2017-08-30,40,PREPARED FOODS,67.923416
2017-08-16,40,PRODUCE,3080.6523
2017-08-17,40,PRODUCE,1813.504
2017-08-18,40,PRODUCE,1603.3228
2017-08-19,40,PRODUCE,1690.4015
2017-08-20,40,PRODUCE,1820.3964
2017-08-21,40,PRODUCE,1611.5918
2017-08-22,40,PRODUCE,1455.4325
2017-08-23,40,PRODUCE,2915.8794
2017-08-24,40,PRODUCE,1585.8121
2017-08-25,40,PRODUCE,1492.1074
2017-08-26,40,PRODUCE,1547.6887
2017-08-27,40,PRODUCE,1656.8329
2017-08-28,40,PRODUCE,1549.8728
2017-08-29,40,PRODUCE,1444.4087
2017-08-30,40,PRODUCE,2678.1077
2017-08-16,40,SCHOOL AND OFFICE SUPPLIES,0.6235913
2017-08-17,40,SCHOOL AND OFFICE SUPPLIES,0.7699202
2017-08-18,40,SCHOOL AND OFFICE SUPPLIES,0.7637427
2017-08-19,40,SCHOOL AND OFFICE SUPPLIES,0.61464584
2017-08-20,40,SCHOOL AND OFFICE SUPPLIES,0.5504082
2017-08-21,40,SCHOOL AND OFFICE SUPPLIES,0.709198
2017-08-22,40,SCHOOL AND OFFICE SUPPLIES,0.8039363
2017-08-23,40,SCHOOL AND OFFICE SUPPLIES,0.7128708
2017-08-24,40,SCHOOL AND OFFICE SUPPLIES,0.7783223
2017-08-25,40,SCHOOL AND OFFICE SUPPLIES,0.6496891
2017-08-26,40,SCHOOL AND OFFICE SUPPLIES,0.63037956
2017-08-27,40,SCHOOL AND OFFICE SUPPLIES,0.8136804
2017-08-28,40,SCHOOL AND OFFICE SUPPLIES,0.7896579
2017-08-29,40,SCHOOL AND OFFICE SUPPLIES,0.62486786
2017-08-30,40,SCHOOL AND OFFICE SUPPLIES,0.6617076
2017-08-16,40,SEAFOOD,7.854314
2017-08-17,40,SEAFOOD,9.273075
2017-08-18,40,SEAFOOD,8.47084
2017-08-19,40,SEAFOOD,7.6086345
2017-08-20,40,SEAFOOD,7.948822
2017-08-21,40,SEAFOOD,6.221063
2017-08-22,40,SEAFOOD,6.9913526
2017-08-23,40,SEAFOOD,7.2678504
2017-08-24,40,SEAFOOD,8.261096
2017-08-25,40,SEAFOOD,7.449398
2017-08-26,40,SEAFOOD,7.770792
2017-08-27,40,SEAFOOD,8.172167
2017-08-28,40,SEAFOOD,6.802423
2017-08-29,40,SEAFOOD,6.8920407
2017-08-30,40,SEAFOOD,8.070679
2017-08-16,41,AUTOMOTIVE,3.0656283
2017-08-17,41,AUTOMOTIVE,3.232639
2017-08-18,41,AUTOMOTIVE,3.703863
2017-08-19,41,AUTOMOTIVE,3.4896657
2017-08-20,41,AUTOMOTIVE,2.330997
2017-08-21,41,AUTOMOTIVE,2.1911707
2017-08-22,41,AUTOMOTIVE,2.4756937
2017-08-23,41,AUTOMOTIVE,2.4941225
2017-08-24,41,AUTOMOTIVE,2.6475732
2017-08-25,41,AUTOMOTIVE,2.8769412
2017-08-26,41,AUTOMOTIVE,2.8564587
2017-08-27,41,AUTOMOTIVE,2.4194489
2017-08-28,41,AUTOMOTIVE,3.0487216
2017-08-29,41,AUTOMOTIVE,1.7551379
2017-08-30,41,AUTOMOTIVE,2.862987
2017-08-16,41,BABY CARE,0.0
2017-08-17,41,BABY CARE,0.0
2017-08-18,41,BABY CARE,0.0
2017-08-19,41,BABY CARE,0.0
2017-08-20,41,BABY CARE,0.0
2017-08-21,41,BABY CARE,0.0
2017-08-22,41,BABY CARE,0.0
2017-08-23,41,BABY CARE,0.0
2017-08-24,41,BABY CARE,0.0
2017-08-25,41,BABY CARE,0.0
2017-08-26,41,BABY CARE,0.0
2017-08-27,41,BABY CARE,0.0
2017-08-28,41,BABY CARE,0.0
2017-08-29,41,BABY CARE,0.0042182254
2017-08-30,41,BABY CARE,0.0
2017-08-16,41,BEAUTY,5.0319786
2017-08-17,41,BEAUTY,6.3278637
2017-08-18,41,BEAUTY,4.865802
2017-08-19,41,BEAUTY,5.555701
2017-08-20,41,BEAUTY,4.3491235
2017-08-21,41,BEAUTY,5.533347
2017-08-22,41,BEAUTY,4.5214386
2017-08-23,41,BEAUTY,4.3920946
2017-08-24,41,BEAUTY,5.308427
2017-08-25,41,BEAUTY,4.4439197
2017-08-26,41,BEAUTY,4.609721
2017-08-27,41,BEAUTY,4.2286177
2017-08-28,41,BEAUTY,3.7175963
2017-08-29,41,BEAUTY,4.173852
2017-08-30,41,BEAUTY,4.3231864
2017-08-16,41,BEVERAGES,928.4883
2017-08-17,41,BEVERAGES,775.2875
2017-08-18,41,BEVERAGES,707.2359
2017-08-19,41,BEVERAGES,669.4108
2017-08-20,41,BEVERAGES,633.7494
2017-08-21,41,BEVERAGES,595.7121
2017-08-22,41,BEVERAGES,551.0391
2017-08-23,41,BEVERAGES,524.618
2017-08-24,41,BEVERAGES,675.4351
2017-08-25,41,BEVERAGES,554.186
2017-08-26,41,BEVERAGES,511.34253
2017-08-27,41,BEVERAGES,486.98526
2017-08-28,41,BEVERAGES,461.71945
2017-08-29,41,BEVERAGES,489.69913
2017-08-30,41,BEVERAGES,506.29788
2017-08-16,41,BOOKS,0.0
2017-08-17,41,BOOKS,0.016906086
2017-08-18,41,BOOKS,0.03641584
2017-08-19,41,BOOKS,0.021635193
2017-08-20,41,BOOKS,0.017698312
2017-08-21,41,BOOKS,0.042149972
2017-08-22,41,BOOKS,0.029306524
2017-08-23,41,BOOKS,0.045303114
2017-08-24,41,BOOKS,0.071451694
2017-08-25,41,BOOKS,0.028741926
2017-08-26,41,BOOKS,0.054280825
2017-08-27,41,BOOKS,0.0632498
2017-08-28,41,BOOKS,0.07294422
2017-08-29,41,BOOKS,0.073063254
2017-08-30,41,BOOKS,0.055405445
2017-08-16,41,BREAD/BAKERY,257.01877
2017-08-17,41,BREAD/BAKERY,171.22261
2017-08-18,41,BREAD/BAKERY,182.63263
2017-08-19,41,BREAD/BAKERY,176.80344
2017-08-20,41,BREAD/BAKERY,167.04189
2017-08-21,41,BREAD/BAKERY,136.3493
2017-08-22,41,BREAD/BAKERY,145.65927
2017-08-23,41,BREAD/BAKERY,145.03586
2017-08-24,41,BREAD/BAKERY,146.25096
2017-08-25,41,BREAD/BAKERY,131.58894
2017-08-26,41,BREAD/BAKERY,123.14862
2017-08-27,41,BREAD/BAKERY,131.75874
2017-08-28,41,BREAD/BAKERY,127.202194
2017-08-29,41,BREAD/BAKERY,114.745346
2017-08-30,41,BREAD/BAKERY,123.580605
2017-08-16,41,CELEBRATION,8.967548
2017-08-17,41,CELEBRATION,9.148735
2017-08-18,41,CELEBRATION,8.869726
2017-08-19,41,CELEBRATION,8.934128
2017-08-20,41,CELEBRATION,7.1319666
2017-08-21,41,CELEBRATION,8.817849
2017-08-22,41,CELEBRATION,9.667395
2017-08-23,41,CELEBRATION,10.06757
2017-08-24,41,CELEBRATION,8.541051
2017-08-25,41,CELEBRATION,8.886097
2017-08-26,41,CELEBRATION,7.6981997
2017-08-27,41,CELEBRATION,7.3148837
2017-08-28,41,CELEBRATION,7.623312
2017-08-29,41,CELEBRATION,6.817876
2017-08-30,41,CELEBRATION,8.56219
2017-08-16,41,CLEANING,297.25995
2017-08-17,41,CLEANING,208.46925
2017-08-18,41,CLEANING,218.44572
2017-08-19,41,CLEANING,207.06104
2017-08-20,41,CLEANING,207.42888
2017-08-21,41,CLEANING,165.10721
2017-08-22,41,CLEANING,150.8572
2017-08-23,41,CLEANING,157.2082
2017-08-24,41,CLEANING,165.16794
2017-08-25,41,CLEANING,147.62108
2017-08-26,41,CLEANING,160.86133
2017-08-27,41,CLEANING,154.10593
2017-08-28,41,CLEANING,140.06607
2017-08-29,41,CLEANING,133.94083
2017-08-30,41,CLEANING,130.53998
2017-08-16,41,DAIRY,409.0936
2017-08-17,41,DAIRY,280.50128
2017-08-18,41,DAIRY,268.8239
2017-08-19,41,DAIRY,239.19023
2017-08-20,41,DAIRY,245.47514
2017-08-21,41,DAIRY,231.38344
2017-08-22,41,DAIRY,225.2093
2017-08-23,41,DAIRY,245.23679
2017-08-24,41,DAIRY,258.77112
2017-08-25,41,DAIRY,201.96016
2017-08-26,41,DAIRY,196.38087
2017-08-27,41,DAIRY,204.42209
2017-08-28,41,DAIRY,186.5737
2017-08-29,41,DAIRY,184.5771
2017-08-30,41,DAIRY,194.75366
2017-08-16,41,DELI,121.137505
2017-08-17,41,DELI,84.82342
2017-08-18,41,DELI,96.552315
2017-08-19,41,DELI,71.89042
2017-08-20,41,DELI,63.396717
2017-08-21,41,DELI,66.16035
2017-08-22,41,DELI,58.23189
2017-08-23,41,DELI,71.6291
2017-08-24,41,DELI,72.66036
2017-08-25,41,DELI,86.84659
2017-08-26,41,DELI,61.224453
2017-08-27,41,DELI,49.52991
2017-08-28,41,DELI,56.518364
2017-08-29,41,DELI,57.06631
2017-08-30,41,DELI,60.88742
2017-08-16,41,EGGS,71.77139
2017-08-17,41,EGGS,82.6958
2017-08-18,41,EGGS,109.4769
2017-08-19,41,EGGS,62.20698
2017-08-20,41,EGGS,58.210632
2017-08-21,41,EGGS,58.840897
2017-08-22,41,EGGS,47.51334
2017-08-23,41,EGGS,61.69335
2017-08-24,41,EGGS,79.23704
2017-08-25,41,EGGS,109.31303
2017-08-26,41,EGGS,56.16381
2017-08-27,41,EGGS,55.492683
2017-08-28,41,EGGS,59.45277
2017-08-29,41,EGGS,40.421764
2017-08-30,41,EGGS,48.540043
2017-08-16,41,FROZEN FOODS,78.345924
2017-08-17,41,FROZEN FOODS,64.89531
2017-08-18,41,FROZEN FOODS,63.681698
2017-08-19,41,FROZEN FOODS,73.91821
2017-08-20,41,FROZEN FOODS,71.247116
2017-08-21,41,FROZEN FOODS,65.40074
2017-08-22,41,FROZEN FOODS,46.87759
2017-08-23,41,FROZEN FOODS,67.15636
2017-08-24,41,FROZEN FOODS,61.769226
2017-08-25,41,FROZEN FOODS,46.88447
2017-08-26,41,FROZEN FOODS,53.84998
2017-08-27,41,FROZEN FOODS,56.985874
2017-08-28,41,FROZEN FOODS,52.940517
2017-08-29,41,FROZEN FOODS,42.66511
2017-08-30,41,FROZEN FOODS,53.871746
2017-08-16,41,GROCERY I,1076.8037
2017-08-17,41,GROCERY I,541.4918
2017-08-18,41,GROCERY I,558.5761
2017-08-19,41,GROCERY I,570.85815
2017-08-20,41,GROCERY I,580.99384
2017-08-21,41,GROCERY I,528.50415
2017-08-22,41,GROCERY I,484.09808
2017-08-23,41,GROCERY I,474.14685
2017-08-24,41,GROCERY I,547.14795
2017-08-25,41,GROCERY I,457.27405
2017-08-26,41,GROCERY I,408.3794
2017-08-27,41,GROCERY I,423.35297
2017-08-28,41,GROCERY I,413.88202
2017-08-29,41,GROCERY I,436.77295
2017-08-30,41,GROCERY I,429.38858
2017-08-16,41,GROCERY II,20.434002
2017-08-17,41,GROCERY II,18.05419
2017-08-18,41,GROCERY II,16.376488
2017-08-19,41,GROCERY II,18.687622
2017-08-20,41,GROCERY II,17.381567
2017-08-21,41,GROCERY II,14.6816435
2017-08-22,41,GROCERY II,11.662249
2017-08-23,41,GROCERY II,14.874832
2017-08-24,41,GROCERY II,12.262599
2017-08-25,41,GROCERY II,14.224753
2017-08-26,41,GROCERY II,13.878218
2017-08-27,41,GROCERY II,12.129292
2017-08-28,41,GROCERY II,11.190631
2017-08-29,41,GROCERY II,8.779507
2017-08-30,41,GROCERY II,13.223393
2017-08-16,41,HARDWARE,0.67487365
2017-08-17,41,HARDWARE,0.90808654
2017-08-18,41,HARDWARE,0.70112294
2017-08-19,41,HARDWARE,0.840788
2017-08-20,41,HARDWARE,0.72255856
2017-08-21,41,HARDWARE,0.6247872
2017-08-22,41,HARDWARE,0.79498863
2017-08-23,41,HARDWARE,0.7053068
2017-08-24,41,HARDWARE,0.97859114
2017-08-25,41,HARDWARE,0.88785994
2017-08-26,41,HARDWARE,0.82761025
2017-08-27,41,HARDWARE,0.68468994
2017-08-28,41,HARDWARE,0.76917976
2017-08-29,41,HARDWARE,0.6501128
2017-08-30,41,HARDWARE,0.6742685
2017-08-16,41,HOME AND KITCHEN I,22.805529
2017-08-17,41,HOME AND KITCHEN I,21.786867
2017-08-18,41,HOME AND KITCHEN I,22.785784
2017-08-19,41,HOME AND KITCHEN I,21.50503
2017-08-20,41,HOME AND KITCHEN I,18.351988
2017-08-21,41,HOME AND KITCHEN I,14.609406
2017-08-22,41,HOME AND KITCHEN I,11.665856
2017-08-23,41,HOME AND KITCHEN I,15.327617
2017-08-24,41,HOME AND KITCHEN I,12.0092125
2017-08-25,41,HOME AND KITCHEN I,13.522959
2017-08-26,41,HOME AND KITCHEN I,12.91519
2017-08-27,41,HOME AND KITCHEN I,11.355775
2017-08-28,41,HOME AND KITCHEN I,11.044878
2017-08-29,41,HOME AND KITCHEN I,8.547921
2017-08-30,41,HOME AND KITCHEN I,12.438383
2017-08-16,41,HOME AND KITCHEN II,42.175053
2017-08-17,41,HOME AND KITCHEN II,29.937801
2017-08-18,41,HOME AND KITCHEN II,34.38922
2017-08-19,41,HOME AND KITCHEN II,30.974184
2017-08-20,41,HOME AND KITCHEN II,34.975044
2017-08-21,41,HOME AND KITCHEN II,26.135567
2017-08-22,41,HOME AND KITCHEN II,17.61269
2017-08-23,41,HOME AND KITCHEN II,25.094048
2017-08-24,41,HOME AND KITCHEN II,24.341406
2017-08-25,41,HOME AND KITCHEN II,26.47422
2017-08-26,41,HOME AND KITCHEN II,31.303547
2017-08-27,41,HOME AND KITCHEN II,36.79342
2017-08-28,41,HOME AND KITCHEN II,24.630655
2017-08-29,41,HOME AND KITCHEN II,18.548882
2017-08-30,41,HOME AND KITCHEN II,19.206894
2017-08-16,41,HOME APPLIANCES,0.049273703
2017-08-17,41,HOME APPLIANCES,0.04618291
2017-08-18,41,HOME APPLIANCES,0.05710689
2017-08-19,41,HOME APPLIANCES,0.05938282
2017-08-20,41,HOME APPLIANCES,0.06815323
2017-08-21,41,HOME APPLIANCES,0.075625725
2017-08-22,41,HOME APPLIANCES,0.0730685
2017-08-23,41,HOME APPLIANCES,0.11461968
2017-08-24,41,HOME APPLIANCES,0.072297014
2017-08-25,41,HOME APPLIANCES,0.083950356
2017-08-26,41,HOME APPLIANCES,0.09238459
2017-08-27,41,HOME APPLIANCES,0.07266058
2017-08-28,41,HOME APPLIANCES,0.10998743
2017-08-29,41,HOME APPLIANCES,0.09028265
2017-08-30,41,HOME APPLIANCES,0.08998062
2017-08-16,41,HOME CARE,140.79787
2017-08-17,41,HOME CARE,89.879005
2017-08-18,41,HOME CARE,110.3946
2017-08-19,41,HOME CARE,124.81252
2017-08-20,41,HOME CARE,107.73554
2017-08-21,41,HOME CARE,79.145226
2017-08-22,41,HOME CARE,81.183105
2017-08-23,41,HOME CARE,95.00471
2017-08-24,41,HOME CARE,89.0029
2017-08-25,41,HOME CARE,98.194855
2017-08-26,41,HOME CARE,104.47804
2017-08-27,41,HOME CARE,95.86513
2017-08-28,41,HOME CARE,61.86372
2017-08-29,41,HOME CARE,63.19699
2017-08-30,41,HOME CARE,77.18452
2017-08-16,41,LADIESWEAR,11.882871
2017-08-17,41,LADIESWEAR,16.383648
2017-08-18,41,LADIESWEAR,14.017436
2017-08-19,41,LADIESWEAR,12.250309
2017-08-20,41,LADIESWEAR,11.200134
2017-08-21,41,LADIESWEAR,13.181847
2017-08-22,41,LADIESWEAR,11.9865465
2017-08-23,41,LADIESWEAR,13.747573
2017-08-24,41,LADIESWEAR,15.017151
2017-08-25,41,LADIESWEAR,11.7444105
2017-08-26,41,LADIESWEAR,11.865501
2017-08-27,41,LADIESWEAR,10.442731
2017-08-28,41,LADIESWEAR,10.181122
2017-08-29,41,LADIESWEAR,10.584673
2017-08-30,41,LADIESWEAR,12.917521
2017-08-16,41,LAWN AND GARDEN,42.699673
2017-08-17,41,LAWN AND GARDEN,40.128803
2017-08-18,41,LAWN AND GARDEN,34.785145
2017-08-19,41,LAWN AND GARDEN,33.66338
2017-08-20,41,LAWN AND GARDEN,28.750341
2017-08-21,41,LAWN AND GARDEN,36.08161
2017-08-22,41,LAWN AND GARDEN,25.30975
2017-08-23,41,LAWN AND GARDEN,38.511414
2017-08-24,41,LAWN AND GARDEN,31.456867
2017-08-25,41,LAWN AND GARDEN,32.221416
2017-08-26,41,LAWN AND GARDEN,32.538815
2017-08-27,41,LAWN AND GARDEN,25.218422
2017-08-28,41,LAWN AND GARDEN,30.576942
2017-08-29,41,LAWN AND GARDEN,20.360481
2017-08-30,41,LAWN AND GARDEN,37.596157
2017-08-16,41,LINGERIE,3.808097
2017-08-17,41,LINGERIE,3.5633612
2017-08-18,41,LINGERIE,3.8625305
2017-08-19,41,LINGERIE,4.084285
2017-08-20,41,LINGERIE,3.3768306
2017-08-21,41,LINGERIE,3.390413
2017-08-22,41,LINGERIE,3.0081422
2017-08-23,41,LINGERIE,3.896098
2017-08-24,41,LINGERIE,3.8829722
2017-08-25,41,LINGERIE,3.68728
2017-08-26,41,LINGERIE,3.4213781
2017-08-27,41,LINGERIE,3.9279451
2017-08-28,41,LINGERIE,3.068858
2017-08-29,41,LINGERIE,2.1578863
2017-08-30,41,LINGERIE,2.6550884
2017-08-16,41,"LIQUOR,WINE,BEER",71.97839
2017-08-17,41,"LIQUOR,WINE,BEER",38.614212
2017-08-18,41,"LIQUOR,WINE,BEER",58.43786
2017-08-19,41,"LIQUOR,WINE,BEER",70.43757
2017-08-20,41,"LIQUOR,WINE,BEER",46.51739
2017-08-21,41,"LIQUOR,WINE,BEER",65.56558
2017-08-22,41,"LIQUOR,WINE,BEER",41.94058
2017-08-23,41,"LIQUOR,WINE,BEER",52.172718
2017-08-24,41,"LIQUOR,WINE,BEER",40.6073
2017-08-25,41,"LIQUOR,WINE,BEER",32.008595
2017-08-26,41,"LIQUOR,WINE,BEER",43.88414
2017-08-27,41,"LIQUOR,WINE,BEER",29.47577
2017-08-28,41,"LIQUOR,WINE,BEER",60.314922
2017-08-29,41,"LIQUOR,WINE,BEER",21.527004
2017-08-30,41,"LIQUOR,WINE,BEER",34.282387
2017-08-16,41,MAGAZINES,9.766247
2017-08-17,41,MAGAZINES,11.286949
2017-08-18,41,MAGAZINES,10.074462
2017-08-19,41,MAGAZINES,9.590315
2017-08-20,41,MAGAZINES,8.2530155
2017-08-21,41,MAGAZINES,8.678498
2017-08-22,41,MAGAZINES,6.6297674
2017-08-23,41,MAGAZINES,8.147981
2017-08-24,41,MAGAZINES,10.925494
2017-08-25,41,MAGAZINES,8.795521
2017-08-26,41,MAGAZINES,9.055866
2017-08-27,41,MAGAZINES,7.806731
2017-08-28,41,MAGAZINES,8.220775
2017-08-29,41,MAGAZINES,6.3517957
2017-08-30,41,MAGAZINES,8.572865
2017-08-16,41,MEATS,133.72798
2017-08-17,41,MEATS,105.50385
2017-08-18,41,MEATS,175.85416
2017-08-19,41,MEATS,76.06833
2017-08-20,41,MEATS,95.47619
2017-08-21,41,MEATS,89.47302
2017-08-22,41,MEATS,74.242355
2017-08-23,41,MEATS,96.60041
2017-08-24,41,MEATS,71.68179
2017-08-25,41,MEATS,117.2906
2017-08-26,41,MEATS,59.178192
2017-08-27,41,MEATS,70.62833
2017-08-28,41,MEATS,68.432785
2017-08-29,41,MEATS,53.1918
2017-08-30,41,MEATS,70.79324
2017-08-16,41,PERSONAL CARE,142.8409
2017-08-17,41,PERSONAL CARE,103.40501
2017-08-18,41,PERSONAL CARE,103.46697
2017-08-19,41,PERSONAL CARE,108.81902
2017-08-20,41,PERSONAL CARE,98.30372
2017-08-21,41,PERSONAL CARE,97.91359
2017-08-22,41,PERSONAL CARE,74.89743
2017-08-23,41,PERSONAL CARE,80.17902
2017-08-24,41,PERSONAL CARE,82.12047
2017-08-25,41,PERSONAL CARE,76.13778
2017-08-26,41,PERSONAL CARE,88.85615
2017-08-27,41,PERSONAL CARE,79.50098
2017-08-28,41,PERSONAL CARE,69.376305
2017-08-29,41,PERSONAL CARE,61.716152
2017-08-30,41,PERSONAL CARE,70.989975
2017-08-16,41,PET SUPPLIES,8.615469
2017-08-17,41,PET SUPPLIES,9.593749
2017-08-18,41,PET SUPPLIES,7.6723485
2017-08-19,41,PET SUPPLIES,7.641327
2017-08-20,41,PET SUPPLIES,6.710807
2017-08-21,41,PET SUPPLIES,6.190396
2017-08-22,41,PET SUPPLIES,5.70841
2017-08-23,41,PET SUPPLIES,6.6293454
2017-08-24,41,PET SUPPLIES,7.256972
2017-08-25,41,PET SUPPLIES,6.4270597
2017-08-26,41,PET SUPPLIES,6.824601
2017-08-27,41,PET SUPPLIES,5.769626
2017-08-28,41,PET SUPPLIES,5.579159
2017-08-29,41,PET SUPPLIES,5.9008427
2017-08-30,41,PET SUPPLIES,6.6450934
2017-08-16,41,PLAYERS AND ELECTRONICS,7.685283
2017-08-17,41,PLAYERS AND ELECTRONICS,8.893183
2017-08-18,41,PLAYERS AND ELECTRONICS,6.9085937
2017-08-19,41,PLAYERS AND ELECTRONICS,7.0843687
2017-08-20,41,PLAYERS AND ELECTRONICS,5.930628
2017-08-21,41,PLAYERS AND ELECTRONICS,6.275129
2017-08-22,41,PLAYERS AND ELECTRONICS,6.571472
2017-08-23,41,PLAYERS AND ELECTRONICS,6.454237
2017-08-24,41,PLAYERS AND ELECTRONICS,7.016506
2017-08-25,41,PLAYERS AND ELECTRONICS,6.3505564
2017-08-26,41,PLAYERS AND ELECTRONICS,6.8279667
2017-08-27,41,PLAYERS AND ELECTRONICS,6.386332
2017-08-28,41,PLAYERS AND ELECTRONICS,6.2397146
2017-08-29,41,PLAYERS AND ELECTRONICS,5.332967
2017-08-30,41,PLAYERS AND ELECTRONICS,6.223276
2017-08-16,41,POULTRY,168.75952
2017-08-17,41,POULTRY,131.3035
2017-08-18,41,POULTRY,149.94386
2017-08-19,41,POULTRY,105.97419
2017-08-20,41,POULTRY,109.0284
2017-08-21,41,POULTRY,100.68307
2017-08-22,41,POULTRY,77.26527
2017-08-23,41,POULTRY,93.61433
2017-08-24,41,POULTRY,100.460884
2017-08-25,41,POULTRY,119.07289
2017-08-26,41,POULTRY,78.33242
2017-08-27,41,POULTRY,79.72915
2017-08-28,41,POULTRY,91.61574
2017-08-29,41,POULTRY,66.737686
2017-08-30,41,POULTRY,86.818344
2017-08-16,41,PREPARED FOODS,41.40073
2017-08-17,41,PREPARED FOODS,34.061512
2017-08-18,41,PREPARED FOODS,35.596035
2017-08-19,41,PREPARED FOODS,36.728172
2017-08-20,41,PREPARED FOODS,35.548836
2017-08-21,41,PREPARED FOODS,32.532497
2017-08-22,41,PREPARED FOODS,28.779528
2017-08-23,41,PREPARED FOODS,31.354992
2017-08-24,41,PREPARED FOODS,36.94632
2017-08-25,41,PREPARED FOODS,31.856506
2017-08-26,41,PREPARED FOODS,37.264317
2017-08-27,41,PREPARED FOODS,29.920702
2017-08-28,41,PREPARED FOODS,32.22907
2017-08-29,41,PREPARED FOODS,28.074123
2017-08-30,41,PREPARED FOODS,32.246685
2017-08-16,41,PRODUCE,1708.7412
2017-08-17,41,PRODUCE,759.6402
2017-08-18,41,PRODUCE,681.6819
2017-08-19,41,PRODUCE,692.94183
2017-08-20,41,PRODUCE,713.74664
2017-08-21,41,PRODUCE,665.31433
2017-08-22,41,PRODUCE,580.2087
2017-08-23,41,PRODUCE,1235.4542
2017-08-24,41,PRODUCE,564.04877
2017-08-25,41,PRODUCE,519.0878
2017-08-26,41,PRODUCE,529.0321
2017-08-27,41,PRODUCE,571.431
2017-08-28,41,PRODUCE,551.78766
2017-08-29,41,PRODUCE,529.95685
2017-08-30,41,PRODUCE,1091.6606
2017-08-16,41,SCHOOL AND OFFICE SUPPLIES,0.45739058
2017-08-17,41,SCHOOL AND OFFICE SUPPLIES,0.40482035
2017-08-18,41,SCHOOL AND OFFICE SUPPLIES,0.39874354
2017-08-19,41,SCHOOL AND OFFICE SUPPLIES,0.38111538
2017-08-20,41,SCHOOL AND OFFICE SUPPLIES,0.4080455
2017-08-21,41,SCHOOL AND OFFICE SUPPLIES,0.4172913
2017-08-22,41,SCHOOL AND OFFICE SUPPLIES,0.4921223
2017-08-23,41,SCHOOL AND OFFICE SUPPLIES,0.42894801
2017-08-24,41,SCHOOL AND OFFICE SUPPLIES,0.51059604
2017-08-25,41,SCHOOL AND OFFICE SUPPLIES,0.49605227
2017-08-26,41,SCHOOL AND OFFICE SUPPLIES,0.40803084
2017-08-27,41,SCHOOL AND OFFICE SUPPLIES,0.41731712
2017-08-28,41,SCHOOL AND OFFICE SUPPLIES,0.37528467
2017-08-29,41,SCHOOL AND OFFICE SUPPLIES,0.41009086
2017-08-30,41,SCHOOL AND OFFICE SUPPLIES,0.32656187
2017-08-16,41,SEAFOOD,11.423879
2017-08-17,41,SEAFOOD,14.419834
2017-08-18,41,SEAFOOD,14.504828
2017-08-19,41,SEAFOOD,10.574631
2017-08-20,41,SEAFOOD,12.070013
2017-08-21,41,SEAFOOD,10.747887
2017-08-22,41,SEAFOOD,11.087871
2017-08-23,41,SEAFOOD,13.19905
2017-08-24,41,SEAFOOD,14.013578
2017-08-25,41,SEAFOOD,14.686854
2017-08-26,41,SEAFOOD,11.927882
2017-08-27,41,SEAFOOD,12.27098
2017-08-28,41,SEAFOOD,9.314614
2017-08-29,41,SEAFOOD,9.536296
2017-08-30,41,SEAFOOD,12.265389
2017-08-16,42,AUTOMOTIVE,6.0652585
2017-08-17,42,AUTOMOTIVE,7.3546762
2017-08-18,42,AUTOMOTIVE,9.136698
2017-08-19,42,AUTOMOTIVE,8.246578
2017-08-20,42,AUTOMOTIVE,8.211041
2017-08-21,42,AUTOMOTIVE,6.5840287
2017-08-22,42,AUTOMOTIVE,6.405042
2017-08-23,42,AUTOMOTIVE,7.820231
2017-08-24,42,AUTOMOTIVE,8.210859
2017-08-25,42,AUTOMOTIVE,8.136971
2017-08-26,42,AUTOMOTIVE,8.897484
2017-08-27,42,AUTOMOTIVE,8.022333
2017-08-28,42,AUTOMOTIVE,6.9481516
2017-08-29,42,AUTOMOTIVE,7.5330358
2017-08-30,42,AUTOMOTIVE,7.1773596
2017-08-16,42,BABY CARE,0.05307047
2017-08-17,42,BABY CARE,0.06415353
2017-08-18,42,BABY CARE,0.074160874
2017-08-19,42,BABY CARE,0.084270485
2017-08-20,42,BABY CARE,0.076901264
2017-08-21,42,BABY CARE,0.059782837
2017-08-22,42,BABY CARE,0.07813315
2017-08-23,42,BABY CARE,0.057573456
2017-08-24,42,BABY CARE,0.07153221
2017-08-25,42,BABY CARE,0.08189598
2017-08-26,42,BABY CARE,0.05992003
2017-08-27,42,BABY CARE,0.07592205
2017-08-28,42,BABY CARE,0.06188866
2017-08-29,42,BABY CARE,0.04508968
2017-08-30,42,BABY CARE,0.068604685
2017-08-16,42,BEAUTY,3.8897913
2017-08-17,42,BEAUTY,4.5480175
2017-08-18,42,BEAUTY,4.2967243
2017-08-19,42,BEAUTY,4.2079606
2017-08-20,42,BEAUTY,3.5338235
2017-08-21,42,BEAUTY,3.5113115
2017-08-22,42,BEAUTY,3.0335388
2017-08-23,42,BEAUTY,3.277802
2017-08-24,42,BEAUTY,3.625867
2017-08-25,42,BEAUTY,3.035285
2017-08-26,42,BEAUTY,3.428986
2017-08-27,42,BEAUTY,2.808049
2017-08-28,42,BEAUTY,3.0200374
2017-08-29,42,BEAUTY,2.7365298
2017-08-30,42,BEAUTY,2.5373535
2017-08-16,42,BEVERAGES,4779.313
2017-08-17,42,BEVERAGES,5318.1587
2017-08-18,42,BEVERAGES,6102.699
2017-08-19,42,BEVERAGES,5773.702
2017-08-20,42,BEVERAGES,4824.2393
2017-08-21,42,BEVERAGES,4736.4683
2017-08-22,42,BEVERAGES,3804.2534
2017-08-23,42,BEVERAGES,4173.463
2017-08-24,42,BEVERAGES,4985.8345
2017-08-25,42,BEVERAGES,5728.443
2017-08-26,42,BEVERAGES,5400.4775
2017-08-27,42,BEVERAGES,4492.1895
2017-08-28,42,BEVERAGES,4550.0444
2017-08-29,42,BEVERAGES,3950.2773
2017-08-30,42,BEVERAGES,3975.1648
2017-08-16,42,BOOKS,521.2797
2017-08-17,42,BOOKS,517.374
2017-08-18,42,BOOKS,591.2617
2017-08-19,42,BOOKS,639.88586
2017-08-20,42,BOOKS,622.8761
2017-08-21,42,BOOKS,505.33752
2017-08-22,42,BOOKS,374.77838
2017-08-23,42,BOOKS,456.07727
2017-08-24,42,BOOKS,454.33658
2017-08-25,42,BOOKS,541.3998
2017-08-26,42,BOOKS,564.2641
2017-08-27,42,BOOKS,596.19055
2017-08-28,42,BOOKS,466.79318
2017-08-29,42,BOOKS,397.95718
2017-08-30,42,BOOKS,420.23276
2017-08-16,42,BREAD/BAKERY,13.578206
2017-08-17,42,BREAD/BAKERY,14.830855
2017-08-18,42,BREAD/BAKERY,14.387082
2017-08-19,42,BREAD/BAKERY,11.2805805
2017-08-20,42,BREAD/BAKERY,12.730674
2017-08-21,42,BREAD/BAKERY,10.678066
2017-08-22,42,BREAD/BAKERY,9.354423
2017-08-23,42,BREAD/BAKERY,11.562873
2017-08-24,42,BREAD/BAKERY,11.036203
2017-08-25,42,BREAD/BAKERY,12.785438
2017-08-26,42,BREAD/BAKERY,11.637506
2017-08-27,42,BREAD/BAKERY,10.675076
2017-08-28,42,BREAD/BAKERY,9.997028
2017-08-29,42,BREAD/BAKERY,8.964268
2017-08-30,42,BREAD/BAKERY,12.899493
2017-08-16,42,CELEBRATION,1131.9431
2017-08-17,42,CELEBRATION,1228.5183
2017-08-18,42,CELEBRATION,1338.7725
2017-08-19,42,CELEBRATION,1375.0027
2017-08-20,42,CELEBRATION,1165.9337
2017-08-21,42,CELEBRATION,1201.3881
2017-08-22,42,CELEBRATION,1032.802
2017-08-23,42,CELEBRATION,1144.389
2017-08-24,42,CELEBRATION,1326.7517
2017-08-25,42,CELEBRATION,1463.9731
2017-08-26,42,CELEBRATION,1449.1013
2017-08-27,42,CELEBRATION,1236.3745
2017-08-28,42,CELEBRATION,1289.7433
2017-08-29,42,CELEBRATION,1056.9452
2017-08-30,42,CELEBRATION,1110.7759
2017-08-16,42,CLEANING,801.19464
2017-08-17,42,CLEANING,674.6303
2017-08-18,42,CLEANING,730.0944
2017-08-19,42,CLEANING,852.82184
2017-08-20,42,CLEANING,712.1836
2017-08-21,42,CLEANING,747.46265
2017-08-22,42,CLEANING,576.4378
2017-08-23,42,CLEANING,751.0659
2017-08-24,42,CLEANING,619.4931
2017-08-25,42,CLEANING,682.01953
2017-08-26,42,CLEANING,774.6367
2017-08-27,42,CLEANING,625.0562
2017-08-28,42,CLEANING,670.3421
2017-08-29,42,CLEANING,539.00024
2017-08-30,42,CLEANING,713.6123
2017-08-16,42,DAIRY,301.42416
2017-08-17,42,DAIRY,276.8335
2017-08-18,42,DAIRY,380.173
2017-08-19,42,DAIRY,330.631
2017-08-20,42,DAIRY,301.09366
2017-08-21,42,DAIRY,307.2327
2017-08-22,42,DAIRY,232.91946
2017-08-23,42,DAIRY,275.86426
2017-08-24,42,DAIRY,288.31735
2017-08-25,42,DAIRY,394.49805
2017-08-26,42,DAIRY,354.86136
2017-08-27,42,DAIRY,310.8462
2017-08-28,42,DAIRY,315.3389
2017-08-29,42,DAIRY,263.88782
2017-08-30,42,DAIRY,296.3997
2017-08-16,42,DELI,232.85457
2017-08-17,42,DELI,196.17058
2017-08-18,42,DELI,281.8011
2017-08-19,42,DELI,260.0938
2017-08-20,42,DELI,196.63033
2017-08-21,42,DELI,261.6341
2017-08-22,42,DELI,164.88145
2017-08-23,42,DELI,184.8338
2017-08-24,42,DELI,190.76738
2017-08-25,42,DELI,273.68597
2017-08-26,42,DELI,283.35
2017-08-27,42,DELI,207.53496
2017-08-28,42,DELI,267.33057
2017-08-29,42,DELI,145.9437
2017-08-30,42,DELI,197.74176
2017-08-16,42,EGGS,77.4133
2017-08-17,42,EGGS,73.29673
2017-08-18,42,EGGS,84.79517
2017-08-19,42,EGGS,102.995155
2017-08-20,42,EGGS,63.06997
2017-08-21,42,EGGS,67.775826
2017-08-22,42,EGGS,52.672398
2017-08-23,42,EGGS,66.84947
2017-08-24,42,EGGS,71.5736
2017-08-25,42,EGGS,67.48552
2017-08-26,42,EGGS,98.79301
2017-08-27,42,EGGS,60.701084
2017-08-28,42,EGGS,70.22822
2017-08-29,42,EGGS,55.012665
2017-08-30,42,EGGS,65.83439
2017-08-16,42,FROZEN FOODS,5121.284
2017-08-17,42,FROZEN FOODS,4916.1104
2017-08-18,42,FROZEN FOODS,5537.5835
2017-08-19,42,FROZEN FOODS,5487.5005
2017-08-20,42,FROZEN FOODS,4430.219
2017-08-21,42,FROZEN FOODS,4893.824
2017-08-22,42,FROZEN FOODS,4134.456
2017-08-23,42,FROZEN FOODS,4389.3853
2017-08-24,42,FROZEN FOODS,5135.5566
2017-08-25,42,FROZEN FOODS,5576.75
2017-08-26,42,FROZEN FOODS,5411.5713
2017-08-27,42,FROZEN FOODS,4458.2573
2017-08-28,42,FROZEN FOODS,5089.313
2017-08-29,42,FROZEN FOODS,4188.722
2017-08-30,42,FROZEN FOODS,4545.3594
2017-08-16,42,GROCERY I,12.161865
2017-08-17,42,GROCERY I,8.589778
2017-08-18,42,GROCERY I,8.79036
2017-08-19,42,GROCERY I,11.099145
2017-08-20,42,GROCERY I,9.3808155
2017-08-21,42,GROCERY I,9.597166
2017-08-22,42,GROCERY I,7.290853
2017-08-23,42,GROCERY I,8.751483
2017-08-24,42,GROCERY I,8.496799
2017-08-25,42,GROCERY I,7.9598045
2017-08-26,42,GROCERY I,10.552706
2017-08-27,42,GROCERY I,8.657508
2017-08-28,42,GROCERY I,8.33725
2017-08-29,42,GROCERY I,7.811302
2017-08-30,42,GROCERY I,7.494202
2017-08-16,42,GROCERY II,0.2653989
2017-08-17,42,GROCERY II,0.32945487
2017-08-18,42,GROCERY II,0.33240548
2017-08-19,42,GROCERY II,0.49564588
2017-08-20,42,GROCERY II,0.3357495
2017-08-21,42,GROCERY II,0.37150708
2017-08-22,42,GROCERY II,0.4663922
2017-08-23,42,GROCERY II,0.50324136
2017-08-24,42,GROCERY II,0.5952086
2017-08-25,42,GROCERY II,0.6919452
2017-08-26,42,GROCERY II,0.5752746
2017-08-27,42,GROCERY II,0.5413489
2017-08-28,42,GROCERY II,0.61295795
2017-08-29,42,GROCERY II,0.5978092
2017-08-30,42,GROCERY II,0.6015283
2017-08-16,42,HARDWARE,21.542875
2017-08-17,42,HARDWARE,19.75649
2017-08-18,42,HARDWARE,21.092054
2017-08-19,42,HARDWARE,21.97409
2017-08-20,42,HARDWARE,19.15914
2017-08-21,42,HARDWARE,18.376036
2017-08-22,42,HARDWARE,17.288094
2017-08-23,42,HARDWARE,19.795862
2017-08-24,42,HARDWARE,16.76115
2017-08-25,42,HARDWARE,17.672981
2017-08-26,42,HARDWARE,21.15395
2017-08-27,42,HARDWARE,18.322784
2017-08-28,42,HARDWARE,16.589725
2017-08-29,42,HARDWARE,15.152415
2017-08-30,42,HARDWARE,18.374409
2017-08-16,42,HOME AND KITCHEN I,22.379858
2017-08-17,42,HOME AND KITCHEN I,20.046177
2017-08-18,42,HOME AND KITCHEN I,22.123215
2017-08-19,42,HOME AND KITCHEN I,24.12017
2017-08-20,42,HOME AND KITCHEN I,24.196651
2017-08-21,42,HOME AND KITCHEN I,20.653017
2017-08-22,42,HOME AND KITCHEN I,18.8858
2017-08-23,42,HOME AND KITCHEN I,20.10158
2017-08-24,42,HOME AND KITCHEN I,20.06142
2017-08-25,42,HOME AND KITCHEN I,20.054726
2017-08-26,42,HOME AND KITCHEN I,25.28012
2017-08-27,42,HOME AND KITCHEN I,20.822954
2017-08-28,42,HOME AND KITCHEN I,19.917282
2017-08-29,42,HOME AND KITCHEN I,15.980558
2017-08-30,42,HOME AND KITCHEN I,18.268574
2017-08-16,42,HOME AND KITCHEN II,0.11284538
2017-08-17,42,HOME AND KITCHEN II,0.09899286
2017-08-18,42,HOME AND KITCHEN II,0.18576524
2017-08-19,42,HOME AND KITCHEN II,0.16310737
2017-08-20,42,HOME AND KITCHEN II,0.15388958
2017-08-21,42,HOME AND KITCHEN II,0.18440548
2017-08-22,42,HOME AND KITCHEN II,0.13453802
2017-08-23,42,HOME AND KITCHEN II,0.1620047
2017-08-24,42,HOME AND KITCHEN II,0.2077297
2017-08-25,42,HOME AND KITCHEN II,0.19829609
2017-08-26,42,HOME AND KITCHEN II,0.20171738
2017-08-27,42,HOME AND KITCHEN II,0.19624281
2017-08-28,42,HOME AND KITCHEN II,0.2719381
2017-08-29,42,HOME AND KITCHEN II,0.18095814
2017-08-30,42,HOME AND KITCHEN II,0.2095071
2017-08-16,42,HOME APPLIANCES,228.15433
2017-08-17,42,HOME APPLIANCES,194.28624
2017-08-18,42,HOME APPLIANCES,244.34166
2017-08-19,42,HOME APPLIANCES,228.46812
2017-08-20,42,HOME APPLIANCES,221.62906
2017-08-21,42,HOME APPLIANCES,192.46935
2017-08-22,42,HOME APPLIANCES,146.25235
2017-08-23,42,HOME APPLIANCES,174.83429
2017-08-24,42,HOME APPLIANCES,222.97066
2017-08-25,42,HOME APPLIANCES,218.28304
2017-08-26,42,HOME APPLIANCES,205.77861
2017-08-27,42,HOME APPLIANCES,203.19792
2017-08-28,42,HOME APPLIANCES,166.23622
2017-08-29,42,HOME APPLIANCES,140.2975
2017-08-30,42,HOME APPLIANCES,160.2267
2017-08-16,42,HOME CARE,5.8584604
2017-08-17,42,HOME CARE,4.18175
2017-08-18,42,HOME CARE,4.9982758
2017-08-19,42,HOME CARE,5.514213
2017-08-20,42,HOME CARE,5.302905
2017-08-21,42,HOME CARE,4.3775077
2017-08-22,42,HOME CARE,3.2625465
2017-08-23,42,HOME CARE,4.51279
2017-08-24,42,HOME CARE,3.5261807
2017-08-25,42,HOME CARE,4.064038
2017-08-26,42,HOME CARE,4.674535
2017-08-27,42,HOME CARE,3.873128
2017-08-28,42,HOME CARE,4.484257
2017-08-29,42,HOME CARE,3.3186147
2017-08-30,42,HOME CARE,3.6953912
2017-08-16,42,LADIESWEAR,3.064651
2017-08-17,42,LADIESWEAR,2.4934971
2017-08-18,42,LADIESWEAR,3.3120668
2017-08-19,42,LADIESWEAR,2.11892
2017-08-20,42,LADIESWEAR,2.0584817
2017-08-21,42,LADIESWEAR,2.8976054
2017-08-22,42,LADIESWEAR,2.2978756
2017-08-23,42,LADIESWEAR,2.5700598
2017-08-24,42,LADIESWEAR,2.7091827
2017-08-25,42,LADIESWEAR,2.3479245
2017-08-26,42,LADIESWEAR,3.09412
2017-08-27,42,LADIESWEAR,2.5753174
2017-08-28,42,LADIESWEAR,2.2627194
2017-08-29,42,LADIESWEAR,2.1936607
2017-08-30,42,LADIESWEAR,3.0085938
2017-08-16,42,LAWN AND GARDEN,89.0752
2017-08-17,42,LAWN AND GARDEN,137.35678
2017-08-18,42,LAWN AND GARDEN,120.69881
2017-08-19,42,LAWN AND GARDEN,65.37162
2017-08-20,42,LAWN AND GARDEN,56.531616
2017-08-21,42,LAWN AND GARDEN,105.818924
2017-08-22,42,LAWN AND GARDEN,112.73849
2017-08-23,42,LAWN AND GARDEN,84.80675
2017-08-24,42,LAWN AND GARDEN,176.11922
2017-08-25,42,LAWN AND GARDEN,181.4957
2017-08-26,42,LAWN AND GARDEN,102.4653
2017-08-27,42,LAWN AND GARDEN,75.49832
2017-08-28,42,LAWN AND GARDEN,93.20886
2017-08-29,42,LAWN AND GARDEN,79.01707
2017-08-30,42,LAWN AND GARDEN,75.152084
2017-08-16,42,LINGERIE,2.7280114
2017-08-17,42,LINGERIE,2.6241567
2017-08-18,42,LINGERIE,3.3417668
2017-08-19,42,LINGERIE,2.467038
2017-08-20,42,LINGERIE,2.1917381
2017-08-21,42,LINGERIE,2.065286
2017-08-22,42,LINGERIE,2.1545608
2017-08-23,42,LINGERIE,2.204491
2017-08-24,42,LINGERIE,2.4124763
2017-08-25,42,LINGERIE,2.2003841
2017-08-26,42,LINGERIE,2.2265096
2017-08-27,42,LINGERIE,2.2922513
2017-08-28,42,LINGERIE,1.9513617
2017-08-29,42,LINGERIE,2.3712656
2017-08-30,42,LINGERIE,2.2829895
2017-08-16,42,"LIQUOR,WINE,BEER",228.31735
2017-08-17,42,"LIQUOR,WINE,BEER",228.58911
2017-08-18,42,"LIQUOR,WINE,BEER",206.31285
2017-08-19,42,"LIQUOR,WINE,BEER",253.24016
2017-08-20,42,"LIQUOR,WINE,BEER",206.78076
2017-08-21,42,"LIQUOR,WINE,BEER",233.22781
2017-08-22,42,"LIQUOR,WINE,BEER",181.97046
2017-08-23,42,"LIQUOR,WINE,BEER",208.89087
2017-08-24,42,"LIQUOR,WINE,BEER",234.77309
2017-08-25,42,"LIQUOR,WINE,BEER",208.77492
2017-08-26,42,"LIQUOR,WINE,BEER",240.9106
2017-08-27,42,"LIQUOR,WINE,BEER",194.61263
2017-08-28,42,"LIQUOR,WINE,BEER",216.40047
2017-08-29,42,"LIQUOR,WINE,BEER",167.23203
2017-08-30,42,"LIQUOR,WINE,BEER",209.62035
2017-08-16,42,MAGAZINES,281.9919
2017-08-17,42,MAGAZINES,293.98105
2017-08-18,42,MAGAZINES,326.79385
2017-08-19,42,MAGAZINES,347.6965
2017-08-20,42,MAGAZINES,303.44135
2017-08-21,42,MAGAZINES,307.62045
2017-08-22,42,MAGAZINES,248.00351
2017-08-23,42,MAGAZINES,262.44424
2017-08-24,42,MAGAZINES,290.2412
2017-08-25,42,MAGAZINES,308.7403
2017-08-26,42,MAGAZINES,338.03436
2017-08-27,42,MAGAZINES,300.3848
2017-08-28,42,MAGAZINES,294.81247
2017-08-29,42,MAGAZINES,246.79536
2017-08-30,42,MAGAZINES,259.0841
2017-08-16,42,MEATS,3.1855736
2017-08-17,42,MEATS,4.0026655
2017-08-18,42,MEATS,3.0879421
2017-08-19,42,MEATS,3.4754891
2017-08-20,42,MEATS,3.8227193
2017-08-21,42,MEATS,3.166187
2017-08-22,42,MEATS,2.4136739
2017-08-23,42,MEATS,2.6532464
2017-08-24,42,MEATS,2.7173662
2017-08-25,42,MEATS,2.957198
2017-08-26,42,MEATS,3.2312748
2017-08-27,42,MEATS,2.3569448
2017-08-28,42,MEATS,2.136007
2017-08-29,42,MEATS,1.8956369
2017-08-30,42,MEATS,1.8616753
2017-08-16,42,PERSONAL CARE,2.6907494
2017-08-17,42,PERSONAL CARE,2.3305776
2017-08-18,42,PERSONAL CARE,2.9016898
2017-08-19,42,PERSONAL CARE,3.473474
2017-08-20,42,PERSONAL CARE,3.8051686
2017-08-21,42,PERSONAL CARE,3.1590261
2017-08-22,42,PERSONAL CARE,3.2323961
2017-08-23,42,PERSONAL CARE,3.424466
2017-08-24,42,PERSONAL CARE,3.6480865
2017-08-25,42,PERSONAL CARE,3.7774358
2017-08-26,42,PERSONAL CARE,3.8596098
2017-08-27,42,PERSONAL CARE,3.4668262
2017-08-28,42,PERSONAL CARE,3.245443
2017-08-29,42,PERSONAL CARE,3.0207086
2017-08-30,42,PERSONAL CARE,3.3166542
2017-08-16,42,PET SUPPLIES,242.21898
2017-08-17,42,PET SUPPLIES,200.59523
2017-08-18,42,PET SUPPLIES,308.16595
2017-08-19,42,PET SUPPLIES,271.6842
2017-08-20,42,PET SUPPLIES,237.70099
2017-08-21,42,PET SUPPLIES,245.96118
2017-08-22,42,PET SUPPLIES,201.64606
2017-08-23,42,PET SUPPLIES,227.49466
2017-08-24,42,PET SUPPLIES,201.75003
2017-08-25,42,PET SUPPLIES,300.60684
2017-08-26,42,PET SUPPLIES,240.7037
2017-08-27,42,PET SUPPLIES,225.71861
2017-08-28,42,PET SUPPLIES,241.38394
2017-08-29,42,PET SUPPLIES,185.5743
2017-08-30,42,PET SUPPLIES,211.58366
2017-08-16,42,PLAYERS AND ELECTRONICS,121.39733
2017-08-17,42,PLAYERS AND ELECTRONICS,118.83454
2017-08-18,42,PLAYERS AND ELECTRONICS,131.86223
2017-08-19,42,PLAYERS AND ELECTRONICS,141.54955
2017-08-20,42,PLAYERS AND ELECTRONICS,118.46917
2017-08-21,42,PLAYERS AND ELECTRONICS,118.32125
2017-08-22,42,PLAYERS AND ELECTRONICS,84.77989
2017-08-23,42,PLAYERS AND ELECTRONICS,95.43695
2017-08-24,42,PLAYERS AND ELECTRONICS,96.55951
2017-08-25,42,PLAYERS AND ELECTRONICS,112.66543
2017-08-26,42,PLAYERS AND ELECTRONICS,127.12554
2017-08-27,42,PLAYERS AND ELECTRONICS,99.60122
2017-08-28,42,PLAYERS AND ELECTRONICS,109.4324
2017-08-29,42,PLAYERS AND ELECTRONICS,68.71418
2017-08-30,42,PLAYERS AND ELECTRONICS,92.19785
2017-08-16,42,POULTRY,1493.8268
2017-08-17,42,POULTRY,776.45435
2017-08-18,42,POULTRY,728.887
2017-08-19,42,POULTRY,718.9438
2017-08-20,42,POULTRY,734.63763
2017-08-21,42,POULTRY,776.7309
2017-08-22,42,POULTRY,991.67316
2017-08-23,42,POULTRY,689.6323
2017-08-24,42,POULTRY,687.8583
2017-08-25,42,POULTRY,864.57214
2017-08-26,42,POULTRY,874.726
2017-08-27,42,POULTRY,727.9937
2017-08-28,42,POULTRY,726.5575
2017-08-29,42,POULTRY,990.0244
2017-08-30,42,POULTRY,588.9378
2017-08-16,42,PREPARED FOODS,3.5982404
2017-08-17,42,PREPARED FOODS,3.2544992
2017-08-18,42,PREPARED FOODS,3.9876833
2017-08-19,42,PREPARED FOODS,2.9744377
2017-08-20,42,PREPARED FOODS,3.8173614
2017-08-21,42,PREPARED FOODS,3.775363
2017-08-22,42,PREPARED FOODS,3.084256
2017-08-23,42,PREPARED FOODS,3.3808942
2017-08-24,42,PREPARED FOODS,3.0672345
2017-08-25,42,PREPARED FOODS,3.4729047
2017-08-26,42,PREPARED FOODS,3.583938
2017-08-27,42,PREPARED FOODS,3.3205776
2017-08-28,42,PREPARED FOODS,3.2284722
2017-08-29,42,PREPARED FOODS,2.1350288
2017-08-30,42,PREPARED FOODS,2.451582
2017-08-16,42,PRODUCE,0.7956277
2017-08-17,42,PRODUCE,0.7021434
2017-08-18,42,PRODUCE,1.0026838
2017-08-19,42,PRODUCE,0.9115482
2017-08-20,42,PRODUCE,0.6497096
2017-08-21,42,PRODUCE,0.9163844
2017-08-22,42,PRODUCE,0.6895854
2017-08-23,42,PRODUCE,0.9224328
2017-08-24,42,PRODUCE,0.83277214
2017-08-25,42,PRODUCE,0.94823754
2017-08-26,42,PRODUCE,0.9935683
2017-08-27,42,PRODUCE,0.7547596
2017-08-28,42,PRODUCE,0.9870729
2017-08-29,42,PRODUCE,0.5940222
2017-08-30,42,PRODUCE,0.8379525
2017-08-16,42,SCHOOL AND OFFICE SUPPLIES,17.753485
2017-08-17,42,SCHOOL AND OFFICE SUPPLIES,15.606673
2017-08-18,42,SCHOOL AND OFFICE SUPPLIES,17.680628
2017-08-19,42,SCHOOL AND OFFICE SUPPLIES,16.053465
2017-08-20,42,SCHOOL AND OFFICE SUPPLIES,13.826335
2017-08-21,42,SCHOOL AND OFFICE SUPPLIES,14.336698
2017-08-22,42,SCHOOL AND OFFICE SUPPLIES,15.23394
2017-08-23,42,SCHOOL AND OFFICE SUPPLIES,16.152363
2017-08-24,42,SCHOOL AND OFFICE SUPPLIES,16.214045
2017-08-25,42,SCHOOL AND OFFICE SUPPLIES,15.133066
2017-08-26,42,SCHOOL AND OFFICE SUPPLIES,16.135456
2017-08-27,42,SCHOOL AND OFFICE SUPPLIES,14.285117
2017-08-28,42,SCHOOL AND OFFICE SUPPLIES,13.404847
2017-08-29,42,SCHOOL AND OFFICE SUPPLIES,14.74418
2017-08-30,42,SCHOOL AND OFFICE SUPPLIES,15.547548
2017-08-16,42,SEAFOOD,16.583979
2017-08-17,42,SEAFOOD,18.594103
2017-08-18,42,SEAFOOD,14.293261
2017-08-19,42,SEAFOOD,14.960839
2017-08-20,42,SEAFOOD,15.08737
2017-08-21,42,SEAFOOD,15.094802
2017-08-22,42,SEAFOOD,14.097253
2017-08-23,42,SEAFOOD,16.282104
2017-08-24,42,SEAFOOD,21.198647
2017-08-25,42,SEAFOOD,15.9586115
2017-08-26,42,SEAFOOD,17.958986
2017-08-27,42,SEAFOOD,16.964184
2017-08-28,42,SEAFOOD,14.503058
2017-08-29,42,SEAFOOD,14.412755
2017-08-30,42,SEAFOOD,16.811422
2017-08-16,43,AUTOMOTIVE,9938.929
2017-08-17,43,AUTOMOTIVE,10658.1
2017-08-18,43,AUTOMOTIVE,8452.414
2017-08-19,43,AUTOMOTIVE,8811.816
2017-08-20,43,AUTOMOTIVE,9444.281
2017-08-21,43,AUTOMOTIVE,8498.685
2017-08-22,43,AUTOMOTIVE,8520.096
2017-08-23,43,AUTOMOTIVE,10925.8125
2017-08-24,43,AUTOMOTIVE,12486.024
2017-08-25,43,AUTOMOTIVE,9377.271
2017-08-26,43,AUTOMOTIVE,9334.578
2017-08-27,43,AUTOMOTIVE,9812.26
2017-08-28,43,AUTOMOTIVE,9143.444
2017-08-29,43,AUTOMOTIVE,9245.353
2017-08-30,43,AUTOMOTIVE,11143.868
2017-08-16,43,BABY CARE,0.051845577
2017-08-17,43,BABY CARE,0.080006525
2017-08-18,43,BABY CARE,0.0
2017-08-19,43,BABY CARE,0.024910673
2017-08-20,43,BABY CARE,0.070542365
2017-08-21,43,BABY CARE,0.06698302
2017-08-22,43,BABY CARE,0.08743131
2017-08-23,43,BABY CARE,0.04796802
2017-08-24,43,BABY CARE,0.08721333
2017-08-25,43,BABY CARE,0.029382562
2017-08-26,43,BABY CARE,0.111946546
2017-08-27,43,BABY CARE,0.1506754
2017-08-28,43,BABY CARE,0.16146472
2017-08-29,43,BABY CARE,0.084299475
2017-08-30,43,BABY CARE,0.10355297
2017-08-16,43,BEAUTY,1610.1022
2017-08-17,43,BEAUTY,2003.8373
2017-08-18,43,BEAUTY,1603.6738
2017-08-19,43,BEAUTY,1628.1487
2017-08-20,43,BEAUTY,1808.0775
2017-08-21,43,BEAUTY,1463.4291
2017-08-22,43,BEAUTY,1536.2748
2017-08-23,43,BEAUTY,1841.4143
2017-08-24,43,BEAUTY,2229.287
2017-08-25,43,BEAUTY,1719.9584
2017-08-26,43,BEAUTY,1707.8153
2017-08-27,43,BEAUTY,1868.6887
2017-08-28,43,BEAUTY,1590.9447
2017-08-29,43,BEAUTY,1582.2524
2017-08-30,43,BEAUTY,1918.388
2017-08-16,43,BEVERAGES,32.447464
2017-08-17,43,BEVERAGES,28.582489
2017-08-18,43,BEVERAGES,29.974646
2017-08-19,43,BEVERAGES,30.300877
2017-08-20,43,BEVERAGES,25.634409
2017-08-21,43,BEVERAGES,32.21317
2017-08-22,43,BEVERAGES,26.221916
2017-08-23,43,BEVERAGES,33.573215
2017-08-24,43,BEVERAGES,30.738049
2017-08-25,43,BEVERAGES,30.909399
2017-08-26,43,BEVERAGES,32.31917
2017-08-27,43,BEVERAGES,29.444424
2017-08-28,43,BEVERAGES,33.101624
2017-08-29,43,BEVERAGES,26.080566
2017-08-30,43,BEVERAGES,32.011776
2017-08-16,43,BREAD/BAKERY,2505.8384
2017-08-17,43,BREAD/BAKERY,2875.0942
2017-08-18,43,BREAD/BAKERY,2186.529
2017-08-19,43,BREAD/BAKERY,2445.4417
2017-08-20,43,BREAD/BAKERY,2638.9087
2017-08-21,43,BREAD/BAKERY,2310.1072
2017-08-22,43,BREAD/BAKERY,2479.199
2017-08-23,43,BREAD/BAKERY,3058.7717
2017-08-24,43,BREAD/BAKERY,3568.172
2017-08-25,43,BREAD/BAKERY,2722.918
2017-08-26,43,BREAD/BAKERY,2784.0894
2017-08-27,43,BREAD/BAKERY,2958.644
2017-08-28,43,BREAD/BAKERY,2590.498
2017-08-29,43,BREAD/BAKERY,2511.206
2017-08-30,43,BREAD/BAKERY,2967.2751
2017-08-16,43,CELEBRATION,2669.1567
2017-08-17,43,CELEBRATION,2841.5017
2017-08-18,43,CELEBRATION,2035.7068
2017-08-19,43,CELEBRATION,2419.1106
2017-08-20,43,CELEBRATION,2783.8271
2017-08-21,43,CELEBRATION,2463.1943
2017-08-22,43,CELEBRATION,2704.4858
2017-08-23,43,CELEBRATION,3039.1936
2017-08-24,43,CELEBRATION,3395.1775
2017-08-25,43,CELEBRATION,2559.5925
2017-08-26,43,CELEBRATION,2728.769
2017-08-27,43,CELEBRATION,3043.0664
2017-08-28,43,CELEBRATION,2622.5183
2017-08-29,43,CELEBRATION,2876.3584
2017-08-30,43,CELEBRATION,3231.114
2017-08-16,43,CLEANING,631.40234
2017-08-17,43,CLEANING,696.9629
2017-08-18,43,CLEANING,696.2947
2017-08-19,43,CLEANING,543.8647
2017-08-20,43,CLEANING,489.27362
2017-08-21,43,CLEANING,489.7255
2017-08-22,43,CLEANING,590.3299
2017-08-23,43,CLEANING,712.3758
2017-08-24,43,CLEANING,770.1631
2017-08-25,43,CLEANING,829.7392
2017-08-26,43,CLEANING,589.064
2017-08-27,43,CLEANING,564.1246
2017-08-28,43,CLEANING,521.6772
2017-08-29,43,CLEANING,584.4331
2017-08-30,43,CLEANING,736.10156
2017-08-16,43,DAIRY,717.9199
2017-08-17,43,DAIRY,839.8281
2017-08-18,43,DAIRY,773.0978
2017-08-19,43,DAIRY,539.4985
2017-08-20,43,DAIRY,669.0042
2017-08-21,43,DAIRY,544.4799
2017-08-22,43,DAIRY,608.4055
2017-08-23,43,DAIRY,786.2522
2017-08-24,43,DAIRY,923.3942
2017-08-25,43,DAIRY,889.1242
2017-08-26,43,DAIRY,594.3646
2017-08-27,43,DAIRY,670.7009
2017-08-28,43,DAIRY,542.46844
2017-08-29,43,DAIRY,607.27234
2017-08-30,43,DAIRY,774.56964
2017-08-16,43,DELI,522.3211
2017-08-17,43,DELI,471.17566
2017-08-18,43,DELI,337.43866
2017-08-19,43,DELI,416.07315
2017-08-20,43,DELI,411.21478
2017-08-21,43,DELI,377.82117
2017-08-22,43,DELI,440.8477
2017-08-23,43,DELI,540.0509
2017-08-24,43,DELI,472.1536
2017-08-25,43,DELI,369.90683
2017-08-26,43,DELI,456.92374
2017-08-27,43,DELI,440.59564
2017-08-28,43,DELI,405.9702
2017-08-29,43,DELI,435.59195
2017-08-30,43,DELI,538.5336
2017-08-16,43,EGGS,10614.075
2017-08-17,43,EGGS,10956.502
2017-08-18,43,EGGS,8510.167
2017-08-19,43,EGGS,9765.019
2017-08-20,43,EGGS,10940.032
2017-08-21,43,EGGS,9414.939
2017-08-22,43,EGGS,9982.748
2017-08-23,43,EGGS,12566.509
2017-08-24,43,EGGS,14864.904
2017-08-25,43,EGGS,11098.976
2017-08-26,43,EGGS,11218.49
2017-08-27,43,EGGS,11964.535
2017-08-28,43,EGGS,10165.278
2017-08-29,43,EGGS,10633.399
2017-08-30,43,EGGS,13752.567
2017-08-16,43,FROZEN FOODS,96.71073
2017-08-17,43,FROZEN FOODS,96.43675
2017-08-18,43,FROZEN FOODS,90.8966
2017-08-19,43,FROZEN FOODS,90.52851
2017-08-20,43,FROZEN FOODS,86.134636
2017-08-21,43,FROZEN FOODS,77.40057
2017-08-22,43,FROZEN FOODS,71.49431
2017-08-23,43,FROZEN FOODS,97.44488
2017-08-24,43,FROZEN FOODS,100.725174
2017-08-25,43,FROZEN FOODS,82.791756
2017-08-26,43,FROZEN FOODS,94.35845
2017-08-27,43,FROZEN FOODS,85.95634
2017-08-28,43,FROZEN FOODS,80.42615
2017-08-29,43,FROZEN FOODS,73.974174
2017-08-30,43,FROZEN FOODS,89.8503
2017-08-16,43,GROCERY I,4.377281
2017-08-17,43,GROCERY I,5.498666
2017-08-18,43,GROCERY I,5.112932
2017-08-19,43,GROCERY I,5.328481
2017-08-20,43,GROCERY I,4.9032207
2017-08-21,43,GROCERY I,3.9390624
2017-08-22,43,GROCERY I,4.137924
2017-08-23,43,GROCERY I,4.291634
2017-08-24,43,GROCERY I,5.3326135
2017-08-25,43,GROCERY I,5.3659167
2017-08-26,43,GROCERY I,4.9313025
2017-08-27,43,GROCERY I,4.9145308
2017-08-28,43,GROCERY I,3.6765192
2017-08-29,43,GROCERY I,4.2460566
2017-08-30,43,GROCERY I,5.369751
2017-08-16,43,GROCERY II,112.21974
2017-08-17,43,GROCERY II,98.95739
2017-08-18,43,GROCERY II,107.602715
2017-08-19,43,GROCERY II,113.63931
2017-08-20,43,GROCERY II,110.32677
2017-08-21,43,GROCERY II,96.55326
2017-08-22,43,GROCERY II,78.1375
2017-08-23,43,GROCERY II,105.127495
2017-08-24,43,GROCERY II,100.072586
2017-08-25,43,GROCERY II,92.16846
2017-08-26,43,GROCERY II,114.13193
2017-08-27,43,GROCERY II,99.96845
2017-08-28,43,GROCERY II,93.293945
2017-08-29,43,GROCERY II,79.738434
2017-08-30,43,GROCERY II,91.31609
2017-08-16,43,HARDWARE,146.2519
2017-08-17,43,HARDWARE,143.83434
2017-08-18,43,HARDWARE,118.49287
2017-08-19,43,HARDWARE,144.421
2017-08-20,43,HARDWARE,173.45312
2017-08-21,43,HARDWARE,136.10785
2017-08-22,43,HARDWARE,101.187164
2017-08-23,43,HARDWARE,121.77834
2017-08-24,43,HARDWARE,122.59596
2017-08-25,43,HARDWARE,100.81109
2017-08-26,43,HARDWARE,131.20976
2017-08-27,43,HARDWARE,127.73296
2017-08-28,43,HARDWARE,93.62287
2017-08-29,43,HARDWARE,87.23825
2017-08-30,43,HARDWARE,103.12174
2017-08-16,43,HOME AND KITCHEN I,0.29287815
2017-08-17,43,HOME AND KITCHEN I,0.35186
2017-08-18,43,HOME AND KITCHEN I,0.38175154
2017-08-19,43,HOME AND KITCHEN I,0.47996536
2017-08-20,43,HOME AND KITCHEN I,0.44563705
2017-08-21,43,HOME AND KITCHEN I,0.40137917
2017-08-22,43,HOME AND KITCHEN I,0.45367774
2017-08-23,43,HOME AND KITCHEN I,0.5308745
2017-08-24,43,HOME AND KITCHEN I,0.7123743
2017-08-25,43,HOME AND KITCHEN I,0.70097107
2017-08-26,43,HOME AND KITCHEN I,0.70820314
2017-08-27,43,HOME AND KITCHEN I,0.5783322
2017-08-28,43,HOME AND KITCHEN I,0.66730976
2017-08-29,43,HOME AND KITCHEN I,0.81801087
2017-08-30,43,HOME AND KITCHEN I,0.80782574
2017-08-16,43,HOME AND KITCHEN II,548.4895
2017-08-17,43,HOME AND KITCHEN II,539.1912
2017-08-18,43,HOME AND KITCHEN II,474.2698
2017-08-19,43,HOME AND KITCHEN II,508.86203
2017-08-20,43,HOME AND KITCHEN II,499.37616
2017-08-21,43,HOME AND KITCHEN II,380.81927
2017-08-22,43,HOME AND KITCHEN II,364.95297
2017-08-23,43,HOME AND KITCHEN II,478.52182
2017-08-24,43,HOME AND KITCHEN II,492.24557
2017-08-25,43,HOME AND KITCHEN II,462.9246
2017-08-26,43,HOME AND KITCHEN II,454.5671
2017-08-27,43,HOME AND KITCHEN II,499.55862
2017-08-28,43,HOME AND KITCHEN II,374.38586
2017-08-29,43,HOME AND KITCHEN II,371.07867
2017-08-30,43,HOME AND KITCHEN II,436.42633
2017-08-16,43,HOME APPLIANCES,29.6995
2017-08-17,43,HOME APPLIANCES,43.183865
2017-08-18,43,HOME APPLIANCES,35.46331
2017-08-19,43,HOME APPLIANCES,39.14177
2017-08-20,43,HOME APPLIANCES,36.281277
2017-08-21,43,HOME APPLIANCES,34.714363
2017-08-22,43,HOME APPLIANCES,32.0477
2017-08-23,43,HOME APPLIANCES,34.655594
2017-08-24,43,HOME APPLIANCES,45.25485
2017-08-25,43,HOME APPLIANCES,36.255573
2017-08-26,43,HOME APPLIANCES,36.06676
2017-08-27,43,HOME APPLIANCES,38.377384
2017-08-28,43,HOME APPLIANCES,33.66583
2017-08-29,43,HOME APPLIANCES,31.905722
2017-08-30,43,HOME APPLIANCES,33.426517
2017-08-16,43,HOME CARE,35.2817
2017-08-17,43,HOME CARE,34.97472
2017-08-18,43,HOME CARE,33.722298
2017-08-19,43,HOME CARE,30.966862
2017-08-20,43,HOME CARE,35.534874
2017-08-21,43,HOME CARE,33.09522
2017-08-22,43,HOME CARE,26.510506
2017-08-23,43,HOME CARE,33.116566
2017-08-24,43,HOME CARE,42.609035
2017-08-25,43,HOME CARE,36.604996
2017-08-26,43,HOME CARE,34.310867
2017-08-27,43,HOME CARE,32.778828
2017-08-28,43,HOME CARE,35.565857
2017-08-29,43,HOME CARE,29.059683
2017-08-30,43,HOME CARE,32.986446
2017-08-16,43,LAWN AND GARDEN,59.376907
2017-08-17,43,LAWN AND GARDEN,62.723118
2017-08-18,43,LAWN AND GARDEN,53.742905
2017-08-19,43,LAWN AND GARDEN,53.432163
2017-08-20,43,LAWN AND GARDEN,41.124893
2017-08-21,43,LAWN AND GARDEN,37.74577
2017-08-22,43,LAWN AND GARDEN,30.107939
2017-08-23,43,LAWN AND GARDEN,34.621677
2017-08-24,43,LAWN AND GARDEN,39.822613
2017-08-25,43,LAWN AND GARDEN,33.001358
2017-08-26,43,LAWN AND GARDEN,33.90398
2017-08-27,43,LAWN AND GARDEN,32.74398
2017-08-28,43,LAWN AND GARDEN,30.896244
2017-08-29,43,LAWN AND GARDEN,29.161081
2017-08-30,43,LAWN AND GARDEN,29.076696
2017-08-16,43,LINGERIE,294.73227
2017-08-17,43,LINGERIE,240.27937
2017-08-18,43,LINGERIE,266.4494
2017-08-19,43,LINGERIE,277.62354
2017-08-20,43,LINGERIE,210.70622
2017-08-21,43,LINGERIE,301.96286
2017-08-22,43,LINGERIE,241.4165
2017-08-23,43,LINGERIE,264.81903
2017-08-24,43,LINGERIE,226.48042
2017-08-25,43,LINGERIE,251.1769
2017-08-26,43,LINGERIE,248.39304
2017-08-27,43,LINGERIE,197.79466
2017-08-28,43,LINGERIE,291.70465
2017-08-29,43,LINGERIE,227.48878
2017-08-30,43,LINGERIE,249.66609
2017-08-16,43,"LIQUOR,WINE,BEER",27.22895
2017-08-17,43,"LIQUOR,WINE,BEER",30.192211
2017-08-18,43,"LIQUOR,WINE,BEER",29.157675
2017-08-19,43,"LIQUOR,WINE,BEER",30.969233
2017-08-20,43,"LIQUOR,WINE,BEER",26.074158
2017-08-21,43,"LIQUOR,WINE,BEER",25.512459
2017-08-22,43,"LIQUOR,WINE,BEER",20.451176
2017-08-23,43,"LIQUOR,WINE,BEER",26.633339
2017-08-24,43,"LIQUOR,WINE,BEER",28.98319
2017-08-25,43,"LIQUOR,WINE,BEER",25.487892
2017-08-26,43,"LIQUOR,WINE,BEER",26.488554
2017-08-27,43,"LIQUOR,WINE,BEER",24.01416
2017-08-28,43,"LIQUOR,WINE,BEER",22.266909
2017-08-29,43,"LIQUOR,WINE,BEER",15.731403
2017-08-30,43,"LIQUOR,WINE,BEER",23.550772
2017-08-16,43,MAGAZINES,1076.9781
2017-08-17,43,MAGAZINES,1073.281
2017-08-18,43,MAGAZINES,1346.8013
2017-08-19,43,MAGAZINES,749.3633
2017-08-20,43,MAGAZINES,857.64526
2017-08-21,43,MAGAZINES,751.4467
2017-08-22,43,MAGAZINES,856.5263
2017-08-23,43,MAGAZINES,1137.0157
2017-08-24,43,MAGAZINES,1071.7335
2017-08-25,43,MAGAZINES,1484.7279
2017-08-26,43,MAGAZINES,828.99677
2017-08-27,43,MAGAZINES,851.8999
2017-08-28,43,MAGAZINES,778.89935
2017-08-29,43,MAGAZINES,928.8394
2017-08-30,43,MAGAZINES,1187.0642
2017-08-16,43,MEATS,587.97894
2017-08-17,43,MEATS,735.9981
2017-08-18,43,MEATS,536.87
2017-08-19,43,MEATS,581.5881
2017-08-20,43,MEATS,653.67224
2017-08-21,43,MEATS,578.9319
2017-08-22,43,MEATS,555.92523
2017-08-23,43,MEATS,697.8717
2017-08-24,43,MEATS,969.7355
2017-08-25,43,MEATS,648.6364
2017-08-26,43,MEATS,680.2358
2017-08-27,43,MEATS,692.4707
2017-08-28,43,MEATS,598.8703
2017-08-29,43,MEATS,588.427
2017-08-30,43,MEATS,705.64233
2017-08-16,43,PERSONAL CARE,33.454285
2017-08-17,43,PERSONAL CARE,35.89346
2017-08-18,43,PERSONAL CARE,34.86434
2017-08-19,43,PERSONAL CARE,34.283253
2017-08-20,43,PERSONAL CARE,30.61558
2017-08-21,43,PERSONAL CARE,27.664682
2017-08-22,43,PERSONAL CARE,26.79014
2017-08-23,43,PERSONAL CARE,30.150625
2017-08-24,43,PERSONAL CARE,31.20093
2017-08-25,43,PERSONAL CARE,28.725903
2017-08-26,43,PERSONAL CARE,31.41254
2017-08-27,43,PERSONAL CARE,29.583864
2017-08-28,43,PERSONAL CARE,27.191088
2017-08-29,43,PERSONAL CARE,22.667206
2017-08-30,43,PERSONAL CARE,31.737848
2017-08-16,43,PET SUPPLIES,35.881504
2017-08-17,43,PET SUPPLIES,37.32359
2017-08-18,43,PET SUPPLIES,37.746555
2017-08-19,43,PET SUPPLIES,37.619778
2017-08-20,43,PET SUPPLIES,36.09147
2017-08-21,43,PET SUPPLIES,32.54274
2017-08-22,43,PET SUPPLIES,31.101187
2017-08-23,43,PET SUPPLIES,39.842667
2017-08-24,43,PET SUPPLIES,40.352486
2017-08-25,43,PET SUPPLIES,37.612797
2017-08-26,43,PET SUPPLIES,37.53933
2017-08-27,43,PET SUPPLIES,36.953873
2017-08-28,43,PET SUPPLIES,33.47981
2017-08-29,43,PET SUPPLIES,33.298992
2017-08-30,43,PET SUPPLIES,35.83617
2017-08-16,43,PLAYERS AND ELECTRONICS,1393.5974
2017-08-17,43,PLAYERS AND ELECTRONICS,1421.9113
2017-08-18,43,PLAYERS AND ELECTRONICS,1501.9824
2017-08-19,43,PLAYERS AND ELECTRONICS,969.92316
2017-08-20,43,PLAYERS AND ELECTRONICS,1172.9767
2017-08-21,43,PLAYERS AND ELECTRONICS,927.07965
2017-08-22,43,PLAYERS AND ELECTRONICS,1162.6615
2017-08-23,43,PLAYERS AND ELECTRONICS,1625.1825
2017-08-24,43,PLAYERS AND ELECTRONICS,1408.5109
2017-08-25,43,PLAYERS AND ELECTRONICS,1693.9064
2017-08-26,43,PLAYERS AND ELECTRONICS,1066.2535
2017-08-27,43,PLAYERS AND ELECTRONICS,1295.6956
2017-08-28,43,PLAYERS AND ELECTRONICS,1026.2217
2017-08-29,43,PLAYERS AND ELECTRONICS,1187.4404
2017-08-30,43,PLAYERS AND ELECTRONICS,1663.5923
2017-08-16,43,POULTRY,355.8832
2017-08-17,43,POULTRY,355.39517
2017-08-18,43,POULTRY,272.93573
2017-08-19,43,POULTRY,317.495
2017-08-20,43,POULTRY,313.45053
2017-08-21,43,POULTRY,290.346
2017-08-22,43,POULTRY,304.3214
2017-08-23,43,POULTRY,374.9232
2017-08-24,43,POULTRY,363.88196
2017-08-25,43,POULTRY,284.94348
2017-08-26,43,POULTRY,357.81543
2017-08-27,43,POULTRY,339.96344
2017-08-28,43,POULTRY,306.63446
2017-08-29,43,POULTRY,318.3044
2017-08-30,43,POULTRY,378.49295
2017-08-16,43,PREPARED FOODS,15321.705
2017-08-17,43,PREPARED FOODS,7155.641
2017-08-18,43,PREPARED FOODS,7138.674
2017-08-19,43,PREPARED FOODS,7480.465
2017-08-20,43,PREPARED FOODS,8138.181
2017-08-21,43,PREPARED FOODS,7016.634
2017-08-22,43,PREPARED FOODS,6593.6753
2017-08-23,43,PREPARED FOODS,14824.259
2017-08-24,43,PREPARED FOODS,6988.908
2017-08-25,43,PREPARED FOODS,7031.1973
2017-08-26,43,PREPARED FOODS,7455.538
2017-08-27,43,PREPARED FOODS,7853.8784
2017-08-28,43,PREPARED FOODS,7129.3896
2017-08-29,43,PREPARED FOODS,6186.315
2017-08-30,43,PREPARED FOODS,14377.265
2017-08-16,43,PRODUCE,536.5943
2017-08-17,43,PRODUCE,1325.3672
2017-08-18,43,PRODUCE,567.30176
2017-08-19,43,PRODUCE,1252.2388
2017-08-20,43,PRODUCE,682.68915
2017-08-21,43,PRODUCE,1280.6726
2017-08-22,43,PRODUCE,200.18884
2017-08-23,43,PRODUCE,282.2033
2017-08-24,43,PRODUCE,632.8543
2017-08-25,43,PRODUCE,289.99713
2017-08-26,43,PRODUCE,263.82468
2017-08-27,43,PRODUCE,254.47998
2017-08-28,43,PRODUCE,493.6353
2017-08-29,43,PRODUCE,353.61093
2017-08-30,43,PRODUCE,235.14024
2017-08-16,43,SCHOOL AND OFFICE SUPPLIES,98.79907
2017-08-17,43,SCHOOL AND OFFICE SUPPLIES,110.4992
2017-08-18,43,SCHOOL AND OFFICE SUPPLIES,93.214966
2017-08-19,43,SCHOOL AND OFFICE SUPPLIES,91.68445
2017-08-20,43,SCHOOL AND OFFICE SUPPLIES,95.1594
2017-08-21,43,SCHOOL AND OFFICE SUPPLIES,84.935036
2017-08-22,43,SCHOOL AND OFFICE SUPPLIES,96.425606
2017-08-23,43,SCHOOL AND OFFICE SUPPLIES,112.221794
2017-08-24,43,SCHOOL AND OFFICE SUPPLIES,121.539635
2017-08-25,43,SCHOOL AND OFFICE SUPPLIES,105.240814
2017-08-26,43,SCHOOL AND OFFICE SUPPLIES,102.57855
2017-08-27,43,SCHOOL AND OFFICE SUPPLIES,107.417206
2017-08-28,43,SCHOOL AND OFFICE SUPPLIES,88.78086
2017-08-29,43,SCHOOL AND OFFICE SUPPLIES,92.4816
2017-08-30,43,SCHOOL AND OFFICE SUPPLIES,113.98976
2017-08-16,43,SEAFOOD,16.544737
2017-08-17,43,SEAFOOD,18.558475
2017-08-18,43,SEAFOOD,18.57715
2017-08-19,43,SEAFOOD,17.128086
2017-08-20,43,SEAFOOD,16.103697
2017-08-21,43,SEAFOOD,15.452426
2017-08-22,43,SEAFOOD,15.373008
2017-08-23,43,SEAFOOD,18.092117
2017-08-24,43,SEAFOOD,19.889309
2017-08-25,43,SEAFOOD,16.696884
2017-08-26,43,SEAFOOD,16.10709
2017-08-27,43,SEAFOOD,16.050924
2017-08-28,43,SEAFOOD,16.639025
2017-08-29,43,SEAFOOD,15.555809
2017-08-30,43,SEAFOOD,18.360983
2017-08-16,44,AUTOMOTIVE,16.045736
2017-08-17,44,AUTOMOTIVE,20.152304
2017-08-18,44,AUTOMOTIVE,15.587869
2017-08-19,44,AUTOMOTIVE,16.023329
2017-08-20,44,AUTOMOTIVE,16.299105
2017-08-21,44,AUTOMOTIVE,14.488286
2017-08-22,44,AUTOMOTIVE,14.876356
2017-08-23,44,AUTOMOTIVE,17.553673
2017-08-24,44,AUTOMOTIVE,20.095669
2017-08-25,44,AUTOMOTIVE,15.490376
2017-08-26,44,AUTOMOTIVE,15.934987
2017-08-27,44,AUTOMOTIVE,12.7261305
2017-08-28,44,AUTOMOTIVE,14.180342
2017-08-29,44,AUTOMOTIVE,13.960039
2017-08-30,44,AUTOMOTIVE,16.069977
2017-08-16,44,BEAUTY,9362.902
2017-08-17,44,BEAUTY,10296.052
2017-08-18,44,BEAUTY,7786.726
2017-08-19,44,BEAUTY,7756.248
2017-08-20,44,BEAUTY,8029.6143
2017-08-21,44,BEAUTY,7793.0737
2017-08-22,44,BEAUTY,7714.441
2017-08-23,44,BEAUTY,9714.911
2017-08-24,44,BEAUTY,11688.81
2017-08-25,44,BEAUTY,8535.752
2017-08-26,44,BEAUTY,8611.984
2017-08-27,44,BEAUTY,8545.564
2017-08-28,44,BEAUTY,8032.6577
2017-08-29,44,BEAUTY,7855.787
2017-08-30,44,BEAUTY,9823.696
2017-08-16,44,BEVERAGES,0.037042905
2017-08-17,44,BEVERAGES,0.024249928
2017-08-18,44,BEVERAGES,0.11066633
2017-08-19,44,BEVERAGES,0.055402637
2017-08-20,44,BEVERAGES,0.08700688
2017-08-21,44,BEVERAGES,0.11389949
2017-08-22,44,BEVERAGES,0.04199468
2017-08-23,44,BEVERAGES,0.09352018
2017-08-24,44,BEVERAGES,0.12230766
2017-08-25,44,BEVERAGES,0.06595368
2017-08-26,44,BEVERAGES,0.18288486
2017-08-27,44,BEVERAGES,0.11599716
2017-08-28,44,BEVERAGES,0.12448423
2017-08-29,44,BEVERAGES,0.055642392
2017-08-30,44,BEVERAGES,0.14614436
2017-08-16,44,BOOKS,1252.0629
2017-08-17,44,BOOKS,1532.5831
2017-08-18,44,BOOKS,1214.4706
2017-08-19,44,BOOKS,1257.9967
2017-08-20,44,BOOKS,1287.7671
2017-08-21,44,BOOKS,1140.2513
2017-08-22,44,BOOKS,1200.3076
2017-08-23,44,BOOKS,1464.8656
2017-08-24,44,BOOKS,1705.3506
2017-08-25,44,BOOKS,1303.9274
2017-08-26,44,BOOKS,1336.9271
2017-08-27,44,BOOKS,1322.4392
2017-08-28,44,BOOKS,1213.4344
2017-08-29,44,BOOKS,1234.2532
2017-08-30,44,BOOKS,1465.2887
2017-08-16,44,BREAD/BAKERY,33.288303
2017-08-17,44,BREAD/BAKERY,27.898367
2017-08-18,44,BREAD/BAKERY,26.62769
2017-08-19,44,BREAD/BAKERY,28.451307
2017-08-20,44,BREAD/BAKERY,24.321264
2017-08-21,44,BREAD/BAKERY,27.58496
2017-08-22,44,BREAD/BAKERY,25.82897
2017-08-23,44,BREAD/BAKERY,32.687317
2017-08-24,44,BREAD/BAKERY,27.016083
2017-08-25,44,BREAD/BAKERY,28.649529
2017-08-26,44,BREAD/BAKERY,29.589434
2017-08-27,44,BREAD/BAKERY,23.254063
2017-08-28,44,BREAD/BAKERY,28.934614
2017-08-29,44,BREAD/BAKERY,24.638622
2017-08-30,44,BREAD/BAKERY,35.723007
2017-08-16,44,CELEBRATION,2685.3582
2017-08-17,44,CELEBRATION,2873.8784
2017-08-18,44,CELEBRATION,2237.4329
2017-08-19,44,CELEBRATION,2393.857
2017-08-20,44,CELEBRATION,2550.7444
2017-08-21,44,CELEBRATION,2237.6562
2017-08-22,44,CELEBRATION,2502.0183
2017-08-23,44,CELEBRATION,3165.27
2017-08-24,44,CELEBRATION,3893.006
2017-08-25,44,CELEBRATION,2971.4712
2017-08-26,44,CELEBRATION,3044.0989
2017-08-27,44,CELEBRATION,3048.391
2017-08-28,44,CELEBRATION,2665.8516
2017-08-29,44,CELEBRATION,2686.4124
2017-08-30,44,CELEBRATION,3218.4375
2017-08-16,44,CLEANING,2486.0425
2017-08-17,44,CLEANING,2602.9639
2017-08-18,44,CLEANING,1929.272
2017-08-19,44,CLEANING,2153.525
2017-08-20,44,CLEANING,2378.6343
2017-08-21,44,CLEANING,2145.928
2017-08-22,44,CLEANING,2315.2258
2017-08-23,44,CLEANING,2712.5583
2017-08-24,44,CLEANING,3171.2427
2017-08-25,44,CLEANING,2288.8606
2017-08-26,44,CLEANING,2291.1858
2017-08-27,44,CLEANING,2494.0557
2017-08-28,44,CLEANING,2289.5361
2017-08-29,44,CLEANING,2400.0234
2017-08-30,44,CLEANING,2726.2012
2017-08-16,44,DAIRY,855.41547
2017-08-17,44,DAIRY,1015.47546
2017-08-18,44,DAIRY,968.4747
2017-08-19,44,DAIRY,672.6794
2017-08-20,44,DAIRY,669.00653
2017-08-21,44,DAIRY,609.31177
2017-08-22,44,DAIRY,679.2959
2017-08-23,44,DAIRY,883.63513
2017-08-24,44,DAIRY,1015.6585
2017-08-25,44,DAIRY,1023.5394
2017-08-26,44,DAIRY,687.1622
2017-08-27,44,DAIRY,659.4714
2017-08-28,44,DAIRY,629.36334
2017-08-29,44,DAIRY,704.09717
2017-08-30,44,DAIRY,895.3187
2017-08-16,44,DELI,444.1149
2017-08-17,44,DELI,546.218
2017-08-18,44,DELI,504.08807
2017-08-19,44,DELI,336.4505
2017-08-20,44,DELI,392.03506
2017-08-21,44,DELI,322.77286
2017-08-22,44,DELI,374.29855
2017-08-23,44,DELI,474.2438
2017-08-24,44,DELI,617.5766
2017-08-25,44,DELI,539.3133
2017-08-26,44,DELI,371.53397
2017-08-27,44,DELI,414.1017
2017-08-28,44,DELI,347.62274
2017-08-29,44,DELI,395.0152
2017-08-30,44,DELI,492.7145
2017-08-16,44,EGGS,376.01108
2017-08-17,44,EGGS,384.05484
2017-08-18,44,EGGS,259.34863
2017-08-19,44,EGGS,319.9223
2017-08-20,44,EGGS,308.6885
2017-08-21,44,EGGS,292.78412
2017-08-22,44,EGGS,333.80026
2017-08-23,44,EGGS,433.94522
2017-08-24,44,EGGS,426.85117
2017-08-25,44,EGGS,303.66992
2017-08-26,44,EGGS,345.47162
2017-08-27,44,EGGS,332.54886
2017-08-28,44,EGGS,323.6187
2017-08-29,44,EGGS,348.4766
2017-08-30,44,EGGS,429.60095
2017-08-16,44,FROZEN FOODS,12376.114
2017-08-17,44,FROZEN FOODS,13422.018
2017-08-18,44,FROZEN FOODS,9629.535
2017-08-19,44,FROZEN FOODS,9925.991
2017-08-20,44,FROZEN FOODS,11212.2
2017-08-21,44,FROZEN FOODS,10155.237
2017-08-22,44,FROZEN FOODS,10668.772
2017-08-23,44,FROZEN FOODS,13518.952
2017-08-24,44,FROZEN FOODS,16671.068
2017-08-25,44,FROZEN FOODS,12148.366
2017-08-26,44,FROZEN FOODS,11431.64
2017-08-27,44,FROZEN FOODS,11828.05
2017-08-28,44,FROZEN FOODS,10997.578
2017-08-29,44,FROZEN FOODS,10969.122
2017-08-30,44,FROZEN FOODS,14286.96
2017-08-16,44,GROCERY I,105.22191
2017-08-17,44,GROCERY I,108.20755
2017-08-18,44,GROCERY I,95.98722
2017-08-19,44,GROCERY I,102.43302
2017-08-20,44,GROCERY I,88.69782
2017-08-21,44,GROCERY I,89.11123
2017-08-22,44,GROCERY I,82.614235
2017-08-23,44,GROCERY I,101.58974
2017-08-24,44,GROCERY I,108.412476
2017-08-25,44,GROCERY I,90.447754
2017-08-26,44,GROCERY I,101.821495
2017-08-27,44,GROCERY I,82.55887
2017-08-28,44,GROCERY I,82.05762
2017-08-29,44,GROCERY I,83.67979
2017-08-30,44,GROCERY I,98.57955
2017-08-16,44,GROCERY II,1.7690048
2017-08-17,44,GROCERY II,2.0305538
2017-08-18,44,GROCERY II,1.9320004
2017-08-19,44,GROCERY II,1.6896893
2017-08-20,44,GROCERY II,1.5944248
2017-08-21,44,GROCERY II,1.559291
2017-08-22,44,GROCERY II,1.5331488
2017-08-23,44,GROCERY II,1.4652352
2017-08-24,44,GROCERY II,1.9222683
2017-08-25,44,GROCERY II,1.5164933
2017-08-26,44,GROCERY II,1.7173704
2017-08-27,44,GROCERY II,1.8408647
2017-08-28,44,GROCERY II,1.4788717
2017-08-29,44,GROCERY II,1.541656
2017-08-30,44,GROCERY II,1.4652478
2017-08-16,44,HARDWARE,68.52409
2017-08-17,44,HARDWARE,69.27674
2017-08-18,44,HARDWARE,59.317158
2017-08-19,44,HARDWARE,77.20924
2017-08-20,44,HARDWARE,69.85331
2017-08-21,44,HARDWARE,60.996025
2017-08-22,44,HARDWARE,46.390877
2017-08-23,44,HARDWARE,69.31335
2017-08-24,44,HARDWARE,65.01112
2017-08-25,44,HARDWARE,59.328064
2017-08-26,44,HARDWARE,65.46882
2017-08-27,44,HARDWARE,58.071903
2017-08-28,44,HARDWARE,50.176105
2017-08-29,44,HARDWARE,44.69804
2017-08-30,44,HARDWARE,66.07281
2017-08-16,44,HOME AND KITCHEN I,94.66976
2017-08-17,44,HOME AND KITCHEN I,95.157196
2017-08-18,44,HOME AND KITCHEN I,80.41572
2017-08-19,44,HOME AND KITCHEN I,92.842316
2017-08-20,44,HOME AND KITCHEN I,99.71896
2017-08-21,44,HOME AND KITCHEN I,89.624275
2017-08-22,44,HOME AND KITCHEN I,66.10364
2017-08-23,44,HOME AND KITCHEN I,83.49993
2017-08-24,44,HOME AND KITCHEN I,91.29248
2017-08-25,44,HOME AND KITCHEN I,76.82813
2017-08-26,44,HOME AND KITCHEN I,88.747986
2017-08-27,44,HOME AND KITCHEN I,83.9785
2017-08-28,44,HOME AND KITCHEN I,78.85406
2017-08-29,44,HOME AND KITCHEN I,65.5321
2017-08-30,44,HOME AND KITCHEN I,79.84718
2017-08-16,44,HOME AND KITCHEN II,1.4793347
2017-08-17,44,HOME AND KITCHEN II,1.2643261
2017-08-18,44,HOME AND KITCHEN II,1.0015216
2017-08-19,44,HOME AND KITCHEN II,1.3909317
2017-08-20,44,HOME AND KITCHEN II,1.3016489
2017-08-21,44,HOME AND KITCHEN II,1.3658487
2017-08-22,44,HOME AND KITCHEN II,1.097238
2017-08-23,44,HOME AND KITCHEN II,1.4362091
2017-08-24,44,HOME AND KITCHEN II,1.7571757
2017-08-25,44,HOME AND KITCHEN II,1.1093243
2017-08-26,44,HOME AND KITCHEN II,1.0474614
2017-08-27,44,HOME AND KITCHEN II,1.3176626
2017-08-28,44,HOME AND KITCHEN II,1.2219806
2017-08-29,44,HOME AND KITCHEN II,1.1644087
2017-08-30,44,HOME AND KITCHEN II,1.2775958
2017-08-16,44,HOME APPLIANCES,534.1049
2017-08-17,44,HOME APPLIANCES,543.3225
2017-08-18,44,HOME APPLIANCES,495.22958
2017-08-19,44,HOME APPLIANCES,497.34766
2017-08-20,44,HOME APPLIANCES,475.89578
2017-08-21,44,HOME APPLIANCES,381.46277
2017-08-22,44,HOME APPLIANCES,373.0983
2017-08-23,44,HOME APPLIANCES,439.2698
2017-08-24,44,HOME APPLIANCES,503.05667
2017-08-25,44,HOME APPLIANCES,441.00296
2017-08-26,44,HOME APPLIANCES,448.73138
2017-08-27,44,HOME APPLIANCES,448.06042
2017-08-28,44,HOME APPLIANCES,363.63867
2017-08-29,44,HOME APPLIANCES,383.37976
2017-08-30,44,HOME APPLIANCES,433.9442
2017-08-16,44,HOME CARE,24.153198
2017-08-17,44,HOME CARE,33.275974
2017-08-18,44,HOME CARE,28.838747
2017-08-19,44,HOME CARE,29.123962
2017-08-20,44,HOME CARE,29.31189
2017-08-21,44,HOME CARE,22.290365
2017-08-22,44,HOME CARE,22.733255
2017-08-23,44,HOME CARE,25.939009
2017-08-24,44,HOME CARE,35.658035
2017-08-25,44,HOME CARE,25.923164
2017-08-26,44,HOME CARE,27.990135
2017-08-27,44,HOME CARE,27.314411
2017-08-28,44,HOME CARE,23.3321
2017-08-29,44,HOME CARE,24.448923
2017-08-30,44,HOME CARE,25.232304
2017-08-16,44,LADIESWEAR,51.929337
2017-08-17,44,LADIESWEAR,46.816223
2017-08-18,44,LADIESWEAR,43.121765
2017-08-19,44,LADIESWEAR,42.16095
2017-08-20,44,LADIESWEAR,42.93712
2017-08-21,44,LADIESWEAR,43.169754
2017-08-22,44,LADIESWEAR,31.460651
2017-08-23,44,LADIESWEAR,45.46181
2017-08-24,44,LADIESWEAR,57.65519
2017-08-25,44,LADIESWEAR,46.65804
2017-08-26,44,LADIESWEAR,38.865692
2017-08-27,44,LADIESWEAR,47.736263
2017-08-28,44,LADIESWEAR,45.51953
2017-08-29,44,LADIESWEAR,33.464306
2017-08-30,44,LADIESWEAR,49.178047
2017-08-16,44,LAWN AND GARDEN,5.457064
2017-08-17,44,LAWN AND GARDEN,4.8801556
2017-08-18,44,LAWN AND GARDEN,4.6375957
2017-08-19,44,LAWN AND GARDEN,5.806598
2017-08-20,44,LAWN AND GARDEN,5.344101
2017-08-21,44,LAWN AND GARDEN,4.65726
2017-08-22,44,LAWN AND GARDEN,4.64854
2017-08-23,44,LAWN AND GARDEN,5.0120926
2017-08-24,44,LAWN AND GARDEN,6.289902
2017-08-25,44,LAWN AND GARDEN,4.564851
2017-08-26,44,LAWN AND GARDEN,4.7221494
2017-08-27,44,LAWN AND GARDEN,4.481583
2017-08-28,44,LAWN AND GARDEN,5.1435537
2017-08-29,44,LAWN AND GARDEN,4.29662
2017-08-30,44,LAWN AND GARDEN,5.8859797
2017-08-16,44,LINGERIE,202.65913
2017-08-17,44,LINGERIE,161.48013
2017-08-18,44,LINGERIE,171.13315
2017-08-19,44,LINGERIE,167.19714
2017-08-20,44,LINGERIE,133.0007
2017-08-21,44,LINGERIE,201.88644
2017-08-22,44,LINGERIE,143.54028
2017-08-23,44,LINGERIE,185.85628
2017-08-24,44,LINGERIE,159.95251
2017-08-25,44,LINGERIE,169.3098
2017-08-26,44,LINGERIE,148.27339
2017-08-27,44,LINGERIE,124.39953
2017-08-28,44,LINGERIE,199.7452
2017-08-29,44,LINGERIE,134.87663
2017-08-30,44,LINGERIE,166.64699
2017-08-16,44,"LIQUOR,WINE,BEER",23.540087
2017-08-17,44,"LIQUOR,WINE,BEER",23.877821
2017-08-18,44,"LIQUOR,WINE,BEER",23.385078
2017-08-19,44,"LIQUOR,WINE,BEER",22.173426
2017-08-20,44,"LIQUOR,WINE,BEER",21.797977
2017-08-21,44,"LIQUOR,WINE,BEER",17.224703
2017-08-22,44,"LIQUOR,WINE,BEER",16.649162
2017-08-23,44,"LIQUOR,WINE,BEER",20.577099
2017-08-24,44,"LIQUOR,WINE,BEER",22.298693
2017-08-25,44,"LIQUOR,WINE,BEER",21.12796
2017-08-26,44,"LIQUOR,WINE,BEER",19.495222
2017-08-27,44,"LIQUOR,WINE,BEER",18.414248
2017-08-28,44,"LIQUOR,WINE,BEER",17.53866
2017-08-29,44,"LIQUOR,WINE,BEER",14.206404
2017-08-30,44,"LIQUOR,WINE,BEER",20.19571
2017-08-16,44,MAGAZINES,1353.8507
2017-08-17,44,MAGAZINES,1488.4888
2017-08-18,44,MAGAZINES,1776.3406
2017-08-19,44,MAGAZINES,1004.5255
2017-08-20,44,MAGAZINES,1123.8401
2017-08-21,44,MAGAZINES,912.4311
2017-08-22,44,MAGAZINES,1024.7053
2017-08-23,44,MAGAZINES,1393.3477
2017-08-24,44,MAGAZINES,1475.5814
2017-08-25,44,MAGAZINES,1895.697
2017-08-26,44,MAGAZINES,1019.66144
2017-08-27,44,MAGAZINES,1158.0286
2017-08-28,44,MAGAZINES,946.32227
2017-08-29,44,MAGAZINES,1065.2656
2017-08-30,44,MAGAZINES,1475.9482
2017-08-16,44,MEATS,813.8371
2017-08-17,44,MEATS,1072.6947
2017-08-18,44,MEATS,810.8226
2017-08-19,44,MEATS,800.6948
2017-08-20,44,MEATS,817.773
2017-08-21,44,MEATS,735.9407
2017-08-22,44,MEATS,690.9962
2017-08-23,44,MEATS,907.6103
2017-08-24,44,MEATS,1185.0037
2017-08-25,44,MEATS,874.44934
2017-08-26,44,MEATS,861.8999
2017-08-27,44,MEATS,837.9772
2017-08-28,44,MEATS,747.7066
2017-08-29,44,MEATS,730.7845
2017-08-30,44,MEATS,891.3825
2017-08-16,44,PERSONAL CARE,23.816898
2017-08-17,44,PERSONAL CARE,26.996483
2017-08-18,44,PERSONAL CARE,22.864933
2017-08-19,44,PERSONAL CARE,24.32388
2017-08-20,44,PERSONAL CARE,21.219154
2017-08-21,44,PERSONAL CARE,22.124367
2017-08-22,44,PERSONAL CARE,18.047375
2017-08-23,44,PERSONAL CARE,21.95488
2017-08-24,44,PERSONAL CARE,26.993263
2017-08-25,44,PERSONAL CARE,21.509296
2017-08-26,44,PERSONAL CARE,22.160776
2017-08-27,44,PERSONAL CARE,19.884705
2017-08-28,44,PERSONAL CARE,18.097246
2017-08-29,44,PERSONAL CARE,20.360752
2017-08-30,44,PERSONAL CARE,22.329855
2017-08-16,44,PET SUPPLIES,29.751888
2017-08-17,44,PET SUPPLIES,33.927193
2017-08-18,44,PET SUPPLIES,28.660282
2017-08-19,44,PET SUPPLIES,31.069687
2017-08-20,44,PET SUPPLIES,28.001434
2017-08-21,44,PET SUPPLIES,24.43062
2017-08-22,44,PET SUPPLIES,21.459808
2017-08-23,44,PET SUPPLIES,28.25552
2017-08-24,44,PET SUPPLIES,33.73433
2017-08-25,44,PET SUPPLIES,27.438704
2017-08-26,44,PET SUPPLIES,28.31873
2017-08-27,44,PET SUPPLIES,23.988726
2017-08-28,44,PET SUPPLIES,21.330374
2017-08-29,44,PET SUPPLIES,24.4331
2017-08-30,44,PET SUPPLIES,27.238382
2017-08-16,44,PLAYERS AND ELECTRONICS,1527.1117
2017-08-17,44,PLAYERS AND ELECTRONICS,1573.6339
2017-08-18,44,PLAYERS AND ELECTRONICS,1715.787
2017-08-19,44,PLAYERS AND ELECTRONICS,1146.5062
2017-08-20,44,PLAYERS AND ELECTRONICS,1297.8369
2017-08-21,44,PLAYERS AND ELECTRONICS,1078.351
2017-08-22,44,PLAYERS AND ELECTRONICS,1191.6805
2017-08-23,44,PLAYERS AND ELECTRONICS,1548.9152
2017-08-24,44,PLAYERS AND ELECTRONICS,1663.1038
2017-08-25,44,PLAYERS AND ELECTRONICS,1677.642
2017-08-26,44,PLAYERS AND ELECTRONICS,1107.6746
2017-08-27,44,PLAYERS AND ELECTRONICS,1286.0283
2017-08-28,44,PLAYERS AND ELECTRONICS,1099.5098
2017-08-29,44,PLAYERS AND ELECTRONICS,1246.7296
2017-08-30,44,PLAYERS AND ELECTRONICS,1582.1088
2017-08-16,44,POULTRY,270.77893
2017-08-17,44,POULTRY,295.8209
2017-08-18,44,POULTRY,228.41634
2017-08-19,44,POULTRY,269.5911
2017-08-20,44,POULTRY,244.20177
2017-08-21,44,POULTRY,233.7311
2017-08-22,44,POULTRY,242.05873
2017-08-23,44,POULTRY,285.1721
2017-08-24,44,POULTRY,326.02216
2017-08-25,44,POULTRY,254.76535
2017-08-26,44,POULTRY,271.4115
2017-08-27,44,POULTRY,253.87752
2017-08-28,44,POULTRY,245.41908
2017-08-29,44,POULTRY,249.88484
2017-08-30,44,POULTRY,307.53116
2017-08-16,44,PREPARED FOODS,10125.909
2017-08-17,44,PREPARED FOODS,5002.763
2017-08-18,44,PREPARED FOODS,4908.3325
2017-08-19,44,PREPARED FOODS,5043.259
2017-08-20,44,PREPARED FOODS,5301.621
2017-08-21,44,PREPARED FOODS,5322.597
2017-08-22,44,PREPARED FOODS,4301.0522
2017-08-23,44,PREPARED FOODS,9362.551
2017-08-24,44,PREPARED FOODS,4837.882
2017-08-25,44,PREPARED FOODS,4737.6646
2017-08-26,44,PREPARED FOODS,4755.5684
2017-08-27,44,PREPARED FOODS,4994.6753
2017-08-28,44,PREPARED FOODS,4949.031
2017-08-29,44,PREPARED FOODS,4230.569
2017-08-30,44,PREPARED FOODS,9186.575
2017-08-16,44,PRODUCE,679.67676
2017-08-17,44,PRODUCE,894.6794
2017-08-18,44,PRODUCE,495.32635
2017-08-19,44,PRODUCE,759.97797
2017-08-20,44,PRODUCE,516.8595
2017-08-21,44,PRODUCE,275.63672
2017-08-22,44,PRODUCE,136.431
2017-08-23,44,PRODUCE,282.4872
2017-08-24,44,PRODUCE,298.80246
2017-08-25,44,PRODUCE,205.94402
2017-08-26,44,PRODUCE,565.177
2017-08-27,44,PRODUCE,162.50377
2017-08-28,44,PRODUCE,194.45839
2017-08-29,44,PRODUCE,112.147545
2017-08-30,44,PRODUCE,274.9655
2017-08-16,44,SCHOOL AND OFFICE SUPPLIES,98.98358
2017-08-17,44,SCHOOL AND OFFICE SUPPLIES,113.35789
2017-08-18,44,SCHOOL AND OFFICE SUPPLIES,102.86064
2017-08-19,44,SCHOOL AND OFFICE SUPPLIES,87.26878
2017-08-20,44,SCHOOL AND OFFICE SUPPLIES,93.882866
2017-08-21,44,SCHOOL AND OFFICE SUPPLIES,73.308174
2017-08-22,44,SCHOOL AND OFFICE SUPPLIES,83.889206
2017-08-23,44,SCHOOL AND OFFICE SUPPLIES,99.186775
2017-08-24,44,SCHOOL AND OFFICE SUPPLIES,124.422104
2017-08-25,44,SCHOOL AND OFFICE SUPPLIES,93.10597
2017-08-26,44,SCHOOL AND OFFICE SUPPLIES,89.0343
2017-08-27,44,SCHOOL AND OFFICE SUPPLIES,97.036835
2017-08-28,44,SCHOOL AND OFFICE SUPPLIES,80.06126
2017-08-29,44,SCHOOL AND OFFICE SUPPLIES,88.19877
2017-08-30,44,SCHOOL AND OFFICE SUPPLIES,106.17123
2017-08-16,44,SEAFOOD,14.842261
2017-08-17,44,SEAFOOD,14.217902
2017-08-18,44,SEAFOOD,12.166144
2017-08-19,44,SEAFOOD,11.862971
2017-08-20,44,SEAFOOD,11.852326
2017-08-21,44,SEAFOOD,11.385091
2017-08-22,44,SEAFOOD,11.218957
2017-08-23,44,SEAFOOD,13.595447
2017-08-24,44,SEAFOOD,15.132177
2017-08-25,44,SEAFOOD,11.822286
2017-08-26,44,SEAFOOD,10.696284
2017-08-27,44,SEAFOOD,11.111035
2017-08-28,44,SEAFOOD,11.72427
2017-08-29,44,SEAFOOD,11.733984
2017-08-30,44,SEAFOOD,14.399359
2017-08-16,45,AUTOMOTIVE,24.728907
2017-08-17,45,AUTOMOTIVE,31.238073
2017-08-18,45,AUTOMOTIVE,25.67274
2017-08-19,45,AUTOMOTIVE,22.709646
2017-08-20,45,AUTOMOTIVE,22.80904
2017-08-21,45,AUTOMOTIVE,20.15825
2017-08-22,45,AUTOMOTIVE,20.575819
2017-08-23,45,AUTOMOTIVE,25.594252
2017-08-24,45,AUTOMOTIVE,27.235832
2017-08-25,45,AUTOMOTIVE,20.089376
2017-08-26,45,AUTOMOTIVE,20.471117
2017-08-27,45,AUTOMOTIVE,19.465055
2017-08-28,45,AUTOMOTIVE,17.419077
2017-08-29,45,AUTOMOTIVE,17.92476
2017-08-30,45,AUTOMOTIVE,21.715658
2017-08-16,45,BEAUTY,6191.273
2017-08-17,45,BEAUTY,7149.025
2017-08-18,45,BEAUTY,5403.46
2017-08-19,45,BEAUTY,5143.059
2017-08-20,45,BEAUTY,5448.5303
2017-08-21,45,BEAUTY,5026.2793
2017-08-22,45,BEAUTY,4897.209
2017-08-23,45,BEAUTY,6605.693
2017-08-24,45,BEAUTY,7897.7476
2017-08-25,45,BEAUTY,5586.806
2017-08-26,45,BEAUTY,5449.306
2017-08-27,45,BEAUTY,5543.7754
2017-08-28,45,BEAUTY,5282.1616
2017-08-29,45,BEAUTY,5171.039
2017-08-30,45,BEAUTY,6884.8354
2017-08-16,45,BEVERAGES,0.13072953
2017-08-17,45,BEVERAGES,0.12876438
2017-08-18,45,BEVERAGES,0.09175936
2017-08-19,45,BEVERAGES,0.14294246
2017-08-20,45,BEVERAGES,0.14098038
2017-08-21,45,BEVERAGES,0.1151722
2017-08-22,45,BEVERAGES,0.16106057
2017-08-23,45,BEVERAGES,0.12819391
2017-08-24,45,BEVERAGES,0.20152223
2017-08-25,45,BEVERAGES,0.19403495
2017-08-26,45,BEVERAGES,0.13376616
2017-08-27,45,BEVERAGES,0.19053373
2017-08-28,45,BEVERAGES,0.10949552
2017-08-29,45,BEVERAGES,0.1494169
2017-08-30,45,BEVERAGES,0.2105759
2017-08-16,45,BOOKS,942.9133
2017-08-17,45,BOOKS,1190.7672
2017-08-18,45,BOOKS,946.3577
2017-08-19,45,BOOKS,888.923
2017-08-20,45,BOOKS,867.46375
2017-08-21,45,BOOKS,787.3799
2017-08-22,45,BOOKS,809.7889
2017-08-23,45,BOOKS,1086.4823
2017-08-24,45,BOOKS,1379.7834
2017-08-25,45,BOOKS,960.6095
2017-08-26,45,BOOKS,937.1572
2017-08-27,45,BOOKS,909.4368
2017-08-28,45,BOOKS,836.18036
2017-08-29,45,BOOKS,872.70245
2017-08-30,45,BOOKS,1115.9866
2017-08-16,45,BREAD/BAKERY,18.335447
2017-08-17,45,BREAD/BAKERY,16.364664
2017-08-18,45,BREAD/BAKERY,15.208795
2017-08-19,45,BREAD/BAKERY,16.7974
2017-08-20,45,BREAD/BAKERY,14.792328
2017-08-21,45,BREAD/BAKERY,16.714478
2017-08-22,45,BREAD/BAKERY,16.511007
2017-08-23,45,BREAD/BAKERY,21.167467
2017-08-24,45,BREAD/BAKERY,18.209938
2017-08-25,45,BREAD/BAKERY,17.640915
2017-08-26,45,BREAD/BAKERY,17.512602
2017-08-27,45,BREAD/BAKERY,14.271821
2017-08-28,45,BREAD/BAKERY,17.098753
2017-08-29,45,BREAD/BAKERY,16.606028
2017-08-30,45,BREAD/BAKERY,19.572273
2017-08-16,45,CELEBRATION,2252.034
2017-08-17,45,CELEBRATION,2512.2856
2017-08-18,45,CELEBRATION,1701.1641
2017-08-19,45,CELEBRATION,1879.1521
2017-08-20,45,CELEBRATION,2006.9077
2017-08-21,45,CELEBRATION,1732.1381
2017-08-22,45,CELEBRATION,2058.1016
2017-08-23,45,CELEBRATION,2893.423
2017-08-24,45,CELEBRATION,3556.268
2017-08-25,45,CELEBRATION,2612.011
2017-08-26,45,CELEBRATION,2607.3354
2017-08-27,45,CELEBRATION,2430.7483
2017-08-28,45,CELEBRATION,2256.5508
2017-08-29,45,CELEBRATION,2305.12
2017-08-30,45,CELEBRATION,2845.222
2017-08-16,45,CLEANING,1662.9543
2017-08-17,45,CLEANING,1962.3658
2017-08-18,45,CLEANING,1435.0806
2017-08-19,45,CLEANING,1390.6094
2017-08-20,45,CLEANING,1473.3937
2017-08-21,45,CLEANING,1363.4042
2017-08-22,45,CLEANING,1513.7461
2017-08-23,45,CLEANING,1862.2496
2017-08-24,45,CLEANING,2291.7476
2017-08-25,45,CLEANING,1626.2943
2017-08-26,45,CLEANING,1526.6465
2017-08-27,45,CLEANING,1606.2719
2017-08-28,45,CLEANING,1503.8126
2017-08-29,45,CLEANING,1590.0178
2017-08-30,45,CLEANING,1892.1537
2017-08-16,45,DAIRY,898.9131
2017-08-17,45,DAIRY,1019.24396
2017-08-18,45,DAIRY,1079.918
2017-08-19,45,DAIRY,742.44617
2017-08-20,45,DAIRY,708.21497
2017-08-21,45,DAIRY,636.8471
2017-08-22,45,DAIRY,741.9975
2017-08-23,45,DAIRY,977.2153
2017-08-24,45,DAIRY,1174.7285
2017-08-25,45,DAIRY,1200.6322
2017-08-26,45,DAIRY,833.14014
2017-08-27,45,DAIRY,773.0947
2017-08-28,45,DAIRY,716.23755
2017-08-29,45,DAIRY,789.54895
2017-08-30,45,DAIRY,1021.8602
2017-08-16,45,DELI,160.73544
2017-08-17,45,DELI,207.69531
2017-08-18,45,DELI,180.98886
2017-08-19,45,DELI,131.09398
2017-08-20,45,DELI,131.91344
2017-08-21,45,DELI,106.073814
2017-08-22,45,DELI,137.45235
2017-08-23,45,DELI,173.89566
2017-08-24,45,DELI,224.6623
2017-08-25,45,DELI,200.45898
2017-08-26,45,DELI,145.90143
2017-08-27,45,DELI,142.86008
2017-08-28,45,DELI,118.810936
2017-08-29,45,DELI,136.09113
2017-08-30,45,DELI,189.01573
2017-08-16,45,EGGS,321.87674
2017-08-17,45,EGGS,306.31555
2017-08-18,45,EGGS,214.30347
2017-08-19,45,EGGS,239.62405
2017-08-20,45,EGGS,241.98717
2017-08-21,45,EGGS,230.95345
2017-08-22,45,EGGS,249.31015
2017-08-23,45,EGGS,328.53214
2017-08-24,45,EGGS,307.12744
2017-08-25,45,EGGS,218.29533
2017-08-26,45,EGGS,235.86314
2017-08-27,45,EGGS,231.22333
2017-08-28,45,EGGS,229.67743
2017-08-29,45,EGGS,249.17656
2017-08-30,45,EGGS,322.90842
2017-08-16,45,FROZEN FOODS,10102.151
2017-08-17,45,FROZEN FOODS,11529.973
2017-08-18,45,FROZEN FOODS,7947.3755
2017-08-19,45,FROZEN FOODS,7736.6875
2017-08-20,45,FROZEN FOODS,8463.304
2017-08-21,45,FROZEN FOODS,7861.6416
2017-08-22,45,FROZEN FOODS,8249.365
2017-08-23,45,FROZEN FOODS,10832.3
2017-08-24,45,FROZEN FOODS,14406.287
2017-08-25,45,FROZEN FOODS,9680.742
2017-08-26,45,FROZEN FOODS,9121.609
2017-08-27,45,FROZEN FOODS,9761.939
2017-08-28,45,FROZEN FOODS,9209.678
2017-08-29,45,FROZEN FOODS,8982.553
2017-08-30,45,FROZEN FOODS,12517.728
2017-08-16,45,GROCERY I,51.916298
2017-08-17,45,GROCERY I,51.566727
2017-08-18,45,GROCERY I,48.72597
2017-08-19,45,GROCERY I,48.650837
2017-08-20,45,GROCERY I,49.392323
2017-08-21,45,GROCERY I,42.206978
2017-08-22,45,GROCERY I,39.02074
2017-08-23,45,GROCERY I,47.79914
2017-08-24,45,GROCERY I,48.576103
2017-08-25,45,GROCERY I,44.88545
2017-08-26,45,GROCERY I,50.62321
2017-08-27,45,GROCERY I,44.548378
2017-08-28,45,GROCERY I,39.717728
2017-08-29,45,GROCERY I,36.715576
2017-08-30,45,GROCERY I,49.38651
2017-08-16,45,GROCERY II,2.8389752
2017-08-17,45,GROCERY II,3.8723297
2017-08-18,45,GROCERY II,3.3799524
2017-08-19,45,GROCERY II,2.810229
2017-08-20,45,GROCERY II,2.839067
2017-08-21,45,GROCERY II,2.362556
2017-08-22,45,GROCERY II,2.1046321
2017-08-23,45,GROCERY II,2.9346786
2017-08-24,45,GROCERY II,2.4465544
2017-08-25,45,GROCERY II,2.9184532
2017-08-26,45,GROCERY II,2.8012128
2017-08-27,45,GROCERY II,2.2494893
2017-08-28,45,GROCERY II,2.1882586
2017-08-29,45,GROCERY II,2.5237012
2017-08-30,45,GROCERY II,3.3611364
2017-08-16,45,HARDWARE,59.99102
2017-08-17,45,HARDWARE,57.892292
2017-08-18,45,HARDWARE,47.60844
2017-08-19,45,HARDWARE,60.22498
2017-08-20,45,HARDWARE,48.788616
2017-08-21,45,HARDWARE,46.00371
2017-08-22,45,HARDWARE,31.532148
2017-08-23,45,HARDWARE,47.354633
2017-08-24,45,HARDWARE,42.192787
2017-08-25,45,HARDWARE,37.52773
2017-08-26,45,HARDWARE,43.206337
2017-08-27,45,HARDWARE,34.713245
2017-08-28,45,HARDWARE,36.164085
2017-08-29,45,HARDWARE,33.251583
2017-08-30,45,HARDWARE,38.36092
2017-08-16,45,HOME AND KITCHEN I,31.477594
2017-08-17,45,HOME AND KITCHEN I,32.22292
2017-08-18,45,HOME AND KITCHEN I,30.841698
2017-08-19,45,HOME AND KITCHEN I,34.631153
2017-08-20,45,HOME AND KITCHEN I,35.688667
2017-08-21,45,HOME AND KITCHEN I,29.24452
2017-08-22,45,HOME AND KITCHEN I,26.693516
2017-08-23,45,HOME AND KITCHEN I,34.68392
2017-08-24,45,HOME AND KITCHEN I,37.03275
2017-08-25,45,HOME AND KITCHEN I,29.345306
2017-08-26,45,HOME AND KITCHEN I,32.03736
2017-08-27,45,HOME AND KITCHEN I,32.22003
2017-08-28,45,HOME AND KITCHEN I,32.064682
2017-08-29,45,HOME AND KITCHEN I,27.911083
2017-08-30,45,HOME AND KITCHEN I,38.048645
2017-08-16,45,HOME AND KITCHEN II,0.8200636
2017-08-17,45,HOME AND KITCHEN II,0.8656311
2017-08-18,45,HOME AND KITCHEN II,0.84439343
2017-08-19,45,HOME AND KITCHEN II,0.9176233
2017-08-20,45,HOME AND KITCHEN II,0.914434
2017-08-21,45,HOME AND KITCHEN II,0.9250383
2017-08-22,45,HOME AND KITCHEN II,0.7453906
2017-08-23,45,HOME AND KITCHEN II,0.9201527
2017-08-24,45,HOME AND KITCHEN II,1.1698444
2017-08-25,45,HOME AND KITCHEN II,0.9990637
2017-08-26,45,HOME AND KITCHEN II,1.0583632
2017-08-27,45,HOME AND KITCHEN II,1.0205715
2017-08-28,45,HOME AND KITCHEN II,0.9274597
2017-08-29,45,HOME AND KITCHEN II,0.7510835
2017-08-30,45,HOME AND KITCHEN II,1.0780197
2017-08-16,45,HOME APPLIANCES,511.16745
2017-08-17,45,HOME APPLIANCES,527.90375
2017-08-18,45,HOME APPLIANCES,479.84967
2017-08-19,45,HOME APPLIANCES,422.5229
2017-08-20,45,HOME APPLIANCES,458.13733
2017-08-21,45,HOME APPLIANCES,360.15726
2017-08-22,45,HOME APPLIANCES,366.44693
2017-08-23,45,HOME APPLIANCES,402.18488
2017-08-24,45,HOME APPLIANCES,480.38593
2017-08-25,45,HOME APPLIANCES,453.18256
2017-08-26,45,HOME APPLIANCES,407.53503
2017-08-27,45,HOME APPLIANCES,437.6701
2017-08-28,45,HOME APPLIANCES,367.36737
2017-08-29,45,HOME APPLIANCES,344.23746
2017-08-30,45,HOME APPLIANCES,393.46365
2017-08-16,45,HOME CARE,33.0827
2017-08-17,45,HOME CARE,44.864628
2017-08-18,45,HOME CARE,30.348137
2017-08-19,45,HOME CARE,31.347885
2017-08-20,45,HOME CARE,31.81705
2017-08-21,45,HOME CARE,27.837719
2017-08-22,45,HOME CARE,27.167606
2017-08-23,45,HOME CARE,34.80225
2017-08-24,45,HOME CARE,40.34636
2017-08-25,45,HOME CARE,30.506025
2017-08-26,45,HOME CARE,33.387707
2017-08-27,45,HOME CARE,32.606976
2017-08-28,45,HOME CARE,28.90328
2017-08-29,45,HOME CARE,30.470432
2017-08-30,45,HOME CARE,36.78376
2017-08-16,45,LADIESWEAR,31.219496
2017-08-17,45,LADIESWEAR,28.801588
2017-08-18,45,LADIESWEAR,28.401606
2017-08-19,45,LADIESWEAR,29.479774
2017-08-20,45,LADIESWEAR,29.135946
2017-08-21,45,LADIESWEAR,27.183178
2017-08-22,45,LADIESWEAR,18.912945
2017-08-23,45,LADIESWEAR,31.718943
2017-08-24,45,LADIESWEAR,33.95571
2017-08-25,45,LADIESWEAR,29.407436
2017-08-26,45,LADIESWEAR,29.518852
2017-08-27,45,LADIESWEAR,24.582825
2017-08-28,45,LADIESWEAR,25.107767
2017-08-29,45,LADIESWEAR,20.532133
2017-08-30,45,LADIESWEAR,30.371372
2017-08-16,45,LAWN AND GARDEN,9.678335
2017-08-17,45,LAWN AND GARDEN,11.076106
2017-08-18,45,LAWN AND GARDEN,9.324954
2017-08-19,45,LAWN AND GARDEN,11.161308
2017-08-20,45,LAWN AND GARDEN,8.495213
2017-08-21,45,LAWN AND GARDEN,8.264081
2017-08-22,45,LAWN AND GARDEN,7.407038
2017-08-23,45,LAWN AND GARDEN,10.42951
2017-08-24,45,LAWN AND GARDEN,10.958257
2017-08-25,45,LAWN AND GARDEN,10.018241
2017-08-26,45,LAWN AND GARDEN,9.879144
2017-08-27,45,LAWN AND GARDEN,10.212416
2017-08-28,45,LAWN AND GARDEN,8.400579
2017-08-29,45,LAWN AND GARDEN,8.252324
2017-08-30,45,LAWN AND GARDEN,9.678213
2017-08-16,45,LINGERIE,110.07316
2017-08-17,45,LINGERIE,117.92008
2017-08-18,45,LINGERIE,98.6866
2017-08-19,45,LINGERIE,97.44117
2017-08-20,45,LINGERIE,70.642044
2017-08-21,45,LINGERIE,119.68295
2017-08-22,45,LINGERIE,114.96505
2017-08-23,45,LINGERIE,110.95735
2017-08-24,45,LINGERIE,79.11192
2017-08-25,45,LINGERIE,85.91993
2017-08-26,45,LINGERIE,83.46356
2017-08-27,45,LINGERIE,69.05529
2017-08-28,45,LINGERIE,107.512314
2017-08-29,45,LINGERIE,100.52839
2017-08-30,45,LINGERIE,91.78978
2017-08-16,45,"LIQUOR,WINE,BEER",14.235353
2017-08-17,45,"LIQUOR,WINE,BEER",17.276442
2017-08-18,45,"LIQUOR,WINE,BEER",14.269891
2017-08-19,45,"LIQUOR,WINE,BEER",12.088935
2017-08-20,45,"LIQUOR,WINE,BEER",12.796367
2017-08-21,45,"LIQUOR,WINE,BEER",11.911224
2017-08-22,45,"LIQUOR,WINE,BEER",10.125536
2017-08-23,45,"LIQUOR,WINE,BEER",11.639565
2017-08-24,45,"LIQUOR,WINE,BEER",15.4016
2017-08-25,45,"LIQUOR,WINE,BEER",13.83231
2017-08-26,45,"LIQUOR,WINE,BEER",12.059627
2017-08-27,45,"LIQUOR,WINE,BEER",11.872032
2017-08-28,45,"LIQUOR,WINE,BEER",11.580741
2017-08-29,45,"LIQUOR,WINE,BEER",8.814387
2017-08-30,45,"LIQUOR,WINE,BEER",11.542346
2017-08-16,45,MAGAZINES,1313.4191
2017-08-17,45,MAGAZINES,1275.6067
2017-08-18,45,MAGAZINES,1679.3856
2017-08-19,45,MAGAZINES,950.2907
2017-08-20,45,MAGAZINES,1073.2411
2017-08-21,45,MAGAZINES,877.46094
2017-08-22,45,MAGAZINES,933.677
2017-08-23,45,MAGAZINES,1314.9363
2017-08-24,45,MAGAZINES,1361.3993
2017-08-25,45,MAGAZINES,1665.8893
2017-08-26,45,MAGAZINES,915.5596
2017-08-27,45,MAGAZINES,1045.9084
2017-08-28,45,MAGAZINES,852.22266
2017-08-29,45,MAGAZINES,997.7422
2017-08-30,45,MAGAZINES,1390.5208
2017-08-16,45,MEATS,794.9013
2017-08-17,45,MEATS,1013.6198
2017-08-18,45,MEATS,794.67816
2017-08-19,45,MEATS,778.72614
2017-08-20,45,MEATS,765.27356
2017-08-21,45,MEATS,638.2729
2017-08-22,45,MEATS,693.3
2017-08-23,45,MEATS,872.48193
2017-08-24,45,MEATS,1104.0311
2017-08-25,45,MEATS,811.5064
2017-08-26,45,MEATS,871.8826
2017-08-27,45,MEATS,810.76605
2017-08-28,45,MEATS,743.56964
2017-08-29,45,MEATS,749.2258
2017-08-30,45,MEATS,949.77795
2017-08-16,45,PERSONAL CARE,27.063173
2017-08-17,45,PERSONAL CARE,25.407518
2017-08-18,45,PERSONAL CARE,24.875048
2017-08-19,45,PERSONAL CARE,23.443281
2017-08-20,45,PERSONAL CARE,21.13701
2017-08-21,45,PERSONAL CARE,20.443586
2017-08-22,45,PERSONAL CARE,18.442
2017-08-23,45,PERSONAL CARE,23.455095
2017-08-24,45,PERSONAL CARE,26.34308
2017-08-25,45,PERSONAL CARE,22.16881
2017-08-26,45,PERSONAL CARE,21.328537
2017-08-27,45,PERSONAL CARE,19.492378
2017-08-28,45,PERSONAL CARE,17.373945
2017-08-29,45,PERSONAL CARE,16.633453
2017-08-30,45,PERSONAL CARE,21.293203
2017-08-16,45,PET SUPPLIES,48.269154
2017-08-17,45,PET SUPPLIES,42.994358
2017-08-18,45,PET SUPPLIES,40.777683
2017-08-19,45,PET SUPPLIES,39.58801
2017-08-20,45,PET SUPPLIES,32.751156
2017-08-21,45,PET SUPPLIES,32.32939
2017-08-22,45,PET SUPPLIES,27.881802
2017-08-23,45,PET SUPPLIES,36.80113
2017-08-24,45,PET SUPPLIES,38.121
2017-08-25,45,PET SUPPLIES,33.44312
2017-08-26,45,PET SUPPLIES,31.784643
2017-08-27,45,PET SUPPLIES,28.664762
2017-08-28,45,PET SUPPLIES,24.55981
2017-08-29,45,PET SUPPLIES,23.059948
2017-08-30,45,PET SUPPLIES,31.834097
2017-08-16,45,PLAYERS AND ELECTRONICS,933.7536
2017-08-17,45,PLAYERS AND ELECTRONICS,934.3807
2017-08-18,45,PLAYERS AND ELECTRONICS,910.82684
2017-08-19,45,PLAYERS AND ELECTRONICS,697.5522
2017-08-20,45,PLAYERS AND ELECTRONICS,774.7586
2017-08-21,45,PLAYERS AND ELECTRONICS,690.44415
2017-08-22,45,PLAYERS AND ELECTRONICS,754.90466
2017-08-23,45,PLAYERS AND ELECTRONICS,1058.586
2017-08-24,45,PLAYERS AND ELECTRONICS,1169.3666
2017-08-25,45,PLAYERS AND ELECTRONICS,1079.6902
2017-08-26,45,PLAYERS AND ELECTRONICS,801.95325
2017-08-27,45,PLAYERS AND ELECTRONICS,850.75037
2017-08-28,45,PLAYERS AND ELECTRONICS,727.0539
2017-08-29,45,PLAYERS AND ELECTRONICS,781.24384
2017-08-30,45,PLAYERS AND ELECTRONICS,1067.5859
2017-08-16,45,POULTRY,145.46826
2017-08-17,45,POULTRY,161.43517
2017-08-18,45,POULTRY,124.19828
2017-08-19,45,POULTRY,133.20728
2017-08-20,45,POULTRY,117.39803
2017-08-21,45,POULTRY,117.61471
2017-08-22,45,POULTRY,122.70742
2017-08-23,45,POULTRY,154.06561
2017-08-24,45,POULTRY,166.55597
2017-08-25,45,POULTRY,125.79534
2017-08-26,45,POULTRY,131.0453
2017-08-27,45,POULTRY,122.98077
2017-08-28,45,POULTRY,118.952225
2017-08-29,45,POULTRY,124.145836
2017-08-30,45,POULTRY,160.99806
2017-08-16,45,PREPARED FOODS,4517.8916
2017-08-17,45,PREPARED FOODS,2275.5952
2017-08-18,45,PREPARED FOODS,2208.2996
2017-08-19,45,PREPARED FOODS,2222.1914
2017-08-20,45,PREPARED FOODS,2395.7861
2017-08-21,45,PREPARED FOODS,2435.9639
2017-08-22,45,PREPARED FOODS,1958.37
2017-08-23,45,PREPARED FOODS,4147.576
2017-08-24,45,PREPARED FOODS,2221.9932
2017-08-25,45,PREPARED FOODS,2063.6013
2017-08-26,45,PREPARED FOODS,2014.1326
2017-08-27,45,PREPARED FOODS,2176.2014
2017-08-28,45,PREPARED FOODS,2157.9988
2017-08-29,45,PREPARED FOODS,1956.1467
2017-08-30,45,PREPARED FOODS,4071.5425
2017-08-16,45,PRODUCE,847.9892
2017-08-17,45,PRODUCE,745.16907
2017-08-18,45,PRODUCE,298.56836
2017-08-19,45,PRODUCE,656.3374
2017-08-20,45,PRODUCE,243.75754
2017-08-21,45,PRODUCE,275.99628
2017-08-22,45,PRODUCE,155.16937
2017-08-23,45,PRODUCE,253.0431
2017-08-24,45,PRODUCE,286.769
2017-08-25,45,PRODUCE,195.63441
2017-08-26,45,PRODUCE,253.38373
2017-08-27,45,PRODUCE,205.85344
2017-08-28,45,PRODUCE,180.35591
2017-08-29,45,PRODUCE,53.032227
2017-08-30,45,PRODUCE,152.17532
2017-08-16,45,SCHOOL AND OFFICE SUPPLIES,52.86787
2017-08-17,45,SCHOOL AND OFFICE SUPPLIES,63.171413
2017-08-18,45,SCHOOL AND OFFICE SUPPLIES,56.64052
2017-08-19,45,SCHOOL AND OFFICE SUPPLIES,46.891163
2017-08-20,45,SCHOOL AND OFFICE SUPPLIES,48.987907
2017-08-21,45,SCHOOL AND OFFICE SUPPLIES,44.575447
2017-08-22,45,SCHOOL AND OFFICE SUPPLIES,45.66797
2017-08-23,45,SCHOOL AND OFFICE SUPPLIES,58.34969
2017-08-24,45,SCHOOL AND OFFICE SUPPLIES,63.883774
2017-08-25,45,SCHOOL AND OFFICE SUPPLIES,54.74402
2017-08-26,45,SCHOOL AND OFFICE SUPPLIES,49.073017
2017-08-27,45,SCHOOL AND OFFICE SUPPLIES,48.565567
2017-08-28,45,SCHOOL AND OFFICE SUPPLIES,41.75576
2017-08-29,45,SCHOOL AND OFFICE SUPPLIES,45.148125
2017-08-30,45,SCHOOL AND OFFICE SUPPLIES,59.043827
2017-08-16,45,SEAFOOD,16.413645
2017-08-17,45,SEAFOOD,17.438437
2017-08-18,45,SEAFOOD,14.857108
2017-08-19,45,SEAFOOD,16.670933
2017-08-20,45,SEAFOOD,14.988626
2017-08-21,45,SEAFOOD,15.255724
2017-08-22,45,SEAFOOD,13.788303
2017-08-23,45,SEAFOOD,17.478407
2017-08-24,45,SEAFOOD,20.39749
2017-08-25,45,SEAFOOD,15.621785
2017-08-26,45,SEAFOOD,14.390503
2017-08-27,45,SEAFOOD,13.559327
2017-08-28,45,SEAFOOD,15.2204685
2017-08-29,45,SEAFOOD,14.078567
2017-08-30,45,SEAFOOD,15.5467415
2017-08-16,46,AUTOMOTIVE,27.131557
2017-08-17,46,AUTOMOTIVE,33.584354
2017-08-18,46,AUTOMOTIVE,27.989985
2017-08-19,46,AUTOMOTIVE,24.935438
2017-08-20,46,AUTOMOTIVE,26.078135
2017-08-21,46,AUTOMOTIVE,23.430805
2017-08-22,46,AUTOMOTIVE,21.593632
2017-08-23,46,AUTOMOTIVE,24.90362
2017-08-24,46,AUTOMOTIVE,31.077152
2017-08-25,46,AUTOMOTIVE,24.5404
2017-08-26,46,AUTOMOTIVE,22.887522
2017-08-27,46,AUTOMOTIVE,20.524475
2017-08-28,46,AUTOMOTIVE,19.78739
2017-08-29,46,AUTOMOTIVE,18.067122
2017-08-30,46,AUTOMOTIVE,23.065577
2017-08-16,46,BEAUTY,8898.189
2017-08-17,46,BEAUTY,9989.282
2017-08-18,46,BEAUTY,7734.806
2017-08-19,46,BEAUTY,7284.4863
2017-08-20,46,BEAUTY,7813.6387
2017-08-21,46,BEAUTY,7463.5425
2017-08-22,46,BEAUTY,7212.1367
2017-08-23,46,BEAUTY,9123.685
2017-08-24,46,BEAUTY,10989.97
2017-08-25,46,BEAUTY,8550.906
2017-08-26,46,BEAUTY,7889.8496
2017-08-27,46,BEAUTY,8152.6484
2017-08-28,46,BEAUTY,7616.8184
2017-08-29,46,BEAUTY,7546.6274
2017-08-30,46,BEAUTY,9521.116
2017-08-16,46,BEVERAGES,0.06525675
2017-08-17,46,BEVERAGES,0.012182519
2017-08-18,46,BEVERAGES,0.08963488
2017-08-19,46,BEVERAGES,0.05309531
2017-08-20,46,BEVERAGES,0.07699333
2017-08-21,46,BEVERAGES,0.0036216974
2017-08-22,46,BEVERAGES,0.033866677
2017-08-23,46,BEVERAGES,0.05629487
2017-08-24,46,BEVERAGES,0.13990696
2017-08-25,46,BEVERAGES,0.1281021
2017-08-26,46,BEVERAGES,0.07748995
2017-08-27,46,BEVERAGES,0.044982243
2017-08-28,46,BEVERAGES,0.071449965
2017-08-29,46,BEVERAGES,0.087280855
2017-08-30,46,BEVERAGES,0.1457043
2017-08-16,46,BOOKS,1253.8099
2017-08-17,46,BOOKS,1475.1956
2017-08-18,46,BOOKS,1174.4473
2017-08-19,46,BOOKS,1190.7004
2017-08-20,46,BOOKS,1236.5577
2017-08-21,46,BOOKS,1107.6202
2017-08-22,46,BOOKS,1149.7566
2017-08-23,46,BOOKS,1406.2786
2017-08-24,46,BOOKS,1650.1815
2017-08-25,46,BOOKS,1244.1884
2017-08-26,46,BOOKS,1256.1638
2017-08-27,46,BOOKS,1294.2667
2017-08-28,46,BOOKS,1207.52
2017-08-29,46,BOOKS,1208.9817
2017-08-30,46,BOOKS,1416.4556
2017-08-16,46,BREAD/BAKERY,29.851973
2017-08-17,46,BREAD/BAKERY,22.608505
2017-08-18,46,BREAD/BAKERY,22.54999
2017-08-19,46,BREAD/BAKERY,22.191654
2017-08-20,46,BREAD/BAKERY,19.587477
2017-08-21,46,BREAD/BAKERY,23.798086
2017-08-22,46,BREAD/BAKERY,20.437595
2017-08-23,46,BREAD/BAKERY,23.387856
2017-08-24,46,BREAD/BAKERY,22.173754
2017-08-25,46,BREAD/BAKERY,23.791235
2017-08-26,46,BREAD/BAKERY,21.958046
2017-08-27,46,BREAD/BAKERY,20.020176
2017-08-28,46,BREAD/BAKERY,24.083788
2017-08-29,46,BREAD/BAKERY,20.33499
2017-08-30,46,BREAD/BAKERY,27.842253
2017-08-16,46,CELEBRATION,2367.721
2017-08-17,46,CELEBRATION,2712.3696
2017-08-18,46,CELEBRATION,2136.8875
2017-08-19,46,CELEBRATION,2262.7092
2017-08-20,46,CELEBRATION,2395.2773
2017-08-21,46,CELEBRATION,2234.9783
2017-08-22,46,CELEBRATION,2208.9343
2017-08-23,46,CELEBRATION,2742.4834
2017-08-24,46,CELEBRATION,3364.3142
2017-08-25,46,CELEBRATION,2526.9893
2017-08-26,46,CELEBRATION,2561.7847
2017-08-27,46,CELEBRATION,2601.8638
2017-08-28,46,CELEBRATION,2369.5237
2017-08-29,46,CELEBRATION,2358.8442
2017-08-30,46,CELEBRATION,2915.346
2017-08-16,46,CLEANING,2336.2263
2017-08-17,46,CLEANING,2558.6445
2017-08-18,46,CLEANING,1938.6066
2017-08-19,46,CLEANING,2019.9408
2017-08-20,46,CLEANING,2197.562
2017-08-21,46,CLEANING,1972.2512
2017-08-22,46,CLEANING,2083.323
2017-08-23,46,CLEANING,2494.887
2017-08-24,46,CLEANING,2852.7512
2017-08-25,46,CLEANING,2105.1958
2017-08-26,46,CLEANING,2148.324
2017-08-27,46,CLEANING,2313.2332
2017-08-28,46,CLEANING,2080.5134
2017-08-29,46,CLEANING,2228.652
2017-08-30,46,CLEANING,2543.7388
2017-08-16,46,DAIRY,731.2548
2017-08-17,46,DAIRY,826.59076
2017-08-18,46,DAIRY,831.19434
2017-08-19,46,DAIRY,622.0458
2017-08-20,46,DAIRY,590.4757
2017-08-21,46,DAIRY,547.9886
2017-08-22,46,DAIRY,636.40985
2017-08-23,46,DAIRY,784.69257
2017-08-24,46,DAIRY,912.7615
2017-08-25,46,DAIRY,908.3014
2017-08-26,46,DAIRY,682.78235
2017-08-27,46,DAIRY,634.4385
2017-08-28,46,DAIRY,600.97687
2017-08-29,46,DAIRY,645.2205
2017-08-30,46,DAIRY,790.74304
2017-08-16,46,DELI,406.63828
2017-08-17,46,DELI,495.82996
2017-08-18,46,DELI,444.44016
2017-08-19,46,DELI,328.73032
2017-08-20,46,DELI,360.3041
2017-08-21,46,DELI,300.08917
2017-08-22,46,DELI,332.43875
2017-08-23,46,DELI,433.63226
2017-08-24,46,DELI,554.4685
2017-08-25,46,DELI,476.61206
2017-08-26,46,DELI,323.79614
2017-08-27,46,DELI,364.78616
2017-08-28,46,DELI,297.55878
2017-08-29,46,DELI,341.24222
2017-08-30,46,DELI,446.18686
2017-08-16,46,EGGS,286.1196
2017-08-17,46,EGGS,292.54016
2017-08-18,46,EGGS,205.48438
2017-08-19,46,EGGS,243.46146
2017-08-20,46,EGGS,231.5314
2017-08-21,46,EGGS,214.50562
2017-08-22,46,EGGS,262.16718
2017-08-23,46,EGGS,319.98715
2017-08-24,46,EGGS,308.02795
2017-08-25,46,EGGS,221.75433
2017-08-26,46,EGGS,266.5497
2017-08-27,46,EGGS,259.98047
2017-08-28,46,EGGS,241.64595
2017-08-29,46,EGGS,265.8706
2017-08-30,46,EGGS,321.72858
2017-08-16,46,FROZEN FOODS,11625.06
2017-08-17,46,FROZEN FOODS,12239.772
2017-08-18,46,FROZEN FOODS,9563.105
2017-08-19,46,FROZEN FOODS,9933.403
2017-08-20,46,FROZEN FOODS,10752.806
2017-08-21,46,FROZEN FOODS,9745.578
2017-08-22,46,FROZEN FOODS,9833.156
2017-08-23,46,FROZEN FOODS,12972.29
2017-08-24,46,FROZEN FOODS,14969.034
2017-08-25,46,FROZEN FOODS,10632.961
2017-08-26,46,FROZEN FOODS,10147.972
2017-08-27,46,FROZEN FOODS,11099.111
2017-08-28,46,FROZEN FOODS,10047.211
2017-08-29,46,FROZEN FOODS,10231.446
2017-08-30,46,FROZEN FOODS,13383.287
2017-08-16,46,GROCERY I,55.990505
2017-08-17,46,GROCERY I,57.60821
2017-08-18,46,GROCERY I,48.129585
2017-08-19,46,GROCERY I,59.272087
2017-08-20,46,GROCERY I,57.489075
2017-08-21,46,GROCERY I,53.003017
2017-08-22,46,GROCERY I,46.315002
2017-08-23,46,GROCERY I,62.13571
2017-08-24,46,GROCERY I,66.30964
2017-08-25,46,GROCERY I,53.49412
2017-08-26,46,GROCERY I,61.151115
2017-08-27,46,GROCERY I,54.81035
2017-08-28,46,GROCERY I,51.08959
2017-08-29,46,GROCERY I,46.39333
2017-08-30,46,GROCERY I,59.023582
2017-08-16,46,GROCERY II,1.9927955
2017-08-17,46,GROCERY II,1.9636782
2017-08-18,46,GROCERY II,1.6801202
2017-08-19,46,GROCERY II,1.716358
2017-08-20,46,GROCERY II,1.9911969
2017-08-21,46,GROCERY II,1.8256999
2017-08-22,46,GROCERY II,1.6890992
2017-08-23,46,GROCERY II,1.9128023
2017-08-24,46,GROCERY II,2.1993964
2017-08-25,46,GROCERY II,2.4219904
2017-08-26,46,GROCERY II,1.7977788
2017-08-27,46,GROCERY II,1.3964001
2017-08-28,46,GROCERY II,1.6274422
2017-08-29,46,GROCERY II,1.5891879
2017-08-30,46,GROCERY II,2.2314355
2017-08-16,46,HARDWARE,82.2787
2017-08-17,46,HARDWARE,75.3319
2017-08-18,46,HARDWARE,71.489395
2017-08-19,46,HARDWARE,78.37375
2017-08-20,46,HARDWARE,65.98714
2017-08-21,46,HARDWARE,54.469963
2017-08-22,46,HARDWARE,54.887314
2017-08-23,46,HARDWARE,62.91747
2017-08-24,46,HARDWARE,65.58534
2017-08-25,46,HARDWARE,63.230392
2017-08-26,46,HARDWARE,71.81604
2017-08-27,46,HARDWARE,62.810005
2017-08-28,46,HARDWARE,56.8419
2017-08-29,46,HARDWARE,49.718388
2017-08-30,46,HARDWARE,59.60713
2017-08-16,46,HOME AND KITCHEN I,76.85936
2017-08-17,46,HOME AND KITCHEN I,78.857216
2017-08-18,46,HOME AND KITCHEN I,73.583855
2017-08-19,46,HOME AND KITCHEN I,86.38592
2017-08-20,46,HOME AND KITCHEN I,85.61124
2017-08-21,46,HOME AND KITCHEN I,72.27211
2017-08-22,46,HOME AND KITCHEN I,55.659588
2017-08-23,46,HOME AND KITCHEN I,75.99246
2017-08-24,46,HOME AND KITCHEN I,79.83906
2017-08-25,46,HOME AND KITCHEN I,68.91744
2017-08-26,46,HOME AND KITCHEN I,72.50566
2017-08-27,46,HOME AND KITCHEN I,76.62228
2017-08-28,46,HOME AND KITCHEN I,65.56433
2017-08-29,46,HOME AND KITCHEN I,53.202595
2017-08-30,46,HOME AND KITCHEN I,70.452354
2017-08-16,46,HOME AND KITCHEN II,1.6349167
2017-08-17,46,HOME AND KITCHEN II,1.9524002
2017-08-18,46,HOME AND KITCHEN II,2.134463
2017-08-19,46,HOME AND KITCHEN II,1.8259563
2017-08-20,46,HOME AND KITCHEN II,2.2397199
2017-08-21,46,HOME AND KITCHEN II,1.6549722
2017-08-22,46,HOME AND KITCHEN II,1.714044
2017-08-23,46,HOME AND KITCHEN II,1.9367025
2017-08-24,46,HOME AND KITCHEN II,2.3750298
2017-08-25,46,HOME AND KITCHEN II,1.7194024
2017-08-26,46,HOME AND KITCHEN II,1.6414398
2017-08-27,46,HOME AND KITCHEN II,1.8742741
2017-08-28,46,HOME AND KITCHEN II,2.136065
2017-08-29,46,HOME AND KITCHEN II,1.6836832
2017-08-30,46,HOME AND KITCHEN II,2.1380548
2017-08-16,46,HOME APPLIANCES,484.84882
2017-08-17,46,HOME APPLIANCES,508.69705
2017-08-18,46,HOME APPLIANCES,492.25607
2017-08-19,46,HOME APPLIANCES,441.82367
2017-08-20,46,HOME APPLIANCES,467.2244
2017-08-21,46,HOME APPLIANCES,404.2485
2017-08-22,46,HOME APPLIANCES,364.29202
2017-08-23,46,HOME APPLIANCES,398.8505
2017-08-24,46,HOME APPLIANCES,451.77985
2017-08-25,46,HOME APPLIANCES,462.44965
2017-08-26,46,HOME APPLIANCES,433.42908
2017-08-27,46,HOME APPLIANCES,440.3509
2017-08-28,46,HOME APPLIANCES,345.25436
2017-08-29,46,HOME APPLIANCES,344.9142
2017-08-30,46,HOME APPLIANCES,406.50836
2017-08-16,46,HOME CARE,24.042458
2017-08-17,46,HOME CARE,36.240845
2017-08-18,46,HOME CARE,26.06177
2017-08-19,46,HOME CARE,31.227
2017-08-20,46,HOME CARE,27.66662
2017-08-21,46,HOME CARE,26.742044
2017-08-22,46,HOME CARE,27.763153
2017-08-23,46,HOME CARE,30.576826
2017-08-24,46,HOME CARE,37.216408
2017-08-25,46,HOME CARE,29.853264
2017-08-26,46,HOME CARE,33.624325
2017-08-27,46,HOME CARE,33.823112
2017-08-28,46,HOME CARE,24.49856
2017-08-29,46,HOME CARE,25.66977
2017-08-30,46,HOME CARE,29.65609
2017-08-16,46,LADIESWEAR,40.628834
2017-08-17,46,LADIESWEAR,44.731102
2017-08-18,46,LADIESWEAR,38.86651
2017-08-19,46,LADIESWEAR,33.135452
2017-08-20,46,LADIESWEAR,38.5955
2017-08-21,46,LADIESWEAR,35.12454
2017-08-22,46,LADIESWEAR,28.781618
2017-08-23,46,LADIESWEAR,42.065456
2017-08-24,46,LADIESWEAR,45.93396
2017-08-25,46,LADIESWEAR,35.91862
2017-08-26,46,LADIESWEAR,35.044315
2017-08-27,46,LADIESWEAR,36.055157
2017-08-28,46,LADIESWEAR,35.517437
2017-08-29,46,LADIESWEAR,28.883759
2017-08-30,46,LADIESWEAR,41.720127
2017-08-16,46,LAWN AND GARDEN,9.136851
2017-08-17,46,LAWN AND GARDEN,10.198538
2017-08-18,46,LAWN AND GARDEN,9.025349
2017-08-19,46,LAWN AND GARDEN,8.8702
2017-08-20,46,LAWN AND GARDEN,7.196296
2017-08-21,46,LAWN AND GARDEN,7.0501757
2017-08-22,46,LAWN AND GARDEN,6.269968
2017-08-23,46,LAWN AND GARDEN,7.870819
2017-08-24,46,LAWN AND GARDEN,8.752131
2017-08-25,46,LAWN AND GARDEN,7.0361266
2017-08-26,46,LAWN AND GARDEN,7.004488
2017-08-27,46,LAWN AND GARDEN,7.2339487
2017-08-28,46,LAWN AND GARDEN,5.6150894
2017-08-29,46,LAWN AND GARDEN,5.987818
2017-08-30,46,LAWN AND GARDEN,7.029552
2017-08-16,46,LINGERIE,172.7171
2017-08-17,46,LINGERIE,148.07875
2017-08-18,46,LINGERIE,146.94543
2017-08-19,46,LINGERIE,155.4388
2017-08-20,46,LINGERIE,119.76277
2017-08-21,46,LINGERIE,197.40356
2017-08-22,46,LINGERIE,142.13623
2017-08-23,46,LINGERIE,162.70035
2017-08-24,46,LINGERIE,131.85599
2017-08-25,46,LINGERIE,151.45297
2017-08-26,46,LINGERIE,126.76339
2017-08-27,46,LINGERIE,106.46263
2017-08-28,46,LINGERIE,159.87804
2017-08-29,46,LINGERIE,136.58513
2017-08-30,46,LINGERIE,150.0697
2017-08-16,46,"LIQUOR,WINE,BEER",18.519852
2017-08-17,46,"LIQUOR,WINE,BEER",20.854408
2017-08-18,46,"LIQUOR,WINE,BEER",18.778185
2017-08-19,46,"LIQUOR,WINE,BEER",16.48238
2017-08-20,46,"LIQUOR,WINE,BEER",16.202663
2017-08-21,46,"LIQUOR,WINE,BEER",14.117759
2017-08-22,46,"LIQUOR,WINE,BEER",11.005789
2017-08-23,46,"LIQUOR,WINE,BEER",15.238586
2017-08-24,46,"LIQUOR,WINE,BEER",17.858524
2017-08-25,46,"LIQUOR,WINE,BEER",16.008364
2017-08-26,46,"LIQUOR,WINE,BEER",15.299876
2017-08-27,46,"LIQUOR,WINE,BEER",13.890488
2017-08-28,46,"LIQUOR,WINE,BEER",15.154804
2017-08-29,46,"LIQUOR,WINE,BEER",11.852375
2017-08-30,46,"LIQUOR,WINE,BEER",14.657637
2017-08-16,46,MAGAZINES,1032.0415
2017-08-17,46,MAGAZINES,1076.1995
2017-08-18,46,MAGAZINES,1369.5985
2017-08-19,46,MAGAZINES,764.4694
2017-08-20,46,MAGAZINES,921.55927
2017-08-21,46,MAGAZINES,766.9186
2017-08-22,46,MAGAZINES,791.40875
2017-08-23,46,MAGAZINES,1093.1316
2017-08-24,46,MAGAZINES,1077.7867
2017-08-25,46,MAGAZINES,1305.3401
2017-08-26,46,MAGAZINES,733.5904
2017-08-27,46,MAGAZINES,859.7029
2017-08-28,46,MAGAZINES,743.0425
2017-08-29,46,MAGAZINES,783.34064
2017-08-30,46,MAGAZINES,1136.7926
2017-08-16,46,MEATS,811.32965
2017-08-17,46,MEATS,1024.666
2017-08-18,46,MEATS,749.25
2017-08-19,46,MEATS,770.30475
2017-08-20,46,MEATS,785.9602
2017-08-21,46,MEATS,731.8201
2017-08-22,46,MEATS,686.0928
2017-08-23,46,MEATS,870.5838
2017-08-24,46,MEATS,1130.2421
2017-08-25,46,MEATS,821.58856
2017-08-26,46,MEATS,809.4172
2017-08-27,46,MEATS,831.80457
2017-08-28,46,MEATS,765.44
2017-08-29,46,MEATS,715.5794
2017-08-30,46,MEATS,878.90295
2017-08-16,46,PERSONAL CARE,22.817474
2017-08-17,46,PERSONAL CARE,26.346376
2017-08-18,46,PERSONAL CARE,21.895874
2017-08-19,46,PERSONAL CARE,21.741411
2017-08-20,46,PERSONAL CARE,18.927427
2017-08-21,46,PERSONAL CARE,19.404518
2017-08-22,46,PERSONAL CARE,17.37135
2017-08-23,46,PERSONAL CARE,20.769184
2017-08-24,46,PERSONAL CARE,23.076687
2017-08-25,46,PERSONAL CARE,21.914389
2017-08-26,46,PERSONAL CARE,20.102427
2017-08-27,46,PERSONAL CARE,19.133505
2017-08-28,46,PERSONAL CARE,18.305471
2017-08-29,46,PERSONAL CARE,17.233494
2017-08-30,46,PERSONAL CARE,21.249641
2017-08-16,46,PET SUPPLIES,28.961786
2017-08-17,46,PET SUPPLIES,30.070175
2017-08-18,46,PET SUPPLIES,30.568817
2017-08-19,46,PET SUPPLIES,30.793236
2017-08-20,46,PET SUPPLIES,25.509008
2017-08-21,46,PET SUPPLIES,26.45306
2017-08-22,46,PET SUPPLIES,21.411585
2017-08-23,46,PET SUPPLIES,26.750092
2017-08-24,46,PET SUPPLIES,29.606186
2017-08-25,46,PET SUPPLIES,26.588114
2017-08-26,46,PET SUPPLIES,27.913033
2017-08-27,46,PET SUPPLIES,26.22383
2017-08-28,46,PET SUPPLIES,24.480148
2017-08-29,46,PET SUPPLIES,21.047354
2017-08-30,46,PET SUPPLIES,25.035486
2017-08-16,46,PLAYERS AND ELECTRONICS,1362.7516
2017-08-17,46,PLAYERS AND ELECTRONICS,1375.0527
2017-08-18,46,PLAYERS AND ELECTRONICS,1429.9371
2017-08-19,46,PLAYERS AND ELECTRONICS,1019.3572
2017-08-20,46,PLAYERS AND ELECTRONICS,1101.9434
2017-08-21,46,PLAYERS AND ELECTRONICS,936.026
2017-08-22,46,PLAYERS AND ELECTRONICS,1024.2212
2017-08-23,46,PLAYERS AND ELECTRONICS,1390.2184
2017-08-24,46,PLAYERS AND ELECTRONICS,1460.9403
2017-08-25,46,PLAYERS AND ELECTRONICS,1405.7959
2017-08-26,46,PLAYERS AND ELECTRONICS,996.5737
2017-08-27,46,PLAYERS AND ELECTRONICS,1142.5251
2017-08-28,46,PLAYERS AND ELECTRONICS,934.10815
2017-08-29,46,PLAYERS AND ELECTRONICS,1012.01263
2017-08-30,46,PLAYERS AND ELECTRONICS,1407.6128
2017-08-16,46,POULTRY,265.29352
2017-08-17,46,POULTRY,282.58316
2017-08-18,46,POULTRY,227.55765
2017-08-19,46,POULTRY,241.98204
2017-08-20,46,POULTRY,237.56139
2017-08-21,46,POULTRY,235.7952
2017-08-22,46,POULTRY,222.74226
2017-08-23,46,POULTRY,262.5426
2017-08-24,46,POULTRY,291.38416
2017-08-25,46,POULTRY,230.2254
2017-08-26,46,POULTRY,241.76447
2017-08-27,46,POULTRY,234.68205
2017-08-28,46,POULTRY,233.44455
2017-08-29,46,POULTRY,231.88597
2017-08-30,46,POULTRY,258.7538
2017-08-16,46,PREPARED FOODS,8819.196
2017-08-17,46,PREPARED FOODS,4317.377
2017-08-18,46,PREPARED FOODS,4285.7163
2017-08-19,46,PREPARED FOODS,4545.5117
2017-08-20,46,PREPARED FOODS,4823.5
2017-08-21,46,PREPARED FOODS,4610.5156
2017-08-22,46,PREPARED FOODS,3777.1257
2017-08-23,46,PREPARED FOODS,8314.621
2017-08-24,46,PREPARED FOODS,4178.462
2017-08-25,46,PREPARED FOODS,4017.593
2017-08-26,46,PREPARED FOODS,4243.046
2017-08-27,46,PREPARED FOODS,4469.7812
2017-08-28,46,PREPARED FOODS,4369.3203
2017-08-29,46,PREPARED FOODS,3642.6152
2017-08-30,46,PREPARED FOODS,7595.5146
2017-08-16,46,PRODUCE,346.57578
2017-08-17,46,PRODUCE,592.0274
2017-08-18,46,PRODUCE,575.05316
2017-08-19,46,PRODUCE,470.43582
2017-08-20,46,PRODUCE,258.40112
2017-08-21,46,PRODUCE,182.32907
2017-08-22,46,PRODUCE,132.02975
2017-08-23,46,PRODUCE,258.0385
2017-08-24,46,PRODUCE,302.84613
2017-08-25,46,PRODUCE,232.64917
2017-08-26,46,PRODUCE,188.53955
2017-08-27,46,PRODUCE,253.00415
2017-08-28,46,PRODUCE,228.18231
2017-08-29,46,PRODUCE,121.96022
2017-08-30,46,PRODUCE,145.26384
2017-08-16,46,SCHOOL AND OFFICE SUPPLIES,76.40902
2017-08-17,46,SCHOOL AND OFFICE SUPPLIES,91.34635
2017-08-18,46,SCHOOL AND OFFICE SUPPLIES,77.966484
2017-08-19,46,SCHOOL AND OFFICE SUPPLIES,69.88964
2017-08-20,46,SCHOOL AND OFFICE SUPPLIES,77.906906
2017-08-21,46,SCHOOL AND OFFICE SUPPLIES,62.727497
2017-08-22,46,SCHOOL AND OFFICE SUPPLIES,69.00004
2017-08-23,46,SCHOOL AND OFFICE SUPPLIES,77.6591
2017-08-24,46,SCHOOL AND OFFICE SUPPLIES,91.9126
2017-08-25,46,SCHOOL AND OFFICE SUPPLIES,77.84323
2017-08-26,46,SCHOOL AND OFFICE SUPPLIES,73.514694
2017-08-27,46,SCHOOL AND OFFICE SUPPLIES,81.50115
2017-08-28,46,SCHOOL AND OFFICE SUPPLIES,66.263596
2017-08-29,46,SCHOOL AND OFFICE SUPPLIES,68.20098
2017-08-30,46,SCHOOL AND OFFICE SUPPLIES,79.127495
2017-08-16,46,SEAFOOD,14.743283
2017-08-17,46,SEAFOOD,17.047642
2017-08-18,46,SEAFOOD,12.967983
2017-08-19,46,SEAFOOD,11.97839
2017-08-20,46,SEAFOOD,10.708598
2017-08-21,46,SEAFOOD,11.725289
2017-08-22,46,SEAFOOD,12.413796
2017-08-23,46,SEAFOOD,16.083624
2017-08-24,46,SEAFOOD,19.683838
2017-08-25,46,SEAFOOD,13.559963
2017-08-26,46,SEAFOOD,12.208479
2017-08-27,46,SEAFOOD,10.671173
2017-08-28,46,SEAFOOD,13.188662
2017-08-29,46,SEAFOOD,11.425878
2017-08-30,46,SEAFOOD,14.935971
2017-08-16,47,AUTOMOTIVE,26.946901
2017-08-17,47,AUTOMOTIVE,33.96023
2017-08-18,47,AUTOMOTIVE,26.193874
2017-08-19,47,AUTOMOTIVE,21.159594
2017-08-20,47,AUTOMOTIVE,20.483288
2017-08-21,47,AUTOMOTIVE,22.054186
2017-08-22,47,AUTOMOTIVE,17.861841
2017-08-23,47,AUTOMOTIVE,23.31246
2017-08-24,47,AUTOMOTIVE,32.296944
2017-08-25,47,AUTOMOTIVE,22.496181
2017-08-26,47,AUTOMOTIVE,20.865747
2017-08-27,47,AUTOMOTIVE,18.887663
2017-08-28,47,AUTOMOTIVE,22.75414
2017-08-29,47,AUTOMOTIVE,17.397787
2017-08-30,47,AUTOMOTIVE,25.493357
2017-08-16,47,BEAUTY,4652.988
2017-08-17,47,BEAUTY,5900.972
2017-08-18,47,BEAUTY,3983.68
2017-08-19,47,BEAUTY,3768.5862
2017-08-20,47,BEAUTY,3872.1936
2017-08-21,47,BEAUTY,3733.4111
2017-08-22,47,BEAUTY,3600.9792
2017-08-23,47,BEAUTY,4878.186
2017-08-24,47,BEAUTY,6938.9565
2017-08-25,47,BEAUTY,4643.9497
2017-08-26,47,BEAUTY,4407.3013
2017-08-27,47,BEAUTY,4398.7466
2017-08-28,47,BEAUTY,4504.677
2017-08-29,47,BEAUTY,4127.439
2017-08-30,47,BEAUTY,5694.1743
2017-08-16,47,BEVERAGES,0.0020401054
2017-08-17,47,BEVERAGES,0.016565602
2017-08-18,47,BEVERAGES,0.020319114
2017-08-19,47,BEVERAGES,0.032580633
2017-08-20,47,BEVERAGES,0.021209892
2017-08-21,47,BEVERAGES,0.015644925
2017-08-22,47,BEVERAGES,0.013378787
2017-08-23,47,BEVERAGES,0.0055139097
2017-08-24,47,BEVERAGES,0.023771878
2017-08-25,47,BEVERAGES,0.018883083
2017-08-26,47,BEVERAGES,0.02091689
2017-08-27,47,BEVERAGES,0.0
2017-08-28,47,BEVERAGES,0.015665207
2017-08-29,47,BEVERAGES,0.0
2017-08-30,47,BEVERAGES,0.010798249
2017-08-16,47,BOOKS,887.85187
2017-08-17,47,BOOKS,1218.4419
2017-08-18,47,BOOKS,864.52545
2017-08-19,47,BOOKS,821.947
2017-08-20,47,BOOKS,802.56616
2017-08-21,47,BOOKS,737.9224
2017-08-22,47,BOOKS,763.3468
2017-08-23,47,BOOKS,1003.64777
2017-08-24,47,BOOKS,1315.769
2017-08-25,47,BOOKS,856.9721
2017-08-26,47,BOOKS,808.91364
2017-08-27,47,BOOKS,795.40344
2017-08-28,47,BOOKS,747.67664
2017-08-29,47,BOOKS,725.3672
2017-08-30,47,BOOKS,976.6815
2017-08-16,47,BREAD/BAKERY,20.792196
2017-08-17,47,BREAD/BAKERY,16.297804
2017-08-18,47,BREAD/BAKERY,13.507949
2017-08-19,47,BREAD/BAKERY,17.708233
2017-08-20,47,BREAD/BAKERY,16.058807
2017-08-21,47,BREAD/BAKERY,20.792114
2017-08-22,47,BREAD/BAKERY,18.054728
2017-08-23,47,BREAD/BAKERY,22.917841
2017-08-24,47,BREAD/BAKERY,19.290937
2017-08-25,47,BREAD/BAKERY,17.937311
2017-08-26,47,BREAD/BAKERY,16.907335
2017-08-27,47,BREAD/BAKERY,15.245639
2017-08-28,47,BREAD/BAKERY,19.05381
2017-08-29,47,BREAD/BAKERY,17.21789
2017-08-30,47,BREAD/BAKERY,21.110294
2017-08-16,47,CELEBRATION,2101.9814
2017-08-17,47,CELEBRATION,2833.3862
2017-08-18,47,CELEBRATION,1776.6367
2017-08-19,47,CELEBRATION,1784.8545
2017-08-20,47,CELEBRATION,1929.5303
2017-08-21,47,CELEBRATION,1708.3546
2017-08-22,47,CELEBRATION,1846.9679
2017-08-23,47,CELEBRATION,2552.8735
2017-08-24,47,CELEBRATION,3447.5203
2017-08-25,47,CELEBRATION,2309.0188
2017-08-26,47,CELEBRATION,2348.6562
2017-08-27,47,CELEBRATION,2402.3916
2017-08-28,47,CELEBRATION,2168.2253
2017-08-29,47,CELEBRATION,2135.7769
2017-08-30,47,CELEBRATION,2778.937
2017-08-16,47,CLEANING,1360.1765
2017-08-17,47,CLEANING,1779.9417
2017-08-18,47,CLEANING,1168.2367
2017-08-19,47,CLEANING,1100.479
2017-08-20,47,CLEANING,1146.926
2017-08-21,47,CLEANING,1092.1422
2017-08-22,47,CLEANING,1163.3464
2017-08-23,47,CLEANING,1496.8367
2017-08-24,47,CLEANING,2035.2406
2017-08-25,47,CLEANING,1313.274
2017-08-26,47,CLEANING,1281.8938
2017-08-27,47,CLEANING,1290.9261
2017-08-28,47,CLEANING,1247.4174
2017-08-29,47,CLEANING,1286.7402
2017-08-30,47,CLEANING,1604.2809
2017-08-16,47,DAIRY,670.621
2017-08-17,47,DAIRY,881.1975
2017-08-18,47,DAIRY,761.14716
2017-08-19,47,DAIRY,566.7296
2017-08-20,47,DAIRY,544.74066
2017-08-21,47,DAIRY,503.6275
2017-08-22,47,DAIRY,582.3492
2017-08-23,47,DAIRY,770.49475
2017-08-24,47,DAIRY,1110.0835
2017-08-25,47,DAIRY,932.45966
2017-08-26,47,DAIRY,699.52106
2017-08-27,47,DAIRY,642.1169
2017-08-28,47,DAIRY,583.33826
2017-08-29,47,DAIRY,632.43024
2017-08-30,47,DAIRY,837.78937
2017-08-16,47,DELI,125.34651
2017-08-17,47,DELI,180.08951
2017-08-18,47,DELI,148.74463
2017-08-19,47,DELI,103.40719
2017-08-20,47,DELI,97.50321
2017-08-21,47,DELI,83.64983
2017-08-22,47,DELI,97.95463
2017-08-23,47,DELI,147.31683
2017-08-24,47,DELI,210.64665
2017-08-25,47,DELI,162.76216
2017-08-26,47,DELI,115.148346
2017-08-27,47,DELI,112.41947
2017-08-28,47,DELI,92.715416
2017-08-29,47,DELI,103.19193
2017-08-30,47,DELI,135.14693
2017-08-16,47,EGGS,219.73412
2017-08-17,47,EGGS,240.74805
2017-08-18,47,EGGS,152.23552
2017-08-19,47,EGGS,161.0835
2017-08-20,47,EGGS,168.30353
2017-08-21,47,EGGS,161.93686
2017-08-22,47,EGGS,174.75072
2017-08-23,47,EGGS,236.46826
2017-08-24,47,EGGS,249.41437
2017-08-25,47,EGGS,155.09723
2017-08-26,47,EGGS,168.55296
2017-08-27,47,EGGS,175.25082
2017-08-28,47,EGGS,174.84691
2017-08-29,47,EGGS,183.93605
2017-08-30,47,EGGS,241.53125
2017-08-16,47,FROZEN FOODS,9190.515
2017-08-17,47,FROZEN FOODS,10996.161
2017-08-18,47,FROZEN FOODS,6960.9585
2017-08-19,47,FROZEN FOODS,7236.422
2017-08-20,47,FROZEN FOODS,7856.4517
2017-08-21,47,FROZEN FOODS,7408.3154
2017-08-22,47,FROZEN FOODS,7376.786
2017-08-23,47,FROZEN FOODS,10140.768
2017-08-24,47,FROZEN FOODS,14748.015
2017-08-25,47,FROZEN FOODS,9602.435
2017-08-26,47,FROZEN FOODS,8690.538
2017-08-27,47,FROZEN FOODS,8820.265
2017-08-28,47,FROZEN FOODS,8179.831
2017-08-29,47,FROZEN FOODS,7855.7476
2017-08-30,47,FROZEN FOODS,11434.035
2017-08-16,47,GROCERY I,46.58031
2017-08-17,47,GROCERY I,54.092445
2017-08-18,47,GROCERY I,47.93002
2017-08-19,47,GROCERY I,47.413834
2017-08-20,47,GROCERY I,39.557537
2017-08-21,47,GROCERY I,38.152447
2017-08-22,47,GROCERY I,38.188812
2017-08-23,47,GROCERY I,50.28287
2017-08-24,47,GROCERY I,56.040108
2017-08-25,47,GROCERY I,48.114822
2017-08-26,47,GROCERY I,42.191963
2017-08-27,47,GROCERY I,40.567665
2017-08-28,47,GROCERY I,39.047657
2017-08-29,47,GROCERY I,38.759853
2017-08-30,47,GROCERY I,50.097454
2017-08-16,47,GROCERY II,0.5323704
2017-08-17,47,GROCERY II,0.51574385
2017-08-18,47,GROCERY II,0.6381121
2017-08-19,47,GROCERY II,0.44280386
2017-08-20,47,GROCERY II,0.34613752
2017-08-21,47,GROCERY II,0.5383385
2017-08-22,47,GROCERY II,0.56515485
2017-08-23,47,GROCERY II,0.6588444
2017-08-24,47,GROCERY II,0.6999981
2017-08-25,47,GROCERY II,0.67384636
2017-08-26,47,GROCERY II,0.6286923
2017-08-27,47,GROCERY II,0.38951617
2017-08-28,47,GROCERY II,0.6314425
2017-08-29,47,GROCERY II,0.4789418
2017-08-30,47,GROCERY II,0.67676604
2017-08-16,47,HARDWARE,40.399284
2017-08-17,47,HARDWARE,38.3456
2017-08-18,47,HARDWARE,36.408577
2017-08-19,47,HARDWARE,38.377003
2017-08-20,47,HARDWARE,37.49676
2017-08-21,47,HARDWARE,29.834133
2017-08-22,47,HARDWARE,28.926205
2017-08-23,47,HARDWARE,37.162537
2017-08-24,47,HARDWARE,32.279324
2017-08-25,47,HARDWARE,33.166653
2017-08-26,47,HARDWARE,33.80466
2017-08-27,47,HARDWARE,34.69403
2017-08-28,47,HARDWARE,33.01547
2017-08-29,47,HARDWARE,26.647839
2017-08-30,47,HARDWARE,35.166615
2017-08-16,47,HOME AND KITCHEN I,35.39509
2017-08-17,47,HOME AND KITCHEN I,47.728153
2017-08-18,47,HOME AND KITCHEN I,41.47326
2017-08-19,47,HOME AND KITCHEN I,41.18363
2017-08-20,47,HOME AND KITCHEN I,42.76696
2017-08-21,47,HOME AND KITCHEN I,33.441456
2017-08-22,47,HOME AND KITCHEN I,31.46799
2017-08-23,47,HOME AND KITCHEN I,38.244457
2017-08-24,47,HOME AND KITCHEN I,44.855274
2017-08-25,47,HOME AND KITCHEN I,44.779522
2017-08-26,47,HOME AND KITCHEN I,43.196926
2017-08-27,47,HOME AND KITCHEN I,43.91991
2017-08-28,47,HOME AND KITCHEN I,36.544716
2017-08-29,47,HOME AND KITCHEN I,29.993282
2017-08-30,47,HOME AND KITCHEN I,40.647793
2017-08-16,47,HOME AND KITCHEN II,0.2674786
2017-08-17,47,HOME AND KITCHEN II,0.34402594
2017-08-18,47,HOME AND KITCHEN II,0.42885956
2017-08-19,47,HOME AND KITCHEN II,0.3824143
2017-08-20,47,HOME AND KITCHEN II,0.32613882
2017-08-21,47,HOME AND KITCHEN II,0.45196646
2017-08-22,47,HOME AND KITCHEN II,0.29500705
2017-08-23,47,HOME AND KITCHEN II,0.4184809
2017-08-24,47,HOME AND KITCHEN II,0.7234868
2017-08-25,47,HOME AND KITCHEN II,0.52853453
2017-08-26,47,HOME AND KITCHEN II,0.3256002
2017-08-27,47,HOME AND KITCHEN II,0.48236483
2017-08-28,47,HOME AND KITCHEN II,0.4951574
2017-08-29,47,HOME AND KITCHEN II,0.39124686
2017-08-30,47,HOME AND KITCHEN II,0.5490145
2017-08-16,47,HOME APPLIANCES,417.14316
2017-08-17,47,HOME APPLIANCES,505.79578
2017-08-18,47,HOME APPLIANCES,486.36252
2017-08-19,47,HOME APPLIANCES,368.0254
2017-08-20,47,HOME APPLIANCES,423.239
2017-08-21,47,HOME APPLIANCES,348.03934
2017-08-22,47,HOME APPLIANCES,313.41992
2017-08-23,47,HOME APPLIANCES,373.21234
2017-08-24,47,HOME APPLIANCES,504.30798
2017-08-25,47,HOME APPLIANCES,435.79797
2017-08-26,47,HOME APPLIANCES,363.0886
2017-08-27,47,HOME APPLIANCES,415.10114
2017-08-28,47,HOME APPLIANCES,311.9462
2017-08-29,47,HOME APPLIANCES,296.24713
2017-08-30,47,HOME APPLIANCES,340.8699
2017-08-16,47,HOME CARE,31.397806
2017-08-17,47,HOME CARE,34.49425
2017-08-18,47,HOME CARE,32.42809
2017-08-19,47,HOME CARE,26.743662
2017-08-20,47,HOME CARE,25.50122
2017-08-21,47,HOME CARE,27.77458
2017-08-22,47,HOME CARE,24.022636
2017-08-23,47,HOME CARE,26.466913
2017-08-24,47,HOME CARE,43.807823
2017-08-25,47,HOME CARE,28.789936
2017-08-26,47,HOME CARE,28.08312
2017-08-27,47,HOME CARE,27.90107
2017-08-28,47,HOME CARE,24.53302
2017-08-29,47,HOME CARE,21.515024
2017-08-30,47,HOME CARE,28.665785
2017-08-16,47,LADIESWEAR,18.602314
2017-08-17,47,LADIESWEAR,18.36961
2017-08-18,47,LADIESWEAR,15.51097
2017-08-19,47,LADIESWEAR,15.255881
2017-08-20,47,LADIESWEAR,16.266026
2017-08-21,47,LADIESWEAR,15.442143
2017-08-22,47,LADIESWEAR,11.001745
2017-08-23,47,LADIESWEAR,16.39273
2017-08-24,47,LADIESWEAR,18.8689
2017-08-25,47,LADIESWEAR,15.130663
2017-08-26,47,LADIESWEAR,14.522919
2017-08-27,47,LADIESWEAR,13.965045
2017-08-28,47,LADIESWEAR,16.075586
2017-08-29,47,LADIESWEAR,10.073075
2017-08-30,47,LADIESWEAR,16.845837
2017-08-16,47,LAWN AND GARDEN,4.4157615
2017-08-17,47,LAWN AND GARDEN,3.843859
2017-08-18,47,LAWN AND GARDEN,3.7920318
2017-08-19,47,LAWN AND GARDEN,3.793231
2017-08-20,47,LAWN AND GARDEN,3.1076117
2017-08-21,47,LAWN AND GARDEN,3.655838
2017-08-22,47,LAWN AND GARDEN,4.2767115
2017-08-23,47,LAWN AND GARDEN,4.246064
2017-08-24,47,LAWN AND GARDEN,5.9618144
2017-08-25,47,LAWN AND GARDEN,3.7327833
2017-08-26,47,LAWN AND GARDEN,3.8485742
2017-08-27,47,LAWN AND GARDEN,4.711773
2017-08-28,47,LAWN AND GARDEN,3.7241912
2017-08-29,47,LAWN AND GARDEN,4.242866
2017-08-30,47,LAWN AND GARDEN,5.0080304
2017-08-16,47,LINGERIE,123.48269
2017-08-17,47,LINGERIE,151.78601
2017-08-18,47,LINGERIE,120.88867
2017-08-19,47,LINGERIE,98.934235
2017-08-20,47,LINGERIE,66.10687
2017-08-21,47,LINGERIE,111.27439
2017-08-22,47,LINGERIE,87.98568
2017-08-23,47,LINGERIE,104.20788
2017-08-24,47,LINGERIE,93.49156
2017-08-25,47,LINGERIE,99.280075
2017-08-26,47,LINGERIE,85.4753
2017-08-27,47,LINGERIE,73.58941
2017-08-28,47,LINGERIE,93.844154
2017-08-29,47,LINGERIE,71.6042
2017-08-30,47,LINGERIE,95.41588
2017-08-16,47,"LIQUOR,WINE,BEER",8.157084
2017-08-17,47,"LIQUOR,WINE,BEER",10.203235
2017-08-18,47,"LIQUOR,WINE,BEER",8.401023
2017-08-19,47,"LIQUOR,WINE,BEER",6.3371153
2017-08-20,47,"LIQUOR,WINE,BEER",7.6041846
2017-08-21,47,"LIQUOR,WINE,BEER",6.3622656
2017-08-22,47,"LIQUOR,WINE,BEER",7.10299
2017-08-23,47,"LIQUOR,WINE,BEER",8.301511
2017-08-24,47,"LIQUOR,WINE,BEER",10.514275
2017-08-25,47,"LIQUOR,WINE,BEER",7.8963513
2017-08-26,47,"LIQUOR,WINE,BEER",8.396972
2017-08-27,47,"LIQUOR,WINE,BEER",7.0041595
2017-08-28,47,"LIQUOR,WINE,BEER",7.04057
2017-08-29,47,"LIQUOR,WINE,BEER",5.584696
2017-08-30,47,"LIQUOR,WINE,BEER",8.957887
2017-08-16,47,MAGAZINES,1070.1079
2017-08-17,47,MAGAZINES,1155.4475
2017-08-18,47,MAGAZINES,1319.0293
2017-08-19,47,MAGAZINES,719.69946
2017-08-20,47,MAGAZINES,847.52515
2017-08-21,47,MAGAZINES,690.9641
2017-08-22,47,MAGAZINES,755.9622
2017-08-23,47,MAGAZINES,1108.8903
2017-08-24,47,MAGAZINES,1178.9366
2017-08-25,47,MAGAZINES,1374.1814
2017-08-26,47,MAGAZINES,739.1033
2017-08-27,47,MAGAZINES,920.32104
2017-08-28,47,MAGAZINES,684.34576
2017-08-29,47,MAGAZINES,714.6684
2017-08-30,47,MAGAZINES,1122.2656
2017-08-16,47,MEATS,709.7319
2017-08-17,47,MEATS,1086.945
2017-08-18,47,MEATS,729.1898
2017-08-19,47,MEATS,653.9067
2017-08-20,47,MEATS,670.90247
2017-08-21,47,MEATS,627.64233
2017-08-22,47,MEATS,636.0211
2017-08-23,47,MEATS,828.08136
2017-08-24,47,MEATS,1284.7993
2017-08-25,47,MEATS,887.999
2017-08-26,47,MEATS,924.53735
2017-08-27,47,MEATS,853.47296
2017-08-28,47,MEATS,860.84467
2017-08-29,47,MEATS,745.9852
2017-08-30,47,MEATS,984.84076
2017-08-16,47,PERSONAL CARE,18.367523
2017-08-17,47,PERSONAL CARE,23.742615
2017-08-18,47,PERSONAL CARE,18.42135
2017-08-19,47,PERSONAL CARE,17.958778
2017-08-20,47,PERSONAL CARE,15.660487
2017-08-21,47,PERSONAL CARE,17.365711
2017-08-22,47,PERSONAL CARE,15.708781
2017-08-23,47,PERSONAL CARE,17.849524
2017-08-24,47,PERSONAL CARE,22.174707
2017-08-25,47,PERSONAL CARE,18.347258
2017-08-26,47,PERSONAL CARE,16.287169
2017-08-27,47,PERSONAL CARE,15.675678
2017-08-28,47,PERSONAL CARE,16.06927
2017-08-29,47,PERSONAL CARE,14.185842
2017-08-30,47,PERSONAL CARE,17.409346
2017-08-16,47,PET SUPPLIES,23.694855
2017-08-17,47,PET SUPPLIES,28.24641
2017-08-18,47,PET SUPPLIES,25.060114
2017-08-19,47,PET SUPPLIES,26.45209
2017-08-20,47,PET SUPPLIES,23.947304
2017-08-21,47,PET SUPPLIES,20.778498
2017-08-22,47,PET SUPPLIES,20.516987
2017-08-23,47,PET SUPPLIES,23.775896
2017-08-24,47,PET SUPPLIES,28.442978
2017-08-25,47,PET SUPPLIES,22.627
2017-08-26,47,PET SUPPLIES,22.567446
2017-08-27,47,PET SUPPLIES,20.776428
2017-08-28,47,PET SUPPLIES,20.193918
2017-08-29,47,PET SUPPLIES,20.29069
2017-08-30,47,PET SUPPLIES,22.266348
2017-08-16,47,PLAYERS AND ELECTRONICS,997.72235
2017-08-17,47,PLAYERS AND ELECTRONICS,1116.502
2017-08-18,47,PLAYERS AND ELECTRONICS,1013.96747
2017-08-19,47,PLAYERS AND ELECTRONICS,716.48364
2017-08-20,47,PLAYERS AND ELECTRONICS,746.1141
2017-08-21,47,PLAYERS AND ELECTRONICS,688.97766
2017-08-22,47,PLAYERS AND ELECTRONICS,687.57983
2017-08-23,47,PLAYERS AND ELECTRONICS,1040.897
2017-08-24,47,PLAYERS AND ELECTRONICS,1258.5142
2017-08-25,47,PLAYERS AND ELECTRONICS,1014.52167
2017-08-26,47,PLAYERS AND ELECTRONICS,794.3354
2017-08-27,47,PLAYERS AND ELECTRONICS,852.04266
2017-08-28,47,PLAYERS AND ELECTRONICS,725.3828
2017-08-29,47,PLAYERS AND ELECTRONICS,710.0556
2017-08-30,47,PLAYERS AND ELECTRONICS,1053.3175
2017-08-16,47,POULTRY,102.63006
2017-08-17,47,POULTRY,130.08626
2017-08-18,47,POULTRY,86.029816
2017-08-19,47,POULTRY,89.63453
2017-08-20,47,POULTRY,88.37435
2017-08-21,47,POULTRY,85.860435
2017-08-22,47,POULTRY,82.44608
2017-08-23,47,POULTRY,103.10604
2017-08-24,47,POULTRY,114.7631
2017-08-25,47,POULTRY,84.36951
2017-08-26,47,POULTRY,92.50353
2017-08-27,47,POULTRY,93.48057
2017-08-28,47,POULTRY,89.87324
2017-08-29,47,POULTRY,81.023605
2017-08-30,47,POULTRY,110.21247
2017-08-16,47,PREPARED FOODS,2976.6543
2017-08-17,47,PREPARED FOODS,1741.8741
2017-08-18,47,PREPARED FOODS,1537.1993
2017-08-19,47,PREPARED FOODS,1506.6144
2017-08-20,47,PREPARED FOODS,1740.2684
2017-08-21,47,PREPARED FOODS,1724.3333
2017-08-22,47,PREPARED FOODS,1360.2737
2017-08-23,47,PREPARED FOODS,2899.6458
2017-08-24,47,PREPARED FOODS,1538.4037
2017-08-25,47,PREPARED FOODS,1435.3147
2017-08-26,47,PREPARED FOODS,1429.7552
2017-08-27,47,PREPARED FOODS,1624.5587
2017-08-28,47,PREPARED FOODS,1678.0018
2017-08-29,47,PREPARED FOODS,1230.3903
2017-08-30,47,PREPARED FOODS,2711.2993
2017-08-16,47,PRODUCE,466.09796
2017-08-17,47,PRODUCE,765.9139
2017-08-18,47,PRODUCE,1491.944
2017-08-19,47,PRODUCE,1111.7726
2017-08-20,47,PRODUCE,209.79352
2017-08-21,47,PRODUCE,328.2045
2017-08-22,47,PRODUCE,121.49404
2017-08-23,47,PRODUCE,178.24864
2017-08-24,47,PRODUCE,245.03313
2017-08-25,47,PRODUCE,135.55327
2017-08-26,47,PRODUCE,154.30396
2017-08-27,47,PRODUCE,227.47174
2017-08-28,47,PRODUCE,125.56733
2017-08-29,47,PRODUCE,81.0636
2017-08-30,47,PRODUCE,127.60439
2017-08-16,47,SCHOOL AND OFFICE SUPPLIES,25.583
2017-08-17,47,SCHOOL AND OFFICE SUPPLIES,32.71909
2017-08-18,47,SCHOOL AND OFFICE SUPPLIES,26.747854
2017-08-19,47,SCHOOL AND OFFICE SUPPLIES,24.236795
2017-08-20,47,SCHOOL AND OFFICE SUPPLIES,23.96467
2017-08-21,47,SCHOOL AND OFFICE SUPPLIES,20.641293
2017-08-22,47,SCHOOL AND OFFICE SUPPLIES,20.677485
2017-08-23,47,SCHOOL AND OFFICE SUPPLIES,26.04205
2017-08-24,47,SCHOOL AND OFFICE SUPPLIES,33.620014
2017-08-25,47,SCHOOL AND OFFICE SUPPLIES,27.689226
2017-08-26,47,SCHOOL AND OFFICE SUPPLIES,23.412838
2017-08-27,47,SCHOOL AND OFFICE SUPPLIES,23.6031
2017-08-28,47,SCHOOL AND OFFICE SUPPLIES,19.612251
2017-08-29,47,SCHOOL AND OFFICE SUPPLIES,22.771206
2017-08-30,47,SCHOOL AND OFFICE SUPPLIES,29.682856
2017-08-16,47,SEAFOOD,13.02378
2017-08-17,47,SEAFOOD,11.303916
2017-08-18,47,SEAFOOD,13.396574
2017-08-19,47,SEAFOOD,12.008037
2017-08-20,47,SEAFOOD,11.454464
2017-08-21,47,SEAFOOD,11.130397
2017-08-22,47,SEAFOOD,11.062964
2017-08-23,47,SEAFOOD,11.751173
2017-08-24,47,SEAFOOD,13.838069
2017-08-25,47,SEAFOOD,12.494372
2017-08-26,47,SEAFOOD,12.158574
2017-08-27,47,SEAFOOD,11.535828
2017-08-28,47,SEAFOOD,10.796421
2017-08-29,47,SEAFOOD,10.132288
2017-08-30,47,SEAFOOD,11.371251
2017-08-16,48,AUTOMOTIVE,14.834596
2017-08-17,48,AUTOMOTIVE,16.242443
2017-08-18,48,AUTOMOTIVE,12.85635
2017-08-19,48,AUTOMOTIVE,12.50522
2017-08-20,48,AUTOMOTIVE,13.725856
2017-08-21,48,AUTOMOTIVE,12.1952915
2017-08-22,48,AUTOMOTIVE,12.08934
2017-08-23,48,AUTOMOTIVE,13.850559
2017-08-24,48,AUTOMOTIVE,17.964542
2017-08-25,48,AUTOMOTIVE,12.951649
2017-08-26,48,AUTOMOTIVE,13.0807085
2017-08-27,48,AUTOMOTIVE,13.093682
2017-08-28,48,AUTOMOTIVE,12.035022
2017-08-29,48,AUTOMOTIVE,10.348677
2017-08-30,48,AUTOMOTIVE,13.93668
2017-08-16,48,BEAUTY,6943.532
2017-08-17,48,BEAUTY,7423.6055
2017-08-18,48,BEAUTY,6342.35
2017-08-19,48,BEAUTY,6242.556
2017-08-20,48,BEAUTY,6444.907
2017-08-21,48,BEAUTY,5884.4697
2017-08-22,48,BEAUTY,5835.275
2017-08-23,48,BEAUTY,7026.9663
2017-08-24,48,BEAUTY,7637.933
2017-08-25,48,BEAUTY,6607.375
2017-08-26,48,BEAUTY,6639.922
2017-08-27,48,BEAUTY,6631.1597
2017-08-28,48,BEAUTY,6252.586
2017-08-29,48,BEAUTY,6129.915
2017-08-30,48,BEAUTY,7128.855
2017-08-16,48,BEVERAGES,0.017888507
2017-08-17,48,BEVERAGES,0.0
2017-08-18,48,BEVERAGES,0.0260146
2017-08-19,48,BEVERAGES,0.03451332
2017-08-20,48,BEVERAGES,0.02476736
2017-08-21,48,BEVERAGES,0.029924521
2017-08-22,48,BEVERAGES,0.008766353
2017-08-23,48,BEVERAGES,0.0
2017-08-24,48,BEVERAGES,0.052284878
2017-08-25,48,BEVERAGES,0.022884568
2017-08-26,48,BEVERAGES,0.067552954
2017-08-27,48,BEVERAGES,0.011156071
2017-08-28,48,BEVERAGES,0.07762906
2017-08-29,48,BEVERAGES,0.02606587
2017-08-30,48,BEVERAGES,0.098097816
2017-08-16,48,BOOKS,1184.9902
2017-08-17,48,BOOKS,1291.952
2017-08-18,48,BOOKS,1143.7765
2017-08-19,48,BOOKS,1208.3071
2017-08-20,48,BOOKS,1243.0907
2017-08-21,48,BOOKS,1119.97
2017-08-22,48,BOOKS,1113.3315
2017-08-23,48,BOOKS,1314.1497
2017-08-24,48,BOOKS,1397.2542
2017-08-25,48,BOOKS,1206.6914
2017-08-26,48,BOOKS,1247.9313
2017-08-27,48,BOOKS,1256.5144
2017-08-28,48,BOOKS,1154.8843
2017-08-29,48,BOOKS,1151.7743
2017-08-30,48,BOOKS,1274.5287
2017-08-16,48,BREAD/BAKERY,32.413574
2017-08-17,48,BREAD/BAKERY,26.412981
2017-08-18,48,BREAD/BAKERY,26.06436
2017-08-19,48,BREAD/BAKERY,28.39121
2017-08-20,48,BREAD/BAKERY,25.816008
2017-08-21,48,BREAD/BAKERY,29.851767
2017-08-22,48,BREAD/BAKERY,25.843794
2017-08-23,48,BREAD/BAKERY,29.388824
2017-08-24,48,BREAD/BAKERY,27.383589
2017-08-25,48,BREAD/BAKERY,29.849169
2017-08-26,48,BREAD/BAKERY,28.903076
2017-08-27,48,BREAD/BAKERY,24.78043
2017-08-28,48,BREAD/BAKERY,27.124386
2017-08-29,48,BREAD/BAKERY,27.83821
2017-08-30,48,BREAD/BAKERY,29.422323
2017-08-16,48,CELEBRATION,2058.3547
2017-08-17,48,CELEBRATION,2233.5173
2017-08-18,48,CELEBRATION,1934.0514
2017-08-19,48,CELEBRATION,1897.1464
2017-08-20,48,CELEBRATION,2037.0336
2017-08-21,48,CELEBRATION,1786.5363
2017-08-22,48,CELEBRATION,1786.634
2017-08-23,48,CELEBRATION,2101.1433
2017-08-24,48,CELEBRATION,2260.689
2017-08-25,48,CELEBRATION,1961.0684
2017-08-26,48,CELEBRATION,1919.2642
2017-08-27,48,CELEBRATION,1999.9254
2017-08-28,48,CELEBRATION,1789.6925
2017-08-29,48,CELEBRATION,1765.8151
2017-08-30,48,CELEBRATION,2016.3193
2017-08-16,48,CLEANING,2285.8318
2017-08-17,48,CLEANING,2335.808
2017-08-18,48,CLEANING,2052.5776
2017-08-19,48,CLEANING,2074.3035
2017-08-20,48,CLEANING,2250.5232
2017-08-21,48,CLEANING,2015.8572
2017-08-22,48,CLEANING,2174.977
2017-08-23,48,CLEANING,2384.0366
2017-08-24,48,CLEANING,2528.5996
2017-08-25,48,CLEANING,2191.0588
2017-08-26,48,CLEANING,2105.8818
2017-08-27,48,CLEANING,2327.0217
2017-08-28,48,CLEANING,2065.5947
2017-08-29,48,CLEANING,2202.8486
2017-08-30,48,CLEANING,2430.8699
2017-08-16,48,DAIRY,468.869
2017-08-17,48,DAIRY,492.88297
2017-08-18,48,DAIRY,543.439
2017-08-19,48,DAIRY,425.57205
2017-08-20,48,DAIRY,418.14734
2017-08-21,48,DAIRY,378.5641
2017-08-22,48,DAIRY,391.05942
2017-08-23,48,DAIRY,475.3381
2017-08-24,48,DAIRY,540.31537
2017-08-25,48,DAIRY,586.1142
2017-08-26,48,DAIRY,431.38657
2017-08-27,48,DAIRY,415.13428
2017-08-28,48,DAIRY,398.76633
2017-08-29,48,DAIRY,415.28552
2017-08-30,48,DAIRY,471.11035
2017-08-16,48,DELI,486.48828
2017-08-17,48,DELI,562.60266
2017-08-18,48,DELI,567.15247
2017-08-19,48,DELI,390.16132
2017-08-20,48,DELI,489.73398
2017-08-21,48,DELI,414.68094
2017-08-22,48,DELI,435.66455
2017-08-23,48,DELI,521.227
2017-08-24,48,DELI,624.124
2017-08-25,48,DELI,586.9125
2017-08-26,48,DELI,398.18527
2017-08-27,48,DELI,499.72568
2017-08-28,48,DELI,394.46594
2017-08-29,48,DELI,448.52643
2017-08-30,48,DELI,561.89465
2017-08-16,48,EGGS,372.19608
2017-08-17,48,EGGS,355.5918
2017-08-18,48,EGGS,272.6821
2017-08-19,48,EGGS,313.8157
2017-08-20,48,EGGS,316.89108
2017-08-21,48,EGGS,296.4058
2017-08-22,48,EGGS,321.64655
2017-08-23,48,EGGS,386.45508
2017-08-24,48,EGGS,378.65506
2017-08-25,48,EGGS,299.34473
2017-08-26,48,EGGS,316.34653
2017-08-27,48,EGGS,321.53696
2017-08-28,48,EGGS,299.08325
2017-08-29,48,EGGS,326.3067
2017-08-30,48,EGGS,378.97098
2017-08-16,48,FROZEN FOODS,8484.257
2017-08-17,48,FROZEN FOODS,8243.57
2017-08-18,48,FROZEN FOODS,7041.7554
2017-08-19,48,FROZEN FOODS,7451.0986
2017-08-20,48,FROZEN FOODS,7950.3335
2017-08-21,48,FROZEN FOODS,7136.2935
2017-08-22,48,FROZEN FOODS,7313.123
2017-08-23,48,FROZEN FOODS,8771.699
2017-08-24,48,FROZEN FOODS,9571.333
2017-08-25,48,FROZEN FOODS,8288.191
2017-08-26,48,FROZEN FOODS,7939.9453
2017-08-27,48,FROZEN FOODS,8328.12
2017-08-28,48,FROZEN FOODS,7469.1216
2017-08-29,48,FROZEN FOODS,7438.9375
2017-08-30,48,FROZEN FOODS,9116.174
2017-08-16,48,GROCERY I,81.42707
2017-08-17,48,GROCERY I,81.86487
2017-08-18,48,GROCERY I,76.786194
2017-08-19,48,GROCERY I,73.53519
2017-08-20,48,GROCERY I,75.55442
2017-08-21,48,GROCERY I,65.77024
2017-08-22,48,GROCERY I,61.81758
2017-08-23,48,GROCERY I,74.77949
2017-08-24,48,GROCERY I,74.394455
2017-08-25,48,GROCERY I,70.01853
2017-08-26,48,GROCERY I,78.30508
2017-08-27,48,GROCERY I,70.20254
2017-08-28,48,GROCERY I,61.740097
2017-08-29,48,GROCERY I,60.772
2017-08-30,48,GROCERY I,72.801926
2017-08-16,48,GROCERY II,1.8154882
2017-08-17,48,GROCERY II,2.0519426
2017-08-18,48,GROCERY II,1.647861
2017-08-19,48,GROCERY II,1.7799348
2017-08-20,48,GROCERY II,1.6459057
2017-08-21,48,GROCERY II,1.7919064
2017-08-22,48,GROCERY II,1.6759393
2017-08-23,48,GROCERY II,1.683366
2017-08-24,48,GROCERY II,2.0037808
2017-08-25,48,GROCERY II,1.538056
2017-08-26,48,GROCERY II,1.8780674
2017-08-27,48,GROCERY II,1.6118405
2017-08-28,48,GROCERY II,1.8314226
2017-08-29,48,GROCERY II,1.5979123
2017-08-30,48,GROCERY II,1.6541706
2017-08-16,48,HARDWARE,57.415375
2017-08-17,48,HARDWARE,45.29873
2017-08-18,48,HARDWARE,48.280144
2017-08-19,48,HARDWARE,54.93377
2017-08-20,48,HARDWARE,47.56019
2017-08-21,48,HARDWARE,47.607964
2017-08-22,48,HARDWARE,38.127136
2017-08-23,48,HARDWARE,49.960014
2017-08-24,48,HARDWARE,43.49408
2017-08-25,48,HARDWARE,50.60949
2017-08-26,48,HARDWARE,51.33249
2017-08-27,48,HARDWARE,46.862324
2017-08-28,48,HARDWARE,43.64197
2017-08-29,48,HARDWARE,39.54643
2017-08-30,48,HARDWARE,47.76456
2017-08-16,48,HOME AND KITCHEN I,61.378998
2017-08-17,48,HOME AND KITCHEN I,58.340813
2017-08-18,48,HOME AND KITCHEN I,52.995106
2017-08-19,48,HOME AND KITCHEN I,60.747204
2017-08-20,48,HOME AND KITCHEN I,65.95785
2017-08-21,48,HOME AND KITCHEN I,58.01799
2017-08-22,48,HOME AND KITCHEN I,41.69406
2017-08-23,48,HOME AND KITCHEN I,50.949776
2017-08-24,48,HOME AND KITCHEN I,59.194138
2017-08-25,48,HOME AND KITCHEN I,49.354393
2017-08-26,48,HOME AND KITCHEN I,59.984863
2017-08-27,48,HOME AND KITCHEN I,58.656364
2017-08-28,48,HOME AND KITCHEN I,49.54217
2017-08-29,48,HOME AND KITCHEN I,41.903137
2017-08-30,48,HOME AND KITCHEN I,47.21726
2017-08-16,48,HOME AND KITCHEN II,0.55165565
2017-08-17,48,HOME AND KITCHEN II,0.8604138
2017-08-18,48,HOME AND KITCHEN II,0.60979784
2017-08-19,48,HOME AND KITCHEN II,0.64759344
2017-08-20,48,HOME AND KITCHEN II,0.6808579
2017-08-21,48,HOME AND KITCHEN II,0.6097566
2017-08-22,48,HOME AND KITCHEN II,0.7655036
2017-08-23,48,HOME AND KITCHEN II,0.74792814
2017-08-24,48,HOME AND KITCHEN II,0.8239981
2017-08-25,48,HOME AND KITCHEN II,0.8114661
2017-08-26,48,HOME AND KITCHEN II,1.0002345
2017-08-27,48,HOME AND KITCHEN II,0.83415264
2017-08-28,48,HOME AND KITCHEN II,0.8549329
2017-08-29,48,HOME AND KITCHEN II,0.7911421
2017-08-30,48,HOME AND KITCHEN II,1.1376026
2017-08-16,48,HOME APPLIANCES,423.4686
2017-08-17,48,HOME APPLIANCES,397.42163
2017-08-18,48,HOME APPLIANCES,396.0257
2017-08-19,48,HOME APPLIANCES,360.2357
2017-08-20,48,HOME APPLIANCES,394.06644
2017-08-21,48,HOME APPLIANCES,288.58557
2017-08-22,48,HOME APPLIANCES,291.5002
2017-08-23,48,HOME APPLIANCES,328.41922
2017-08-24,48,HOME APPLIANCES,350.55264
2017-08-25,48,HOME APPLIANCES,342.7732
2017-08-26,48,HOME APPLIANCES,350.72467
2017-08-27,48,HOME APPLIANCES,356.48117
2017-08-28,48,HOME APPLIANCES,291.68915
2017-08-29,48,HOME APPLIANCES,274.7012
2017-08-30,48,HOME APPLIANCES,324.84973
2017-08-16,48,HOME CARE,16.423073
2017-08-17,48,HOME CARE,22.465168
2017-08-18,48,HOME CARE,17.054129
2017-08-19,48,HOME CARE,17.639751
2017-08-20,48,HOME CARE,19.029673
2017-08-21,48,HOME CARE,17.146715
2017-08-22,48,HOME CARE,13.388054
2017-08-23,48,HOME CARE,15.678005
2017-08-24,48,HOME CARE,22.19471
2017-08-25,48,HOME CARE,19.49405
2017-08-26,48,HOME CARE,19.733446
2017-08-27,48,HOME CARE,20.24983
2017-08-28,48,HOME CARE,17.595558
2017-08-29,48,HOME CARE,17.154928
2017-08-30,48,HOME CARE,18.265759
2017-08-16,48,LADIESWEAR,40.77139
2017-08-17,48,LADIESWEAR,40.824017
2017-08-18,48,LADIESWEAR,38.255714
2017-08-19,48,LADIESWEAR,36.644333
2017-08-20,48,LADIESWEAR,38.268448
2017-08-21,48,LADIESWEAR,37.653065
2017-08-22,48,LADIESWEAR,29.408363
2017-08-23,48,LADIESWEAR,38.94433
2017-08-24,48,LADIESWEAR,45.409904
2017-08-25,48,LADIESWEAR,42.953125
2017-08-26,48,LADIESWEAR,37.332333
2017-08-27,48,LADIESWEAR,41.65981
2017-08-28,48,LADIESWEAR,36.720318
2017-08-29,48,LADIESWEAR,30.858587
2017-08-30,48,LADIESWEAR,49.855938
2017-08-16,48,LAWN AND GARDEN,12.598735
2017-08-17,48,LAWN AND GARDEN,12.426531
2017-08-18,48,LAWN AND GARDEN,11.213935
2017-08-19,48,LAWN AND GARDEN,12.474117
2017-08-20,48,LAWN AND GARDEN,12.929006
2017-08-21,48,LAWN AND GARDEN,11.827681
2017-08-22,48,LAWN AND GARDEN,10.241196
2017-08-23,48,LAWN AND GARDEN,12.595673
2017-08-24,48,LAWN AND GARDEN,11.232831
2017-08-25,48,LAWN AND GARDEN,11.273675
2017-08-26,48,LAWN AND GARDEN,11.923349
2017-08-27,48,LAWN AND GARDEN,11.588025
2017-08-28,48,LAWN AND GARDEN,10.860935
2017-08-29,48,LAWN AND GARDEN,9.512681
2017-08-30,48,LAWN AND GARDEN,11.459695
2017-08-16,48,LINGERIE,184.81058
2017-08-17,48,LINGERIE,158.13539
2017-08-18,48,LINGERIE,211.87462
2017-08-19,48,LINGERIE,166.06908
2017-08-20,48,LINGERIE,150.20557
2017-08-21,48,LINGERIE,214.83333
2017-08-22,48,LINGERIE,164.70734
2017-08-23,48,LINGERIE,172.49411
2017-08-24,48,LINGERIE,142.30058
2017-08-25,48,LINGERIE,179.23758
2017-08-26,48,LINGERIE,167.57407
2017-08-27,48,LINGERIE,142.8994
2017-08-28,48,LINGERIE,183.4073
2017-08-29,48,LINGERIE,158.5916
2017-08-30,48,LINGERIE,178.02422
2017-08-16,48,"LIQUOR,WINE,BEER",20.136314
2017-08-17,48,"LIQUOR,WINE,BEER",24.328405
2017-08-18,48,"LIQUOR,WINE,BEER",18.760536
2017-08-19,48,"LIQUOR,WINE,BEER",20.448408
2017-08-20,48,"LIQUOR,WINE,BEER",20.056973
2017-08-21,48,"LIQUOR,WINE,BEER",16.579687
2017-08-22,48,"LIQUOR,WINE,BEER",12.656081
2017-08-23,48,"LIQUOR,WINE,BEER",18.132938
2017-08-24,48,"LIQUOR,WINE,BEER",19.275183
2017-08-25,48,"LIQUOR,WINE,BEER",18.766787
2017-08-26,48,"LIQUOR,WINE,BEER",18.809198
2017-08-27,48,"LIQUOR,WINE,BEER",16.88643
2017-08-28,48,"LIQUOR,WINE,BEER",16.325645
2017-08-29,48,"LIQUOR,WINE,BEER",13.461401
2017-08-30,48,"LIQUOR,WINE,BEER",16.264801
2017-08-16,48,MAGAZINES,885.3192
2017-08-17,48,MAGAZINES,881.3181
2017-08-18,48,MAGAZINES,1188.8093
2017-08-19,48,MAGAZINES,657.6945
2017-08-20,48,MAGAZINES,758.1664
2017-08-21,48,MAGAZINES,659.0409
2017-08-22,48,MAGAZINES,731.551
2017-08-23,48,MAGAZINES,912.58405
2017-08-24,48,MAGAZINES,902.5525
2017-08-25,48,MAGAZINES,1148.6511
2017-08-26,48,MAGAZINES,665.1582
2017-08-27,48,MAGAZINES,767.4107
2017-08-28,48,MAGAZINES,698.93585
2017-08-29,48,MAGAZINES,719.8461
2017-08-30,48,MAGAZINES,905.62054
2017-08-16,48,MEATS,558.3098
2017-08-17,48,MEATS,662.0846
2017-08-18,48,MEATS,558.5719
2017-08-19,48,MEATS,548.4643
2017-08-20,48,MEATS,550.42694
2017-08-21,48,MEATS,492.8379
2017-08-22,48,MEATS,437.30124
2017-08-23,48,MEATS,531.978
2017-08-24,48,MEATS,670.58875
2017-08-25,48,MEATS,551.045
2017-08-26,48,MEATS,573.0566
2017-08-27,48,MEATS,561.68414
2017-08-28,48,MEATS,516.14355
2017-08-29,48,MEATS,472.8077
2017-08-30,48,MEATS,564.9749
2017-08-16,48,PERSONAL CARE,16.037823
2017-08-17,48,PERSONAL CARE,18.490797
2017-08-18,48,PERSONAL CARE,16.22557
2017-08-19,48,PERSONAL CARE,17.817558
2017-08-20,48,PERSONAL CARE,15.718265
2017-08-21,48,PERSONAL CARE,17.708944
2017-08-22,48,PERSONAL CARE,15.680392
2017-08-23,48,PERSONAL CARE,19.639936
2017-08-24,48,PERSONAL CARE,19.047066
2017-08-25,48,PERSONAL CARE,17.677614
2017-08-26,48,PERSONAL CARE,16.881294
2017-08-27,48,PERSONAL CARE,16.79657
2017-08-28,48,PERSONAL CARE,14.64129
2017-08-29,48,PERSONAL CARE,15.249169
2017-08-30,48,PERSONAL CARE,16.290907
2017-08-16,48,PET SUPPLIES,30.703276
2017-08-17,48,PET SUPPLIES,30.206089
2017-08-18,48,PET SUPPLIES,27.787907
2017-08-19,48,PET SUPPLIES,30.282246
2017-08-20,48,PET SUPPLIES,28.748535
2017-08-21,48,PET SUPPLIES,25.885643
2017-08-22,48,PET SUPPLIES,24.569187
2017-08-23,48,PET SUPPLIES,28.508898
2017-08-24,48,PET SUPPLIES,32.436893
2017-08-25,48,PET SUPPLIES,29.663872
2017-08-26,48,PET SUPPLIES,30.863674
2017-08-27,48,PET SUPPLIES,27.659838
2017-08-28,48,PET SUPPLIES,27.104189
2017-08-29,48,PET SUPPLIES,25.490534
2017-08-30,48,PET SUPPLIES,28.411598
2017-08-16,48,PLAYERS AND ELECTRONICS,1110.8845
2017-08-17,48,PLAYERS AND ELECTRONICS,1070.6196
2017-08-18,48,PLAYERS AND ELECTRONICS,1306.0198
2017-08-19,48,PLAYERS AND ELECTRONICS,860.91583
2017-08-20,48,PLAYERS AND ELECTRONICS,960.6662
2017-08-21,48,PLAYERS AND ELECTRONICS,825.3396
2017-08-22,48,PLAYERS AND ELECTRONICS,912.4998
2017-08-23,48,PLAYERS AND ELECTRONICS,1122.1381
2017-08-24,48,PLAYERS AND ELECTRONICS,1115.214
2017-08-25,48,PLAYERS AND ELECTRONICS,1260.9313
2017-08-26,48,PLAYERS AND ELECTRONICS,832.5463
2017-08-27,48,PLAYERS AND ELECTRONICS,956.28906
2017-08-28,48,PLAYERS AND ELECTRONICS,805.1082
2017-08-29,48,PLAYERS AND ELECTRONICS,904.16833
2017-08-30,48,PLAYERS AND ELECTRONICS,1112.7281
2017-08-16,48,POULTRY,244.80243
2017-08-17,48,POULTRY,262.43927
2017-08-18,48,POULTRY,209.30363
2017-08-19,48,POULTRY,216.37103
2017-08-20,48,POULTRY,223.1957
2017-08-21,48,POULTRY,205.35179
2017-08-22,48,POULTRY,201.57375
2017-08-23,48,POULTRY,249.86931
2017-08-24,48,POULTRY,261.03925
2017-08-25,48,POULTRY,206.2124
2017-08-26,48,POULTRY,234.05533
2017-08-27,48,POULTRY,229.54062
2017-08-28,48,POULTRY,208.8716
2017-08-29,48,POULTRY,217.44528
2017-08-30,48,POULTRY,256.90594
2017-08-16,48,PREPARED FOODS,10849.55
2017-08-17,48,PREPARED FOODS,5455.9087
2017-08-18,48,PREPARED FOODS,5745.438
2017-08-19,48,PREPARED FOODS,5898.262
2017-08-20,48,PREPARED FOODS,6608.395
2017-08-21,48,PREPARED FOODS,5473.6035
2017-08-22,48,PREPARED FOODS,4906.0537
2017-08-23,48,PREPARED FOODS,10800.216
2017-08-24,48,PREPARED FOODS,5397.429
2017-08-25,48,PREPARED FOODS,5450.163
2017-08-26,48,PREPARED FOODS,5418.608
2017-08-27,48,PREPARED FOODS,5879.203
2017-08-28,48,PREPARED FOODS,5445.7476
2017-08-29,48,PREPARED FOODS,4680.0845
2017-08-30,48,PREPARED FOODS,9997.019
2017-08-16,48,PRODUCE,350.42432
2017-08-17,48,PRODUCE,341.2668
2017-08-18,48,PRODUCE,217.5686
2017-08-19,48,PRODUCE,199.49162
2017-08-20,48,PRODUCE,558.0493
2017-08-21,48,PRODUCE,100.954765
2017-08-22,48,PRODUCE,108.333466
2017-08-23,48,PRODUCE,126.67049
2017-08-24,48,PRODUCE,151.67978
2017-08-25,48,PRODUCE,104.45065
2017-08-26,48,PRODUCE,100.57148
2017-08-27,48,PRODUCE,88.41477
2017-08-28,48,PRODUCE,105.58487
2017-08-29,48,PRODUCE,69.390915
2017-08-30,48,PRODUCE,66.85182
2017-08-16,48,SCHOOL AND OFFICE SUPPLIES,81.13772
2017-08-17,48,SCHOOL AND OFFICE SUPPLIES,96.527145
2017-08-18,48,SCHOOL AND OFFICE SUPPLIES,84.046295
2017-08-19,48,SCHOOL AND OFFICE SUPPLIES,73.35097
2017-08-20,48,SCHOOL AND OFFICE SUPPLIES,85.40382
2017-08-21,48,SCHOOL AND OFFICE SUPPLIES,71.58056
2017-08-22,48,SCHOOL AND OFFICE SUPPLIES,80.013374
2017-08-23,48,SCHOOL AND OFFICE SUPPLIES,88.06989
2017-08-24,48,SCHOOL AND OFFICE SUPPLIES,112.51051
2017-08-25,48,SCHOOL AND OFFICE SUPPLIES,93.10768
2017-08-26,48,SCHOOL AND OFFICE SUPPLIES,81.241684
2017-08-27,48,SCHOOL AND OFFICE SUPPLIES,95.17976
2017-08-28,48,SCHOOL AND OFFICE SUPPLIES,78.27032
2017-08-29,48,SCHOOL AND OFFICE SUPPLIES,84.34587
2017-08-30,48,SCHOOL AND OFFICE SUPPLIES,95.64269
2017-08-16,48,SEAFOOD,5.004354
2017-08-17,48,SEAFOOD,5.388568
2017-08-18,48,SEAFOOD,4.6438084
2017-08-19,48,SEAFOOD,4.1121902
2017-08-20,48,SEAFOOD,4.7142863
2017-08-21,48,SEAFOOD,4.095292
2017-08-22,48,SEAFOOD,4.410161
2017-08-23,48,SEAFOOD,4.7531066
2017-08-24,48,SEAFOOD,5.5145245
2017-08-25,48,SEAFOOD,4.845451
2017-08-26,48,SEAFOOD,4.304733
2017-08-27,48,SEAFOOD,4.3258348
2017-08-28,48,SEAFOOD,4.273413
2017-08-29,48,SEAFOOD,4.6693497
2017-08-30,48,SEAFOOD,4.3134785
2017-08-16,49,AUTOMOTIVE,0.018397436
2017-08-17,49,AUTOMOTIVE,0.06040034
2017-08-18,49,AUTOMOTIVE,0.022291765
2017-08-19,49,AUTOMOTIVE,0.02591288
2017-08-20,49,AUTOMOTIVE,0.024028482
2017-08-21,49,AUTOMOTIVE,0.008470881
2017-08-22,49,AUTOMOTIVE,0.015408117
2017-08-23,49,AUTOMOTIVE,0.009700125
2017-08-24,49,AUTOMOTIVE,0.02314037
2017-08-25,49,AUTOMOTIVE,0.02571994
2017-08-26,49,AUTOMOTIVE,0.032441996
2017-08-27,49,AUTOMOTIVE,0.04823917
2017-08-28,49,AUTOMOTIVE,0.031819385
2017-08-29,49,AUTOMOTIVE,0.033567514
2017-08-30,49,AUTOMOTIVE,0.04525035
2017-08-16,49,BEAUTY,4.8955374
2017-08-17,49,BEAUTY,6.717351
2017-08-18,49,BEAUTY,5.266737
2017-08-19,49,BEAUTY,6.2958255
2017-08-20,49,BEAUTY,5.77324
2017-08-21,49,BEAUTY,4.48677
2017-08-22,49,BEAUTY,4.366871
2017-08-23,49,BEAUTY,5.9303613
2017-08-24,49,BEAUTY,6.8632646
2017-08-25,49,BEAUTY,5.116317
2017-08-26,49,BEAUTY,5.117607
2017-08-27,49,BEAUTY,5.268971
2017-08-28,49,BEAUTY,4.6146502
2017-08-29,49,BEAUTY,4.406343
2017-08-30,49,BEAUTY,5.4051843
2017-08-16,49,BEVERAGES,2382.879
2017-08-17,49,BEVERAGES,3019.3025
2017-08-18,49,BEVERAGES,2366.863
2017-08-19,49,BEVERAGES,2356.1516
2017-08-20,49,BEVERAGES,2407.3762
2017-08-21,49,BEVERAGES,2375.02
2017-08-22,49,BEVERAGES,2210.1362
2017-08-23,49,BEVERAGES,2613.282
2017-08-24,49,BEVERAGES,3239.163
2017-08-25,49,BEVERAGES,2739.663
2017-08-26,49,BEVERAGES,2603.2712
2017-08-27,49,BEVERAGES,2612.1272
2017-08-28,49,BEVERAGES,2403.7524
2017-08-29,49,BEVERAGES,2457.751
2017-08-30,49,BEVERAGES,2854.2537
2017-08-16,49,BOOKS,0.06366918
2017-08-17,49,BOOKS,0.061054695
2017-08-18,49,BOOKS,0.088626005
2017-08-19,49,BOOKS,0.061730172
2017-08-20,49,BOOKS,0.06811636
2017-08-21,49,BOOKS,0.06451306
2017-08-22,49,BOOKS,0.038922653
2017-08-23,49,BOOKS,0.093403496
2017-08-24,49,BOOKS,0.09472487
2017-08-25,49,BOOKS,0.118486986
2017-08-26,49,BOOKS,0.17576934
2017-08-27,49,BOOKS,0.12730202
2017-08-28,49,BOOKS,0.098374784
2017-08-29,49,BOOKS,0.11128368
2017-08-30,49,BOOKS,0.088555165
2017-08-16,49,BREAD/BAKERY,371.70724
2017-08-17,49,BREAD/BAKERY,431.20245
2017-08-18,49,BREAD/BAKERY,361.90366
2017-08-19,49,BREAD/BAKERY,374.63223
2017-08-20,49,BREAD/BAKERY,396.62112
2017-08-21,49,BREAD/BAKERY,335.89758
2017-08-22,49,BREAD/BAKERY,343.5543
2017-08-23,49,BREAD/BAKERY,405.55304
2017-08-24,49,BREAD/BAKERY,499.00992
2017-08-25,49,BREAD/BAKERY,415.04254
2017-08-26,49,BREAD/BAKERY,432.59866
2017-08-27,49,BREAD/BAKERY,432.7046
2017-08-28,49,BREAD/BAKERY,407.81485
2017-08-29,49,BREAD/BAKERY,379.96893
2017-08-30,49,BREAD/BAKERY,437.9535
2017-08-16,49,CELEBRATION,8.5677805
2017-08-17,49,CELEBRATION,7.697633
2017-08-18,49,CELEBRATION,8.727851
2017-08-19,49,CELEBRATION,8.537537
2017-08-20,49,CELEBRATION,7.837292
2017-08-21,49,CELEBRATION,8.872162
2017-08-22,49,CELEBRATION,9.228498
2017-08-23,49,CELEBRATION,10.031954
2017-08-24,49,CELEBRATION,10.520757
2017-08-25,49,CELEBRATION,8.447755
2017-08-26,49,CELEBRATION,7.8360515
2017-08-27,49,CELEBRATION,6.393882
2017-08-28,49,CELEBRATION,8.997159
2017-08-29,49,CELEBRATION,8.64978
2017-08-30,49,CELEBRATION,9.725447
2017-08-16,49,CLEANING,830.2013
2017-08-17,49,CLEANING,964.2631
2017-08-18,49,CLEANING,739.6639
2017-08-19,49,CLEANING,814.9596
2017-08-20,49,CLEANING,839.8415
2017-08-21,49,CLEANING,748.9001
2017-08-22,49,CLEANING,740.01215
2017-08-23,49,CLEANING,869.7986
2017-08-24,49,CLEANING,1020.7181
2017-08-25,49,CLEANING,802.5519
2017-08-26,49,CLEANING,867.8695
2017-08-27,49,CLEANING,876.15356
2017-08-28,49,CLEANING,733.662
2017-08-29,49,CLEANING,760.3829
2017-08-30,49,CLEANING,888.0196
2017-08-16,49,DAIRY,767.9234
2017-08-17,49,DAIRY,881.93134
2017-08-18,49,DAIRY,699.5746
2017-08-19,49,DAIRY,757.2372
2017-08-20,49,DAIRY,814.59106
2017-08-21,49,DAIRY,747.1421
2017-08-22,49,DAIRY,798.45953
2017-08-23,49,DAIRY,887.9919
2017-08-24,49,DAIRY,1118.1592
2017-08-25,49,DAIRY,857.267
2017-08-26,49,DAIRY,867.3899
2017-08-27,49,DAIRY,899.52264
2017-08-28,49,DAIRY,808.29004
2017-08-29,49,DAIRY,816.22876
2017-08-30,49,DAIRY,905.37415
2017-08-16,49,DELI,225.56972
2017-08-17,49,DELI,257.28598
2017-08-18,49,DELI,258.0191
2017-08-19,49,DELI,224.17944
2017-08-20,49,DELI,209.8728
2017-08-21,49,DELI,187.51338
2017-08-22,49,DELI,190.95491
2017-08-23,49,DELI,225.63855
2017-08-24,49,DELI,278.908
2017-08-25,49,DELI,277.57907
2017-08-26,49,DELI,220.46823
2017-08-27,49,DELI,207.23944
2017-08-28,49,DELI,193.54858
2017-08-29,49,DELI,203.83531
2017-08-30,49,DELI,237.31554
2017-08-16,49,EGGS,156.07758
2017-08-17,49,EGGS,183.00357
2017-08-18,49,EGGS,190.18123
2017-08-19,49,EGGS,134.16881
2017-08-20,49,EGGS,156.76886
2017-08-21,49,EGGS,127.64004
2017-08-22,49,EGGS,136.34212
2017-08-23,49,EGGS,163.43611
2017-08-24,49,EGGS,210.22617
2017-08-25,49,EGGS,212.39348
2017-08-26,49,EGGS,145.0922
2017-08-27,49,EGGS,162.88693
2017-08-28,49,EGGS,130.0433
2017-08-29,49,EGGS,140.77449
2017-08-30,49,EGGS,179.6982
2017-08-16,49,FROZEN FOODS,99.70484
2017-08-17,49,FROZEN FOODS,109.21744
2017-08-18,49,FROZEN FOODS,79.3342
2017-08-19,49,FROZEN FOODS,96.38753
2017-08-20,49,FROZEN FOODS,84.89426
2017-08-21,49,FROZEN FOODS,82.43593
2017-08-22,49,FROZEN FOODS,86.77934
2017-08-23,49,FROZEN FOODS,103.96365
2017-08-24,49,FROZEN FOODS,110.92963
2017-08-25,49,FROZEN FOODS,81.20951
2017-08-26,49,FROZEN FOODS,91.96475
2017-08-27,49,FROZEN FOODS,88.31053
2017-08-28,49,FROZEN FOODS,90.845314
2017-08-29,49,FROZEN FOODS,92.19705
2017-08-30,49,FROZEN FOODS,112.36874
2017-08-16,49,GROCERY I,3532.7473
2017-08-17,49,GROCERY I,3945.9937
2017-08-18,49,GROCERY I,3129.2043
2017-08-19,49,GROCERY I,3323.554
2017-08-20,49,GROCERY I,3378.7927
2017-08-21,49,GROCERY I,3115.7812
2017-08-22,49,GROCERY I,3248.5173
2017-08-23,49,GROCERY I,4033.2148
2017-08-24,49,GROCERY I,5091.5244
2017-08-25,49,GROCERY I,4074.5295
2017-08-26,49,GROCERY I,3821.2483
2017-08-27,49,GROCERY I,3970.8533
2017-08-28,49,GROCERY I,3469.4053
2017-08-29,49,GROCERY I,3299.8362
2017-08-30,49,GROCERY I,4169.72
2017-08-16,49,GROCERY II,26.884884
2017-08-17,49,GROCERY II,29.061733
2017-08-18,49,GROCERY II,26.673937
2017-08-19,49,GROCERY II,28.075216
2017-08-20,49,GROCERY II,25.721127
2017-08-21,49,GROCERY II,24.737268
2017-08-22,49,GROCERY II,21.07185
2017-08-23,49,GROCERY II,26.393036
2017-08-24,49,GROCERY II,26.614584
2017-08-25,49,GROCERY II,25.766527
2017-08-26,49,GROCERY II,27.012138
2017-08-27,49,GROCERY II,24.496342
2017-08-28,49,GROCERY II,24.254473
2017-08-29,49,GROCERY II,19.589432
2017-08-30,49,GROCERY II,24.785042
2017-08-16,49,HARDWARE,1.3515167
2017-08-17,49,HARDWARE,1.8262223
2017-08-18,49,HARDWARE,1.6842436
2017-08-19,49,HARDWARE,1.6598563
2017-08-20,49,HARDWARE,1.6947873
2017-08-21,49,HARDWARE,1.3457446
2017-08-22,49,HARDWARE,1.1392468
2017-08-23,49,HARDWARE,1.29602
2017-08-24,49,HARDWARE,1.753405
2017-08-25,49,HARDWARE,1.4436163
2017-08-26,49,HARDWARE,1.6260961
2017-08-27,49,HARDWARE,1.4065902
2017-08-28,49,HARDWARE,1.3737515
2017-08-29,49,HARDWARE,1.1593567
2017-08-30,49,HARDWARE,1.336647
2017-08-16,49,HOME AND KITCHEN I,20.986233
2017-08-17,49,HOME AND KITCHEN I,18.862473
2017-08-18,49,HOME AND KITCHEN I,15.963194
2017-08-19,49,HOME AND KITCHEN I,18.961231
2017-08-20,49,HOME AND KITCHEN I,16.557878
2017-08-21,49,HOME AND KITCHEN I,14.307619
2017-08-22,49,HOME AND KITCHEN I,14.132068
2017-08-23,49,HOME AND KITCHEN I,18.039436
2017-08-24,49,HOME AND KITCHEN I,16.401005
2017-08-25,49,HOME AND KITCHEN I,15.878961
2017-08-26,49,HOME AND KITCHEN I,17.881168
2017-08-27,49,HOME AND KITCHEN I,18.309614
2017-08-28,49,HOME AND KITCHEN I,13.496344
2017-08-29,49,HOME AND KITCHEN I,14.349313
2017-08-30,49,HOME AND KITCHEN I,17.336288
2017-08-16,49,HOME AND KITCHEN II,12.122138
2017-08-17,49,HOME AND KITCHEN II,11.896277
2017-08-18,49,HOME AND KITCHEN II,9.91546
2017-08-19,49,HOME AND KITCHEN II,11.273078
2017-08-20,49,HOME AND KITCHEN II,11.730774
2017-08-21,49,HOME AND KITCHEN II,12.055321
2017-08-22,49,HOME AND KITCHEN II,9.582367
2017-08-23,49,HOME AND KITCHEN II,12.931272
2017-08-24,49,HOME AND KITCHEN II,11.71148
2017-08-25,49,HOME AND KITCHEN II,11.155914
2017-08-26,49,HOME AND KITCHEN II,13.156172
2017-08-27,49,HOME AND KITCHEN II,11.915078
2017-08-28,49,HOME AND KITCHEN II,11.4378395
2017-08-29,49,HOME AND KITCHEN II,9.877245
2017-08-30,49,HOME AND KITCHEN II,10.863132
2017-08-16,49,HOME APPLIANCES,0.24238414
2017-08-17,49,HOME APPLIANCES,0.32071856
2017-08-18,49,HOME APPLIANCES,0.2142837
2017-08-19,49,HOME APPLIANCES,0.21211754
2017-08-20,49,HOME APPLIANCES,0.30379108
2017-08-21,49,HOME APPLIANCES,0.30011675
2017-08-22,49,HOME APPLIANCES,0.27341917
2017-08-23,49,HOME APPLIANCES,0.30512372
2017-08-24,49,HOME APPLIANCES,0.33927742
2017-08-25,49,HOME APPLIANCES,0.372472
2017-08-26,49,HOME APPLIANCES,0.39985102
2017-08-27,49,HOME APPLIANCES,0.36979738
2017-08-28,49,HOME APPLIANCES,0.3284449
2017-08-29,49,HOME APPLIANCES,0.32894084
2017-08-30,49,HOME APPLIANCES,0.33042765
2017-08-16,49,HOME CARE,184.80684
2017-08-17,49,HOME CARE,210.2102
2017-08-18,49,HOME CARE,187.87277
2017-08-19,49,HOME CARE,186.84972
2017-08-20,49,HOME CARE,198.44392
2017-08-21,49,HOME CARE,159.07115
2017-08-22,49,HOME CARE,150.2496
2017-08-23,49,HOME CARE,172.1964
2017-08-24,49,HOME CARE,201.73181
2017-08-25,49,HOME CARE,176.80316
2017-08-26,49,HOME CARE,176.14008
2017-08-27,49,HOME CARE,191.33562
2017-08-28,49,HOME CARE,142.56145
2017-08-29,49,HOME CARE,139.1063
2017-08-30,49,HOME CARE,163.95187
2017-08-16,49,LADIESWEAR,19.070974
2017-08-17,49,LADIESWEAR,23.486258
2017-08-18,49,LADIESWEAR,22.061594
2017-08-19,49,LADIESWEAR,20.824026
2017-08-20,49,LADIESWEAR,19.209276
2017-08-21,49,LADIESWEAR,16.823225
2017-08-22,49,LADIESWEAR,16.896915
2017-08-23,49,LADIESWEAR,18.451153
2017-08-24,49,LADIESWEAR,23.807497
2017-08-25,49,LADIESWEAR,21.435015
2017-08-26,49,LADIESWEAR,20.717403
2017-08-27,49,LADIESWEAR,20.238344
2017-08-28,49,LADIESWEAR,18.376486
2017-08-29,49,LADIESWEAR,17.913559
2017-08-30,49,LADIESWEAR,18.975338
2017-08-16,49,LAWN AND GARDEN,29.018211
2017-08-17,49,LAWN AND GARDEN,27.82769
2017-08-18,49,LAWN AND GARDEN,28.1941
2017-08-19,49,LAWN AND GARDEN,24.422436
2017-08-20,49,LAWN AND GARDEN,26.233227
2017-08-21,49,LAWN AND GARDEN,24.322
2017-08-22,49,LAWN AND GARDEN,19.670578
2017-08-23,49,LAWN AND GARDEN,26.862745
2017-08-24,49,LAWN AND GARDEN,32.05037
2017-08-25,49,LAWN AND GARDEN,28.382473
2017-08-26,49,LAWN AND GARDEN,24.441086
2017-08-27,49,LAWN AND GARDEN,28.940779
2017-08-28,49,LAWN AND GARDEN,24.698446
2017-08-29,49,LAWN AND GARDEN,19.7167
2017-08-30,49,LAWN AND GARDEN,27.404306
2017-08-16,49,LINGERIE,3.1049948
2017-08-17,49,LINGERIE,3.441532
2017-08-18,49,LINGERIE,2.592369
2017-08-19,49,LINGERIE,3.3804393
2017-08-20,49,LINGERIE,2.755343
2017-08-21,49,LINGERIE,3.448489
2017-08-22,49,LINGERIE,2.7490847
2017-08-23,49,LINGERIE,3.1221013
2017-08-24,49,LINGERIE,4.158641
2017-08-25,49,LINGERIE,2.9501321
2017-08-26,49,LINGERIE,3.9996114
2017-08-27,49,LINGERIE,3.5440743
2017-08-28,49,LINGERIE,2.2345867
2017-08-29,49,LINGERIE,2.474611
2017-08-30,49,LINGERIE,3.5770166
2017-08-16,49,"LIQUOR,WINE,BEER",93.15525
2017-08-17,49,"LIQUOR,WINE,BEER",109.426094
2017-08-18,49,"LIQUOR,WINE,BEER",100.643745
2017-08-19,49,"LIQUOR,WINE,BEER",70.991554
2017-08-20,49,"LIQUOR,WINE,BEER",58.361572
2017-08-21,49,"LIQUOR,WINE,BEER",87.48232
2017-08-22,49,"LIQUOR,WINE,BEER",76.5855
2017-08-23,49,"LIQUOR,WINE,BEER",96.64525
2017-08-24,49,"LIQUOR,WINE,BEER",107.50479
2017-08-25,49,"LIQUOR,WINE,BEER",103.02473
2017-08-26,49,"LIQUOR,WINE,BEER",70.18498
2017-08-27,49,"LIQUOR,WINE,BEER",54.75008
2017-08-28,49,"LIQUOR,WINE,BEER",83.421326
2017-08-29,49,"LIQUOR,WINE,BEER",63.729168
2017-08-30,49,"LIQUOR,WINE,BEER",80.6454
2017-08-16,49,MAGAZINES,8.655174
2017-08-17,49,MAGAZINES,9.483489
2017-08-18,49,MAGAZINES,7.9242415
2017-08-19,49,MAGAZINES,9.201303
2017-08-20,49,MAGAZINES,8.276257
2017-08-21,49,MAGAZINES,7.772281
2017-08-22,49,MAGAZINES,5.7053146
2017-08-23,49,MAGAZINES,8.162527
2017-08-24,49,MAGAZINES,9.56721
2017-08-25,49,MAGAZINES,8.085867
2017-08-26,49,MAGAZINES,7.862356
2017-08-27,49,MAGAZINES,8.415017
2017-08-28,49,MAGAZINES,6.555334
2017-08-29,49,MAGAZINES,7.0034423
2017-08-30,49,MAGAZINES,7.2711587
2017-08-16,49,MEATS,426.24255
2017-08-17,49,MEATS,436.62
2017-08-18,49,MEATS,570.07965
2017-08-19,49,MEATS,365.62967
2017-08-20,49,MEATS,376.93027
2017-08-21,49,MEATS,312.61536
2017-08-22,49,MEATS,313.33426
2017-08-23,49,MEATS,420.10373
2017-08-24,49,MEATS,419.5867
2017-08-25,49,MEATS,565.4102
2017-08-26,49,MEATS,328.53098
2017-08-27,49,MEATS,380.54477
2017-08-28,49,MEATS,321.38733
2017-08-29,49,MEATS,325.49338
2017-08-30,49,MEATS,435.69888
2017-08-16,49,PERSONAL CARE,241.19647
2017-08-17,49,PERSONAL CARE,293.26782
2017-08-18,49,PERSONAL CARE,238.15877
2017-08-19,49,PERSONAL CARE,255.34753
2017-08-20,49,PERSONAL CARE,253.52417
2017-08-21,49,PERSONAL CARE,233.81868
2017-08-22,49,PERSONAL CARE,228.5298
2017-08-23,49,PERSONAL CARE,263.35336
2017-08-24,49,PERSONAL CARE,337.64957
2017-08-25,49,PERSONAL CARE,259.0782
2017-08-26,49,PERSONAL CARE,288.29755
2017-08-27,49,PERSONAL CARE,273.9635
2017-08-28,49,PERSONAL CARE,249.13564
2017-08-29,49,PERSONAL CARE,233.73906
2017-08-30,49,PERSONAL CARE,269.5338
2017-08-16,49,PET SUPPLIES,7.29188
2017-08-17,49,PET SUPPLIES,7.5664725
2017-08-18,49,PET SUPPLIES,7.324084
2017-08-19,49,PET SUPPLIES,7.1568823
2017-08-20,49,PET SUPPLIES,7.0476
2017-08-21,49,PET SUPPLIES,7.051961
2017-08-22,49,PET SUPPLIES,6.867833
2017-08-23,49,PET SUPPLIES,7.5499187
2017-08-24,49,PET SUPPLIES,8.589959
2017-08-25,49,PET SUPPLIES,6.971591
2017-08-26,49,PET SUPPLIES,6.8062706
2017-08-27,49,PET SUPPLIES,6.572663
2017-08-28,49,PET SUPPLIES,6.685604
2017-08-29,49,PET SUPPLIES,5.7551317
2017-08-30,49,PET SUPPLIES,7.2840977
2017-08-16,49,PLAYERS AND ELECTRONICS,7.2335315
2017-08-17,49,PLAYERS AND ELECTRONICS,8.635901
2017-08-18,49,PLAYERS AND ELECTRONICS,8.625982
2017-08-19,49,PLAYERS AND ELECTRONICS,9.959494
2017-08-20,49,PLAYERS AND ELECTRONICS,8.905809
2017-08-21,49,PLAYERS AND ELECTRONICS,8.551399
2017-08-22,49,PLAYERS AND ELECTRONICS,7.333889
2017-08-23,49,PLAYERS AND ELECTRONICS,8.060234
2017-08-24,49,PLAYERS AND ELECTRONICS,9.315674
2017-08-25,49,PLAYERS AND ELECTRONICS,8.036118
2017-08-26,49,PLAYERS AND ELECTRONICS,8.885892
2017-08-27,49,PLAYERS AND ELECTRONICS,8.801931
2017-08-28,49,PLAYERS AND ELECTRONICS,7.6042457
2017-08-29,49,PLAYERS AND ELECTRONICS,6.3005667
2017-08-30,49,PLAYERS AND ELECTRONICS,7.7156153
2017-08-16,49,POULTRY,451.50937
2017-08-17,49,POULTRY,480.93164
2017-08-18,49,POULTRY,530.2569
2017-08-19,49,POULTRY,383.17905
2017-08-20,49,POULTRY,421.78677
2017-08-21,49,POULTRY,335.58554
2017-08-22,49,POULTRY,382.93576
2017-08-23,49,POULTRY,458.4412
2017-08-24,49,POULTRY,508.66467
2017-08-25,49,POULTRY,564.08655
2017-08-26,49,POULTRY,400.1875
2017-08-27,49,POULTRY,431.02728
2017-08-28,49,POULTRY,330.4465
2017-08-29,49,POULTRY,387.97968
2017-08-30,49,POULTRY,478.47482
2017-08-16,49,PREPARED FOODS,58.56004
2017-08-17,49,PREPARED FOODS,64.67474
2017-08-18,49,PREPARED FOODS,50.514874
2017-08-19,49,PREPARED FOODS,57.14886
2017-08-20,49,PREPARED FOODS,56.146435
2017-08-21,49,PREPARED FOODS,56.49497
2017-08-22,49,PREPARED FOODS,51.80403
2017-08-23,49,PREPARED FOODS,60.27132
2017-08-24,49,PREPARED FOODS,64.29314
2017-08-25,49,PREPARED FOODS,56.09449
2017-08-26,49,PREPARED FOODS,62.357998
2017-08-27,49,PREPARED FOODS,55.806572
2017-08-28,49,PREPARED FOODS,56.909412
2017-08-29,49,PREPARED FOODS,50.195614
2017-08-30,49,PREPARED FOODS,63.504307
2017-08-16,49,PRODUCE,3501.0962
2017-08-17,49,PRODUCE,1970.5215
2017-08-18,49,PRODUCE,1910.6692
2017-08-19,49,PRODUCE,1984.3641
2017-08-20,49,PRODUCE,2150.7744
2017-08-21,49,PRODUCE,2046.5718
2017-08-22,49,PRODUCE,1695.5499
2017-08-23,49,PRODUCE,3411.0125
2017-08-24,49,PRODUCE,1914.8733
2017-08-25,49,PRODUCE,1711.9896
2017-08-26,49,PRODUCE,1831.6674
2017-08-27,49,PRODUCE,2026.749
2017-08-28,49,PRODUCE,2033.8623
2017-08-29,49,PRODUCE,1660.7535
2017-08-30,49,PRODUCE,3211.025
2017-08-16,49,SCHOOL AND OFFICE SUPPLIES,0.3615599
2017-08-17,49,SCHOOL AND OFFICE SUPPLIES,0.2895909
2017-08-18,49,SCHOOL AND OFFICE SUPPLIES,0.33404967
2017-08-19,49,SCHOOL AND OFFICE SUPPLIES,0.21931407
2017-08-20,49,SCHOOL AND OFFICE SUPPLIES,0.290465
2017-08-21,49,SCHOOL AND OFFICE SUPPLIES,0.26069784
2017-08-22,49,SCHOOL AND OFFICE SUPPLIES,0.28119737
2017-08-23,49,SCHOOL AND OFFICE SUPPLIES,0.27858645
2017-08-24,49,SCHOOL AND OFFICE SUPPLIES,0.36276177
2017-08-25,49,SCHOOL AND OFFICE SUPPLIES,0.31132942
2017-08-26,49,SCHOOL AND OFFICE SUPPLIES,0.26620197
2017-08-27,49,SCHOOL AND OFFICE SUPPLIES,0.24509597
2017-08-28,49,SCHOOL AND OFFICE SUPPLIES,0.25669596
2017-08-29,49,SCHOOL AND OFFICE SUPPLIES,0.19060676
2017-08-30,49,SCHOOL AND OFFICE SUPPLIES,0.17306404
2017-08-16,49,SEAFOOD,25.34454
2017-08-17,49,SEAFOOD,28.822954
2017-08-18,49,SEAFOOD,27.408304
2017-08-19,49,SEAFOOD,26.199015
2017-08-20,49,SEAFOOD,27.635105
2017-08-21,49,SEAFOOD,23.059937
2017-08-22,49,SEAFOOD,24.891693
2017-08-23,49,SEAFOOD,26.474262
2017-08-24,49,SEAFOOD,31.46183
2017-08-25,49,SEAFOOD,28.16373
2017-08-26,49,SEAFOOD,25.375414
2017-08-27,49,SEAFOOD,28.243324
2017-08-28,49,SEAFOOD,23.683187
2017-08-29,49,SEAFOOD,25.751871
2017-08-30,49,SEAFOOD,28.04502
2017-08-16,5,AUTOMOTIVE,11.565894
2017-08-17,5,AUTOMOTIVE,11.684741
2017-08-18,5,AUTOMOTIVE,11.615186
2017-08-19,5,AUTOMOTIVE,10.895452
2017-08-20,5,AUTOMOTIVE,10.259335
2017-08-21,5,AUTOMOTIVE,9.4535475
2017-08-22,5,AUTOMOTIVE,10.024818
2017-08-23,5,AUTOMOTIVE,10.947258
2017-08-24,5,AUTOMOTIVE,10.721461
2017-08-25,5,AUTOMOTIVE,10.901929
2017-08-26,5,AUTOMOTIVE,10.80128
2017-08-27,5,AUTOMOTIVE,9.882503
2017-08-28,5,AUTOMOTIVE,11.00351
2017-08-29,5,AUTOMOTIVE,10.681542
2017-08-30,5,AUTOMOTIVE,12.431732
2017-08-16,5,BABY CARE,17.110865
2017-08-17,5,BABY CARE,19.66979
2017-08-18,5,BABY CARE,15.318888
2017-08-19,5,BABY CARE,16.173283
2017-08-20,5,BABY CARE,14.989426
2017-08-21,5,BABY CARE,12.75713
2017-08-22,5,BABY CARE,12.639727
2017-08-23,5,BABY CARE,15.002875
2017-08-24,5,BABY CARE,17.901756
2017-08-25,5,BABY CARE,15.982741
2017-08-26,5,BABY CARE,15.454193
2017-08-27,5,BABY CARE,13.65442
2017-08-28,5,BABY CARE,11.646345
2017-08-29,5,BABY CARE,11.994069
2017-08-30,5,BABY CARE,13.486435
2017-08-16,5,BEAUTY,4489.186
2017-08-17,5,BEAUTY,4683.117
2017-08-18,5,BEAUTY,4113.3276
2017-08-19,5,BEAUTY,4144.174
2017-08-20,5,BEAUTY,3991.767
2017-08-21,5,BEAUTY,3830.3418
2017-08-22,5,BEAUTY,3916.3176
2017-08-23,5,BEAUTY,4597.1606
2017-08-24,5,BEAUTY,5086.5474
2017-08-25,5,BEAUTY,4182.4688
2017-08-26,5,BEAUTY,4141.0444
2017-08-27,5,BEAUTY,3967.908
2017-08-28,5,BEAUTY,3878.208
2017-08-29,5,BEAUTY,3951.1172
2017-08-30,5,BEAUTY,4794.8984
2017-08-16,5,BEVERAGES,0.08201888
2017-08-17,5,BEVERAGES,0.0
2017-08-18,5,BEVERAGES,0.016202025
2017-08-19,5,BEVERAGES,0.0802828
2017-08-20,5,BEVERAGES,0.060015377
2017-08-21,5,BEVERAGES,0.06443486
2017-08-22,5,BEVERAGES,0.06414076
2017-08-23,5,BEVERAGES,0.044547975
2017-08-24,5,BEVERAGES,0.047365006
2017-08-25,5,BEVERAGES,0.036895927
2017-08-26,5,BEVERAGES,0.13961655
2017-08-27,5,BEVERAGES,0.070485435
2017-08-28,5,BEVERAGES,0.040919304
2017-08-29,5,BEVERAGES,0.11899694
2017-08-30,5,BEVERAGES,0.037192404
2017-08-16,5,BOOKS,628.0038
2017-08-17,5,BOOKS,708.79285
2017-08-18,5,BOOKS,574.69006
2017-08-19,5,BOOKS,629.36676
2017-08-20,5,BOOKS,585.9394
2017-08-21,5,BOOKS,559.43274
2017-08-22,5,BOOKS,595.33496
2017-08-23,5,BOOKS,696.84155
2017-08-24,5,BOOKS,808.80475
2017-08-25,5,BOOKS,667.2211
2017-08-26,5,BOOKS,661.7439
2017-08-27,5,BOOKS,645.5125
2017-08-28,5,BOOKS,619.936
2017-08-29,5,BOOKS,611.5692
2017-08-30,5,BOOKS,710.15027
2017-08-16,5,BREAD/BAKERY,37.375767
2017-08-17,5,BREAD/BAKERY,28.10181
2017-08-18,5,BREAD/BAKERY,28.687735
2017-08-19,5,BREAD/BAKERY,33.041576
2017-08-20,5,BREAD/BAKERY,25.843174
2017-08-21,5,BREAD/BAKERY,28.9458
2017-08-22,5,BREAD/BAKERY,27.307621
2017-08-23,5,BREAD/BAKERY,31.67946
2017-08-24,5,BREAD/BAKERY,27.574577
2017-08-25,5,BREAD/BAKERY,29.188854
2017-08-26,5,BREAD/BAKERY,27.875898
2017-08-27,5,BREAD/BAKERY,24.934574
2017-08-28,5,BREAD/BAKERY,27.773
2017-08-29,5,BREAD/BAKERY,28.659723
2017-08-30,5,BREAD/BAKERY,33.733418
2017-08-16,5,CELEBRATION,1656.3864
2017-08-17,5,CELEBRATION,1606.6272
2017-08-18,5,CELEBRATION,1466.5555
2017-08-19,5,CELEBRATION,1587.5692
2017-08-20,5,CELEBRATION,1615.8389
2017-08-21,5,CELEBRATION,1444.0759
2017-08-22,5,CELEBRATION,1598.206
2017-08-23,5,CELEBRATION,1862.5984
2017-08-24,5,CELEBRATION,2004.0616
2017-08-25,5,CELEBRATION,1942.6669
2017-08-26,5,CELEBRATION,2043.2821
2017-08-27,5,CELEBRATION,1829.5237
2017-08-28,5,CELEBRATION,1597.2863
2017-08-29,5,CELEBRATION,1697.8662
2017-08-30,5,CELEBRATION,1917.524
2017-08-16,5,CLEANING,1206.3141
2017-08-17,5,CLEANING,1356.5574
2017-08-18,5,CLEANING,1119.8177
2017-08-19,5,CLEANING,1085.7173
2017-08-20,5,CLEANING,1150.7694
2017-08-21,5,CLEANING,1028.0614
2017-08-22,5,CLEANING,1173.1229
2017-08-23,5,CLEANING,1342.5193
2017-08-24,5,CLEANING,1455.3641
2017-08-25,5,CLEANING,1198.5795
2017-08-26,5,CLEANING,1164.0797
2017-08-27,5,CLEANING,1158.9822
2017-08-28,5,CLEANING,1056.2954
2017-08-29,5,CLEANING,1178.4805
2017-08-30,5,CLEANING,1286.715
2017-08-16,5,DAIRY,536.241
2017-08-17,5,DAIRY,562.3419
2017-08-18,5,DAIRY,614.76825
2017-08-19,5,DAIRY,488.05035
2017-08-20,5,DAIRY,430.08643
2017-08-21,5,DAIRY,430.70343
2017-08-22,5,DAIRY,478.07834
2017-08-23,5,DAIRY,563.7385
2017-08-24,5,DAIRY,626.27
2017-08-25,5,DAIRY,690.3656
2017-08-26,5,DAIRY,523.3097
2017-08-27,5,DAIRY,436.33713
2017-08-28,5,DAIRY,426.45163
2017-08-29,5,DAIRY,507.38275
2017-08-30,5,DAIRY,569.1674
2017-08-16,5,DELI,119.97822
2017-08-17,5,DELI,145.70338
2017-08-18,5,DELI,140.25113
2017-08-19,5,DELI,103.47618
2017-08-20,5,DELI,104.75875
2017-08-21,5,DELI,92.3359
2017-08-22,5,DELI,104.64977
2017-08-23,5,DELI,115.52809
2017-08-24,5,DELI,139.24881
2017-08-25,5,DELI,149.4607
2017-08-26,5,DELI,101.783554
2017-08-27,5,DELI,106.2001
2017-08-28,5,DELI,90.08183
2017-08-29,5,DELI,108.57649
2017-08-30,5,DELI,130.70074
2017-08-16,5,EGGS,182.70334
2017-08-17,5,EGGS,178.05922
2017-08-18,5,EGGS,139.31134
2017-08-19,5,EGGS,150.9285
2017-08-20,5,EGGS,141.70451
2017-08-21,5,EGGS,140.16066
2017-08-22,5,EGGS,167.19621
2017-08-23,5,EGGS,189.32077
2017-08-24,5,EGGS,178.85774
2017-08-25,5,EGGS,146.51082
2017-08-26,5,EGGS,158.43715
2017-08-27,5,EGGS,156.08084
2017-08-28,5,EGGS,149.87694
2017-08-29,5,EGGS,165.89952
2017-08-30,5,EGGS,201.74277
2017-08-16,5,FROZEN FOODS,7414.011
2017-08-17,5,FROZEN FOODS,7728.7046
2017-08-18,5,FROZEN FOODS,6214.728
2017-08-19,5,FROZEN FOODS,6619.6484
2017-08-20,5,FROZEN FOODS,6865.001
2017-08-21,5,FROZEN FOODS,6082.465
2017-08-22,5,FROZEN FOODS,6706.8184
2017-08-23,5,FROZEN FOODS,7804.3994
2017-08-24,5,FROZEN FOODS,9598.4795
2017-08-25,5,FROZEN FOODS,8377.707
2017-08-26,5,FROZEN FOODS,7589.8306
2017-08-27,5,FROZEN FOODS,7167.989
2017-08-28,5,FROZEN FOODS,6389.8257
2017-08-29,5,FROZEN FOODS,6889.505
2017-08-30,5,FROZEN FOODS,8814.186
2017-08-16,5,GROCERY I,62.91846
2017-08-17,5,GROCERY I,67.01768
2017-08-18,5,GROCERY I,66.55744
2017-08-19,5,GROCERY I,73.69328
2017-08-20,5,GROCERY I,64.316795
2017-08-21,5,GROCERY I,55.447563
2017-08-22,5,GROCERY I,49.79233
2017-08-23,5,GROCERY I,60.643997
2017-08-24,5,GROCERY I,63.230476
2017-08-25,5,GROCERY I,59.884632
2017-08-26,5,GROCERY I,68.40785
2017-08-27,5,GROCERY I,58.12945
2017-08-28,5,GROCERY I,53.95788
2017-08-29,5,GROCERY I,47.82415
2017-08-30,5,GROCERY I,60.418495
2017-08-16,5,GROCERY II,1.8681774
2017-08-17,5,GROCERY II,1.772059
2017-08-18,5,GROCERY II,1.8520874
2017-08-19,5,GROCERY II,2.1461172
2017-08-20,5,GROCERY II,1.5327249
2017-08-21,5,GROCERY II,1.5425638
2017-08-22,5,GROCERY II,1.3036488
2017-08-23,5,GROCERY II,1.688809
2017-08-24,5,GROCERY II,1.7962698
2017-08-25,5,GROCERY II,1.6823306
2017-08-26,5,GROCERY II,1.8887261
2017-08-27,5,GROCERY II,1.8725129
2017-08-28,5,GROCERY II,1.7405221
2017-08-29,5,GROCERY II,1.4534179
2017-08-30,5,GROCERY II,1.6346066
2017-08-16,5,HARDWARE,60.362217
2017-08-17,5,HARDWARE,51.074448
2017-08-18,5,HARDWARE,51.539143
2017-08-19,5,HARDWARE,60.992542
2017-08-20,5,HARDWARE,55.664276
2017-08-21,5,HARDWARE,44.228653
2017-08-22,5,HARDWARE,46.377285
2017-08-23,5,HARDWARE,55.14124
2017-08-24,5,HARDWARE,44.379864
2017-08-25,5,HARDWARE,49.02531
2017-08-26,5,HARDWARE,55.1358
2017-08-27,5,HARDWARE,52.98164
2017-08-28,5,HARDWARE,46.760033
2017-08-29,5,HARDWARE,42.387066
2017-08-30,5,HARDWARE,54.601425
2017-08-16,5,HOME AND KITCHEN I,38.065746
2017-08-17,5,HOME AND KITCHEN I,36.415733
2017-08-18,5,HOME AND KITCHEN I,34.62014
2017-08-19,5,HOME AND KITCHEN I,40.756664
2017-08-20,5,HOME AND KITCHEN I,42.933464
2017-08-21,5,HOME AND KITCHEN I,35.457077
2017-08-22,5,HOME AND KITCHEN I,33.41647
2017-08-23,5,HOME AND KITCHEN I,40.80994
2017-08-24,5,HOME AND KITCHEN I,42.70455
2017-08-25,5,HOME AND KITCHEN I,45.285347
2017-08-26,5,HOME AND KITCHEN I,43.588856
2017-08-27,5,HOME AND KITCHEN I,41.97828
2017-08-28,5,HOME AND KITCHEN I,34.474926
2017-08-29,5,HOME AND KITCHEN I,31.447102
2017-08-30,5,HOME AND KITCHEN I,37.95824
2017-08-16,5,HOME AND KITCHEN II,0.14391866
2017-08-17,5,HOME AND KITCHEN II,0.25756446
2017-08-18,5,HOME AND KITCHEN II,0.19087702
2017-08-19,5,HOME AND KITCHEN II,0.2925936
2017-08-20,5,HOME AND KITCHEN II,0.29069448
2017-08-21,5,HOME AND KITCHEN II,0.2534602
2017-08-22,5,HOME AND KITCHEN II,0.25836083
2017-08-23,5,HOME AND KITCHEN II,0.23010199
2017-08-24,5,HOME AND KITCHEN II,0.31945616
2017-08-25,5,HOME AND KITCHEN II,0.35598543
2017-08-26,5,HOME AND KITCHEN II,0.3012313
2017-08-27,5,HOME AND KITCHEN II,0.33687544
2017-08-28,5,HOME AND KITCHEN II,0.39359367
2017-08-29,5,HOME AND KITCHEN II,0.2957884
2017-08-30,5,HOME AND KITCHEN II,0.32386786
2017-08-16,5,HOME APPLIANCES,308.1256
2017-08-17,5,HOME APPLIANCES,312.4023
2017-08-18,5,HOME APPLIANCES,326.08136
2017-08-19,5,HOME APPLIANCES,306.64053
2017-08-20,5,HOME APPLIANCES,326.12836
2017-08-21,5,HOME APPLIANCES,260.7622
2017-08-22,5,HOME APPLIANCES,268.13614
2017-08-23,5,HOME APPLIANCES,294.95996
2017-08-24,5,HOME APPLIANCES,298.61304
2017-08-25,5,HOME APPLIANCES,313.74582
2017-08-26,5,HOME APPLIANCES,282.81152
2017-08-27,5,HOME APPLIANCES,277.05637
2017-08-28,5,HOME APPLIANCES,234.41953
2017-08-29,5,HOME APPLIANCES,236.1634
2017-08-30,5,HOME APPLIANCES,277.218
2017-08-16,5,HOME CARE,14.0560055
2017-08-17,5,HOME CARE,18.80248
2017-08-18,5,HOME CARE,18.64872
2017-08-19,5,HOME CARE,21.916094
2017-08-20,5,HOME CARE,15.489897
2017-08-21,5,HOME CARE,14.599082
2017-08-22,5,HOME CARE,14.22645
2017-08-23,5,HOME CARE,18.521744
2017-08-24,5,HOME CARE,20.485176
2017-08-25,5,HOME CARE,19.269968
2017-08-26,5,HOME CARE,20.26528
2017-08-27,5,HOME CARE,17.450274
2017-08-28,5,HOME CARE,14.371161
2017-08-29,5,HOME CARE,18.767778
2017-08-30,5,HOME CARE,18.348627
2017-08-16,5,LADIESWEAR,13.726621
2017-08-17,5,LADIESWEAR,14.787038
2017-08-18,5,LADIESWEAR,12.725011
2017-08-19,5,LADIESWEAR,13.293104
2017-08-20,5,LADIESWEAR,11.03717
2017-08-21,5,LADIESWEAR,11.389455
2017-08-22,5,LADIESWEAR,9.350215
2017-08-23,5,LADIESWEAR,13.161608
2017-08-24,5,LADIESWEAR,15.096621
2017-08-25,5,LADIESWEAR,14.369921
2017-08-26,5,LADIESWEAR,12.625978
2017-08-27,5,LADIESWEAR,11.016711
2017-08-28,5,LADIESWEAR,13.718977
2017-08-29,5,LADIESWEAR,8.926055
2017-08-30,5,LADIESWEAR,13.10033
2017-08-16,5,LAWN AND GARDEN,5.563713
2017-08-17,5,LAWN AND GARDEN,4.7620664
2017-08-18,5,LAWN AND GARDEN,4.77783
2017-08-19,5,LAWN AND GARDEN,4.351628
2017-08-20,5,LAWN AND GARDEN,4.0002007
2017-08-21,5,LAWN AND GARDEN,4.056659
2017-08-22,5,LAWN AND GARDEN,5.443611
2017-08-23,5,LAWN AND GARDEN,5.679126
2017-08-24,5,LAWN AND GARDEN,5.125257
2017-08-25,5,LAWN AND GARDEN,4.4731097
2017-08-26,5,LAWN AND GARDEN,5.223869
2017-08-27,5,LAWN AND GARDEN,5.0851293
2017-08-28,5,LAWN AND GARDEN,4.913036
2017-08-29,5,LAWN AND GARDEN,5.035817
2017-08-30,5,LAWN AND GARDEN,4.8335643
2017-08-16,5,LINGERIE,113.327576
2017-08-17,5,LINGERIE,123.386406
2017-08-18,5,LINGERIE,95.645485
2017-08-19,5,LINGERIE,102.2425
2017-08-20,5,LINGERIE,71.143486
2017-08-21,5,LINGERIE,101.32582
2017-08-22,5,LINGERIE,126.75967
2017-08-23,5,LINGERIE,113.10236
2017-08-24,5,LINGERIE,141.23103
2017-08-25,5,LINGERIE,99.55867
2017-08-26,5,LINGERIE,97.98818
2017-08-27,5,LINGERIE,66.76111
2017-08-28,5,LINGERIE,107.02105
2017-08-29,5,LINGERIE,103.15236
2017-08-30,5,LINGERIE,118.02136
2017-08-16,5,"LIQUOR,WINE,BEER",12.962267
2017-08-17,5,"LIQUOR,WINE,BEER",15.07426
2017-08-18,5,"LIQUOR,WINE,BEER",12.572416
2017-08-19,5,"LIQUOR,WINE,BEER",12.690849
2017-08-20,5,"LIQUOR,WINE,BEER",12.275757
2017-08-21,5,"LIQUOR,WINE,BEER",10.232289
2017-08-22,5,"LIQUOR,WINE,BEER",8.609491
2017-08-23,5,"LIQUOR,WINE,BEER",12.182658
2017-08-24,5,"LIQUOR,WINE,BEER",13.376563
2017-08-25,5,"LIQUOR,WINE,BEER",12.175774
2017-08-26,5,"LIQUOR,WINE,BEER",10.873928
2017-08-27,5,"LIQUOR,WINE,BEER",10.152047
2017-08-28,5,"LIQUOR,WINE,BEER",9.955048
2017-08-29,5,"LIQUOR,WINE,BEER",8.578925
2017-08-30,5,"LIQUOR,WINE,BEER",11.480059
2017-08-16,5,MAGAZINES,603.1726
2017-08-17,5,MAGAZINES,624.46484
2017-08-18,5,MAGAZINES,832.0142
2017-08-19,5,MAGAZINES,529.77454
2017-08-20,5,MAGAZINES,554.17334
2017-08-21,5,MAGAZINES,493.5229
2017-08-22,5,MAGAZINES,554.88605
2017-08-23,5,MAGAZINES,683.1915
2017-08-24,5,MAGAZINES,622.7181
2017-08-25,5,MAGAZINES,921.81036
2017-08-26,5,MAGAZINES,578.09906
2017-08-27,5,MAGAZINES,548.9813
2017-08-28,5,MAGAZINES,489.0604
2017-08-29,5,MAGAZINES,559.2077
2017-08-30,5,MAGAZINES,650.6705
2017-08-16,5,MEATS,506.66217
2017-08-17,5,MEATS,611.06256
2017-08-18,5,MEATS,525.4836
2017-08-19,5,MEATS,565.2348
2017-08-20,5,MEATS,533.8442
2017-08-21,5,MEATS,462.97656
2017-08-22,5,MEATS,519.79083
2017-08-23,5,MEATS,623.13055
2017-08-24,5,MEATS,711.066
2017-08-25,5,MEATS,636.6505
2017-08-26,5,MEATS,666.4507
2017-08-27,5,MEATS,586.45044
2017-08-28,5,MEATS,484.26068
2017-08-29,5,MEATS,508.02646
2017-08-30,5,MEATS,592.2052
2017-08-16,5,PERSONAL CARE,12.651181
2017-08-17,5,PERSONAL CARE,13.856434
2017-08-18,5,PERSONAL CARE,11.876239
2017-08-19,5,PERSONAL CARE,12.16511
2017-08-20,5,PERSONAL CARE,12.095901
2017-08-21,5,PERSONAL CARE,10.785201
2017-08-22,5,PERSONAL CARE,9.33008
2017-08-23,5,PERSONAL CARE,11.410642
2017-08-24,5,PERSONAL CARE,11.695606
2017-08-25,5,PERSONAL CARE,10.827617
2017-08-26,5,PERSONAL CARE,11.730187
2017-08-27,5,PERSONAL CARE,9.686604
2017-08-28,5,PERSONAL CARE,10.986668
2017-08-29,5,PERSONAL CARE,9.392576
2017-08-30,5,PERSONAL CARE,10.522856
2017-08-16,5,PET SUPPLIES,23.369202
2017-08-17,5,PET SUPPLIES,26.203972
2017-08-18,5,PET SUPPLIES,26.036093
2017-08-19,5,PET SUPPLIES,25.278852
2017-08-20,5,PET SUPPLIES,23.03598
2017-08-21,5,PET SUPPLIES,22.248127
2017-08-22,5,PET SUPPLIES,18.321703
2017-08-23,5,PET SUPPLIES,22.678793
2017-08-24,5,PET SUPPLIES,21.893993
2017-08-25,5,PET SUPPLIES,20.904003
2017-08-26,5,PET SUPPLIES,22.87583
2017-08-27,5,PET SUPPLIES,20.39509
2017-08-28,5,PET SUPPLIES,17.124695
2017-08-29,5,PET SUPPLIES,19.30181
2017-08-30,5,PET SUPPLIES,21.905226
2017-08-16,5,PLAYERS AND ELECTRONICS,457.35217
2017-08-17,5,PLAYERS AND ELECTRONICS,451.29623
2017-08-18,5,PLAYERS AND ELECTRONICS,557.248
2017-08-19,5,PLAYERS AND ELECTRONICS,386.6697
2017-08-20,5,PLAYERS AND ELECTRONICS,397.7467
2017-08-21,5,PLAYERS AND ELECTRONICS,373.66873
2017-08-22,5,PLAYERS AND ELECTRONICS,394.91504
2017-08-23,5,PLAYERS AND ELECTRONICS,485.66623
2017-08-24,5,PLAYERS AND ELECTRONICS,487.12997
2017-08-25,5,PLAYERS AND ELECTRONICS,581.4225
2017-08-26,5,PLAYERS AND ELECTRONICS,419.95023
2017-08-27,5,PLAYERS AND ELECTRONICS,409.7724
2017-08-28,5,PLAYERS AND ELECTRONICS,368.04117
2017-08-29,5,PLAYERS AND ELECTRONICS,419.0007
2017-08-30,5,PLAYERS AND ELECTRONICS,492.352
2017-08-16,5,POULTRY,92.30127
2017-08-17,5,POULTRY,97.527145
2017-08-18,5,POULTRY,80.633644
2017-08-19,5,POULTRY,95.049706
2017-08-20,5,POULTRY,79.80648
2017-08-21,5,POULTRY,75.54504
2017-08-22,5,POULTRY,81.77185
2017-08-23,5,POULTRY,95.36271
2017-08-24,5,POULTRY,94.26945
2017-08-25,5,POULTRY,80.95628
2017-08-26,5,POULTRY,91.68025
2017-08-27,5,POULTRY,87.10006
2017-08-28,5,POULTRY,80.41716
2017-08-29,5,POULTRY,84.28705
2017-08-30,5,POULTRY,98.35636
2017-08-16,5,PREPARED FOODS,3421.9165
2017-08-17,5,PREPARED FOODS,1808.6084
2017-08-18,5,PREPARED FOODS,1786.0416
2017-08-19,5,PREPARED FOODS,1794.7948
2017-08-20,5,PREPARED FOODS,1897.7854
2017-08-21,5,PREPARED FOODS,1792.7913
2017-08-22,5,PREPARED FOODS,1590.8856
2017-08-23,5,PREPARED FOODS,3211.0718
2017-08-24,5,PREPARED FOODS,1700.2003
2017-08-25,5,PREPARED FOODS,1682.9249
2017-08-26,5,PREPARED FOODS,1686.3164
2017-08-27,5,PREPARED FOODS,1791.3656
2017-08-28,5,PREPARED FOODS,1677.8446
2017-08-29,5,PREPARED FOODS,1618.9572
2017-08-30,5,PREPARED FOODS,3171.5652
2017-08-16,5,PRODUCE,269.8738
2017-08-17,5,PRODUCE,533.88403
2017-08-18,5,PRODUCE,333.56183
2017-08-19,5,PRODUCE,197.91113
2017-08-20,5,PRODUCE,226.78148
2017-08-21,5,PRODUCE,157.74266
2017-08-22,5,PRODUCE,86.26127
2017-08-23,5,PRODUCE,163.74402
2017-08-24,5,PRODUCE,218.28548
2017-08-25,5,PRODUCE,162.23193
2017-08-26,5,PRODUCE,114.41152
2017-08-27,5,PRODUCE,121.753494
2017-08-28,5,PRODUCE,159.39745
2017-08-29,5,PRODUCE,53.69454
2017-08-30,5,PRODUCE,76.68349
2017-08-16,5,SCHOOL AND OFFICE SUPPLIES,20.396212
2017-08-17,5,SCHOOL AND OFFICE SUPPLIES,19.908367
2017-08-18,5,SCHOOL AND OFFICE SUPPLIES,18.963633
2017-08-19,5,SCHOOL AND OFFICE SUPPLIES,18.530565
2017-08-20,5,SCHOOL AND OFFICE SUPPLIES,17.140038
2017-08-21,5,SCHOOL AND OFFICE SUPPLIES,16.025965
2017-08-22,5,SCHOOL AND OFFICE SUPPLIES,15.998062
2017-08-23,5,SCHOOL AND OFFICE SUPPLIES,20.039919
2017-08-24,5,SCHOOL AND OFFICE SUPPLIES,20.96767
2017-08-25,5,SCHOOL AND OFFICE SUPPLIES,21.325207
2017-08-26,5,SCHOOL AND OFFICE SUPPLIES,21.48915
2017-08-27,5,SCHOOL AND OFFICE SUPPLIES,18.487509
2017-08-28,5,SCHOOL AND OFFICE SUPPLIES,19.3962
2017-08-29,5,SCHOOL AND OFFICE SUPPLIES,16.61569
2017-08-30,5,SCHOOL AND OFFICE SUPPLIES,21.296225
2017-08-16,5,SEAFOOD,8.325633
2017-08-17,5,SEAFOOD,9.350244
2017-08-18,5,SEAFOOD,10.12297
2017-08-19,5,SEAFOOD,8.889715
2017-08-20,5,SEAFOOD,7.8261228
2017-08-21,5,SEAFOOD,7.6213255
2017-08-22,5,SEAFOOD,8.547403
2017-08-23,5,SEAFOOD,8.617148
2017-08-24,5,SEAFOOD,8.636999
2017-08-25,5,SEAFOOD,7.8110266
2017-08-26,5,SEAFOOD,8.67952
2017-08-27,5,SEAFOOD,7.846247
2017-08-28,5,SEAFOOD,7.875781
2017-08-29,5,SEAFOOD,7.6973147
2017-08-30,5,SEAFOOD,7.8885117
2017-08-16,50,AUTOMOTIVE,6.3415356
2017-08-17,50,AUTOMOTIVE,7.6401157
2017-08-18,50,AUTOMOTIVE,6.0228806
2017-08-19,50,AUTOMOTIVE,6.989895
2017-08-20,50,AUTOMOTIVE,5.5632334
2017-08-21,50,AUTOMOTIVE,5.325865
2017-08-22,50,AUTOMOTIVE,5.0348725
2017-08-23,50,AUTOMOTIVE,6.120363
2017-08-24,50,AUTOMOTIVE,7.3011303
2017-08-25,50,AUTOMOTIVE,5.416527
2017-08-26,50,AUTOMOTIVE,5.958185
2017-08-27,50,AUTOMOTIVE,6.047916
2017-08-28,50,AUTOMOTIVE,4.912718
2017-08-29,50,AUTOMOTIVE,5.4654226
2017-08-30,50,AUTOMOTIVE,5.784721
2017-08-16,50,BEAUTY,4953.2144
2017-08-17,50,BEAUTY,5314.686
2017-08-18,50,BEAUTY,4649.496
2017-08-19,50,BEAUTY,4505.879
2017-08-20,50,BEAUTY,5102.71
2017-08-21,50,BEAUTY,4441.5205
2017-08-22,50,BEAUTY,4414.2876
2017-08-23,50,BEAUTY,5306.5474
2017-08-24,50,BEAUTY,5730.298
2017-08-25,50,BEAUTY,5201.9023
2017-08-26,50,BEAUTY,5050.4272
2017-08-27,50,BEAUTY,5313.5615
2017-08-28,50,BEAUTY,4764.7446
2017-08-29,50,BEAUTY,4660.4263
2017-08-30,50,BEAUTY,5378.0947
2017-08-16,50,BEVERAGES,0.06423822
2017-08-17,50,BEVERAGES,0.09852735
2017-08-18,50,BEVERAGES,0.048862122
2017-08-19,50,BEVERAGES,0.03909019
2017-08-20,50,BEVERAGES,0.07936474
2017-08-21,50,BEVERAGES,0.07349929
2017-08-22,50,BEVERAGES,0.075619996
2017-08-23,50,BEVERAGES,0.1125249
2017-08-24,50,BEVERAGES,0.1013542
2017-08-25,50,BEVERAGES,0.08566342
2017-08-26,50,BEVERAGES,0.115737855
2017-08-27,50,BEVERAGES,0.07631677
2017-08-28,50,BEVERAGES,0.0984395
2017-08-29,50,BEVERAGES,0.11385862
2017-08-30,50,BEVERAGES,0.09577177
2017-08-16,50,BOOKS,943.40356
2017-08-17,50,BOOKS,1082.7242
2017-08-18,50,BOOKS,935.06055
2017-08-19,50,BOOKS,1063.6663
2017-08-20,50,BOOKS,1075.033
2017-08-21,50,BOOKS,919.7485
2017-08-22,50,BOOKS,870.9166
2017-08-23,50,BOOKS,1085.1752
2017-08-24,50,BOOKS,1251.422
2017-08-25,50,BOOKS,1077.4569
2017-08-26,50,BOOKS,1079.5371
2017-08-27,50,BOOKS,1180.3494
2017-08-28,50,BOOKS,979.4156
2017-08-29,50,BOOKS,903.1561
2017-08-30,50,BOOKS,1065.7706
2017-08-16,50,BREAD/BAKERY,14.141941
2017-08-17,50,BREAD/BAKERY,11.371052
2017-08-18,50,BREAD/BAKERY,13.699611
2017-08-19,50,BREAD/BAKERY,14.08665
2017-08-20,50,BREAD/BAKERY,12.4632635
2017-08-21,50,BREAD/BAKERY,13.459543
2017-08-22,50,BREAD/BAKERY,14.662394
2017-08-23,50,BREAD/BAKERY,12.7481785
2017-08-24,50,BREAD/BAKERY,12.170256
2017-08-25,50,BREAD/BAKERY,13.755094
2017-08-26,50,BREAD/BAKERY,11.816053
2017-08-27,50,BREAD/BAKERY,12.884536
2017-08-28,50,BREAD/BAKERY,15.833574
2017-08-29,50,BREAD/BAKERY,12.973726
2017-08-30,50,BREAD/BAKERY,15.618463
2017-08-16,50,CELEBRATION,1642.2126
2017-08-17,50,CELEBRATION,1543.4667
2017-08-18,50,CELEBRATION,1478.3809
2017-08-19,50,CELEBRATION,1584.8539
2017-08-20,50,CELEBRATION,1842.5569
2017-08-21,50,CELEBRATION,1488.1755
2017-08-22,50,CELEBRATION,1434.0034
2017-08-23,50,CELEBRATION,1640.75
2017-08-24,50,CELEBRATION,1814.9656
2017-08-25,50,CELEBRATION,1518.1619
2017-08-26,50,CELEBRATION,1636.6783
2017-08-27,50,CELEBRATION,1720.4371
2017-08-28,50,CELEBRATION,1482.629
2017-08-29,50,CELEBRATION,1477.8219
2017-08-30,50,CELEBRATION,1717.874
2017-08-16,50,CLEANING,1851.5704
2017-08-17,50,CLEANING,1881.5347
2017-08-18,50,CLEANING,1606.6398
2017-08-19,50,CLEANING,1653.8726
2017-08-20,50,CLEANING,1876.9509
2017-08-21,50,CLEANING,1605.4867
2017-08-22,50,CLEANING,1670.1664
2017-08-23,50,CLEANING,1955.8512
2017-08-24,50,CLEANING,2107.2068
2017-08-25,50,CLEANING,1811.9462
2017-08-26,50,CLEANING,1704.6615
2017-08-27,50,CLEANING,1994.426
2017-08-28,50,CLEANING,1656.7773
2017-08-29,50,CLEANING,1702.0742
2017-08-30,50,CLEANING,1892.8326
2017-08-16,50,DAIRY,302.58423
2017-08-17,50,DAIRY,304.51642
2017-08-18,50,DAIRY,352.03342
2017-08-19,50,DAIRY,264.21338
2017-08-20,50,DAIRY,267.9
2017-08-21,50,DAIRY,236.29941
2017-08-22,50,DAIRY,269.04688
2017-08-23,50,DAIRY,317.95892
2017-08-24,50,DAIRY,332.64047
2017-08-25,50,DAIRY,373.2442
2017-08-26,50,DAIRY,287.28827
2017-08-27,50,DAIRY,293.63702
2017-08-28,50,DAIRY,252.30528
2017-08-29,50,DAIRY,268.6749
2017-08-30,50,DAIRY,317.23285
2017-08-16,50,DELI,383.7124
2017-08-17,50,DELI,434.29855
2017-08-18,50,DELI,482.2145
2017-08-19,50,DELI,331.90445
2017-08-20,50,DELI,379.72925
2017-08-21,50,DELI,316.70612
2017-08-22,50,DELI,331.74484
2017-08-23,50,DELI,405.67206
2017-08-24,50,DELI,486.97308
2017-08-25,50,DELI,487.44342
2017-08-26,50,DELI,324.3079
2017-08-27,50,DELI,388.4378
2017-08-28,50,DELI,322.93088
2017-08-29,50,DELI,341.16226
2017-08-30,50,DELI,397.58752
2017-08-16,50,EGGS,311.92896
2017-08-17,50,EGGS,306.35553
2017-08-18,50,EGGS,250.52682
2017-08-19,50,EGGS,270.1639
2017-08-20,50,EGGS,285.4098
2017-08-21,50,EGGS,245.01207
2017-08-22,50,EGGS,262.78973
2017-08-23,50,EGGS,318.86432
2017-08-24,50,EGGS,294.71246
2017-08-25,50,EGGS,241.38403
2017-08-26,50,EGGS,296.68283
2017-08-27,50,EGGS,289.0657
2017-08-28,50,EGGS,257.60205
2017-08-29,50,EGGS,268.1164
2017-08-30,50,EGGS,299.06165
2017-08-16,50,FROZEN FOODS,6073.308
2017-08-17,50,FROZEN FOODS,5794.7886
2017-08-18,50,FROZEN FOODS,5245.9976
2017-08-19,50,FROZEN FOODS,5586.9375
2017-08-20,50,FROZEN FOODS,6332.804
2017-08-21,50,FROZEN FOODS,5427.8057
2017-08-22,50,FROZEN FOODS,5179.5693
2017-08-23,50,FROZEN FOODS,6174.5005
2017-08-24,50,FROZEN FOODS,6825.441
2017-08-25,50,FROZEN FOODS,6067.491
2017-08-26,50,FROZEN FOODS,6052.3022
2017-08-27,50,FROZEN FOODS,6787.552
2017-08-28,50,FROZEN FOODS,5946.0273
2017-08-29,50,FROZEN FOODS,5311.0566
2017-08-30,50,FROZEN FOODS,6983.661
2017-08-16,50,GROCERY I,54.713924
2017-08-17,50,GROCERY I,54.122055
2017-08-18,50,GROCERY I,45.054363
2017-08-19,50,GROCERY I,56.45899
2017-08-20,50,GROCERY I,49.00208
2017-08-21,50,GROCERY I,42.568523
2017-08-22,50,GROCERY I,33.950687
2017-08-23,50,GROCERY I,43.056503
2017-08-24,50,GROCERY I,44.65376
2017-08-25,50,GROCERY I,45.058056
2017-08-26,50,GROCERY I,48.422188
2017-08-27,50,GROCERY I,46.034294
2017-08-28,50,GROCERY I,37.56428
2017-08-29,50,GROCERY I,33.390106
2017-08-30,50,GROCERY I,41.58908
2017-08-16,50,GROCERY II,1.7045504
2017-08-17,50,GROCERY II,1.9735669
2017-08-18,50,GROCERY II,1.9799663
2017-08-19,50,GROCERY II,1.6840457
2017-08-20,50,GROCERY II,2.1369295
2017-08-21,50,GROCERY II,1.8639575
2017-08-22,50,GROCERY II,1.6131436
2017-08-23,50,GROCERY II,1.6431385
2017-08-24,50,GROCERY II,1.9800383
2017-08-25,50,GROCERY II,1.6259444
2017-08-26,50,GROCERY II,1.8364701
2017-08-27,50,GROCERY II,1.9530805
2017-08-28,50,GROCERY II,1.7755381
2017-08-29,50,GROCERY II,1.6417999
2017-08-30,50,GROCERY II,1.8350484
2017-08-16,50,HARDWARE,33.205112
2017-08-17,50,HARDWARE,28.09745
2017-08-18,50,HARDWARE,28.81835
2017-08-19,50,HARDWARE,33.17324
2017-08-20,50,HARDWARE,32.735
2017-08-21,50,HARDWARE,29.771406
2017-08-22,50,HARDWARE,22.361984
2017-08-23,50,HARDWARE,27.152412
2017-08-24,50,HARDWARE,23.130075
2017-08-25,50,HARDWARE,24.64318
2017-08-26,50,HARDWARE,31.184624
2017-08-27,50,HARDWARE,29.114428
2017-08-28,50,HARDWARE,24.80959
2017-08-29,50,HARDWARE,19.35124
2017-08-30,50,HARDWARE,23.52826
2017-08-16,50,HOME AND KITCHEN I,37.324783
2017-08-17,50,HOME AND KITCHEN I,38.70927
2017-08-18,50,HOME AND KITCHEN I,38.557903
2017-08-19,50,HOME AND KITCHEN I,45.71331
2017-08-20,50,HOME AND KITCHEN I,43.982407
2017-08-21,50,HOME AND KITCHEN I,36.173344
2017-08-22,50,HOME AND KITCHEN I,25.810425
2017-08-23,50,HOME AND KITCHEN I,35.866173
2017-08-24,50,HOME AND KITCHEN I,33.34911
2017-08-25,50,HOME AND KITCHEN I,31.335024
2017-08-26,50,HOME AND KITCHEN I,34.15579
2017-08-27,50,HOME AND KITCHEN I,36.584244
2017-08-28,50,HOME AND KITCHEN I,31.724674
2017-08-29,50,HOME AND KITCHEN I,24.590439
2017-08-30,50,HOME AND KITCHEN I,33.019535
2017-08-16,50,HOME AND KITCHEN II,0.47492197
2017-08-17,50,HOME AND KITCHEN II,0.48384222
2017-08-18,50,HOME AND KITCHEN II,0.44650546
2017-08-19,50,HOME AND KITCHEN II,0.48069808
2017-08-20,50,HOME AND KITCHEN II,0.45542952
2017-08-21,50,HOME AND KITCHEN II,0.5870284
2017-08-22,50,HOME AND KITCHEN II,0.52982
2017-08-23,50,HOME AND KITCHEN II,0.5835834
2017-08-24,50,HOME AND KITCHEN II,0.83816063
2017-08-25,50,HOME AND KITCHEN II,0.72692364
2017-08-26,50,HOME AND KITCHEN II,0.76806754
2017-08-27,50,HOME AND KITCHEN II,0.8195681
2017-08-28,50,HOME AND KITCHEN II,0.82086945
2017-08-29,50,HOME AND KITCHEN II,0.7426408
2017-08-30,50,HOME AND KITCHEN II,0.9571754
2017-08-16,50,HOME APPLIANCES,263.89865
2017-08-17,50,HOME APPLIANCES,259.5454
2017-08-18,50,HOME APPLIANCES,261.52808
2017-08-19,50,HOME APPLIANCES,276.3342
2017-08-20,50,HOME APPLIANCES,295.86945
2017-08-21,50,HOME APPLIANCES,223.19276
2017-08-22,50,HOME APPLIANCES,195.02908
2017-08-23,50,HOME APPLIANCES,254.9604
2017-08-24,50,HOME APPLIANCES,240.72444
2017-08-25,50,HOME APPLIANCES,249.62616
2017-08-26,50,HOME APPLIANCES,248.0524
2017-08-27,50,HOME APPLIANCES,280.01382
2017-08-28,50,HOME APPLIANCES,175.24971
2017-08-29,50,HOME APPLIANCES,176.12123
2017-08-30,50,HOME APPLIANCES,235.92447
2017-08-16,50,HOME CARE,3.2433026
2017-08-17,50,HOME CARE,3.6498787
2017-08-18,50,HOME CARE,2.953198
2017-08-19,50,HOME CARE,2.764564
2017-08-20,50,HOME CARE,3.5103207
2017-08-21,50,HOME CARE,3.0520859
2017-08-22,50,HOME CARE,3.1006415
2017-08-23,50,HOME CARE,3.051802
2017-08-24,50,HOME CARE,3.7595062
2017-08-25,50,HOME CARE,2.5929503
2017-08-26,50,HOME CARE,2.36137
2017-08-27,50,HOME CARE,3.2198772
2017-08-28,50,HOME CARE,2.5364218
2017-08-29,50,HOME CARE,2.2504196
2017-08-30,50,HOME CARE,2.8043096
2017-08-16,50,LADIESWEAR,58.4434
2017-08-17,50,LADIESWEAR,51.929226
2017-08-18,50,LADIESWEAR,56.110935
2017-08-19,50,LADIESWEAR,49.740974
2017-08-20,50,LADIESWEAR,50.68166
2017-08-21,50,LADIESWEAR,49.304028
2017-08-22,50,LADIESWEAR,41.596733
2017-08-23,50,LADIESWEAR,55.309456
2017-08-24,50,LADIESWEAR,62.625034
2017-08-25,50,LADIESWEAR,56.75157
2017-08-26,50,LADIESWEAR,52.326664
2017-08-27,50,LADIESWEAR,51.54718
2017-08-28,50,LADIESWEAR,47.034657
2017-08-29,50,LADIESWEAR,37.565742
2017-08-30,50,LADIESWEAR,52.48842
2017-08-16,50,LAWN AND GARDEN,7.206269
2017-08-17,50,LAWN AND GARDEN,5.751112
2017-08-18,50,LAWN AND GARDEN,6.3647766
2017-08-19,50,LAWN AND GARDEN,6.750422
2017-08-20,50,LAWN AND GARDEN,6.299197
2017-08-21,50,LAWN AND GARDEN,4.9689345
2017-08-22,50,LAWN AND GARDEN,5.7331076
2017-08-23,50,LAWN AND GARDEN,6.2525945
2017-08-24,50,LAWN AND GARDEN,5.974735
2017-08-25,50,LAWN AND GARDEN,5.732511
2017-08-26,50,LAWN AND GARDEN,7.003577
2017-08-27,50,LAWN AND GARDEN,7.7383795
2017-08-28,50,LAWN AND GARDEN,5.934188
2017-08-29,50,LAWN AND GARDEN,5.8485327
2017-08-30,50,LAWN AND GARDEN,6.558468
2017-08-16,50,LINGERIE,153.48592
2017-08-17,50,LINGERIE,160.754
2017-08-18,50,LINGERIE,162.97807
2017-08-19,50,LINGERIE,123.135925
2017-08-20,50,LINGERIE,114.48222
2017-08-21,50,LINGERIE,157.3554
2017-08-22,50,LINGERIE,120.86611
2017-08-23,50,LINGERIE,151.46332
2017-08-24,50,LINGERIE,157.88661
2017-08-25,50,LINGERIE,153.42139
2017-08-26,50,LINGERIE,112.00447
2017-08-27,50,LINGERIE,93.33112
2017-08-28,50,LINGERIE,178.45839
2017-08-29,50,LINGERIE,110.20645
2017-08-30,50,LINGERIE,141.64859
2017-08-16,50,"LIQUOR,WINE,BEER",12.353662
2017-08-17,50,"LIQUOR,WINE,BEER",12.961598
2017-08-18,50,"LIQUOR,WINE,BEER",12.206877
2017-08-19,50,"LIQUOR,WINE,BEER",12.521596
2017-08-20,50,"LIQUOR,WINE,BEER",10.850647
2017-08-21,50,"LIQUOR,WINE,BEER",11.392668
2017-08-22,50,"LIQUOR,WINE,BEER",9.683297
2017-08-23,50,"LIQUOR,WINE,BEER",10.499951
2017-08-24,50,"LIQUOR,WINE,BEER",12.406808
2017-08-25,50,"LIQUOR,WINE,BEER",11.97346
2017-08-26,50,"LIQUOR,WINE,BEER",11.600687
2017-08-27,50,"LIQUOR,WINE,BEER",11.826967
2017-08-28,50,"LIQUOR,WINE,BEER",10.472516
2017-08-29,50,"LIQUOR,WINE,BEER",9.517459
2017-08-30,50,"LIQUOR,WINE,BEER",9.756933
2017-08-16,50,MAGAZINES,744.9384
2017-08-17,50,MAGAZINES,764.4439
2017-08-18,50,MAGAZINES,1030.0748
2017-08-19,50,MAGAZINES,556.5257
2017-08-20,50,MAGAZINES,658.6575
2017-08-21,50,MAGAZINES,565.7394
2017-08-22,50,MAGAZINES,625.2577
2017-08-23,50,MAGAZINES,779.6553
2017-08-24,50,MAGAZINES,776.5457
2017-08-25,50,MAGAZINES,1025.1888
2017-08-26,50,MAGAZINES,531.4539
2017-08-27,50,MAGAZINES,634.96387
2017-08-28,50,MAGAZINES,536.10156
2017-08-29,50,MAGAZINES,599.74713
2017-08-30,50,MAGAZINES,801.8037
2017-08-16,50,MEATS,304.0163
2017-08-17,50,MEATS,348.9234
2017-08-18,50,MEATS,298.50067
2017-08-19,50,MEATS,325.8544
2017-08-20,50,MEATS,330.22058
2017-08-21,50,MEATS,297.7541
2017-08-22,50,MEATS,280.09424
2017-08-23,50,MEATS,326.6846
2017-08-24,50,MEATS,376.07843
2017-08-25,50,MEATS,312.18085
2017-08-26,50,MEATS,324.61877
2017-08-27,50,MEATS,349.3708
2017-08-28,50,MEATS,304.4328
2017-08-29,50,MEATS,274.9286
2017-08-30,50,MEATS,317.65775
2017-08-16,50,PERSONAL CARE,18.650713
2017-08-17,50,PERSONAL CARE,19.491003
2017-08-18,50,PERSONAL CARE,18.678265
2017-08-19,50,PERSONAL CARE,19.993395
2017-08-20,50,PERSONAL CARE,17.719503
2017-08-21,50,PERSONAL CARE,16.45458
2017-08-22,50,PERSONAL CARE,14.070898
2017-08-23,50,PERSONAL CARE,18.08798
2017-08-24,50,PERSONAL CARE,18.40345
2017-08-25,50,PERSONAL CARE,18.473831
2017-08-26,50,PERSONAL CARE,18.33963
2017-08-27,50,PERSONAL CARE,17.821005
2017-08-28,50,PERSONAL CARE,15.667647
2017-08-29,50,PERSONAL CARE,14.010134
2017-08-30,50,PERSONAL CARE,16.679777
2017-08-16,50,PET SUPPLIES,12.667496
2017-08-17,50,PET SUPPLIES,13.619586
2017-08-18,50,PET SUPPLIES,11.164966
2017-08-19,50,PET SUPPLIES,12.629936
2017-08-20,50,PET SUPPLIES,11.68612
2017-08-21,50,PET SUPPLIES,10.826743
2017-08-22,50,PET SUPPLIES,8.639694
2017-08-23,50,PET SUPPLIES,10.662767
2017-08-24,50,PET SUPPLIES,11.837071
2017-08-25,50,PET SUPPLIES,10.247848
2017-08-26,50,PET SUPPLIES,11.529275
2017-08-27,50,PET SUPPLIES,10.923839
2017-08-28,50,PET SUPPLIES,10.066792
2017-08-29,50,PET SUPPLIES,9.112418
2017-08-30,50,PET SUPPLIES,11.17061
2017-08-16,50,PLAYERS AND ELECTRONICS,921.8669
2017-08-17,50,PLAYERS AND ELECTRONICS,1089.612
2017-08-18,50,PLAYERS AND ELECTRONICS,1159.5413
2017-08-19,50,PLAYERS AND ELECTRONICS,612.64044
2017-08-20,50,PLAYERS AND ELECTRONICS,937.8181
2017-08-21,50,PLAYERS AND ELECTRONICS,669.71246
2017-08-22,50,PLAYERS AND ELECTRONICS,791.8795
2017-08-23,50,PLAYERS AND ELECTRONICS,1052.3477
2017-08-24,50,PLAYERS AND ELECTRONICS,1120.5013
2017-08-25,50,PLAYERS AND ELECTRONICS,1248.5847
2017-08-26,50,PLAYERS AND ELECTRONICS,696.5624
2017-08-27,50,PLAYERS AND ELECTRONICS,956.19714
2017-08-28,50,PLAYERS AND ELECTRONICS,676.1806
2017-08-29,50,PLAYERS AND ELECTRONICS,777.53076
2017-08-30,50,PLAYERS AND ELECTRONICS,969.2662
2017-08-16,50,POULTRY,131.9549
2017-08-17,50,POULTRY,137.6109
2017-08-18,50,POULTRY,124.40632
2017-08-19,50,POULTRY,126.83333
2017-08-20,50,POULTRY,126.784546
2017-08-21,50,POULTRY,112.06803
2017-08-22,50,POULTRY,110.64955
2017-08-23,50,POULTRY,130.6268
2017-08-24,50,POULTRY,130.64525
2017-08-25,50,POULTRY,127.63676
2017-08-26,50,POULTRY,148.33604
2017-08-27,50,POULTRY,143.785
2017-08-28,50,POULTRY,115.55498
2017-08-29,50,POULTRY,118.30404
2017-08-30,50,POULTRY,132.91612
2017-08-16,50,PREPARED FOODS,8606.596
2017-08-17,50,PREPARED FOODS,4218.788
2017-08-18,50,PREPARED FOODS,4354.7803
2017-08-19,50,PREPARED FOODS,4381.2095
2017-08-20,50,PREPARED FOODS,4820.9053
2017-08-21,50,PREPARED FOODS,3913.2344
2017-08-22,50,PREPARED FOODS,3629.077
2017-08-23,50,PREPARED FOODS,8157.3574
2017-08-24,50,PREPARED FOODS,3993.4773
2017-08-25,50,PREPARED FOODS,3997.7585
2017-08-26,50,PREPARED FOODS,4181.9165
2017-08-27,50,PREPARED FOODS,4631.909
2017-08-28,50,PREPARED FOODS,3707.6707
2017-08-29,50,PREPARED FOODS,3662.1587
2017-08-30,50,PREPARED FOODS,8015.5483
2017-08-16,50,PRODUCE,3.2766123
2017-08-17,50,PRODUCE,2.9974735
2017-08-18,50,PRODUCE,3.3337233
2017-08-19,50,PRODUCE,3.3695364
2017-08-20,50,PRODUCE,3.6639135
2017-08-21,50,PRODUCE,3.1487682
2017-08-22,50,PRODUCE,4.802682
2017-08-23,50,PRODUCE,3.6067398
2017-08-24,50,PRODUCE,4.895141
2017-08-25,50,PRODUCE,3.2135284
2017-08-26,50,PRODUCE,4.224399
2017-08-27,50,PRODUCE,4.2514453
2017-08-28,50,PRODUCE,4.2604003
2017-08-29,50,PRODUCE,2.9576437
2017-08-30,50,PRODUCE,4.868615
2017-08-16,50,SCHOOL AND OFFICE SUPPLIES,49.86055
2017-08-17,50,SCHOOL AND OFFICE SUPPLIES,62.58924
2017-08-18,50,SCHOOL AND OFFICE SUPPLIES,50.269535
2017-08-19,50,SCHOOL AND OFFICE SUPPLIES,48.753635
2017-08-20,50,SCHOOL AND OFFICE SUPPLIES,55.288544
2017-08-21,50,SCHOOL AND OFFICE SUPPLIES,43.352013
2017-08-22,50,SCHOOL AND OFFICE SUPPLIES,47.38213
2017-08-23,50,SCHOOL AND OFFICE SUPPLIES,51.145733
2017-08-24,50,SCHOOL AND OFFICE SUPPLIES,64.13519
2017-08-25,50,SCHOOL AND OFFICE SUPPLIES,48.274902
2017-08-26,50,SCHOOL AND OFFICE SUPPLIES,51.4471
2017-08-27,50,SCHOOL AND OFFICE SUPPLIES,56.9326
2017-08-28,50,SCHOOL AND OFFICE SUPPLIES,45.649315
2017-08-29,50,SCHOOL AND OFFICE SUPPLIES,47.912014
2017-08-30,50,SCHOOL AND OFFICE SUPPLIES,50.454468
2017-08-16,50,SEAFOOD,2.5171027
2017-08-17,50,SEAFOOD,3.1980853
2017-08-18,50,SEAFOOD,2.4039075
2017-08-19,50,SEAFOOD,2.0155976
2017-08-20,50,SEAFOOD,2.167203
2017-08-21,50,SEAFOOD,1.6644369
2017-08-22,50,SEAFOOD,1.5765656
2017-08-23,50,SEAFOOD,1.3777392
2017-08-24,50,SEAFOOD,2.0206184
2017-08-25,50,SEAFOOD,1.5518703
2017-08-26,50,SEAFOOD,1.4825643
2017-08-27,50,SEAFOOD,1.2936221
2017-08-28,50,SEAFOOD,1.1926415
2017-08-29,50,SEAFOOD,1.1346043
2017-08-30,50,SEAFOOD,1.1207528
2017-08-16,51,AUTOMOTIVE,3.9369705
2017-08-17,51,AUTOMOTIVE,3.7012758
2017-08-18,51,AUTOMOTIVE,2.3625886
2017-08-19,51,AUTOMOTIVE,2.1172757
2017-08-20,51,AUTOMOTIVE,1.9665084
2017-08-21,51,AUTOMOTIVE,1.3014123
2017-08-22,51,AUTOMOTIVE,0.93195033
2017-08-23,51,AUTOMOTIVE,1.1629283
2017-08-24,51,AUTOMOTIVE,1.7414122
2017-08-25,51,AUTOMOTIVE,1.2377406
2017-08-26,51,AUTOMOTIVE,1.1924967
2017-08-27,51,AUTOMOTIVE,0.96005154
2017-08-28,51,AUTOMOTIVE,0.90159225
2017-08-29,51,AUTOMOTIVE,0.784094
2017-08-30,51,AUTOMOTIVE,0.90615386
2017-08-16,51,BEAUTY,2884.5215
2017-08-17,51,BEAUTY,1591.882
2017-08-18,51,BEAUTY,3138.4905
2017-08-19,51,BEAUTY,378.12952
2017-08-20,51,BEAUTY,257.5501
2017-08-21,51,BEAUTY,110.63314
2017-08-22,51,BEAUTY,99.18377
2017-08-23,51,BEAUTY,119.062096
2017-08-24,51,BEAUTY,103.01486
2017-08-25,51,BEAUTY,131.09871
2017-08-26,51,BEAUTY,71.74219
2017-08-27,51,BEAUTY,50.237762
2017-08-28,51,BEAUTY,37.695183
2017-08-29,51,BEAUTY,44.587494
2017-08-30,51,BEAUTY,52.495438
2017-08-16,51,BEVERAGES,453.8075
2017-08-17,51,BEVERAGES,286.8659
2017-08-18,51,BEVERAGES,293.47873
2017-08-19,51,BEVERAGES,242.46956
2017-08-20,51,BEVERAGES,124.48734
2017-08-21,51,BEVERAGES,46.974136
2017-08-22,51,BEVERAGES,35.88459
2017-08-23,51,BEVERAGES,30.576555
2017-08-24,51,BEVERAGES,34.752373
2017-08-25,51,BEVERAGES,37.4066
2017-08-26,51,BEVERAGES,46.559837
2017-08-27,51,BEVERAGES,20.956707
2017-08-28,51,BEVERAGES,22.191095
2017-08-29,51,BEVERAGES,11.511161
2017-08-30,51,BEVERAGES,14.796845
2017-08-16,51,BOOKS,7.7710366
2017-08-17,51,BOOKS,6.252061
2017-08-18,51,BOOKS,3.4912374
2017-08-19,51,BOOKS,2.6296923
2017-08-20,51,BOOKS,2.3013456
2017-08-21,51,BOOKS,1.9637951
2017-08-22,51,BOOKS,1.0756524
2017-08-23,51,BOOKS,0.9507821
2017-08-24,51,BOOKS,1.2955352
2017-08-25,51,BOOKS,0.87047726
2017-08-26,51,BOOKS,0.9609609
2017-08-27,51,BOOKS,0.7888893
2017-08-28,51,BOOKS,0.7995154
2017-08-29,51,BOOKS,0.6240046
2017-08-30,51,BOOKS,0.98697937
2017-08-16,51,BREAD/BAKERY,542.3033
2017-08-17,51,BREAD/BAKERY,301.69766
2017-08-18,51,BREAD/BAKERY,323.44473
2017-08-19,51,BREAD/BAKERY,181.73936
2017-08-20,51,BREAD/BAKERY,82.56516
2017-08-21,51,BREAD/BAKERY,65.689384
2017-08-22,51,BREAD/BAKERY,26.025425
2017-08-23,51,BREAD/BAKERY,29.439423
2017-08-24,51,BREAD/BAKERY,28.305977
2017-08-25,51,BREAD/BAKERY,29.664268
2017-08-26,51,BREAD/BAKERY,26.292137
2017-08-27,51,BREAD/BAKERY,29.766531
2017-08-28,51,BREAD/BAKERY,19.036707
2017-08-29,51,BREAD/BAKERY,16.360762
2017-08-30,51,BREAD/BAKERY,18.303669
2017-08-16,51,CELEBRATION,736.5598
2017-08-17,51,CELEBRATION,420.14
2017-08-18,51,CELEBRATION,365.78305
2017-08-19,51,CELEBRATION,361.75803
2017-08-20,51,CELEBRATION,171.29933
2017-08-21,51,CELEBRATION,70.18311
2017-08-22,51,CELEBRATION,69.82647
2017-08-23,51,CELEBRATION,62.78907
2017-08-24,51,CELEBRATION,63.08769
2017-08-25,51,CELEBRATION,33.094883
2017-08-26,51,CELEBRATION,46.31603
2017-08-27,51,CELEBRATION,29.596737
2017-08-28,51,CELEBRATION,34.057762
2017-08-29,51,CELEBRATION,12.96245
2017-08-30,51,CELEBRATION,21.021502
2017-08-16,51,CLEANING,379.581
2017-08-17,51,CLEANING,122.37846
2017-08-18,51,CLEANING,155.29352
2017-08-19,51,CLEANING,111.64482
2017-08-20,51,CLEANING,66.13183
2017-08-21,51,CLEANING,31.623425
2017-08-22,51,CLEANING,13.121325
2017-08-23,51,CLEANING,16.771044
2017-08-24,51,CLEANING,23.862892
2017-08-25,51,CLEANING,22.07539
2017-08-26,51,CLEANING,16.477163
2017-08-27,51,CLEANING,13.6743
2017-08-28,51,CLEANING,9.349952
2017-08-29,51,CLEANING,6.9881396
2017-08-30,51,CLEANING,12.023596
2017-08-16,51,DAIRY,160.51723
2017-08-17,51,DAIRY,149.89214
2017-08-18,51,DAIRY,178.76259
2017-08-19,51,DAIRY,45.979675
2017-08-20,51,DAIRY,67.67943
2017-08-21,51,DAIRY,20.795374
2017-08-22,51,DAIRY,14.459484
2017-08-23,51,DAIRY,11.51268
2017-08-24,51,DAIRY,17.272398
2017-08-25,51,DAIRY,22.272058
2017-08-26,51,DAIRY,13.501287
2017-08-27,51,DAIRY,12.860247
2017-08-28,51,DAIRY,7.983497
2017-08-29,51,DAIRY,4.2974014
2017-08-30,51,DAIRY,6.554823
2017-08-16,51,DELI,145.96683
2017-08-17,51,DELI,137.31221
2017-08-18,51,DELI,57.973816
2017-08-19,51,DELI,34.399075
2017-08-20,51,DELI,25.42041
2017-08-21,51,DELI,13.76488
2017-08-22,51,DELI,6.7925973
2017-08-23,51,DELI,12.688844
2017-08-24,51,DELI,6.5763774
2017-08-25,51,DELI,6.277361
2017-08-26,51,DELI,5.651634
2017-08-27,51,DELI,4.7205124
2017-08-28,51,DELI,4.810589
2017-08-29,51,DELI,2.0174918
2017-08-30,51,DELI,2.9758477
2017-08-16,51,EGGS,1560.1118
2017-08-17,51,EGGS,663.7387
2017-08-18,51,EGGS,615.76636
2017-08-19,51,EGGS,567.5713
2017-08-20,51,EGGS,214.43121
2017-08-21,51,EGGS,177.2914
2017-08-22,51,EGGS,93.91923
2017-08-23,51,EGGS,84.89524
2017-08-24,51,EGGS,96.57645
2017-08-25,51,EGGS,89.74193
2017-08-26,51,EGGS,70.300415
2017-08-27,51,EGGS,53.19616
2017-08-28,51,EGGS,84.858536
2017-08-29,51,EGGS,38.00061
2017-08-30,51,EGGS,54.49678
2017-08-16,51,FROZEN FOODS,20.070835
2017-08-17,51,FROZEN FOODS,18.402317
2017-08-18,51,FROZEN FOODS,9.3315525
2017-08-19,51,FROZEN FOODS,10.134244
2017-08-20,51,FROZEN FOODS,7.196823
2017-08-21,51,FROZEN FOODS,6.2871213
2017-08-22,51,FROZEN FOODS,2.856691
2017-08-23,51,FROZEN FOODS,3.2796702
2017-08-24,51,FROZEN FOODS,3.1204042
2017-08-25,51,FROZEN FOODS,2.6577866
2017-08-26,51,FROZEN FOODS,2.7152777
2017-08-27,51,FROZEN FOODS,2.8247864
2017-08-28,51,FROZEN FOODS,2.0646486
2017-08-29,51,FROZEN FOODS,1.287408
2017-08-30,51,FROZEN FOODS,2.0752516
2017-08-16,51,GROCERY I,1.1342238
2017-08-17,51,GROCERY I,1.3751667
2017-08-18,51,GROCERY I,1.0810304
2017-08-19,51,GROCERY I,0.9829858
2017-08-20,51,GROCERY I,1.0367261
2017-08-21,51,GROCERY I,0.8089447
2017-08-22,51,GROCERY I,0.47028834
2017-08-23,51,GROCERY I,0.5640099
2017-08-24,51,GROCERY I,0.6974231
2017-08-25,51,GROCERY I,0.6915209
2017-08-26,51,GROCERY I,0.62504464
2017-08-27,51,GROCERY I,0.6489015
2017-08-28,51,GROCERY I,0.4677738
2017-08-29,51,GROCERY I,0.40842208
2017-08-30,51,GROCERY I,0.41713035
2017-08-16,51,GROCERY II,26.939493
2017-08-17,51,GROCERY II,18.262024
2017-08-18,51,GROCERY II,13.084539
2017-08-19,51,GROCERY II,11.116248
2017-08-20,51,GROCERY II,7.780801
2017-08-21,51,GROCERY II,4.647841
2017-08-22,51,GROCERY II,1.5917643
2017-08-23,51,GROCERY II,2.0382226
2017-08-24,51,GROCERY II,2.140603
2017-08-25,51,GROCERY II,1.5732849
2017-08-26,51,GROCERY II,1.5961163
2017-08-27,51,GROCERY II,1.8697811
2017-08-28,51,GROCERY II,1.3701283
2017-08-29,51,GROCERY II,0.7652063
2017-08-30,51,GROCERY II,1.2085046
2017-08-16,51,HARDWARE,32.77293
2017-08-17,51,HARDWARE,19.748709
2017-08-18,51,HARDWARE,16.3291
2017-08-19,51,HARDWARE,11.508743
2017-08-20,51,HARDWARE,11.121008
2017-08-21,51,HARDWARE,4.9108715
2017-08-22,51,HARDWARE,3.094196
2017-08-23,51,HARDWARE,3.2197778
2017-08-24,51,HARDWARE,4.154139
2017-08-25,51,HARDWARE,3.937134
2017-08-26,51,HARDWARE,3.4076185
2017-08-27,51,HARDWARE,2.8247027
2017-08-28,51,HARDWARE,1.8048288
2017-08-29,51,HARDWARE,1.6356279
2017-08-30,51,HARDWARE,1.6725665
2017-08-16,51,HOME AND KITCHEN I,0.108706236
2017-08-17,51,HOME AND KITCHEN I,0.1410694
2017-08-18,51,HOME AND KITCHEN I,0.14807063
2017-08-19,51,HOME AND KITCHEN I,0.18026857
2017-08-20,51,HOME AND KITCHEN I,0.14393139
2017-08-21,51,HOME AND KITCHEN I,0.12593673
2017-08-22,51,HOME AND KITCHEN I,0.08586882
2017-08-23,51,HOME AND KITCHEN I,0.09839014
2017-08-24,51,HOME AND KITCHEN I,0.15643784
2017-08-25,51,HOME AND KITCHEN I,0.2162997
2017-08-26,51,HOME AND KITCHEN I,0.18253864
2017-08-27,51,HOME AND KITCHEN I,0.15504074
2017-08-28,51,HOME AND KITCHEN I,0.09978683
2017-08-29,51,HOME AND KITCHEN I,0.13557775
2017-08-30,51,HOME AND KITCHEN I,0.15024836
2017-08-16,51,HOME AND KITCHEN II,208.45433
2017-08-17,51,HOME AND KITCHEN II,117.56997
2017-08-18,51,HOME AND KITCHEN II,125.49425
2017-08-19,51,HOME AND KITCHEN II,236.37117
2017-08-20,51,HOME AND KITCHEN II,113.86801
2017-08-21,51,HOME AND KITCHEN II,40.342022
2017-08-22,51,HOME AND KITCHEN II,32.56834
2017-08-23,51,HOME AND KITCHEN II,22.525238
2017-08-24,51,HOME AND KITCHEN II,16.348633
2017-08-25,51,HOME AND KITCHEN II,16.854198
2017-08-26,51,HOME AND KITCHEN II,27.202255
2017-08-27,51,HOME AND KITCHEN II,14.637026
2017-08-28,51,HOME AND KITCHEN II,5.657379
2017-08-29,51,HOME AND KITCHEN II,5.126583
2017-08-30,51,HOME AND KITCHEN II,6.766596
2017-08-16,51,HOME APPLIANCES,6.3267527
2017-08-17,51,HOME APPLIANCES,6.609303
2017-08-18,51,HOME APPLIANCES,3.7168105
2017-08-19,51,HOME APPLIANCES,2.9008398
2017-08-20,51,HOME APPLIANCES,2.4613059
2017-08-21,51,HOME APPLIANCES,2.0339715
2017-08-22,51,HOME APPLIANCES,0.9659547
2017-08-23,51,HOME APPLIANCES,1.2381796
2017-08-24,51,HOME APPLIANCES,1.8759167
2017-08-25,51,HOME APPLIANCES,1.2520703
2017-08-26,51,HOME APPLIANCES,0.97185636
2017-08-27,51,HOME APPLIANCES,1.2622828
2017-08-28,51,HOME APPLIANCES,0.8085715
2017-08-29,51,HOME APPLIANCES,0.6814001
2017-08-30,51,HOME APPLIANCES,0.83376026
2017-08-16,51,HOME CARE,82.0472
2017-08-17,51,HOME CARE,29.533134
2017-08-18,51,HOME CARE,39.082806
2017-08-19,51,HOME CARE,34.02728
2017-08-20,51,HOME CARE,19.088617
2017-08-21,51,HOME CARE,12.348421
2017-08-22,51,HOME CARE,9.219817
2017-08-23,51,HOME CARE,15.75075
2017-08-24,51,HOME CARE,10.060575
2017-08-25,51,HOME CARE,10.896599
2017-08-26,51,HOME CARE,9.581932
2017-08-27,51,HOME CARE,10.6122
2017-08-28,51,HOME CARE,9.678757
2017-08-29,51,HOME CARE,6.469459
2017-08-30,51,HOME CARE,9.690895
2017-08-16,51,LADIESWEAR,4.7446594
2017-08-17,51,LADIESWEAR,3.5099194
2017-08-18,51,LADIESWEAR,3.001684
2017-08-19,51,LADIESWEAR,2.397438
2017-08-20,51,LADIESWEAR,2.119854
2017-08-21,51,LADIESWEAR,1.6255734
2017-08-22,51,LADIESWEAR,0.9736879
2017-08-23,51,LADIESWEAR,1.0265968
2017-08-24,51,LADIESWEAR,1.4639043
2017-08-25,51,LADIESWEAR,0.9607141
2017-08-26,51,LADIESWEAR,1.0204759
2017-08-27,51,LADIESWEAR,0.97730464
2017-08-28,51,LADIESWEAR,0.83906037
2017-08-29,51,LADIESWEAR,0.788361
2017-08-30,51,LADIESWEAR,0.7221686
2017-08-16,51,LAWN AND GARDEN,107.88273
2017-08-17,51,LAWN AND GARDEN,80.55498
2017-08-18,51,LAWN AND GARDEN,67.28105
2017-08-19,51,LAWN AND GARDEN,47.179535
2017-08-20,51,LAWN AND GARDEN,28.480473
2017-08-21,51,LAWN AND GARDEN,15.384404
2017-08-22,51,LAWN AND GARDEN,11.06486
2017-08-23,51,LAWN AND GARDEN,7.405532
2017-08-24,51,LAWN AND GARDEN,9.853394
2017-08-25,51,LAWN AND GARDEN,10.648518
2017-08-26,51,LAWN AND GARDEN,8.553898
2017-08-27,51,LAWN AND GARDEN,5.462886
2017-08-28,51,LAWN AND GARDEN,7.379012
2017-08-29,51,LAWN AND GARDEN,4.7716417
2017-08-30,51,LAWN AND GARDEN,4.4508343
2017-08-16,51,LINGERIE,6.9253364
2017-08-17,51,LINGERIE,6.037271
2017-08-18,51,LINGERIE,4.5107136
2017-08-19,51,LINGERIE,3.4812546
2017-08-20,51,LINGERIE,2.336026
2017-08-21,51,LINGERIE,1.6061181
2017-08-22,51,LINGERIE,0.8271006
2017-08-23,51,LINGERIE,1.0060246
2017-08-24,51,LINGERIE,1.075363
2017-08-25,51,LINGERIE,1.0634425
2017-08-26,51,LINGERIE,0.7867392
2017-08-27,51,LINGERIE,1.0747547
2017-08-28,51,LINGERIE,0.7090469
2017-08-29,51,LINGERIE,0.60452026
2017-08-30,51,LINGERIE,0.6432241
2017-08-16,51,"LIQUOR,WINE,BEER",374.45554
2017-08-17,51,"LIQUOR,WINE,BEER",131.33627
2017-08-18,51,"LIQUOR,WINE,BEER",207.40396
2017-08-19,51,"LIQUOR,WINE,BEER",93.47743
2017-08-20,51,"LIQUOR,WINE,BEER",52.504803
2017-08-21,51,"LIQUOR,WINE,BEER",40.104553
2017-08-22,51,"LIQUOR,WINE,BEER",20.444963
2017-08-23,51,"LIQUOR,WINE,BEER",25.444113
2017-08-24,51,"LIQUOR,WINE,BEER",15.17866
2017-08-25,51,"LIQUOR,WINE,BEER",31.741587
2017-08-26,51,"LIQUOR,WINE,BEER",10.741431
2017-08-27,51,"LIQUOR,WINE,BEER",12.153867
2017-08-28,51,"LIQUOR,WINE,BEER",9.346903
2017-08-29,51,"LIQUOR,WINE,BEER",6.282266
2017-08-30,51,"LIQUOR,WINE,BEER",9.753115
2017-08-16,51,MAGAZINES,167.48688
2017-08-17,51,MAGAZINES,85.28464
2017-08-18,51,MAGAZINES,74.1443
2017-08-19,51,MAGAZINES,104.49388
2017-08-20,51,MAGAZINES,38.53368
2017-08-21,51,MAGAZINES,19.392195
2017-08-22,51,MAGAZINES,9.601251
2017-08-23,51,MAGAZINES,12.271519
2017-08-24,51,MAGAZINES,13.874766
2017-08-25,51,MAGAZINES,12.055917
2017-08-26,51,MAGAZINES,15.879654
2017-08-27,51,MAGAZINES,14.103071
2017-08-28,51,MAGAZINES,10.894536
2017-08-29,51,MAGAZINES,10.274693
2017-08-30,51,MAGAZINES,8.946556
2017-08-16,51,MEATS,6.8771477
2017-08-17,51,MEATS,7.165944
2017-08-18,51,MEATS,3.504807
2017-08-19,51,MEATS,3.4782138
2017-08-20,51,MEATS,2.714331
2017-08-21,51,MEATS,2.0420556
2017-08-22,51,MEATS,1.181061
2017-08-23,51,MEATS,1.3781244
2017-08-24,51,MEATS,1.5284061
2017-08-25,51,MEATS,1.1493767
2017-08-26,51,MEATS,0.8287165
2017-08-27,51,MEATS,1.0889734
2017-08-28,51,MEATS,0.94460416
2017-08-29,51,MEATS,0.7974293
2017-08-30,51,MEATS,0.96420944
2017-08-16,51,PERSONAL CARE,12.590241
2017-08-17,51,PERSONAL CARE,13.30405
2017-08-18,51,PERSONAL CARE,6.9891553
2017-08-19,51,PERSONAL CARE,5.9703836
2017-08-20,51,PERSONAL CARE,3.7433739
2017-08-21,51,PERSONAL CARE,2.4873774
2017-08-22,51,PERSONAL CARE,1.6126776
2017-08-23,51,PERSONAL CARE,1.7647625
2017-08-24,51,PERSONAL CARE,1.7067044
2017-08-25,51,PERSONAL CARE,1.768514
2017-08-26,51,PERSONAL CARE,1.557348
2017-08-27,51,PERSONAL CARE,1.6595826
2017-08-28,51,PERSONAL CARE,0.7595237
2017-08-29,51,PERSONAL CARE,1.0833415
2017-08-30,51,PERSONAL CARE,1.1592381
2017-08-16,51,PET SUPPLIES,417.0239
2017-08-17,51,PET SUPPLIES,205.94957
2017-08-18,51,PET SUPPLIES,164.57988
2017-08-19,51,PET SUPPLIES,382.67987
2017-08-20,51,PET SUPPLIES,303.78464
2017-08-21,51,PET SUPPLIES,68.92663
2017-08-22,51,PET SUPPLIES,25.421444
2017-08-23,51,PET SUPPLIES,15.380195
2017-08-24,51,PET SUPPLIES,49.63144
2017-08-25,51,PET SUPPLIES,38.965115
2017-08-26,51,PET SUPPLIES,17.56388
2017-08-27,51,PET SUPPLIES,11.55886
2017-08-28,51,PET SUPPLIES,10.112553
2017-08-29,51,PET SUPPLIES,7.6753893
2017-08-30,51,PET SUPPLIES,9.996368
2017-08-16,51,PLAYERS AND ELECTRONICS,58.975388
2017-08-17,51,PLAYERS AND ELECTRONICS,45.662895
2017-08-18,51,PLAYERS AND ELECTRONICS,23.006592
2017-08-19,51,PLAYERS AND ELECTRONICS,31.36356
2017-08-20,51,PLAYERS AND ELECTRONICS,19.25076
2017-08-21,51,PLAYERS AND ELECTRONICS,13.7685175
2017-08-22,51,PLAYERS AND ELECTRONICS,6.407822
2017-08-23,51,PLAYERS AND ELECTRONICS,8.93236
2017-08-24,51,PLAYERS AND ELECTRONICS,9.820142
2017-08-25,51,PLAYERS AND ELECTRONICS,6.8181286
2017-08-26,51,PLAYERS AND ELECTRONICS,8.710584
2017-08-27,51,PLAYERS AND ELECTRONICS,6.954204
2017-08-28,51,PLAYERS AND ELECTRONICS,5.5658007
2017-08-29,51,PLAYERS AND ELECTRONICS,3.392672
2017-08-30,51,PLAYERS AND ELECTRONICS,5.536851
2017-08-16,51,POULTRY,2410.3994
2017-08-17,51,POULTRY,332.6978
2017-08-18,51,POULTRY,125.477455
2017-08-19,51,POULTRY,124.92022
2017-08-20,51,POULTRY,181.11673
2017-08-21,51,POULTRY,89.8008
2017-08-22,51,POULTRY,22.460249
2017-08-23,51,POULTRY,88.03143
2017-08-24,51,POULTRY,31.099396
2017-08-25,51,POULTRY,13.397524
2017-08-26,51,POULTRY,15.232202
2017-08-27,51,POULTRY,16.100632
2017-08-28,51,POULTRY,20.159142
2017-08-29,51,POULTRY,12.645548
2017-08-30,51,POULTRY,45.953884
2017-08-16,51,PREPARED FOODS,6.8792896
2017-08-17,51,PREPARED FOODS,6.548242
2017-08-18,51,PREPARED FOODS,4.436461
2017-08-19,51,PREPARED FOODS,4.7164574
2017-08-20,51,PREPARED FOODS,4.822739
2017-08-21,51,PREPARED FOODS,2.0466247
2017-08-22,51,PREPARED FOODS,1.662742
2017-08-23,51,PREPARED FOODS,2.6073153
2017-08-24,51,PREPARED FOODS,2.149366
2017-08-25,51,PREPARED FOODS,2.1516972
2017-08-26,51,PREPARED FOODS,1.7530508
2017-08-27,51,PREPARED FOODS,1.6584756
2017-08-28,51,PREPARED FOODS,1.7100686
2017-08-29,51,PREPARED FOODS,1.066244
2017-08-30,51,PREPARED FOODS,0.9918649
2017-08-16,51,PRODUCE,6.087957
2017-08-17,51,PRODUCE,5.742343
2017-08-18,51,PRODUCE,5.0445194
2017-08-19,51,PRODUCE,3.994686
2017-08-20,51,PRODUCE,3.0679545
2017-08-21,51,PRODUCE,2.4703996
2017-08-22,51,PRODUCE,1.8315572
2017-08-23,51,PRODUCE,1.8959619
2017-08-24,51,PRODUCE,2.383606
2017-08-25,51,PRODUCE,2.6079988
2017-08-26,51,PRODUCE,2.132138
2017-08-27,51,PRODUCE,2.034593
2017-08-28,51,PRODUCE,1.3795359
2017-08-29,51,PRODUCE,1.428984
2017-08-30,51,PRODUCE,1.6859627
2017-08-16,51,SCHOOL AND OFFICE SUPPLIES,7.6716866
2017-08-17,51,SCHOOL AND OFFICE SUPPLIES,8.209864
2017-08-18,51,SCHOOL AND OFFICE SUPPLIES,8.923557
2017-08-19,51,SCHOOL AND OFFICE SUPPLIES,8.28162
2017-08-20,51,SCHOOL AND OFFICE SUPPLIES,8.237237
2017-08-21,51,SCHOOL AND OFFICE SUPPLIES,7.196166
2017-08-22,51,SCHOOL AND OFFICE SUPPLIES,6.138232
2017-08-23,51,SCHOOL AND OFFICE SUPPLIES,7.49805
2017-08-24,51,SCHOOL AND OFFICE SUPPLIES,8.222032
2017-08-25,51,SCHOOL AND OFFICE SUPPLIES,8.160513
2017-08-26,51,SCHOOL AND OFFICE SUPPLIES,7.7930384
2017-08-27,51,SCHOOL AND OFFICE SUPPLIES,7.396672
2017-08-28,51,SCHOOL AND OFFICE SUPPLIES,7.000434
2017-08-29,51,SCHOOL AND OFFICE SUPPLIES,6.0973268
2017-08-30,51,SCHOOL AND OFFICE SUPPLIES,7.6989965
2017-08-16,51,SEAFOOD,0.0
2017-08-17,51,SEAFOOD,0.0
2017-08-18,51,SEAFOOD,0.0
2017-08-19,51,SEAFOOD,0.0
2017-08-20,51,SEAFOOD,0.0
2017-08-21,51,SEAFOOD,0.0
2017-08-22,51,SEAFOOD,0.0
2017-08-23,51,SEAFOOD,0.0
2017-08-24,51,SEAFOOD,0.0
2017-08-25,51,SEAFOOD,0.0
2017-08-26,51,SEAFOOD,0.0
2017-08-27,51,SEAFOOD,0.0
2017-08-28,51,SEAFOOD,0.0
2017-08-29,51,SEAFOOD,0.0
2017-08-30,51,SEAFOOD,0.0
2017-08-16,52,AUTOMOTIVE,4.7095103
2017-08-17,52,AUTOMOTIVE,5.33917
2017-08-18,52,AUTOMOTIVE,3.8237145
2017-08-19,52,AUTOMOTIVE,4.805366
2017-08-20,52,AUTOMOTIVE,5.1991825
2017-08-21,52,AUTOMOTIVE,4.130415
2017-08-22,52,AUTOMOTIVE,3.9266942
2017-08-23,52,AUTOMOTIVE,5.6117315
2017-08-24,52,AUTOMOTIVE,5.1042156
2017-08-25,52,AUTOMOTIVE,4.5788755
2017-08-26,52,AUTOMOTIVE,5.4098654
2017-08-27,52,AUTOMOTIVE,5.004785
2017-08-28,52,AUTOMOTIVE,3.9125621
2017-08-29,52,AUTOMOTIVE,4.368284
2017-08-30,52,AUTOMOTIVE,3.569414
2017-08-16,52,BEAUTY,1602.8573
2017-08-17,52,BEAUTY,2240.7942
2017-08-18,52,BEAUTY,1595.1969
2017-08-19,52,BEAUTY,1508.7959
2017-08-20,52,BEAUTY,1618.0376
2017-08-21,52,BEAUTY,1532.892
2017-08-22,52,BEAUTY,1461.6052
2017-08-23,52,BEAUTY,1321.4012
2017-08-24,52,BEAUTY,1928.9878
2017-08-25,52,BEAUTY,1563.4484
2017-08-26,52,BEAUTY,1373.4119
2017-08-27,52,BEAUTY,1495.0928
2017-08-28,52,BEAUTY,1512.4202
2017-08-29,52,BEAUTY,1335.1858
2017-08-30,52,BEAUTY,1292.0428
2017-08-16,52,BEVERAGES,0.0
2017-08-17,52,BEVERAGES,0.000113154645
2017-08-18,52,BEVERAGES,0.010128708
2017-08-19,52,BEVERAGES,0.0
2017-08-20,52,BEVERAGES,0.0
2017-08-21,52,BEVERAGES,0.014291766
2017-08-22,52,BEVERAGES,0.010241263
2017-08-23,52,BEVERAGES,0.0
2017-08-24,52,BEVERAGES,0.0049419776
2017-08-25,52,BEVERAGES,0.019942857
2017-08-26,52,BEVERAGES,0.0018621968
2017-08-27,52,BEVERAGES,0.009506264
2017-08-28,52,BEVERAGES,0.01914551
2017-08-29,52,BEVERAGES,0.021806935
2017-08-30,52,BEVERAGES,0.014012203
2017-08-16,52,BREAD/BAKERY,399.36865
2017-08-17,52,BREAD/BAKERY,495.1581
2017-08-18,52,BREAD/BAKERY,394.4375
2017-08-19,52,BREAD/BAKERY,371.3654
2017-08-20,52,BREAD/BAKERY,386.1687
2017-08-21,52,BREAD/BAKERY,388.10788
2017-08-22,52,BREAD/BAKERY,356.82382
2017-08-23,52,BREAD/BAKERY,357.616
2017-08-24,52,BREAD/BAKERY,442.0059
2017-08-25,52,BREAD/BAKERY,375.22305
2017-08-26,52,BREAD/BAKERY,355.9892
2017-08-27,52,BREAD/BAKERY,372.64288
2017-08-28,52,BREAD/BAKERY,358.48718
2017-08-29,52,BREAD/BAKERY,316.96274
2017-08-30,52,BREAD/BAKERY,340.3342
2017-08-16,52,CELEBRATION,8.647416
2017-08-17,52,CELEBRATION,9.2895975
2017-08-18,52,CELEBRATION,8.791271
2017-08-19,52,CELEBRATION,9.538949
2017-08-20,52,CELEBRATION,8.28981
2017-08-21,52,CELEBRATION,10.924246
2017-08-22,52,CELEBRATION,8.543988
2017-08-23,52,CELEBRATION,8.466833
2017-08-24,52,CELEBRATION,8.910264
2017-08-25,52,CELEBRATION,7.895606
2017-08-26,52,CELEBRATION,9.676176
2017-08-27,52,CELEBRATION,9.282672
2017-08-28,52,CELEBRATION,8.033116
2017-08-29,52,CELEBRATION,7.3733873
2017-08-30,52,CELEBRATION,8.643223
2017-08-16,52,CLEANING,598.4401
2017-08-17,52,CLEANING,721.0299
2017-08-18,52,CLEANING,629.4157
2017-08-19,52,CLEANING,593.71454
2017-08-20,52,CLEANING,659.78107
2017-08-21,52,CLEANING,517.8955
2017-08-22,52,CLEANING,484.78488
2017-08-23,52,CLEANING,503.21652
2017-08-24,52,CLEANING,619.63635
2017-08-25,52,CLEANING,530.22736
2017-08-26,52,CLEANING,507.72977
2017-08-27,52,CLEANING,574.6307
2017-08-28,52,CLEANING,518.0043
2017-08-29,52,CLEANING,415.1059
2017-08-30,52,CLEANING,444.8625
2017-08-16,52,DAIRY,470.1241
2017-08-17,52,DAIRY,556.8878
2017-08-18,52,DAIRY,409.9278
2017-08-19,52,DAIRY,395.30264
2017-08-20,52,DAIRY,453.71207
2017-08-21,52,DAIRY,404.22845
2017-08-22,52,DAIRY,389.64432
2017-08-23,52,DAIRY,397.4142
2017-08-24,52,DAIRY,541.9132
2017-08-25,52,DAIRY,422.4234
2017-08-26,52,DAIRY,373.70032
2017-08-27,52,DAIRY,429.7164
2017-08-28,52,DAIRY,404.79047
2017-08-29,52,DAIRY,366.45297
2017-08-30,52,DAIRY,390.40295
2017-08-16,52,DELI,202.7251
2017-08-17,52,DELI,243.56926
2017-08-18,52,DELI,258.48584
2017-08-19,52,DELI,203.62776
2017-08-20,52,DELI,194.69078
2017-08-21,52,DELI,207.5122
2017-08-22,52,DELI,172.1711
2017-08-23,52,DELI,182.28433
2017-08-24,52,DELI,261.50555
2017-08-25,52,DELI,298.59464
2017-08-26,52,DELI,194.30322
2017-08-27,52,DELI,178.38368
2017-08-28,52,DELI,197.30612
2017-08-29,52,DELI,149.579
2017-08-30,52,DELI,188.75285
2017-08-16,52,EGGS,83.85825
2017-08-17,52,EGGS,104.135284
2017-08-18,52,EGGS,132.99577
2017-08-19,52,EGGS,86.73039
2017-08-20,52,EGGS,77.00735
2017-08-21,52,EGGS,67.21537
2017-08-22,52,EGGS,69.9043
2017-08-23,52,EGGS,75.68282
2017-08-24,52,EGGS,102.45419
2017-08-25,52,EGGS,115.01539
2017-08-26,52,EGGS,75.08604
2017-08-27,52,EGGS,73.67824
2017-08-28,52,EGGS,69.91161
2017-08-29,52,EGGS,62.31742
2017-08-30,52,EGGS,76.31869
2017-08-16,52,FROZEN FOODS,105.75366
2017-08-17,52,FROZEN FOODS,110.88597
2017-08-18,52,FROZEN FOODS,89.36085
2017-08-19,52,FROZEN FOODS,100.65978
2017-08-20,52,FROZEN FOODS,106.23864
2017-08-21,52,FROZEN FOODS,96.52743
2017-08-22,52,FROZEN FOODS,85.2423
2017-08-23,52,FROZEN FOODS,105.286804
2017-08-24,52,FROZEN FOODS,95.78079
2017-08-25,52,FROZEN FOODS,80.53645
2017-08-26,52,FROZEN FOODS,91.12158
2017-08-27,52,FROZEN FOODS,98.352196
2017-08-28,52,FROZEN FOODS,95.33468
2017-08-29,52,FROZEN FOODS,72.54569
2017-08-30,52,FROZEN FOODS,95.657646
2017-08-16,52,GROCERY I,2182.2275
2017-08-17,52,GROCERY I,2412.5752
2017-08-18,52,GROCERY I,1812.783
2017-08-19,52,GROCERY I,1649.6395
2017-08-20,52,GROCERY I,1923.8873
2017-08-21,52,GROCERY I,1744.202
2017-08-22,52,GROCERY I,1653.3445
2017-08-23,52,GROCERY I,1540.1719
2017-08-24,52,GROCERY I,2092.9324
2017-08-25,52,GROCERY I,1675.9838
2017-08-26,52,GROCERY I,1463.0575
2017-08-27,52,GROCERY I,1746.2142
2017-08-28,52,GROCERY I,1662.556
2017-08-29,52,GROCERY I,1743.7584
2017-08-30,52,GROCERY I,1605.4283
2017-08-16,52,GROCERY II,13.499809
2017-08-17,52,GROCERY II,14.364485
2017-08-18,52,GROCERY II,14.502138
2017-08-19,52,GROCERY II,15.992624
2017-08-20,52,GROCERY II,15.692823
2017-08-21,52,GROCERY II,15.246779
2017-08-22,52,GROCERY II,11.226142
2017-08-23,52,GROCERY II,12.850215
2017-08-24,52,GROCERY II,14.665062
2017-08-25,52,GROCERY II,14.487065
2017-08-26,52,GROCERY II,14.029521
2017-08-27,52,GROCERY II,13.037215
2017-08-28,52,GROCERY II,13.990568
2017-08-29,52,GROCERY II,10.002591
2017-08-30,52,GROCERY II,11.637199
2017-08-16,52,HARDWARE,1.3862762
2017-08-17,52,HARDWARE,1.7981044
2017-08-18,52,HARDWARE,1.8138946
2017-08-19,52,HARDWARE,1.4968823
2017-08-20,52,HARDWARE,1.4076585
2017-08-21,52,HARDWARE,1.136637
2017-08-22,52,HARDWARE,1.2943617
2017-08-23,52,HARDWARE,1.5439962
2017-08-24,52,HARDWARE,1.8511256
2017-08-25,52,HARDWARE,1.4504844
2017-08-26,52,HARDWARE,2.000941
2017-08-27,52,HARDWARE,1.4395546
2017-08-28,52,HARDWARE,1.348774
2017-08-29,52,HARDWARE,1.5271405
2017-08-30,52,HARDWARE,1.3819721
2017-08-16,52,HOME AND KITCHEN I,21.961416
2017-08-17,52,HOME AND KITCHEN I,19.930582
2017-08-18,52,HOME AND KITCHEN I,19.249208
2017-08-19,52,HOME AND KITCHEN I,20.10824
2017-08-20,52,HOME AND KITCHEN I,20.577427
2017-08-21,52,HOME AND KITCHEN I,21.234138
2017-08-22,52,HOME AND KITCHEN I,17.969658
2017-08-23,52,HOME AND KITCHEN I,17.898914
2017-08-24,52,HOME AND KITCHEN I,19.242552
2017-08-25,52,HOME AND KITCHEN I,20.34749
2017-08-26,52,HOME AND KITCHEN I,20.510754
2017-08-27,52,HOME AND KITCHEN I,19.376886
2017-08-28,52,HOME AND KITCHEN I,17.442642
2017-08-29,52,HOME AND KITCHEN I,15.8427105
2017-08-30,52,HOME AND KITCHEN I,15.378254
2017-08-16,52,HOME AND KITCHEN II,19.407654
2017-08-17,52,HOME AND KITCHEN II,23.520596
2017-08-18,52,HOME AND KITCHEN II,20.67757
2017-08-19,52,HOME AND KITCHEN II,23.14368
2017-08-20,52,HOME AND KITCHEN II,25.07955
2017-08-21,52,HOME AND KITCHEN II,19.168627
2017-08-22,52,HOME AND KITCHEN II,18.275732
2017-08-23,52,HOME AND KITCHEN II,20.551716
2017-08-24,52,HOME AND KITCHEN II,20.58342
2017-08-25,52,HOME AND KITCHEN II,21.141212
2017-08-26,52,HOME AND KITCHEN II,22.72246
2017-08-27,52,HOME AND KITCHEN II,23.19706
2017-08-28,52,HOME AND KITCHEN II,17.43498
2017-08-29,52,HOME AND KITCHEN II,16.799297
2017-08-30,52,HOME AND KITCHEN II,19.885298
2017-08-16,52,HOME APPLIANCES,0.040448103
2017-08-17,52,HOME APPLIANCES,0.051046193
2017-08-18,52,HOME APPLIANCES,0.038154535
2017-08-19,52,HOME APPLIANCES,0.07807185
2017-08-20,52,HOME APPLIANCES,0.07947866
2017-08-21,52,HOME APPLIANCES,0.0688917
2017-08-22,52,HOME APPLIANCES,0.084061556
2017-08-23,52,HOME APPLIANCES,0.08832353
2017-08-24,52,HOME APPLIANCES,0.06443473
2017-08-25,52,HOME APPLIANCES,0.121475294
2017-08-26,52,HOME APPLIANCES,0.087239
2017-08-27,52,HOME APPLIANCES,0.12199157
2017-08-28,52,HOME APPLIANCES,0.1311347
2017-08-29,52,HOME APPLIANCES,0.071778856
2017-08-30,52,HOME APPLIANCES,0.07423432
2017-08-16,52,HOME CARE,172.79083
2017-08-17,52,HOME CARE,196.56097
2017-08-18,52,HOME CARE,177.97343
2017-08-19,52,HOME CARE,168.37924
2017-08-20,52,HOME CARE,168.06235
2017-08-21,52,HOME CARE,130.345
2017-08-22,52,HOME CARE,109.15763
2017-08-23,52,HOME CARE,129.15215
2017-08-24,52,HOME CARE,176.93913
2017-08-25,52,HOME CARE,169.66656
2017-08-26,52,HOME CARE,145.62209
2017-08-27,52,HOME CARE,153.24799
2017-08-28,52,HOME CARE,118.869835
2017-08-29,52,HOME CARE,108.226364
2017-08-30,52,HOME CARE,108.81406
2017-08-16,52,LADIESWEAR,8.305434
2017-08-17,52,LADIESWEAR,10.890966
2017-08-18,52,LADIESWEAR,10.885063
2017-08-19,52,LADIESWEAR,7.671886
2017-08-20,52,LADIESWEAR,6.2057147
2017-08-21,52,LADIESWEAR,6.006239
2017-08-22,52,LADIESWEAR,5.890009
2017-08-23,52,LADIESWEAR,6.2668676
2017-08-24,52,LADIESWEAR,8.462862
2017-08-25,52,LADIESWEAR,7.46824
2017-08-26,52,LADIESWEAR,6.264785
2017-08-27,52,LADIESWEAR,5.810984
2017-08-28,52,LADIESWEAR,4.24861
2017-08-29,52,LADIESWEAR,3.9215283
2017-08-30,52,LADIESWEAR,4.09778
2017-08-16,52,LAWN AND GARDEN,14.298525
2017-08-17,52,LAWN AND GARDEN,13.938671
2017-08-18,52,LAWN AND GARDEN,12.351375
2017-08-19,52,LAWN AND GARDEN,12.883967
2017-08-20,52,LAWN AND GARDEN,13.207883
2017-08-21,52,LAWN AND GARDEN,13.537717
2017-08-22,52,LAWN AND GARDEN,8.951718
2017-08-23,52,LAWN AND GARDEN,12.122843
2017-08-24,52,LAWN AND GARDEN,14.664922
2017-08-25,52,LAWN AND GARDEN,12.046401
2017-08-26,52,LAWN AND GARDEN,12.693593
2017-08-27,52,LAWN AND GARDEN,11.52795
2017-08-28,52,LAWN AND GARDEN,10.130994
2017-08-29,52,LAWN AND GARDEN,8.913866
2017-08-30,52,LAWN AND GARDEN,11.316054
2017-08-16,52,LINGERIE,7.326594
2017-08-17,52,LINGERIE,8.815525
2017-08-18,52,LINGERIE,7.8216333
2017-08-19,52,LINGERIE,6.875273
2017-08-20,52,LINGERIE,7.139754
2017-08-21,52,LINGERIE,6.884344
2017-08-22,52,LINGERIE,5.81027
2017-08-23,52,LINGERIE,6.3792386
2017-08-24,52,LINGERIE,7.2522116
2017-08-25,52,LINGERIE,7.6890817
2017-08-26,52,LINGERIE,7.428049
2017-08-27,52,LINGERIE,7.5966372
2017-08-28,52,LINGERIE,7.363164
2017-08-29,52,LINGERIE,6.6695104
2017-08-30,52,LINGERIE,5.446953
2017-08-16,52,"LIQUOR,WINE,BEER",78.59482
2017-08-17,52,"LIQUOR,WINE,BEER",80.65333
2017-08-18,52,"LIQUOR,WINE,BEER",87.718925
2017-08-19,52,"LIQUOR,WINE,BEER",76.989044
2017-08-20,52,"LIQUOR,WINE,BEER",64.36464
2017-08-21,52,"LIQUOR,WINE,BEER",83.24283
2017-08-22,52,"LIQUOR,WINE,BEER",54.138973
2017-08-23,52,"LIQUOR,WINE,BEER",67.945274
2017-08-24,52,"LIQUOR,WINE,BEER",54.036366
2017-08-25,52,"LIQUOR,WINE,BEER",56.160828
2017-08-26,52,"LIQUOR,WINE,BEER",59.28894
2017-08-27,52,"LIQUOR,WINE,BEER",52.033745
2017-08-28,52,"LIQUOR,WINE,BEER",72.17091
2017-08-29,52,"LIQUOR,WINE,BEER",45.67502
2017-08-30,52,"LIQUOR,WINE,BEER",69.82143
2017-08-16,52,MAGAZINES,4.932845
2017-08-17,52,MAGAZINES,6.0925717
2017-08-18,52,MAGAZINES,4.953912
2017-08-19,52,MAGAZINES,5.080018
2017-08-20,52,MAGAZINES,5.2259684
2017-08-21,52,MAGAZINES,5.3119297
2017-08-22,52,MAGAZINES,4.3594074
2017-08-23,52,MAGAZINES,4.5723963
2017-08-24,52,MAGAZINES,5.396764
2017-08-25,52,MAGAZINES,5.0982175
2017-08-26,52,MAGAZINES,4.0529613
2017-08-27,52,MAGAZINES,4.473369
2017-08-28,52,MAGAZINES,5.1216564
2017-08-29,52,MAGAZINES,4.263839
2017-08-30,52,MAGAZINES,4.875345
2017-08-16,52,MEATS,239.67175
2017-08-17,52,MEATS,211.46104
2017-08-18,52,MEATS,383.39078
2017-08-19,52,MEATS,179.73935
2017-08-20,52,MEATS,220.79852
2017-08-21,52,MEATS,197.4866
2017-08-22,52,MEATS,175.75014
2017-08-23,52,MEATS,216.14273
2017-08-24,52,MEATS,197.49246
2017-08-25,52,MEATS,313.51895
2017-08-26,52,MEATS,154.30176
2017-08-27,52,MEATS,207.03246
2017-08-28,52,MEATS,179.79031
2017-08-29,52,MEATS,156.58038
2017-08-30,52,MEATS,178.52574
2017-08-16,52,PERSONAL CARE,168.88052
2017-08-17,52,PERSONAL CARE,207.01775
2017-08-18,52,PERSONAL CARE,198.67421
2017-08-19,52,PERSONAL CARE,191.11322
2017-08-20,52,PERSONAL CARE,193.84302
2017-08-21,52,PERSONAL CARE,180.88918
2017-08-22,52,PERSONAL CARE,158.97739
2017-08-23,52,PERSONAL CARE,171.27763
2017-08-24,52,PERSONAL CARE,207.01755
2017-08-25,52,PERSONAL CARE,180.85661
2017-08-26,52,PERSONAL CARE,179.13478
2017-08-27,52,PERSONAL CARE,191.31767
2017-08-28,52,PERSONAL CARE,164.04286
2017-08-29,52,PERSONAL CARE,158.48695
2017-08-30,52,PERSONAL CARE,162.15561
2017-08-16,52,PET SUPPLIES,4.295138
2017-08-17,52,PET SUPPLIES,6.4306254
2017-08-18,52,PET SUPPLIES,5.1942234
2017-08-19,52,PET SUPPLIES,4.3621054
2017-08-20,52,PET SUPPLIES,4.947314
2017-08-21,52,PET SUPPLIES,4.952218
2017-08-22,52,PET SUPPLIES,3.831156
2017-08-23,52,PET SUPPLIES,3.5636911
2017-08-24,52,PET SUPPLIES,4.7437186
2017-08-25,52,PET SUPPLIES,4.154448
2017-08-26,52,PET SUPPLIES,4.196029
2017-08-27,52,PET SUPPLIES,4.2269883
2017-08-28,52,PET SUPPLIES,4.402227
2017-08-29,52,PET SUPPLIES,3.393613
2017-08-30,52,PET SUPPLIES,4.395414
2017-08-16,52,PLAYERS AND ELECTRONICS,6.373915
2017-08-17,52,PLAYERS AND ELECTRONICS,6.4836736
2017-08-18,52,PLAYERS AND ELECTRONICS,6.667742
2017-08-19,52,PLAYERS AND ELECTRONICS,5.671732
2017-08-20,52,PLAYERS AND ELECTRONICS,7.0159135
2017-08-21,52,PLAYERS AND ELECTRONICS,6.4013996
2017-08-22,52,PLAYERS AND ELECTRONICS,6.123163
2017-08-23,52,PLAYERS AND ELECTRONICS,6.6660023
2017-08-24,52,PLAYERS AND ELECTRONICS,7.6172924
2017-08-25,52,PLAYERS AND ELECTRONICS,7.537575
2017-08-26,52,PLAYERS AND ELECTRONICS,6.5996823
2017-08-27,52,PLAYERS AND ELECTRONICS,5.98629
2017-08-28,52,PLAYERS AND ELECTRONICS,6.065813
2017-08-29,52,PLAYERS AND ELECTRONICS,5.247027
2017-08-30,52,PLAYERS AND ELECTRONICS,5.550111
2017-08-16,52,POULTRY,172.73409
2017-08-17,52,POULTRY,188.52527
2017-08-18,52,POULTRY,249.30255
2017-08-19,52,POULTRY,154.37595
2017-08-20,52,POULTRY,192.41092
2017-08-21,52,POULTRY,175.10847
2017-08-22,52,POULTRY,147.7817
2017-08-23,52,POULTRY,171.67896
2017-08-24,52,POULTRY,185.38985
2017-08-25,52,POULTRY,216.25587
2017-08-26,52,POULTRY,147.94597
2017-08-27,52,POULTRY,174.02882
2017-08-28,52,POULTRY,155.16385
2017-08-29,52,POULTRY,142.07562
2017-08-30,52,POULTRY,170.85938
2017-08-16,52,PREPARED FOODS,53.307255
2017-08-17,52,PREPARED FOODS,64.16687
2017-08-18,52,PREPARED FOODS,65.757545
2017-08-19,52,PREPARED FOODS,62.976696
2017-08-20,52,PREPARED FOODS,63.710354
2017-08-21,52,PREPARED FOODS,63.32535
2017-08-22,52,PREPARED FOODS,48.521824
2017-08-23,52,PREPARED FOODS,53.09914
2017-08-24,52,PREPARED FOODS,66.639946
2017-08-25,52,PREPARED FOODS,61.526985
2017-08-26,52,PREPARED FOODS,61.63283
2017-08-27,52,PREPARED FOODS,59.39417
2017-08-28,52,PREPARED FOODS,57.043667
2017-08-29,52,PREPARED FOODS,54.340622
2017-08-30,52,PREPARED FOODS,56.258606
2017-08-16,52,PRODUCE,2284.1572
2017-08-17,52,PRODUCE,1467.1207
2017-08-18,52,PRODUCE,1294.8633
2017-08-19,52,PRODUCE,1199.3782
2017-08-20,52,PRODUCE,1394.2103
2017-08-21,52,PRODUCE,1330.3425
2017-08-22,52,PRODUCE,1092.4564
2017-08-23,52,PRODUCE,1860.2012
2017-08-24,52,PRODUCE,1197.8239
2017-08-25,52,PRODUCE,989.4462
2017-08-26,52,PRODUCE,1040.6854
2017-08-27,52,PRODUCE,1262.648
2017-08-28,52,PRODUCE,1062.0737
2017-08-29,52,PRODUCE,1062.5219
2017-08-30,52,PRODUCE,1767.7476
2017-08-16,52,SCHOOL AND OFFICE SUPPLIES,0.8339419
2017-08-17,52,SCHOOL AND OFFICE SUPPLIES,0.71388465
2017-08-18,52,SCHOOL AND OFFICE SUPPLIES,0.6234158
2017-08-19,52,SCHOOL AND OFFICE SUPPLIES,0.4251598
2017-08-20,52,SCHOOL AND OFFICE SUPPLIES,0.55835736
2017-08-21,52,SCHOOL AND OFFICE SUPPLIES,0.3595566
2017-08-22,52,SCHOOL AND OFFICE SUPPLIES,0.46776336
2017-08-23,52,SCHOOL AND OFFICE SUPPLIES,0.60436094
2017-08-24,52,SCHOOL AND OFFICE SUPPLIES,0.6867979
2017-08-25,52,SCHOOL AND OFFICE SUPPLIES,0.68659914
2017-08-26,52,SCHOOL AND OFFICE SUPPLIES,0.5087043
2017-08-27,52,SCHOOL AND OFFICE SUPPLIES,0.69344455
2017-08-28,52,SCHOOL AND OFFICE SUPPLIES,0.612963
2017-08-29,52,SCHOOL AND OFFICE SUPPLIES,0.628624
2017-08-30,52,SCHOOL AND OFFICE SUPPLIES,0.62192994
2017-08-16,52,SEAFOOD,4.890215
2017-08-17,52,SEAFOOD,5.3387437
2017-08-18,52,SEAFOOD,5.1812754
2017-08-19,52,SEAFOOD,5.832766
2017-08-20,52,SEAFOOD,5.5299973
2017-08-21,52,SEAFOOD,6.490071
2017-08-22,52,SEAFOOD,4.4376383
2017-08-23,52,SEAFOOD,4.2204576
2017-08-24,52,SEAFOOD,6.8726816
2017-08-25,52,SEAFOOD,6.197915
2017-08-26,52,SEAFOOD,5.657064
2017-08-27,52,SEAFOOD,6.765769
2017-08-28,52,SEAFOOD,5.062099
2017-08-29,52,SEAFOOD,4.826174
2017-08-30,52,SEAFOOD,4.9074254
2017-08-16,53,AUTOMOTIVE,6.5582027
2017-08-17,53,AUTOMOTIVE,6.6724486
2017-08-18,53,AUTOMOTIVE,7.384729
2017-08-19,53,AUTOMOTIVE,6.834076
2017-08-20,53,AUTOMOTIVE,6.212943
2017-08-21,53,AUTOMOTIVE,6.7859454
2017-08-22,53,AUTOMOTIVE,6.4409204
2017-08-23,53,AUTOMOTIVE,6.8775187
2017-08-24,53,AUTOMOTIVE,7.5135684
2017-08-25,53,AUTOMOTIVE,7.4778075
2017-08-26,53,AUTOMOTIVE,6.774887
2017-08-27,53,AUTOMOTIVE,6.516002
2017-08-28,53,AUTOMOTIVE,6.356644
2017-08-29,53,AUTOMOTIVE,6.0819874
2017-08-30,53,AUTOMOTIVE,6.4664426
2017-08-16,53,BABY CARE,0.01084304
2017-08-17,53,BABY CARE,0.008268343
2017-08-18,53,BABY CARE,0.052666545
2017-08-19,53,BABY CARE,0.04664736
2017-08-20,53,BABY CARE,0.059802797
2017-08-21,53,BABY CARE,0.0
2017-08-22,53,BABY CARE,0.01938054
2017-08-23,53,BABY CARE,0.023213243
2017-08-24,53,BABY CARE,0.024568284
2017-08-25,53,BABY CARE,0.030109214
2017-08-26,53,BABY CARE,0.0
2017-08-27,53,BABY CARE,0.0105409855
2017-08-28,53,BABY CARE,0.02647275
2017-08-29,53,BABY CARE,0.07047859
2017-08-30,53,BABY CARE,0.042178154
2017-08-16,53,BEAUTY,0.7423646
2017-08-17,53,BEAUTY,0.9726898
2017-08-18,53,BEAUTY,0.6827559
2017-08-19,53,BEAUTY,0.50440884
2017-08-20,53,BEAUTY,0.69875485
2017-08-21,53,BEAUTY,0.5252723
2017-08-22,53,BEAUTY,0.69276434
2017-08-23,53,BEAUTY,0.8910462
2017-08-24,53,BEAUTY,0.7891754
2017-08-25,53,BEAUTY,0.86246717
2017-08-26,53,BEAUTY,0.6927276
2017-08-27,53,BEAUTY,0.6035708
2017-08-28,53,BEAUTY,0.4997728
2017-08-29,53,BEAUTY,0.5972893
2017-08-30,53,BEAUTY,0.7184986
2017-08-16,53,BEVERAGES,3768.2344
2017-08-17,53,BEVERAGES,3734.7583
2017-08-18,53,BEVERAGES,3619.2246
2017-08-19,53,BEVERAGES,3286.8389
2017-08-20,53,BEVERAGES,2647.439
2017-08-21,53,BEVERAGES,2170.5334
2017-08-22,53,BEVERAGES,1982.6478
2017-08-23,53,BEVERAGES,2150.3096
2017-08-24,53,BEVERAGES,2947.7969
2017-08-25,53,BEVERAGES,2770.9575
2017-08-26,53,BEVERAGES,2648.4412
2017-08-27,53,BEVERAGES,2141.7322
2017-08-28,53,BEVERAGES,1944.5026
2017-08-29,53,BEVERAGES,1665.1765
2017-08-30,53,BEVERAGES,2101.5952
2017-08-16,53,BOOKS,246.7775
2017-08-17,53,BOOKS,243.75757
2017-08-18,53,BOOKS,301.27347
2017-08-19,53,BOOKS,294.91434
2017-08-20,53,BOOKS,309.68478
2017-08-21,53,BOOKS,228.44719
2017-08-22,53,BOOKS,208.21054
2017-08-23,53,BOOKS,234.35255
2017-08-24,53,BOOKS,256.39236
2017-08-25,53,BOOKS,293.7133
2017-08-26,53,BOOKS,283.14548
2017-08-27,53,BOOKS,299.6222
2017-08-28,53,BOOKS,232.70679
2017-08-29,53,BOOKS,222.89568
2017-08-30,53,BOOKS,241.1839
2017-08-16,53,BREAD/BAKERY,5.493622
2017-08-17,53,BREAD/BAKERY,6.7227173
2017-08-18,53,BREAD/BAKERY,5.9119835
2017-08-19,53,BREAD/BAKERY,6.5624266
2017-08-20,53,BREAD/BAKERY,4.879794
2017-08-21,53,BREAD/BAKERY,5.284599
2017-08-22,53,BREAD/BAKERY,4.933702
2017-08-23,53,BREAD/BAKERY,5.683158
2017-08-24,53,BREAD/BAKERY,5.2624044
2017-08-25,53,BREAD/BAKERY,4.6812086
2017-08-26,53,BREAD/BAKERY,7.2395883
2017-08-27,53,BREAD/BAKERY,4.068807
2017-08-28,53,BREAD/BAKERY,4.8375254
2017-08-29,53,BREAD/BAKERY,4.5242066
2017-08-30,53,BREAD/BAKERY,5.131732
2017-08-16,53,CELEBRATION,1330.5658
2017-08-17,53,CELEBRATION,1219.598
2017-08-18,53,CELEBRATION,1267.0385
2017-08-19,53,CELEBRATION,1208.6805
2017-08-20,53,CELEBRATION,1010.39685
2017-08-21,53,CELEBRATION,964.355
2017-08-22,53,CELEBRATION,1004.46716
2017-08-23,53,CELEBRATION,1123.9136
2017-08-24,53,CELEBRATION,1372.8484
2017-08-25,53,CELEBRATION,1269.0667
2017-08-26,53,CELEBRATION,1230.3824
2017-08-27,53,CELEBRATION,1052.2234
2017-08-28,53,CELEBRATION,970.91614
2017-08-29,53,CELEBRATION,939.16516
2017-08-30,53,CELEBRATION,1155.4476
2017-08-16,53,CLEANING,339.97305
2017-08-17,53,CLEANING,316.27054
2017-08-18,53,CLEANING,330.83054
2017-08-19,53,CLEANING,299.9929
2017-08-20,53,CLEANING,273.87674
2017-08-21,53,CLEANING,239.88074
2017-08-22,53,CLEANING,239.2019
2017-08-23,53,CLEANING,331.5657
2017-08-24,53,CLEANING,349.0911
2017-08-25,53,CLEANING,307.53235
2017-08-26,53,CLEANING,270.01117
2017-08-27,53,CLEANING,247.6822
2017-08-28,53,CLEANING,221.73332
2017-08-29,53,CLEANING,224.1903
2017-08-30,53,CLEANING,308.60986
2017-08-16,53,DAIRY,226.9978
2017-08-17,53,DAIRY,235.98735
2017-08-18,53,DAIRY,283.13818
2017-08-19,53,DAIRY,234.6923
2017-08-20,53,DAIRY,206.7383
2017-08-21,53,DAIRY,197.50334
2017-08-22,53,DAIRY,186.38422
2017-08-23,53,DAIRY,216.00798
2017-08-24,53,DAIRY,264.53076
2017-08-25,53,DAIRY,295.2447
2017-08-26,53,DAIRY,246.27031
2017-08-27,53,DAIRY,198.26848
2017-08-28,53,DAIRY,182.48758
2017-08-29,53,DAIRY,191.34187
2017-08-30,53,DAIRY,219.25896
2017-08-16,53,DELI,66.02245
2017-08-17,53,DELI,84.1438
2017-08-18,53,DELI,104.55787
2017-08-19,53,DELI,80.73343
2017-08-20,53,DELI,56.915966
2017-08-21,53,DELI,70.85639
2017-08-22,53,DELI,65.81953
2017-08-23,53,DELI,75.3764
2017-08-24,53,DELI,78.87541
2017-08-25,53,DELI,93.72999
2017-08-26,53,DELI,87.58848
2017-08-27,53,DELI,70.97246
2017-08-28,53,DELI,74.489655
2017-08-29,53,DELI,60.117687
2017-08-30,53,DELI,76.140976
2017-08-16,53,EGGS,38.998478
2017-08-17,53,EGGS,36.436737
2017-08-18,53,EGGS,35.33586
2017-08-19,53,EGGS,39.576527
2017-08-20,53,EGGS,29.113539
2017-08-21,53,EGGS,33.100746
2017-08-22,53,EGGS,31.57021
2017-08-23,53,EGGS,36.9664
2017-08-24,53,EGGS,39.964222
2017-08-25,53,EGGS,34.292324
2017-08-26,53,EGGS,42.114754
2017-08-27,53,EGGS,28.738295
2017-08-28,53,EGGS,30.272158
2017-08-29,53,EGGS,31.30931
2017-08-30,53,EGGS,37.97162
2017-08-16,53,FROZEN FOODS,4764.904
2017-08-17,53,FROZEN FOODS,4185.9604
2017-08-18,53,FROZEN FOODS,3784.1287
2017-08-19,53,FROZEN FOODS,3401.1912
2017-08-20,53,FROZEN FOODS,2853.5981
2017-08-21,53,FROZEN FOODS,2825.674
2017-08-22,53,FROZEN FOODS,2824.9788
2017-08-23,53,FROZEN FOODS,3319.8171
2017-08-24,53,FROZEN FOODS,4450.9307
2017-08-25,53,FROZEN FOODS,4026.7856
2017-08-26,53,FROZEN FOODS,3523.4155
2017-08-27,53,FROZEN FOODS,2908.6907
2017-08-28,53,FROZEN FOODS,2862.319
2017-08-29,53,FROZEN FOODS,2778.711
2017-08-30,53,FROZEN FOODS,3448.9644
2017-08-16,53,GROCERY I,10.123722
2017-08-17,53,GROCERY I,11.165559
2017-08-18,53,GROCERY I,10.120489
2017-08-19,53,GROCERY I,9.644068
2017-08-20,53,GROCERY I,9.753227
2017-08-21,53,GROCERY I,8.89198
2017-08-22,53,GROCERY I,8.468976
2017-08-23,53,GROCERY I,10.1376095
2017-08-24,53,GROCERY I,9.462766
2017-08-25,53,GROCERY I,9.2869835
2017-08-26,53,GROCERY I,11.535906
2017-08-27,53,GROCERY I,10.025031
2017-08-28,53,GROCERY I,8.802294
2017-08-29,53,GROCERY I,8.117895
2017-08-30,53,GROCERY I,10.463552
2017-08-16,53,GROCERY II,0.87435895
2017-08-17,53,GROCERY II,0.7683325
2017-08-18,53,GROCERY II,0.8734967
2017-08-19,53,GROCERY II,0.68207276
2017-08-20,53,GROCERY II,0.7378096
2017-08-21,53,GROCERY II,0.60011244
2017-08-22,53,GROCERY II,0.8009122
2017-08-23,53,GROCERY II,0.97446984
2017-08-24,53,GROCERY II,0.86601895
2017-08-25,53,GROCERY II,0.7797536
2017-08-26,53,GROCERY II,0.88412845
2017-08-27,53,GROCERY II,0.6108016
2017-08-28,53,GROCERY II,0.9137144
2017-08-29,53,GROCERY II,0.64308417
2017-08-30,53,GROCERY II,0.7597137
2017-08-16,53,HARDWARE,23.019072
2017-08-17,53,HARDWARE,19.70516
2017-08-18,53,HARDWARE,20.312126
2017-08-19,53,HARDWARE,22.245607
2017-08-20,53,HARDWARE,19.965456
2017-08-21,53,HARDWARE,18.892033
2017-08-22,53,HARDWARE,18.53234
2017-08-23,53,HARDWARE,18.948805
2017-08-24,53,HARDWARE,17.12936
2017-08-25,53,HARDWARE,18.491856
2017-08-26,53,HARDWARE,17.783306
2017-08-27,53,HARDWARE,18.843184
2017-08-28,53,HARDWARE,17.827421
2017-08-29,53,HARDWARE,15.943918
2017-08-30,53,HARDWARE,18.232082
2017-08-16,53,HOME AND KITCHEN I,13.764671
2017-08-17,53,HOME AND KITCHEN I,12.663915
2017-08-18,53,HOME AND KITCHEN I,11.4421
2017-08-19,53,HOME AND KITCHEN I,13.204741
2017-08-20,53,HOME AND KITCHEN I,11.327829
2017-08-21,53,HOME AND KITCHEN I,11.016274
2017-08-22,53,HOME AND KITCHEN I,9.51452
2017-08-23,53,HOME AND KITCHEN I,11.741386
2017-08-24,53,HOME AND KITCHEN I,11.151757
2017-08-25,53,HOME AND KITCHEN I,10.569143
2017-08-26,53,HOME AND KITCHEN I,11.340489
2017-08-27,53,HOME AND KITCHEN I,10.052636
2017-08-28,53,HOME AND KITCHEN I,9.745701
2017-08-29,53,HOME AND KITCHEN I,10.228489
2017-08-30,53,HOME AND KITCHEN I,10.072936
2017-08-16,53,HOME AND KITCHEN II,0.14642072
2017-08-17,53,HOME AND KITCHEN II,0.14099795
2017-08-18,53,HOME AND KITCHEN II,0.17759916
2017-08-19,53,HOME AND KITCHEN II,0.15673682
2017-08-20,53,HOME AND KITCHEN II,0.18924324
2017-08-21,53,HOME AND KITCHEN II,0.11727064
2017-08-22,53,HOME AND KITCHEN II,0.09708286
2017-08-23,53,HOME AND KITCHEN II,0.13334306
2017-08-24,53,HOME AND KITCHEN II,0.16322353
2017-08-25,53,HOME AND KITCHEN II,0.17605565
2017-08-26,53,HOME AND KITCHEN II,0.1948047
2017-08-27,53,HOME AND KITCHEN II,0.2269933
2017-08-28,53,HOME AND KITCHEN II,0.20479625
2017-08-29,53,HOME AND KITCHEN II,0.20514844
2017-08-30,53,HOME AND KITCHEN II,0.22043803
2017-08-16,53,HOME APPLIANCES,195.16148
2017-08-17,53,HOME APPLIANCES,196.46198
2017-08-18,53,HOME APPLIANCES,178.71303
2017-08-19,53,HOME APPLIANCES,167.32935
2017-08-20,53,HOME APPLIANCES,167.06989
2017-08-21,53,HOME APPLIANCES,143.3562
2017-08-22,53,HOME APPLIANCES,133.00096
2017-08-23,53,HOME APPLIANCES,149.45087
2017-08-24,53,HOME APPLIANCES,174.57187
2017-08-25,53,HOME APPLIANCES,172.84264
2017-08-26,53,HOME APPLIANCES,159.21141
2017-08-27,53,HOME APPLIANCES,160.82486
2017-08-28,53,HOME APPLIANCES,130.16817
2017-08-29,53,HOME APPLIANCES,130.49101
2017-08-30,53,HOME APPLIANCES,140.0799
2017-08-16,53,HOME CARE,5.010655
2017-08-17,53,HOME CARE,4.9490204
2017-08-18,53,HOME CARE,5.295504
2017-08-19,53,HOME CARE,6.0086966
2017-08-20,53,HOME CARE,5.028879
2017-08-21,53,HOME CARE,5.1385655
2017-08-22,53,HOME CARE,3.8068237
2017-08-23,53,HOME CARE,4.764825
2017-08-24,53,HOME CARE,5.0655146
2017-08-25,53,HOME CARE,4.4185486
2017-08-26,53,HOME CARE,4.592612
2017-08-27,53,HOME CARE,4.2893596
2017-08-28,53,HOME CARE,4.2019887
2017-08-29,53,HOME CARE,4.1133204
2017-08-30,53,HOME CARE,4.2734385
2017-08-16,53,LADIESWEAR,35.222454
2017-08-17,53,LADIESWEAR,33.87573
2017-08-18,53,LADIESWEAR,46.101562
2017-08-19,53,LADIESWEAR,54.346104
2017-08-20,53,LADIESWEAR,36.894722
2017-08-21,53,LADIESWEAR,36.32382
2017-08-22,53,LADIESWEAR,32.403988
2017-08-23,53,LADIESWEAR,41.73121
2017-08-24,53,LADIESWEAR,35.70184
2017-08-25,53,LADIESWEAR,38.321255
2017-08-26,53,LADIESWEAR,59.50938
2017-08-27,53,LADIESWEAR,42.919624
2017-08-28,53,LADIESWEAR,43.83706
2017-08-29,53,LADIESWEAR,39.668755
2017-08-30,53,LADIESWEAR,50.221973
2017-08-16,53,LAWN AND GARDEN,1.0997568
2017-08-17,53,LAWN AND GARDEN,1.2293922
2017-08-18,53,LAWN AND GARDEN,1.1759982
2017-08-19,53,LAWN AND GARDEN,1.1341324
2017-08-20,53,LAWN AND GARDEN,1.2082727
2017-08-21,53,LAWN AND GARDEN,1.0702356
2017-08-22,53,LAWN AND GARDEN,0.8483691
2017-08-23,53,LAWN AND GARDEN,1.1295289
2017-08-24,53,LAWN AND GARDEN,1.1473604
2017-08-25,53,LAWN AND GARDEN,0.9597324
2017-08-26,53,LAWN AND GARDEN,0.9604356
2017-08-27,53,LAWN AND GARDEN,0.9948933
2017-08-28,53,LAWN AND GARDEN,0.84324515
2017-08-29,53,LAWN AND GARDEN,1.0200554
2017-08-30,53,LAWN AND GARDEN,1.0762088
2017-08-16,53,LINGERIE,54.556263
2017-08-17,53,LINGERIE,59.43761
2017-08-18,53,LINGERIE,59.77365
2017-08-19,53,LINGERIE,59.48998
2017-08-20,53,LINGERIE,54.476852
2017-08-21,53,LINGERIE,52.32979
2017-08-22,53,LINGERIE,47.983658
2017-08-23,53,LINGERIE,49.956226
2017-08-24,53,LINGERIE,59.913143
2017-08-25,53,LINGERIE,54.618454
2017-08-26,53,LINGERIE,58.868145
2017-08-27,53,LINGERIE,50.320156
2017-08-28,53,LINGERIE,51.297543
2017-08-29,53,LINGERIE,46.231968
2017-08-30,53,LINGERIE,51.377243
2017-08-16,53,"LIQUOR,WINE,BEER",194.93929
2017-08-17,53,"LIQUOR,WINE,BEER",226.30603
2017-08-18,53,"LIQUOR,WINE,BEER",208.12584
2017-08-19,53,"LIQUOR,WINE,BEER",197.30586
2017-08-20,53,"LIQUOR,WINE,BEER",164.16666
2017-08-21,53,"LIQUOR,WINE,BEER",160.76633
2017-08-22,53,"LIQUOR,WINE,BEER",166.20465
2017-08-23,53,"LIQUOR,WINE,BEER",193.76234
2017-08-24,53,"LIQUOR,WINE,BEER",232.57973
2017-08-25,53,"LIQUOR,WINE,BEER",224.72488
2017-08-26,53,"LIQUOR,WINE,BEER",214.38544
2017-08-27,53,"LIQUOR,WINE,BEER",181.15758
2017-08-28,53,"LIQUOR,WINE,BEER",162.67947
2017-08-29,53,"LIQUOR,WINE,BEER",162.89352
2017-08-30,53,"LIQUOR,WINE,BEER",181.2643
2017-08-16,53,MAGAZINES,0.0
2017-08-17,53,MAGAZINES,0.01432991
2017-08-18,53,MAGAZINES,0.019107394
2017-08-19,53,MAGAZINES,0.0
2017-08-20,53,MAGAZINES,0.0
2017-08-21,53,MAGAZINES,0.0
2017-08-22,53,MAGAZINES,0.0
2017-08-23,53,MAGAZINES,0.0
2017-08-24,53,MAGAZINES,0.0
2017-08-25,53,MAGAZINES,0.0017427938
2017-08-26,53,MAGAZINES,0.0
2017-08-27,53,MAGAZINES,0.0
2017-08-28,53,MAGAZINES,0.0
2017-08-29,53,MAGAZINES,0.0
2017-08-30,53,MAGAZINES,0.0
2017-08-16,53,MEATS,2.3504534
2017-08-17,53,MEATS,2.4346156
2017-08-18,53,MEATS,2.5383651
2017-08-19,53,MEATS,1.9417605
2017-08-20,53,MEATS,2.462696
2017-08-21,53,MEATS,1.8711973
2017-08-22,53,MEATS,2.0609
2017-08-23,53,MEATS,2.2485423
2017-08-24,53,MEATS,2.7007499
2017-08-25,53,MEATS,2.391172
2017-08-26,53,MEATS,2.3008246
2017-08-27,53,MEATS,2.5400906
2017-08-28,53,MEATS,1.4237821
2017-08-29,53,MEATS,2.3996992
2017-08-30,53,MEATS,2.4980366
2017-08-16,53,PERSONAL CARE,66.5489
2017-08-17,53,PERSONAL CARE,67.64361
2017-08-18,53,PERSONAL CARE,71.654686
2017-08-19,53,PERSONAL CARE,68.27556
2017-08-20,53,PERSONAL CARE,63.88777
2017-08-21,53,PERSONAL CARE,59.468372
2017-08-22,53,PERSONAL CARE,55.347702
2017-08-23,53,PERSONAL CARE,66.65549
2017-08-24,53,PERSONAL CARE,68.30906
2017-08-25,53,PERSONAL CARE,77.66667
2017-08-26,53,PERSONAL CARE,70.91041
2017-08-27,53,PERSONAL CARE,57.988075
2017-08-28,53,PERSONAL CARE,58.76509
2017-08-29,53,PERSONAL CARE,54.990154
2017-08-30,53,PERSONAL CARE,65.52092
2017-08-16,53,PET SUPPLIES,79.61343
2017-08-17,53,PET SUPPLIES,92.70098
2017-08-18,53,PET SUPPLIES,99.37986
2017-08-19,53,PET SUPPLIES,96.564224
2017-08-20,53,PET SUPPLIES,82.69957
2017-08-21,53,PET SUPPLIES,73.58497
2017-08-22,53,PET SUPPLIES,63.310833
2017-08-23,53,PET SUPPLIES,84.377365
2017-08-24,53,PET SUPPLIES,88.81425
2017-08-25,53,PET SUPPLIES,94.13942
2017-08-26,53,PET SUPPLIES,97.68901
2017-08-27,53,PET SUPPLIES,75.43055
2017-08-28,53,PET SUPPLIES,72.08193
2017-08-29,53,PET SUPPLIES,69.46245
2017-08-30,53,PET SUPPLIES,82.50545
2017-08-16,53,PLAYERS AND ELECTRONICS,899.20575
2017-08-17,53,PLAYERS AND ELECTRONICS,533.3812
2017-08-18,53,PLAYERS AND ELECTRONICS,497.71396
2017-08-19,53,PLAYERS AND ELECTRONICS,430.45117
2017-08-20,53,PLAYERS AND ELECTRONICS,431.49515
2017-08-21,53,PLAYERS AND ELECTRONICS,411.2161
2017-08-22,53,PLAYERS AND ELECTRONICS,507.25418
2017-08-23,53,PLAYERS AND ELECTRONICS,459.07413
2017-08-24,53,PLAYERS AND ELECTRONICS,407.83444
2017-08-25,53,PLAYERS AND ELECTRONICS,456.80588
2017-08-26,53,PLAYERS AND ELECTRONICS,461.1564
2017-08-27,53,PLAYERS AND ELECTRONICS,447.85434
2017-08-28,53,PLAYERS AND ELECTRONICS,432.29886
2017-08-29,53,PLAYERS AND ELECTRONICS,491.29138
2017-08-30,53,PLAYERS AND ELECTRONICS,420.55453
2017-08-16,53,POULTRY,0.0
2017-08-17,53,POULTRY,0.0
2017-08-18,53,POULTRY,0.0
2017-08-19,53,POULTRY,0.0
2017-08-20,53,POULTRY,0.0
2017-08-21,53,POULTRY,0.0
2017-08-22,53,POULTRY,0.0
2017-08-23,53,POULTRY,0.0
2017-08-24,53,POULTRY,0.0
2017-08-25,53,POULTRY,0.0
2017-08-26,53,POULTRY,0.0
2017-08-27,53,POULTRY,0.0
2017-08-28,53,POULTRY,0.0
2017-08-29,53,POULTRY,0.0
2017-08-30,53,POULTRY,0.0
2017-08-16,53,PREPARED FOODS,2.148573
2017-08-17,53,PREPARED FOODS,2.8492846
2017-08-18,53,PREPARED FOODS,2.632512
2017-08-19,53,PREPARED FOODS,2.6036754
2017-08-20,53,PREPARED FOODS,2.5088503
2017-08-21,53,PREPARED FOODS,1.8594726
2017-08-22,53,PREPARED FOODS,1.8986561
2017-08-23,53,PREPARED FOODS,2.1539342
2017-08-24,53,PREPARED FOODS,3.2374463
2017-08-25,53,PREPARED FOODS,2.2982943
2017-08-26,53,PREPARED FOODS,2.2088025
2017-08-27,53,PREPARED FOODS,2.1722176
2017-08-28,53,PREPARED FOODS,1.9549537
2017-08-29,53,PREPARED FOODS,2.1948342
2017-08-30,53,PREPARED FOODS,2.4038358
2017-08-16,53,PRODUCE,6.228608
2017-08-17,53,PRODUCE,6.515342
2017-08-18,53,PRODUCE,6.3682365
2017-08-19,53,PRODUCE,6.409213
2017-08-20,53,PRODUCE,6.4946737
2017-08-21,53,PRODUCE,6.011263
2017-08-22,53,PRODUCE,5.936109
2017-08-23,53,PRODUCE,6.601217
2017-08-24,53,PRODUCE,6.045022
2017-08-25,53,PRODUCE,5.8360887
2017-08-26,53,PRODUCE,6.007981
2017-08-27,53,PRODUCE,6.040885
2017-08-28,53,PRODUCE,5.323751
2017-08-29,53,PRODUCE,4.973008
2017-08-30,53,PRODUCE,5.8327737
2017-08-16,53,SCHOOL AND OFFICE SUPPLIES,0.28795746
2017-08-17,53,SCHOOL AND OFFICE SUPPLIES,0.31090492
2017-08-18,53,SCHOOL AND OFFICE SUPPLIES,0.29636252
2017-08-19,53,SCHOOL AND OFFICE SUPPLIES,0.26941723
2017-08-20,53,SCHOOL AND OFFICE SUPPLIES,0.31295642
2017-08-21,53,SCHOOL AND OFFICE SUPPLIES,0.26098013
2017-08-22,53,SCHOOL AND OFFICE SUPPLIES,0.25905532
2017-08-23,53,SCHOOL AND OFFICE SUPPLIES,0.31134722
2017-08-24,53,SCHOOL AND OFFICE SUPPLIES,0.3020933
2017-08-25,53,SCHOOL AND OFFICE SUPPLIES,0.22784677
2017-08-26,53,SCHOOL AND OFFICE SUPPLIES,0.2616263
2017-08-27,53,SCHOOL AND OFFICE SUPPLIES,0.24108997
2017-08-28,53,SCHOOL AND OFFICE SUPPLIES,0.15468857
2017-08-29,53,SCHOOL AND OFFICE SUPPLIES,0.18194239
2017-08-30,53,SCHOOL AND OFFICE SUPPLIES,0.24901097
2017-08-16,53,SEAFOOD,5.986335
2017-08-17,53,SEAFOOD,7.731101
2017-08-18,53,SEAFOOD,6.4501505
2017-08-19,53,SEAFOOD,6.204054
2017-08-20,53,SEAFOOD,6.682051
2017-08-21,53,SEAFOOD,5.9118
2017-08-22,53,SEAFOOD,5.516233
2017-08-23,53,SEAFOOD,6.0144672
2017-08-24,53,SEAFOOD,6.646659
2017-08-25,53,SEAFOOD,5.6305637
2017-08-26,53,SEAFOOD,6.9609165
2017-08-27,53,SEAFOOD,6.0039387
2017-08-28,53,SEAFOOD,5.553234
2017-08-29,53,SEAFOOD,6.043093
2017-08-30,53,SEAFOOD,6.1014237
2017-08-16,54,AUTOMOTIVE,1816.6752
2017-08-17,54,AUTOMOTIVE,1917.9215
2017-08-18,54,AUTOMOTIVE,1838.8945
2017-08-19,54,AUTOMOTIVE,1854.3562
2017-08-20,54,AUTOMOTIVE,1817.495
2017-08-21,54,AUTOMOTIVE,1749.9762
2017-08-22,54,AUTOMOTIVE,1643.9666
2017-08-23,54,AUTOMOTIVE,1919.0037
2017-08-24,54,AUTOMOTIVE,2079.1787
2017-08-25,54,AUTOMOTIVE,1960.9553
2017-08-26,54,AUTOMOTIVE,1935.178
2017-08-27,54,AUTOMOTIVE,1876.7133
2017-08-28,54,AUTOMOTIVE,1746.0228
2017-08-29,54,AUTOMOTIVE,1657.524
2017-08-30,54,AUTOMOTIVE,1921.668
2017-08-16,54,BABY CARE,0.0022368603
2017-08-17,54,BABY CARE,0.0
2017-08-18,54,BABY CARE,0.013886256
2017-08-19,54,BABY CARE,0.0
2017-08-20,54,BABY CARE,0.019888863
2017-08-21,54,BABY CARE,0.0
2017-08-22,54,BABY CARE,0.036792915
2017-08-23,54,BABY CARE,0.024483375
2017-08-24,54,BABY CARE,0.028127605
2017-08-25,54,BABY CARE,0.046243463
2017-08-26,54,BABY CARE,0.036714423
2017-08-27,54,BABY CARE,0.03540637
2017-08-28,54,BABY CARE,0.034863412
2017-08-29,54,BABY CARE,0.04216446
2017-08-30,54,BABY CARE,0.044086304
2017-08-16,54,BEAUTY,376.03992
2017-08-17,54,BEAUTY,378.79645
2017-08-18,54,BEAUTY,341.02963
2017-08-19,54,BEAUTY,381.12213
2017-08-20,54,BEAUTY,383.5421
2017-08-21,54,BEAUTY,363.90363
2017-08-22,54,BEAUTY,358.44952
2017-08-23,54,BEAUTY,395.1499
2017-08-24,54,BEAUTY,414.2068
2017-08-25,54,BEAUTY,389.49417
2017-08-26,54,BEAUTY,404.25516
2017-08-27,54,BEAUTY,403.9671
2017-08-28,54,BEAUTY,375.40088
2017-08-29,54,BEAUTY,361.99945
2017-08-30,54,BEAUTY,397.77594
2017-08-16,54,BEVERAGES,26.318274
2017-08-17,54,BEVERAGES,21.445238
2017-08-18,54,BEVERAGES,22.624664
2017-08-19,54,BEVERAGES,23.756279
2017-08-20,54,BEVERAGES,22.013714
2017-08-21,54,BEVERAGES,27.996727
2017-08-22,54,BEVERAGES,23.006748
2017-08-23,54,BEVERAGES,26.039103
2017-08-24,54,BEVERAGES,22.336683
2017-08-25,54,BEVERAGES,25.022045
2017-08-26,54,BEVERAGES,25.35026
2017-08-27,54,BEVERAGES,22.837158
2017-08-28,54,BEVERAGES,25.535568
2017-08-29,54,BEVERAGES,21.619837
2017-08-30,54,BEVERAGES,27.671661
2017-08-16,54,BREAD/BAKERY,868.2656
2017-08-17,54,BREAD/BAKERY,866.7247
2017-08-18,54,BREAD/BAKERY,755.17084
2017-08-19,54,BREAD/BAKERY,875.2781
2017-08-20,54,BREAD/BAKERY,891.7937
2017-08-21,54,BREAD/BAKERY,848.0662
2017-08-22,54,BREAD/BAKERY,834.5748
2017-08-23,54,BREAD/BAKERY,947.9512
2017-08-24,54,BREAD/BAKERY,1044.65
2017-08-25,54,BREAD/BAKERY,903.1396
2017-08-26,54,BREAD/BAKERY,1012.23706
2017-08-27,54,BREAD/BAKERY,945.247
2017-08-28,54,BREAD/BAKERY,910.45355
2017-08-29,54,BREAD/BAKERY,886.75116
2017-08-30,54,BREAD/BAKERY,1023.84375
2017-08-16,54,CELEBRATION,608.9114
2017-08-17,54,CELEBRATION,585.5192
2017-08-18,54,CELEBRATION,547.7994
2017-08-19,54,CELEBRATION,572.8448
2017-08-20,54,CELEBRATION,597.30963
2017-08-21,54,CELEBRATION,553.55756
2017-08-22,54,CELEBRATION,542.209
2017-08-23,54,CELEBRATION,597.55884
2017-08-24,54,CELEBRATION,642.7275
2017-08-25,54,CELEBRATION,549.0948
2017-08-26,54,CELEBRATION,582.2332
2017-08-27,54,CELEBRATION,586.77985
2017-08-28,54,CELEBRATION,536.93036
2017-08-29,54,CELEBRATION,553.7563
2017-08-30,54,CELEBRATION,613.40393
2017-08-16,54,CLEANING,243.91653
2017-08-17,54,CLEANING,241.28671
2017-08-18,54,CLEANING,264.7237
2017-08-19,54,CLEANING,237.59837
2017-08-20,54,CLEANING,224.66338
2017-08-21,54,CLEANING,213.34448
2017-08-22,54,CLEANING,212.96715
2017-08-23,54,CLEANING,245.56448
2017-08-24,54,CLEANING,262.2099
2017-08-25,54,CLEANING,286.23523
2017-08-26,54,CLEANING,262.4423
2017-08-27,54,CLEANING,244.69624
2017-08-28,54,CLEANING,226.33238
2017-08-29,54,CLEANING,233.002
2017-08-30,54,CLEANING,257.96613
2017-08-16,54,DAIRY,88.33455
2017-08-17,54,DAIRY,99.418564
2017-08-18,54,DAIRY,103.813385
2017-08-19,54,DAIRY,86.00506
2017-08-20,54,DAIRY,82.2538
2017-08-21,54,DAIRY,78.4885
2017-08-22,54,DAIRY,80.7353
2017-08-23,54,DAIRY,89.80489
2017-08-24,54,DAIRY,100.07438
2017-08-25,54,DAIRY,104.8532
2017-08-26,54,DAIRY,87.2366
2017-08-27,54,DAIRY,93.50748
2017-08-28,54,DAIRY,82.73637
2017-08-29,54,DAIRY,81.03205
2017-08-30,54,DAIRY,98.14915
2017-08-16,54,DELI,102.54404
2017-08-17,54,DELI,104.64132
2017-08-18,54,DELI,81.20572
2017-08-19,54,DELI,96.203804
2017-08-20,54,DELI,86.79942
2017-08-21,54,DELI,86.65406
2017-08-22,54,DELI,86.24677
2017-08-23,54,DELI,104.17679
2017-08-24,54,DELI,103.36315
2017-08-25,54,DELI,84.54122
2017-08-26,54,DELI,97.40093
2017-08-27,54,DELI,88.97613
2017-08-28,54,DELI,91.22975
2017-08-29,54,DELI,90.01559
2017-08-30,54,DELI,108.35205
2017-08-16,54,EGGS,3136.6926
2017-08-17,54,EGGS,2921.2556
2017-08-18,54,EGGS,2707.698
2017-08-19,54,EGGS,3074.6055
2017-08-20,54,EGGS,3205.3694
2017-08-21,54,EGGS,3056.942
2017-08-22,54,EGGS,3006.133
2017-08-23,54,EGGS,3327.188
2017-08-24,54,EGGS,3618.1042
2017-08-25,54,EGGS,3160.6099
2017-08-26,54,EGGS,3429.3042
2017-08-27,54,EGGS,3414.633
2017-08-28,54,EGGS,3220.673
2017-08-29,54,EGGS,3036.0784
2017-08-30,54,EGGS,3608.2869
2017-08-16,54,FROZEN FOODS,23.810497
2017-08-17,54,FROZEN FOODS,25.050867
2017-08-18,54,FROZEN FOODS,23.454567
2017-08-19,54,FROZEN FOODS,25.246565
2017-08-20,54,FROZEN FOODS,25.090555
2017-08-21,54,FROZEN FOODS,21.834097
2017-08-22,54,FROZEN FOODS,19.805323
2017-08-23,54,FROZEN FOODS,23.23504
2017-08-24,54,FROZEN FOODS,24.699654
2017-08-25,54,FROZEN FOODS,22.720415
2017-08-26,54,FROZEN FOODS,24.289091
2017-08-27,54,FROZEN FOODS,23.413342
2017-08-28,54,FROZEN FOODS,25.884577
2017-08-29,54,FROZEN FOODS,19.207314
2017-08-30,54,FROZEN FOODS,22.623116
2017-08-16,54,GROCERY I,1.1510153
2017-08-17,54,GROCERY I,1.2194006
2017-08-18,54,GROCERY I,1.139989
2017-08-19,54,GROCERY I,1.0998601
2017-08-20,54,GROCERY I,1.299042
2017-08-21,54,GROCERY I,1.1324222
2017-08-22,54,GROCERY I,1.268715
2017-08-23,54,GROCERY I,1.2178036
2017-08-24,54,GROCERY I,1.2116287
2017-08-25,54,GROCERY I,1.3077123
2017-08-26,54,GROCERY I,1.1783965
2017-08-27,54,GROCERY I,0.988525
2017-08-28,54,GROCERY I,1.0618322
2017-08-29,54,GROCERY I,0.97668475
2017-08-30,54,GROCERY I,1.2161325
2017-08-16,54,GROCERY II,27.012636
2017-08-17,54,GROCERY II,23.139482
2017-08-18,54,GROCERY II,23.759895
2017-08-19,54,GROCERY II,27.732513
2017-08-20,54,GROCERY II,24.96661
2017-08-21,54,GROCERY II,25.074419
2017-08-22,54,GROCERY II,19.984003
2017-08-23,54,GROCERY II,24.7655
2017-08-24,54,GROCERY II,22.522392
2017-08-25,54,GROCERY II,23.19555
2017-08-26,54,GROCERY II,24.059198
2017-08-27,54,GROCERY II,25.524862
2017-08-28,54,GROCERY II,20.78281
2017-08-29,54,GROCERY II,19.618828
2017-08-30,54,GROCERY II,22.778706
2017-08-16,54,HARDWARE,21.191322
2017-08-17,54,HARDWARE,21.62677
2017-08-18,54,HARDWARE,21.672693
2017-08-19,54,HARDWARE,22.088572
2017-08-20,54,HARDWARE,22.977177
2017-08-21,54,HARDWARE,20.93294
2017-08-22,54,HARDWARE,20.16998
2017-08-23,54,HARDWARE,23.642954
2017-08-24,54,HARDWARE,22.09152
2017-08-25,54,HARDWARE,21.703642
2017-08-26,54,HARDWARE,23.73486
2017-08-27,54,HARDWARE,24.561625
2017-08-28,54,HARDWARE,21.983122
2017-08-29,54,HARDWARE,20.32246
2017-08-30,54,HARDWARE,24.950624
2017-08-16,54,HOME AND KITCHEN I,0.07275002
2017-08-17,54,HOME AND KITCHEN I,0.10017429
2017-08-18,54,HOME AND KITCHEN I,0.14750203
2017-08-19,54,HOME AND KITCHEN I,0.1479549
2017-08-20,54,HOME AND KITCHEN I,0.20847076
2017-08-21,54,HOME AND KITCHEN I,0.15222913
2017-08-22,54,HOME AND KITCHEN I,0.26618934
2017-08-23,54,HOME AND KITCHEN I,0.32519448
2017-08-24,54,HOME AND KITCHEN I,0.30154315
2017-08-25,54,HOME AND KITCHEN I,0.28636742
2017-08-26,54,HOME AND KITCHEN I,0.29748943
2017-08-27,54,HOME AND KITCHEN I,0.27849182
2017-08-28,54,HOME AND KITCHEN I,0.22048484
2017-08-29,54,HOME AND KITCHEN I,0.3092083
2017-08-30,54,HOME AND KITCHEN I,0.35814017
2017-08-16,54,HOME AND KITCHEN II,180.00421
2017-08-17,54,HOME AND KITCHEN II,160.32399
2017-08-18,54,HOME AND KITCHEN II,167.2838
2017-08-19,54,HOME AND KITCHEN II,166.95074
2017-08-20,54,HOME AND KITCHEN II,178.40843
2017-08-21,54,HOME AND KITCHEN II,151.44545
2017-08-22,54,HOME AND KITCHEN II,129.48692
2017-08-23,54,HOME AND KITCHEN II,165.33084
2017-08-24,54,HOME AND KITCHEN II,152.47275
2017-08-25,54,HOME AND KITCHEN II,156.18721
2017-08-26,54,HOME AND KITCHEN II,163.92076
2017-08-27,54,HOME AND KITCHEN II,165.39355
2017-08-28,54,HOME AND KITCHEN II,138.8862
2017-08-29,54,HOME AND KITCHEN II,128.05556
2017-08-30,54,HOME AND KITCHEN II,146.12343
2017-08-16,54,HOME APPLIANCES,12.869839
2017-08-17,54,HOME APPLIANCES,15.382314
2017-08-18,54,HOME APPLIANCES,15.744946
2017-08-19,54,HOME APPLIANCES,14.2080555
2017-08-20,54,HOME APPLIANCES,12.422043
2017-08-21,54,HOME APPLIANCES,12.6325865
2017-08-22,54,HOME APPLIANCES,13.587939
2017-08-23,54,HOME APPLIANCES,12.376691
2017-08-24,54,HOME APPLIANCES,13.975981
2017-08-25,54,HOME APPLIANCES,13.730896
2017-08-26,54,HOME APPLIANCES,14.21654
2017-08-27,54,HOME APPLIANCES,13.332265
2017-08-28,54,HOME APPLIANCES,11.928168
2017-08-29,54,HOME APPLIANCES,11.213663
2017-08-30,54,HOME APPLIANCES,12.801328
2017-08-16,54,HOME CARE,11.343242
2017-08-17,54,HOME CARE,10.954443
2017-08-18,54,HOME CARE,11.329648
2017-08-19,54,HOME CARE,10.425515
2017-08-20,54,HOME CARE,9.120955
2017-08-21,54,HOME CARE,10.10464
2017-08-22,54,HOME CARE,6.6153545
2017-08-23,54,HOME CARE,8.376477
2017-08-24,54,HOME CARE,10.881199
2017-08-25,54,HOME CARE,10.153048
2017-08-26,54,HOME CARE,11.767429
2017-08-27,54,HOME CARE,9.637617
2017-08-28,54,HOME CARE,9.104264
2017-08-29,54,HOME CARE,7.2372217
2017-08-30,54,HOME CARE,8.503755
2017-08-16,54,LINGERIE,14.311774
2017-08-17,54,LINGERIE,15.2455225
2017-08-18,54,LINGERIE,11.822065
2017-08-19,54,LINGERIE,13.889339
2017-08-20,54,LINGERIE,13.074885
2017-08-21,54,LINGERIE,13.56715
2017-08-22,54,LINGERIE,12.305661
2017-08-23,54,LINGERIE,12.836232
2017-08-24,54,LINGERIE,13.7614975
2017-08-25,54,LINGERIE,12.695458
2017-08-26,54,LINGERIE,14.026533
2017-08-27,54,LINGERIE,12.316142
2017-08-28,54,LINGERIE,12.447201
2017-08-29,54,LINGERIE,12.498767
2017-08-30,54,LINGERIE,13.520269
2017-08-16,54,"LIQUOR,WINE,BEER",87.6014
2017-08-17,54,"LIQUOR,WINE,BEER",90.26976
2017-08-18,54,"LIQUOR,WINE,BEER",82.13706
2017-08-19,54,"LIQUOR,WINE,BEER",63.342937
2017-08-20,54,"LIQUOR,WINE,BEER",41.88315
2017-08-21,54,"LIQUOR,WINE,BEER",64.21658
2017-08-22,54,"LIQUOR,WINE,BEER",56.092396
2017-08-23,54,"LIQUOR,WINE,BEER",80.23234
2017-08-24,54,"LIQUOR,WINE,BEER",74.87999
2017-08-25,54,"LIQUOR,WINE,BEER",72.175156
2017-08-26,54,"LIQUOR,WINE,BEER",60.863007
2017-08-27,54,"LIQUOR,WINE,BEER",47.02752
2017-08-28,54,"LIQUOR,WINE,BEER",71.01948
2017-08-29,54,"LIQUOR,WINE,BEER",73.80903
2017-08-30,54,"LIQUOR,WINE,BEER",70.99585
2017-08-16,54,MAGAZINES,10.597882
2017-08-17,54,MAGAZINES,10.230756
2017-08-18,54,MAGAZINES,10.292394
2017-08-19,54,MAGAZINES,10.3915205
2017-08-20,54,MAGAZINES,9.647885
2017-08-21,54,MAGAZINES,9.153452
2017-08-22,54,MAGAZINES,8.075084
2017-08-23,54,MAGAZINES,8.918324
2017-08-24,54,MAGAZINES,9.842716
2017-08-25,54,MAGAZINES,8.934117
2017-08-26,54,MAGAZINES,9.049558
2017-08-27,54,MAGAZINES,9.1343565
2017-08-28,54,MAGAZINES,8.377967
2017-08-29,54,MAGAZINES,6.681454
2017-08-30,54,MAGAZINES,8.487205
2017-08-16,54,MEATS,274.1185
2017-08-17,54,MEATS,289.63004
2017-08-18,54,MEATS,361.8499
2017-08-19,54,MEATS,241.45476
2017-08-20,54,MEATS,253.41264
2017-08-21,54,MEATS,245.55472
2017-08-22,54,MEATS,233.72742
2017-08-23,54,MEATS,283.6887
2017-08-24,54,MEATS,271.58853
2017-08-25,54,MEATS,352.60205
2017-08-26,54,MEATS,238.02895
2017-08-27,54,MEATS,263.3685
2017-08-28,54,MEATS,238.88425
2017-08-29,54,MEATS,226.35522
2017-08-30,54,MEATS,282.7766
2017-08-16,54,PERSONAL CARE,237.67935
2017-08-17,54,PERSONAL CARE,255.08107
2017-08-18,54,PERSONAL CARE,208.57938
2017-08-19,54,PERSONAL CARE,251.10347
2017-08-20,54,PERSONAL CARE,257.7046
2017-08-21,54,PERSONAL CARE,251.45288
2017-08-22,54,PERSONAL CARE,242.60422
2017-08-23,54,PERSONAL CARE,256.17242
2017-08-24,54,PERSONAL CARE,289.49014
2017-08-25,54,PERSONAL CARE,252.67
2017-08-26,54,PERSONAL CARE,284.70236
2017-08-27,54,PERSONAL CARE,264.81543
2017-08-28,54,PERSONAL CARE,245.00795
2017-08-29,54,PERSONAL CARE,252.94133
2017-08-30,54,PERSONAL CARE,263.31393
2017-08-16,54,PET SUPPLIES,3.685946
2017-08-17,54,PET SUPPLIES,3.5925677
2017-08-18,54,PET SUPPLIES,4.456677
2017-08-19,54,PET SUPPLIES,3.318865
2017-08-20,54,PET SUPPLIES,2.8552194
2017-08-21,54,PET SUPPLIES,3.5491815
2017-08-22,54,PET SUPPLIES,3.2201958
2017-08-23,54,PET SUPPLIES,2.6520646
2017-08-24,54,PET SUPPLIES,3.232272
2017-08-25,54,PET SUPPLIES,3.0376
2017-08-26,54,PET SUPPLIES,3.267492
2017-08-27,54,PET SUPPLIES,3.458576
2017-08-28,54,PET SUPPLIES,2.7541835
2017-08-29,54,PET SUPPLIES,2.8882024
2017-08-30,54,PET SUPPLIES,3.122937
2017-08-16,54,PLAYERS AND ELECTRONICS,7.58834
2017-08-17,54,PLAYERS AND ELECTRONICS,7.424553
2017-08-18,54,PLAYERS AND ELECTRONICS,8.222457
2017-08-19,54,PLAYERS AND ELECTRONICS,7.315903
2017-08-20,54,PLAYERS AND ELECTRONICS,7.8471093
2017-08-21,54,PLAYERS AND ELECTRONICS,7.1320133
2017-08-22,54,PLAYERS AND ELECTRONICS,7.184364
2017-08-23,54,PLAYERS AND ELECTRONICS,7.6806197
2017-08-24,54,PLAYERS AND ELECTRONICS,8.871471
2017-08-25,54,PLAYERS AND ELECTRONICS,7.510158
2017-08-26,54,PLAYERS AND ELECTRONICS,8.585334
2017-08-27,54,PLAYERS AND ELECTRONICS,7.5312862
2017-08-28,54,PLAYERS AND ELECTRONICS,6.704202
2017-08-29,54,PLAYERS AND ELECTRONICS,6.5948215
2017-08-30,54,PLAYERS AND ELECTRONICS,7.375797
2017-08-16,54,POULTRY,260.2401
2017-08-17,54,POULTRY,251.33688
2017-08-18,54,POULTRY,279.98492
2017-08-19,54,POULTRY,230.6507
2017-08-20,54,POULTRY,251.07515
2017-08-21,54,POULTRY,229.73137
2017-08-22,54,POULTRY,222.48866
2017-08-23,54,POULTRY,258.2123
2017-08-24,54,POULTRY,268.2005
2017-08-25,54,POULTRY,287.9165
2017-08-26,54,POULTRY,238.0744
2017-08-27,54,POULTRY,245.44096
2017-08-28,54,POULTRY,239.27568
2017-08-29,54,POULTRY,224.98769
2017-08-30,54,POULTRY,276.24075
2017-08-16,54,PREPARED FOODS,64.07829
2017-08-17,54,PREPARED FOODS,61.77304
2017-08-18,54,PREPARED FOODS,54.636936
2017-08-19,54,PREPARED FOODS,60.409744
2017-08-20,54,PREPARED FOODS,59.665257
2017-08-21,54,PREPARED FOODS,59.144512
2017-08-22,54,PREPARED FOODS,58.1272
2017-08-23,54,PREPARED FOODS,63.056755
2017-08-24,54,PREPARED FOODS,64.664955
2017-08-25,54,PREPARED FOODS,56.851727
2017-08-26,54,PREPARED FOODS,68.39549
2017-08-27,54,PREPARED FOODS,64.68385
2017-08-28,54,PREPARED FOODS,61.105576
2017-08-29,54,PREPARED FOODS,58.598816
2017-08-30,54,PREPARED FOODS,65.509285
2017-08-16,54,PRODUCE,2192.2197
2017-08-17,54,PRODUCE,1241.411
2017-08-18,54,PRODUCE,1252.4119
2017-08-19,54,PRODUCE,1290.3032
2017-08-20,54,PRODUCE,1343.2438
2017-08-21,54,PRODUCE,1254.1814
2017-08-22,54,PRODUCE,1105.0779
2017-08-23,54,PRODUCE,1955.8997
2017-08-24,54,PRODUCE,1168.2926
2017-08-25,54,PRODUCE,1139.2943
2017-08-26,54,PRODUCE,1183.2307
2017-08-27,54,PRODUCE,1257.7988
2017-08-28,54,PRODUCE,1183.4967
2017-08-29,54,PRODUCE,1064.7067
2017-08-30,54,PRODUCE,1972.6548
2017-08-16,54,SCHOOL AND OFFICE SUPPLIES,1.0485444
2017-08-17,54,SCHOOL AND OFFICE SUPPLIES,0.97747475
2017-08-18,54,SCHOOL AND OFFICE SUPPLIES,0.7311137
2017-08-19,54,SCHOOL AND OFFICE SUPPLIES,0.6364543
2017-08-20,54,SCHOOL AND OFFICE SUPPLIES,0.7153958
2017-08-21,54,SCHOOL AND OFFICE SUPPLIES,0.59838283
2017-08-22,54,SCHOOL AND OFFICE SUPPLIES,0.61554074
2017-08-23,54,SCHOOL AND OFFICE SUPPLIES,0.76302123
2017-08-24,54,SCHOOL AND OFFICE SUPPLIES,0.7480481
2017-08-25,54,SCHOOL AND OFFICE SUPPLIES,0.73510057
2017-08-26,54,SCHOOL AND OFFICE SUPPLIES,0.7640385
2017-08-27,54,SCHOOL AND OFFICE SUPPLIES,0.831771
2017-08-28,54,SCHOOL AND OFFICE SUPPLIES,0.6588157
2017-08-29,54,SCHOOL AND OFFICE SUPPLIES,0.52077556
2017-08-30,54,SCHOOL AND OFFICE SUPPLIES,0.6135603
2017-08-16,54,SEAFOOD,11.388631
2017-08-17,54,SEAFOOD,10.454748
2017-08-18,54,SEAFOOD,10.583209
2017-08-19,54,SEAFOOD,10.056779
2017-08-20,54,SEAFOOD,9.6627035
2017-08-21,54,SEAFOOD,9.7246065
2017-08-22,54,SEAFOOD,10.300914
2017-08-23,54,SEAFOOD,11.469594
2017-08-24,54,SEAFOOD,11.527987
2017-08-25,54,SEAFOOD,10.958513
2017-08-26,54,SEAFOOD,10.711417
2017-08-27,54,SEAFOOD,9.8094635
2017-08-28,54,SEAFOOD,10.141105
2017-08-29,54,SEAFOOD,9.776655
2017-08-30,54,SEAFOOD,10.988906
2017-08-16,6,AUTOMOTIVE,7.8021836
2017-08-17,6,AUTOMOTIVE,8.78242
2017-08-18,6,AUTOMOTIVE,6.954665
2017-08-19,6,AUTOMOTIVE,7.1326776
2017-08-20,6,AUTOMOTIVE,6.445228
2017-08-21,6,AUTOMOTIVE,6.22724
2017-08-22,6,AUTOMOTIVE,6.6843057
2017-08-23,6,AUTOMOTIVE,6.846974
2017-08-24,6,AUTOMOTIVE,8.106695
2017-08-25,6,AUTOMOTIVE,7.7100363
2017-08-26,6,AUTOMOTIVE,7.888346
2017-08-27,6,AUTOMOTIVE,6.786682
2017-08-28,6,AUTOMOTIVE,6.562946
2017-08-29,6,AUTOMOTIVE,6.294928
2017-08-30,6,AUTOMOTIVE,7.5109086
2017-08-16,6,BEAUTY,7.396468
2017-08-17,6,BEAUTY,8.278265
2017-08-18,6,BEAUTY,7.096186
2017-08-19,6,BEAUTY,7.2368526
2017-08-20,6,BEAUTY,6.9566917
2017-08-21,6,BEAUTY,6.07175
2017-08-22,6,BEAUTY,6.258878
2017-08-23,6,BEAUTY,7.202813
2017-08-24,6,BEAUTY,9.638372
2017-08-25,6,BEAUTY,7.676305
2017-08-26,6,BEAUTY,7.3976035
2017-08-27,6,BEAUTY,6.27822
2017-08-28,6,BEAUTY,6.0082226
2017-08-29,6,BEAUTY,6.241919
2017-08-30,6,BEAUTY,6.4058104
2017-08-16,6,BEVERAGES,3318.6787
2017-08-17,6,BEVERAGES,3868.3677
2017-08-18,6,BEVERAGES,3245.7559
2017-08-19,6,BEVERAGES,3188.7874
2017-08-20,6,BEVERAGES,3313.4312
2017-08-21,6,BEVERAGES,2984.7786
2017-08-22,6,BEVERAGES,3085.094
2017-08-23,6,BEVERAGES,3646.422
2017-08-24,6,BEVERAGES,4388.613
2017-08-25,6,BEVERAGES,3534.1094
2017-08-26,6,BEVERAGES,3492.7756
2017-08-27,6,BEVERAGES,3526.0933
2017-08-28,6,BEVERAGES,3174.158
2017-08-29,6,BEVERAGES,3254.1978
2017-08-30,6,BEVERAGES,3685.881
2017-08-16,6,BOOKS,0.0017660337
2017-08-17,6,BOOKS,0.0
2017-08-18,6,BOOKS,0.0022366499
2017-08-19,6,BOOKS,0.0084351525
2017-08-20,6,BOOKS,0.018598499
2017-08-21,6,BOOKS,0.0057446393
2017-08-22,6,BOOKS,0.020583851
2017-08-23,6,BOOKS,0.012261942
2017-08-24,6,BOOKS,0.0115416
2017-08-25,6,BOOKS,0.012063245
2017-08-26,6,BOOKS,0.015093449
2017-08-27,6,BOOKS,0.031204488
2017-08-28,6,BOOKS,0.03598398
2017-08-29,6,BOOKS,0.016970191
2017-08-30,6,BOOKS,0.007197962
2017-08-16,6,BREAD/BAKERY,564.9308
2017-08-17,6,BREAD/BAKERY,650.85706
2017-08-18,6,BREAD/BAKERY,558.2536
2017-08-19,6,BREAD/BAKERY,567.8951
2017-08-20,6,BREAD/BAKERY,573.14307
2017-08-21,6,BREAD/BAKERY,517.2295
2017-08-22,6,BREAD/BAKERY,536.07306
2017-08-23,6,BREAD/BAKERY,601.62445
2017-08-24,6,BREAD/BAKERY,700.9797
2017-08-25,6,BREAD/BAKERY,612.83936
2017-08-26,6,BREAD/BAKERY,613.21356
2017-08-27,6,BREAD/BAKERY,600.6628
2017-08-28,6,BREAD/BAKERY,534.6495
2017-08-29,6,BREAD/BAKERY,555.07227
2017-08-30,6,BREAD/BAKERY,614.61017
2017-08-16,6,CELEBRATION,14.270824
2017-08-17,6,CELEBRATION,12.48564
2017-08-18,6,CELEBRATION,12.515761
2017-08-19,6,CELEBRATION,13.86821
2017-08-20,6,CELEBRATION,11.690635
2017-08-21,6,CELEBRATION,14.781928
2017-08-22,6,CELEBRATION,12.283318
2017-08-23,6,CELEBRATION,16.723759
2017-08-24,6,CELEBRATION,14.884012
2017-08-25,6,CELEBRATION,11.994511
2017-08-26,6,CELEBRATION,13.869596
2017-08-27,6,CELEBRATION,13.432029
2017-08-28,6,CELEBRATION,14.869308
2017-08-29,6,CELEBRATION,10.86033
2017-08-30,6,CELEBRATION,15.046527
2017-08-16,6,CLEANING,1216.892
2017-08-17,6,CLEANING,1313.3013
2017-08-18,6,CLEANING,1073.6077
2017-08-19,6,CLEANING,1164.3273
2017-08-20,6,CLEANING,1244.4336
2017-08-21,6,CLEANING,1071.6327
2017-08-22,6,CLEANING,1148.1886
2017-08-23,6,CLEANING,1395.7025
2017-08-24,6,CLEANING,1713.837
2017-08-25,6,CLEANING,1335.9618
2017-08-26,6,CLEANING,1342.8809
2017-08-27,6,CLEANING,1342.5726
2017-08-28,6,CLEANING,1190.6945
2017-08-29,6,CLEANING,1175.3457
2017-08-30,6,CLEANING,1334.1207
2017-08-16,6,DAIRY,1022.2256
2017-08-17,6,DAIRY,1158.9459
2017-08-18,6,DAIRY,988.6458
2017-08-19,6,DAIRY,977.3837
2017-08-20,6,DAIRY,1047.3202
2017-08-21,6,DAIRY,929.6022
2017-08-22,6,DAIRY,1004.0295
2017-08-23,6,DAIRY,1127.8052
2017-08-24,6,DAIRY,1338.7478
2017-08-25,6,DAIRY,1044.5911
2017-08-26,6,DAIRY,1031.8242
2017-08-27,6,DAIRY,1080.1913
2017-08-28,6,DAIRY,989.4841
2017-08-29,6,DAIRY,1025.247
2017-08-30,6,DAIRY,1164.4923
2017-08-16,6,DELI,384.63657
2017-08-17,6,DELI,424.85693
2017-08-18,6,DELI,452.0525
2017-08-19,6,DELI,364.994
2017-08-20,6,DELI,347.5281
2017-08-21,6,DELI,305.93784
2017-08-22,6,DELI,327.57156
2017-08-23,6,DELI,380.97147
2017-08-24,6,DELI,464.82715
2017-08-25,6,DELI,451.7118
2017-08-26,6,DELI,379.8223
2017-08-27,6,DELI,365.07562
2017-08-28,6,DELI,316.31766
2017-08-29,6,DELI,340.8775
2017-08-30,6,DELI,396.22186
2017-08-16,6,EGGS,197.08125
2017-08-17,6,EGGS,263.4308
2017-08-18,6,EGGS,241.51837
2017-08-19,6,EGGS,169.01933
2017-08-20,6,EGGS,191.56148
2017-08-21,6,EGGS,160.1047
2017-08-22,6,EGGS,168.04927
2017-08-23,6,EGGS,215.45741
2017-08-24,6,EGGS,286.03006
2017-08-25,6,EGGS,277.05057
2017-08-26,6,EGGS,177.41643
2017-08-27,6,EGGS,195.15648
2017-08-28,6,EGGS,162.52591
2017-08-29,6,EGGS,173.43338
2017-08-30,6,EGGS,216.43773
2017-08-16,6,FROZEN FOODS,155.91985
2017-08-17,6,FROZEN FOODS,161.62085
2017-08-18,6,FROZEN FOODS,120.38195
2017-08-19,6,FROZEN FOODS,140.67892
2017-08-20,6,FROZEN FOODS,141.64232
2017-08-21,6,FROZEN FOODS,131.48161
2017-08-22,6,FROZEN FOODS,148.89139
2017-08-23,6,FROZEN FOODS,179.82056
2017-08-24,6,FROZEN FOODS,184.638
2017-08-25,6,FROZEN FOODS,137.73402
2017-08-26,6,FROZEN FOODS,155.87296
2017-08-27,6,FROZEN FOODS,150.90088
2017-08-28,6,FROZEN FOODS,144.38028
2017-08-29,6,FROZEN FOODS,158.02113
2017-08-30,6,FROZEN FOODS,191.59483
2017-08-16,6,GROCERY I,5264.3374
2017-08-17,6,GROCERY I,5337.4385
2017-08-18,6,GROCERY I,4465.503
2017-08-19,6,GROCERY I,4604.328
2017-08-20,6,GROCERY I,5003.1313
2017-08-21,6,GROCERY I,4569.0903
2017-08-22,6,GROCERY I,4620.9473
2017-08-23,6,GROCERY I,5285.846
2017-08-24,6,GROCERY I,6570.016
2017-08-25,6,GROCERY I,5222.5347
2017-08-26,6,GROCERY I,5323.8003
2017-08-27,6,GROCERY I,5644.2417
2017-08-28,6,GROCERY I,4963.778
2017-08-29,6,GROCERY I,4879.7275
2017-08-30,6,GROCERY I,5797.8115
2017-08-16,6,GROCERY II,36.97089
2017-08-17,6,GROCERY II,41.706394
2017-08-18,6,GROCERY II,39.059338
2017-08-19,6,GROCERY II,40.22875
2017-08-20,6,GROCERY II,39.143875
2017-08-21,6,GROCERY II,37.055847
2017-08-22,6,GROCERY II,32.56116
2017-08-23,6,GROCERY II,38.1828
2017-08-24,6,GROCERY II,40.03275
2017-08-25,6,GROCERY II,33.134495
2017-08-26,6,GROCERY II,39.484444
2017-08-27,6,GROCERY II,36.87234
2017-08-28,6,GROCERY II,32.19359
2017-08-29,6,GROCERY II,30.72299
2017-08-30,6,GROCERY II,37.79116
2017-08-16,6,HARDWARE,1.166282
2017-08-17,6,HARDWARE,1.1486131
2017-08-18,6,HARDWARE,0.93584335
2017-08-19,6,HARDWARE,0.93018466
2017-08-20,6,HARDWARE,1.3134872
2017-08-21,6,HARDWARE,0.94299376
2017-08-22,6,HARDWARE,0.8644009
2017-08-23,6,HARDWARE,0.80661345
2017-08-24,6,HARDWARE,1.3201694
2017-08-25,6,HARDWARE,0.68008363
2017-08-26,6,HARDWARE,0.97299147
2017-08-27,6,HARDWARE,1.1981658
2017-08-28,6,HARDWARE,0.81121117
2017-08-29,6,HARDWARE,0.7419526
2017-08-30,6,HARDWARE,0.9178103
2017-08-16,6,HOME AND KITCHEN I,23.59575
2017-08-17,6,HOME AND KITCHEN I,25.448662
2017-08-18,6,HOME AND KITCHEN I,22.726067
2017-08-19,6,HOME AND KITCHEN I,27.89886
2017-08-20,6,HOME AND KITCHEN I,25.711836
2017-08-21,6,HOME AND KITCHEN I,24.486418
2017-08-22,6,HOME AND KITCHEN I,18.327839
2017-08-23,6,HOME AND KITCHEN I,23.887665
2017-08-24,6,HOME AND KITCHEN I,24.289927
2017-08-25,6,HOME AND KITCHEN I,19.740465
2017-08-26,6,HOME AND KITCHEN I,23.87377
2017-08-27,6,HOME AND KITCHEN I,22.684383
2017-08-28,6,HOME AND KITCHEN I,19.909075
2017-08-29,6,HOME AND KITCHEN I,19.142622
2017-08-30,6,HOME AND KITCHEN I,22.18077
2017-08-16,6,HOME AND KITCHEN II,47.837265
2017-08-17,6,HOME AND KITCHEN II,47.67811
2017-08-18,6,HOME AND KITCHEN II,36.980587
2017-08-19,6,HOME AND KITCHEN II,44.64293
2017-08-20,6,HOME AND KITCHEN II,50.294685
2017-08-21,6,HOME AND KITCHEN II,42.673145
2017-08-22,6,HOME AND KITCHEN II,35.504414
2017-08-23,6,HOME AND KITCHEN II,49.256138
2017-08-24,6,HOME AND KITCHEN II,49.945175
2017-08-25,6,HOME AND KITCHEN II,39.814846
2017-08-26,6,HOME AND KITCHEN II,45.01284
2017-08-27,6,HOME AND KITCHEN II,44.839546
2017-08-28,6,HOME AND KITCHEN II,44.046936
2017-08-29,6,HOME AND KITCHEN II,33.86009
2017-08-30,6,HOME AND KITCHEN II,37.649017
2017-08-16,6,HOME APPLIANCES,0.020771284
2017-08-17,6,HOME APPLIANCES,0.022473088
2017-08-18,6,HOME APPLIANCES,0.03782542
2017-08-19,6,HOME APPLIANCES,0.07913145
2017-08-20,6,HOME APPLIANCES,0.009949895
2017-08-21,6,HOME APPLIANCES,0.1229731
2017-08-22,6,HOME APPLIANCES,0.035209976
2017-08-23,6,HOME APPLIANCES,0.08394256
2017-08-24,6,HOME APPLIANCES,0.16167015
2017-08-25,6,HOME APPLIANCES,0.14869563
2017-08-26,6,HOME APPLIANCES,0.12892543
2017-08-27,6,HOME APPLIANCES,0.116675116
2017-08-28,6,HOME APPLIANCES,0.20697087
2017-08-29,6,HOME APPLIANCES,0.16291721
2017-08-30,6,HOME APPLIANCES,0.1787357
2017-08-16,6,HOME CARE,235.58812
2017-08-17,6,HOME CARE,272.98825
2017-08-18,6,HOME CARE,253.52797
2017-08-19,6,HOME CARE,235.1973
2017-08-20,6,HOME CARE,246.16127
2017-08-21,6,HOME CARE,191.38094
2017-08-22,6,HOME CARE,179.32558
2017-08-23,6,HOME CARE,202.7782
2017-08-24,6,HOME CARE,247.47514
2017-08-25,6,HOME CARE,234.7366
2017-08-26,6,HOME CARE,205.30336
2017-08-27,6,HOME CARE,230.83493
2017-08-28,6,HOME CARE,161.86331
2017-08-29,6,HOME CARE,172.36293
2017-08-30,6,HOME CARE,199.63965
2017-08-16,6,LADIESWEAR,20.2762
2017-08-17,6,LADIESWEAR,27.76745
2017-08-18,6,LADIESWEAR,24.637634
2017-08-19,6,LADIESWEAR,24.228598
2017-08-20,6,LADIESWEAR,23.915424
2017-08-21,6,LADIESWEAR,20.159468
2017-08-22,6,LADIESWEAR,19.73094
2017-08-23,6,LADIESWEAR,22.645796
2017-08-24,6,LADIESWEAR,29.593073
2017-08-25,6,LADIESWEAR,25.761826
2017-08-26,6,LADIESWEAR,24.397797
2017-08-27,6,LADIESWEAR,23.221727
2017-08-28,6,LADIESWEAR,19.650976
2017-08-29,6,LADIESWEAR,17.892735
2017-08-30,6,LADIESWEAR,22.05808
2017-08-16,6,LAWN AND GARDEN,25.440338
2017-08-17,6,LAWN AND GARDEN,25.159575
2017-08-18,6,LAWN AND GARDEN,24.829018
2017-08-19,6,LAWN AND GARDEN,23.92792
2017-08-20,6,LAWN AND GARDEN,22.467783
2017-08-21,6,LAWN AND GARDEN,21.45374
2017-08-22,6,LAWN AND GARDEN,16.799276
2017-08-23,6,LAWN AND GARDEN,24.14327
2017-08-24,6,LAWN AND GARDEN,28.984837
2017-08-25,6,LAWN AND GARDEN,24.841982
2017-08-26,6,LAWN AND GARDEN,21.13333
2017-08-27,6,LAWN AND GARDEN,22.60827
2017-08-28,6,LAWN AND GARDEN,22.695398
2017-08-29,6,LAWN AND GARDEN,18.79014
2017-08-30,6,LAWN AND GARDEN,22.033573
2017-08-16,6,LINGERIE,10.254393
2017-08-17,6,LINGERIE,13.267444
2017-08-18,6,LINGERIE,9.95888
2017-08-19,6,LINGERIE,10.566028
2017-08-20,6,LINGERIE,9.960803
2017-08-21,6,LINGERIE,9.193167
2017-08-22,6,LINGERIE,9.709967
2017-08-23,6,LINGERIE,10.044469
2017-08-24,6,LINGERIE,12.237508
2017-08-25,6,LINGERIE,9.199977
2017-08-26,6,LINGERIE,10.478977
2017-08-27,6,LINGERIE,10.952369
2017-08-28,6,LINGERIE,9.546166
2017-08-29,6,LINGERIE,8.617719
2017-08-30,6,LINGERIE,10.698635
2017-08-16,6,"LIQUOR,WINE,BEER",97.963295
2017-08-17,6,"LIQUOR,WINE,BEER",103.90088
2017-08-18,6,"LIQUOR,WINE,BEER",104.43381
2017-08-19,6,"LIQUOR,WINE,BEER",77.1621
2017-08-20,6,"LIQUOR,WINE,BEER",63.03582
2017-08-21,6,"LIQUOR,WINE,BEER",87.84746
2017-08-22,6,"LIQUOR,WINE,BEER",77.88603
2017-08-23,6,"LIQUOR,WINE,BEER",87.05266
2017-08-24,6,"LIQUOR,WINE,BEER",91.21163
2017-08-25,6,"LIQUOR,WINE,BEER",89.046036
2017-08-26,6,"LIQUOR,WINE,BEER",72.95522
2017-08-27,6,"LIQUOR,WINE,BEER",54.98246
2017-08-28,6,"LIQUOR,WINE,BEER",84.97123
2017-08-29,6,"LIQUOR,WINE,BEER",65.29761
2017-08-30,6,"LIQUOR,WINE,BEER",80.977615
2017-08-16,6,MAGAZINES,7.8674555
2017-08-17,6,MAGAZINES,9.5181055
2017-08-18,6,MAGAZINES,7.951104
2017-08-19,6,MAGAZINES,8.794745
2017-08-20,6,MAGAZINES,7.6842637
2017-08-21,6,MAGAZINES,7.6025763
2017-08-22,6,MAGAZINES,6.4388504
2017-08-23,6,MAGAZINES,8.065688
2017-08-24,6,MAGAZINES,10.004831
2017-08-25,6,MAGAZINES,8.718763
2017-08-26,6,MAGAZINES,8.391794
2017-08-27,6,MAGAZINES,7.113839
2017-08-28,6,MAGAZINES,7.282931
2017-08-29,6,MAGAZINES,6.7422056
2017-08-30,6,MAGAZINES,7.5119114
2017-08-16,6,MEATS,513.5307
2017-08-17,6,MEATS,558.20715
2017-08-18,6,MEATS,663.26904
2017-08-19,6,MEATS,412.34933
2017-08-20,6,MEATS,465.5128
2017-08-21,6,MEATS,404.28802
2017-08-22,6,MEATS,425.8082
2017-08-23,6,MEATS,524.3752
2017-08-24,6,MEATS,565.0163
2017-08-25,6,MEATS,693.4467
2017-08-26,6,MEATS,416.69342
2017-08-27,6,MEATS,471.9841
2017-08-28,6,MEATS,403.95468
2017-08-29,6,MEATS,424.77594
2017-08-30,6,MEATS,566.36475
2017-08-16,6,PERSONAL CARE,342.32016
2017-08-17,6,PERSONAL CARE,431.08475
2017-08-18,6,PERSONAL CARE,343.08023
2017-08-19,6,PERSONAL CARE,351.87125
2017-08-20,6,PERSONAL CARE,357.72195
2017-08-21,6,PERSONAL CARE,321.94522
2017-08-22,6,PERSONAL CARE,307.58585
2017-08-23,6,PERSONAL CARE,358.0138
2017-08-24,6,PERSONAL CARE,459.81754
2017-08-25,6,PERSONAL CARE,360.87796
2017-08-26,6,PERSONAL CARE,368.97342
2017-08-27,6,PERSONAL CARE,368.54764
2017-08-28,6,PERSONAL CARE,331.44577
2017-08-29,6,PERSONAL CARE,324.87863
2017-08-30,6,PERSONAL CARE,382.30554
2017-08-16,6,PET SUPPLIES,10.421479
2017-08-17,6,PET SUPPLIES,10.62766
2017-08-18,6,PET SUPPLIES,10.340051
2017-08-19,6,PET SUPPLIES,9.783836
2017-08-20,6,PET SUPPLIES,9.558204
2017-08-21,6,PET SUPPLIES,9.551078
2017-08-22,6,PET SUPPLIES,7.996431
2017-08-23,6,PET SUPPLIES,8.835802
2017-08-24,6,PET SUPPLIES,9.810823
2017-08-25,6,PET SUPPLIES,10.074877
2017-08-26,6,PET SUPPLIES,9.609247
2017-08-27,6,PET SUPPLIES,8.849144
2017-08-28,6,PET SUPPLIES,9.558895
2017-08-29,6,PET SUPPLIES,8.740736
2017-08-30,6,PET SUPPLIES,8.915646
2017-08-16,6,PLAYERS AND ELECTRONICS,13.682149
2017-08-17,6,PLAYERS AND ELECTRONICS,17.542173
2017-08-18,6,PLAYERS AND ELECTRONICS,14.165965
2017-08-19,6,PLAYERS AND ELECTRONICS,14.443946
2017-08-20,6,PLAYERS AND ELECTRONICS,14.259617
2017-08-21,6,PLAYERS AND ELECTRONICS,15.127651
2017-08-22,6,PLAYERS AND ELECTRONICS,12.830586
2017-08-23,6,PLAYERS AND ELECTRONICS,16.495039
2017-08-24,6,PLAYERS AND ELECTRONICS,15.758921
2017-08-25,6,PLAYERS AND ELECTRONICS,14.141423
2017-08-26,6,PLAYERS AND ELECTRONICS,13.771123
2017-08-27,6,PLAYERS AND ELECTRONICS,13.59975
2017-08-28,6,PLAYERS AND ELECTRONICS,13.296767
2017-08-29,6,PLAYERS AND ELECTRONICS,11.382675
2017-08-30,6,PLAYERS AND ELECTRONICS,12.873022
2017-08-16,6,POULTRY,589.779
2017-08-17,6,POULTRY,627.0748
2017-08-18,6,POULTRY,682.88434
2017-08-19,6,POULTRY,496.7318
2017-08-20,6,POULTRY,565.9707
2017-08-21,6,POULTRY,473.88812
2017-08-22,6,POULTRY,523.0419
2017-08-23,6,POULTRY,654.1083
2017-08-24,6,POULTRY,692.8078
2017-08-25,6,POULTRY,734.72235
2017-08-26,6,POULTRY,538.7055
2017-08-27,6,POULTRY,598.95184
2017-08-28,6,POULTRY,474.3992
2017-08-29,6,POULTRY,529.07733
2017-08-30,6,POULTRY,660.30054
2017-08-16,6,PREPARED FOODS,104.29161
2017-08-17,6,PREPARED FOODS,117.5176
2017-08-18,6,PREPARED FOODS,99.3241
2017-08-19,6,PREPARED FOODS,103.03181
2017-08-20,6,PREPARED FOODS,95.43031
2017-08-21,6,PREPARED FOODS,95.4348
2017-08-22,6,PREPARED FOODS,100.374374
2017-08-23,6,PREPARED FOODS,114.34093
2017-08-24,6,PREPARED FOODS,126.49277
2017-08-25,6,PREPARED FOODS,99.20934
2017-08-26,6,PREPARED FOODS,106.81379
2017-08-27,6,PREPARED FOODS,105.13836
2017-08-28,6,PREPARED FOODS,95.090935
2017-08-29,6,PREPARED FOODS,97.31747
2017-08-30,6,PREPARED FOODS,117.84977
2017-08-16,6,PRODUCE,3580.104
2017-08-17,6,PRODUCE,2194.5627
2017-08-18,6,PRODUCE,2122.3638
2017-08-19,6,PRODUCE,2242.6624
2017-08-20,6,PRODUCE,2427.8633
2017-08-21,6,PRODUCE,2332.362
2017-08-22,6,PRODUCE,2005.1351
2017-08-23,6,PRODUCE,3597.038
2017-08-24,6,PRODUCE,2204.4883
2017-08-25,6,PRODUCE,2111.6016
2017-08-26,6,PRODUCE,2076.0657
2017-08-27,6,PRODUCE,2248.9932
2017-08-28,6,PRODUCE,2183.3252
2017-08-29,6,PRODUCE,1880.377
2017-08-30,6,PRODUCE,3515.2637
2017-08-16,6,SCHOOL AND OFFICE SUPPLIES,0.0020666283
2017-08-17,6,SCHOOL AND OFFICE SUPPLIES,0.0
2017-08-18,6,SCHOOL AND OFFICE SUPPLIES,0.0020148735
2017-08-19,6,SCHOOL AND OFFICE SUPPLIES,0.0
2017-08-20,6,SCHOOL AND OFFICE SUPPLIES,0.0036319892
2017-08-21,6,SCHOOL AND OFFICE SUPPLIES,0.0
2017-08-22,6,SCHOOL AND OFFICE SUPPLIES,0.0
2017-08-23,6,SCHOOL AND OFFICE SUPPLIES,0.0
2017-08-24,6,SCHOOL AND OFFICE SUPPLIES,0.0
2017-08-25,6,SCHOOL AND OFFICE SUPPLIES,0.0
2017-08-26,6,SCHOOL AND OFFICE SUPPLIES,0.0
2017-08-27,6,SCHOOL AND OFFICE SUPPLIES,0.0015622156
2017-08-28,6,SCHOOL AND OFFICE SUPPLIES,0.0
2017-08-29,6,SCHOOL AND OFFICE SUPPLIES,0.0
2017-08-30,6,SCHOOL AND OFFICE SUPPLIES,0.0
2017-08-16,6,SEAFOOD,42.596096
2017-08-17,6,SEAFOOD,42.635605
2017-08-18,6,SEAFOOD,48.485954
2017-08-19,6,SEAFOOD,42.085587
2017-08-20,6,SEAFOOD,43.919018
2017-08-21,6,SEAFOOD,35.68375
2017-08-22,6,SEAFOOD,36.811794
2017-08-23,6,SEAFOOD,42.411385
2017-08-24,6,SEAFOOD,51.520554
2017-08-25,6,SEAFOOD,42.73874
2017-08-26,6,SEAFOOD,38.780106
2017-08-27,6,SEAFOOD,44.38836
2017-08-28,6,SEAFOOD,35.41107
2017-08-29,6,SEAFOOD,39.513577
2017-08-30,6,SEAFOOD,41.919247
2017-08-16,7,AUTOMOTIVE,5.4197006
2017-08-17,7,AUTOMOTIVE,4.961091
2017-08-18,7,AUTOMOTIVE,5.591231
2017-08-19,7,AUTOMOTIVE,5.7536893
2017-08-20,7,AUTOMOTIVE,5.4180026
2017-08-21,7,AUTOMOTIVE,4.953729
2017-08-22,7,AUTOMOTIVE,5.2619114
2017-08-23,7,AUTOMOTIVE,5.566099
2017-08-24,7,AUTOMOTIVE,5.782875
2017-08-25,7,AUTOMOTIVE,5.2087097
2017-08-26,7,AUTOMOTIVE,5.9796286
2017-08-27,7,AUTOMOTIVE,5.3411016
2017-08-28,7,AUTOMOTIVE,5.1081915
2017-08-29,7,AUTOMOTIVE,4.844393
2017-08-30,7,AUTOMOTIVE,5.1372824
2017-08-16,7,BABY CARE,0.03641331
2017-08-17,7,BABY CARE,0.014244225
2017-08-18,7,BABY CARE,0.02981612
2017-08-19,7,BABY CARE,0.03244948
2017-08-20,7,BABY CARE,0.03358035
2017-08-21,7,BABY CARE,0.016407672
2017-08-22,7,BABY CARE,0.04203058
2017-08-23,7,BABY CARE,0.030102067
2017-08-24,7,BABY CARE,0.008721012
2017-08-25,7,BABY CARE,0.021889597
2017-08-26,7,BABY CARE,0.030219335
2017-08-27,7,BABY CARE,0.049850073
2017-08-28,7,BABY CARE,0.02985549
2017-08-29,7,BABY CARE,0.036394767
2017-08-30,7,BABY CARE,0.03502865
2017-08-16,7,BEAUTY,6.858784
2017-08-17,7,BEAUTY,6.6895456
2017-08-18,7,BEAUTY,5.4788
2017-08-19,7,BEAUTY,6.7894125
2017-08-20,7,BEAUTY,7.3280516
2017-08-21,7,BEAUTY,6.3013477
2017-08-22,7,BEAUTY,5.732198
2017-08-23,7,BEAUTY,6.4759693
2017-08-24,7,BEAUTY,6.6842356
2017-08-25,7,BEAUTY,5.612015
2017-08-26,7,BEAUTY,7.0784593
2017-08-27,7,BEAUTY,6.6266665
2017-08-28,7,BEAUTY,6.0541697
2017-08-29,7,BEAUTY,4.99177
2017-08-30,7,BEAUTY,6.059403
2017-08-16,7,BEVERAGES,3822.865
2017-08-17,7,BEVERAGES,3699.9124
2017-08-18,7,BEVERAGES,3962.6724
2017-08-19,7,BEVERAGES,4010.5125
2017-08-20,7,BEVERAGES,4060.085
2017-08-21,7,BEVERAGES,3797.4792
2017-08-22,7,BEVERAGES,3632.9712
2017-08-23,7,BEVERAGES,3811.4631
2017-08-24,7,BEVERAGES,4015.4983
2017-08-25,7,BEVERAGES,4133.8267
2017-08-26,7,BEVERAGES,4170.1934
2017-08-27,7,BEVERAGES,4142.8257
2017-08-28,7,BEVERAGES,3773.1116
2017-08-29,7,BEVERAGES,3767.1611
2017-08-30,7,BEVERAGES,3966.4053
2017-08-16,7,BOOKS,0.10051218
2017-08-17,7,BOOKS,0.16825931
2017-08-18,7,BOOKS,0.15117873
2017-08-19,7,BOOKS,0.13322952
2017-08-20,7,BOOKS,0.14091757
2017-08-21,7,BOOKS,0.14318708
2017-08-22,7,BOOKS,0.1571457
2017-08-23,7,BOOKS,0.17329586
2017-08-24,7,BOOKS,0.16221212
2017-08-25,7,BOOKS,0.17181043
2017-08-26,7,BOOKS,0.17395653
2017-08-27,7,BOOKS,0.20401214
2017-08-28,7,BOOKS,0.17082876
2017-08-29,7,BOOKS,0.20137504
2017-08-30,7,BOOKS,0.16759676
2017-08-16,7,BREAD/BAKERY,660.99176
2017-08-17,7,BREAD/BAKERY,619.6709
2017-08-18,7,BREAD/BAKERY,670.5491
2017-08-19,7,BREAD/BAKERY,701.95874
2017-08-20,7,BREAD/BAKERY,700.817
2017-08-21,7,BREAD/BAKERY,670.1611
2017-08-22,7,BREAD/BAKERY,642.7439
2017-08-23,7,BREAD/BAKERY,671.0051
2017-08-24,7,BREAD/BAKERY,659.85516
2017-08-25,7,BREAD/BAKERY,677.63153
2017-08-26,7,BREAD/BAKERY,722.4764
2017-08-27,7,BREAD/BAKERY,729.0728
2017-08-28,7,BREAD/BAKERY,694.3581
2017-08-29,7,BREAD/BAKERY,663.6133
2017-08-30,7,BREAD/BAKERY,696.6781
2017-08-16,7,CELEBRATION,20.40345
2017-08-17,7,CELEBRATION,15.98437
2017-08-18,7,CELEBRATION,17.65291
2017-08-19,7,CELEBRATION,16.252314
2017-08-20,7,CELEBRATION,16.090513
2017-08-21,7,CELEBRATION,16.696344
2017-08-22,7,CELEBRATION,14.721964
2017-08-23,7,CELEBRATION,18.41844
2017-08-24,7,CELEBRATION,16.780022
2017-08-25,7,CELEBRATION,17.580702
2017-08-26,7,CELEBRATION,16.480278
2017-08-27,7,CELEBRATION,16.843565
2017-08-28,7,CELEBRATION,15.658171
2017-08-29,7,CELEBRATION,14.461738
2017-08-30,7,CELEBRATION,18.156809
2017-08-16,7,CLEANING,1133.3398
2017-08-17,7,CLEANING,986.45087
2017-08-18,7,CLEANING,1186.9832
2017-08-19,7,CLEANING,1192.0004
2017-08-20,7,CLEANING,1193.0839
2017-08-21,7,CLEANING,993.82184
2017-08-22,7,CLEANING,1013.0481
2017-08-23,7,CLEANING,1051.4413
2017-08-24,7,CLEANING,1055.5238
2017-08-25,7,CLEANING,1058.8263
2017-08-26,7,CLEANING,1195.0695
2017-08-27,7,CLEANING,1232.3533
2017-08-28,7,CLEANING,1111.433
2017-08-29,7,CLEANING,1081.8115
2017-08-30,7,CLEANING,1089.2697
2017-08-16,7,DAIRY,1378.9246
2017-08-17,7,DAIRY,1166.737
2017-08-18,7,DAIRY,1344.114
2017-08-19,7,DAIRY,1394.8159
2017-08-20,7,DAIRY,1423.7417
2017-08-21,7,DAIRY,1322.3862
2017-08-22,7,DAIRY,1311.1287
2017-08-23,7,DAIRY,1326.8896
2017-08-24,7,DAIRY,1383.6459
2017-08-25,7,DAIRY,1379.6816
2017-08-26,7,DAIRY,1447.4773
2017-08-27,7,DAIRY,1464.9615
2017-08-28,7,DAIRY,1344.25
2017-08-29,7,DAIRY,1354.6334
2017-08-30,7,DAIRY,1382.3942
2017-08-16,7,DELI,193.1147
2017-08-17,7,DELI,172.02444
2017-08-18,7,DELI,222.58043
2017-08-19,7,DELI,201.64824
2017-08-20,7,DELI,194.29793
2017-08-21,7,DELI,181.38597
2017-08-22,7,DELI,183.6531
2017-08-23,7,DELI,184.85034
2017-08-24,7,DELI,194.04124
2017-08-25,7,DELI,223.86163
2017-08-26,7,DELI,206.12923
2017-08-27,7,DELI,202.97203
2017-08-28,7,DELI,182.91367
2017-08-29,7,DELI,179.44095
2017-08-30,7,DELI,193.62291
2017-08-16,7,EGGS,283.1773
2017-08-17,7,EGGS,307.0724
2017-08-18,7,EGGS,334.65503
2017-08-19,7,EGGS,270.62683
2017-08-20,7,EGGS,304.9494
2017-08-21,7,EGGS,272.9571
2017-08-22,7,EGGS,261.72458
2017-08-23,7,EGGS,289.15558
2017-08-24,7,EGGS,294.96756
2017-08-25,7,EGGS,345.36218
2017-08-26,7,EGGS,276.82635
2017-08-27,7,EGGS,306.7537
2017-08-28,7,EGGS,272.02673
2017-08-29,7,EGGS,267.20627
2017-08-30,7,EGGS,289.31223
2017-08-16,7,FROZEN FOODS,232.60051
2017-08-17,7,FROZEN FOODS,235.45477
2017-08-18,7,FROZEN FOODS,216.70033
2017-08-19,7,FROZEN FOODS,231.49176
2017-08-20,7,FROZEN FOODS,226.96542
2017-08-21,7,FROZEN FOODS,199.82841
2017-08-22,7,FROZEN FOODS,215.4993
2017-08-23,7,FROZEN FOODS,227.1043
2017-08-24,7,FROZEN FOODS,222.20448
2017-08-25,7,FROZEN FOODS,214.3576
2017-08-26,7,FROZEN FOODS,234.30951
2017-08-27,7,FROZEN FOODS,219.43227
2017-08-28,7,FROZEN FOODS,201.40207
2017-08-29,7,FROZEN FOODS,230.4867
2017-08-30,7,FROZEN FOODS,230.65251
2017-08-16,7,GROCERY I,4093.5718
2017-08-17,7,GROCERY I,3309.9292
2017-08-18,7,GROCERY I,3915.1401
2017-08-19,7,GROCERY I,4335.452
2017-08-20,7,GROCERY I,4340.8745
2017-08-21,7,GROCERY I,4059.7236
2017-08-22,7,GROCERY I,3995.8362
2017-08-23,7,GROCERY I,4132.9165
2017-08-24,7,GROCERY I,4312.171
2017-08-25,7,GROCERY I,4480.083
2017-08-26,7,GROCERY I,4694.689
2017-08-27,7,GROCERY I,4600.4795
2017-08-28,7,GROCERY I,4118.929
2017-08-29,7,GROCERY I,4116.9907
2017-08-30,7,GROCERY I,4314.0405
2017-08-16,7,GROCERY II,36.898098
2017-08-17,7,GROCERY II,36.08416
2017-08-18,7,GROCERY II,39.085934
2017-08-19,7,GROCERY II,43.030693
2017-08-20,7,GROCERY II,40.603638
2017-08-21,7,GROCERY II,39.841652
2017-08-22,7,GROCERY II,34.543156
2017-08-23,7,GROCERY II,37.785828
2017-08-24,7,GROCERY II,35.890182
2017-08-25,7,GROCERY II,37.286804
2017-08-26,7,GROCERY II,47.002937
2017-08-27,7,GROCERY II,43.309124
2017-08-28,7,GROCERY II,41.356426
2017-08-29,7,GROCERY II,36.883736
2017-08-30,7,GROCERY II,39.935062
2017-08-16,7,HARDWARE,2.5738196
2017-08-17,7,HARDWARE,3.1130993
2017-08-18,7,HARDWARE,2.8625553
2017-08-19,7,HARDWARE,2.7487764
2017-08-20,7,HARDWARE,2.8945065
2017-08-21,7,HARDWARE,2.3528073
2017-08-22,7,HARDWARE,2.0902953
2017-08-23,7,HARDWARE,3.1564837
2017-08-24,7,HARDWARE,3.0484145
2017-08-25,7,HARDWARE,2.273103
2017-08-26,7,HARDWARE,3.0327392
2017-08-27,7,HARDWARE,2.4797723
2017-08-28,7,HARDWARE,2.3845186
2017-08-29,7,HARDWARE,2.382055
2017-08-30,7,HARDWARE,2.506538
2017-08-16,7,HOME AND KITCHEN I,29.95207
2017-08-17,7,HOME AND KITCHEN I,19.662663
2017-08-18,7,HOME AND KITCHEN I,27.427591
2017-08-19,7,HOME AND KITCHEN I,30.000673
2017-08-20,7,HOME AND KITCHEN I,27.84001
2017-08-21,7,HOME AND KITCHEN I,22.00176
2017-08-22,7,HOME AND KITCHEN I,18.384508
2017-08-23,7,HOME AND KITCHEN I,20.150816
2017-08-24,7,HOME AND KITCHEN I,20.459747
2017-08-25,7,HOME AND KITCHEN I,22.5146
2017-08-26,7,HOME AND KITCHEN I,23.316202
2017-08-27,7,HOME AND KITCHEN I,23.75018
2017-08-28,7,HOME AND KITCHEN I,17.24043
2017-08-29,7,HOME AND KITCHEN I,18.731829
2017-08-30,7,HOME AND KITCHEN I,20.137207
2017-08-16,7,HOME AND KITCHEN II,39.427685
2017-08-17,7,HOME AND KITCHEN II,28.4131
2017-08-18,7,HOME AND KITCHEN II,35.670315
2017-08-19,7,HOME AND KITCHEN II,37.633587
2017-08-20,7,HOME AND KITCHEN II,45.74747
2017-08-21,7,HOME AND KITCHEN II,31.8864
2017-08-22,7,HOME AND KITCHEN II,24.884922
2017-08-23,7,HOME AND KITCHEN II,26.376696
2017-08-24,7,HOME AND KITCHEN II,25.88284
2017-08-25,7,HOME AND KITCHEN II,26.045351
2017-08-26,7,HOME AND KITCHEN II,32.416553
2017-08-27,7,HOME AND KITCHEN II,34.456474
2017-08-28,7,HOME AND KITCHEN II,27.41707
2017-08-29,7,HOME AND KITCHEN II,26.292534
2017-08-30,7,HOME AND KITCHEN II,27.026436
2017-08-16,7,HOME APPLIANCES,0.94297767
2017-08-17,7,HOME APPLIANCES,1.1182288
2017-08-18,7,HOME APPLIANCES,0.8485079
2017-08-19,7,HOME APPLIANCES,0.85162896
2017-08-20,7,HOME APPLIANCES,1.077005
2017-08-21,7,HOME APPLIANCES,1.0288982
2017-08-22,7,HOME APPLIANCES,0.94344723
2017-08-23,7,HOME APPLIANCES,1.1479577
2017-08-24,7,HOME APPLIANCES,0.89540195
2017-08-25,7,HOME APPLIANCES,0.92895514
2017-08-26,7,HOME APPLIANCES,1.0843036
2017-08-27,7,HOME APPLIANCES,1.064169
2017-08-28,7,HOME APPLIANCES,0.93221146
2017-08-29,7,HOME APPLIANCES,0.90374446
2017-08-30,7,HOME APPLIANCES,1.0320879
2017-08-16,7,HOME CARE,196.19652
2017-08-17,7,HOME CARE,134.55412
2017-08-18,7,HOME CARE,208.18898
2017-08-19,7,HOME CARE,192.10667
2017-08-20,7,HOME CARE,194.65208
2017-08-21,7,HOME CARE,172.95856
2017-08-22,7,HOME CARE,143.4723
2017-08-23,7,HOME CARE,171.9816
2017-08-24,7,HOME CARE,157.30124
2017-08-25,7,HOME CARE,186.68489
2017-08-26,7,HOME CARE,195.20279
2017-08-27,7,HOME CARE,195.76447
2017-08-28,7,HOME CARE,134.36684
2017-08-29,7,HOME CARE,145.04202
2017-08-30,7,HOME CARE,164.67386
2017-08-16,7,LADIESWEAR,16.126299
2017-08-17,7,LADIESWEAR,17.381937
2017-08-18,7,LADIESWEAR,14.965158
2017-08-19,7,LADIESWEAR,16.769567
2017-08-20,7,LADIESWEAR,17.365545
2017-08-21,7,LADIESWEAR,14.1931
2017-08-22,7,LADIESWEAR,13.3351145
2017-08-23,7,LADIESWEAR,13.530859
2017-08-24,7,LADIESWEAR,16.09787
2017-08-25,7,LADIESWEAR,14.505516
2017-08-26,7,LADIESWEAR,17.31106
2017-08-27,7,LADIESWEAR,14.727273
2017-08-28,7,LADIESWEAR,14.15251
2017-08-29,7,LADIESWEAR,12.637624
2017-08-30,7,LADIESWEAR,13.854021
2017-08-16,7,LAWN AND GARDEN,49.258198
2017-08-17,7,LAWN AND GARDEN,41.191013
2017-08-18,7,LAWN AND GARDEN,54.15901
2017-08-19,7,LAWN AND GARDEN,50.922386
2017-08-20,7,LAWN AND GARDEN,42.4336
2017-08-21,7,LAWN AND GARDEN,44.662598
2017-08-22,7,LAWN AND GARDEN,40.44668
2017-08-23,7,LAWN AND GARDEN,48.39492
2017-08-24,7,LAWN AND GARDEN,45.378162
2017-08-25,7,LAWN AND GARDEN,56.84994
2017-08-26,7,LAWN AND GARDEN,52.167168
2017-08-27,7,LAWN AND GARDEN,47.339024
2017-08-28,7,LAWN AND GARDEN,43.999702
2017-08-29,7,LAWN AND GARDEN,38.435738
2017-08-30,7,LAWN AND GARDEN,52.12698
2017-08-16,7,LINGERIE,9.238831
2017-08-17,7,LINGERIE,10.154727
2017-08-18,7,LINGERIE,9.222991
2017-08-19,7,LINGERIE,9.63173
2017-08-20,7,LINGERIE,9.56183
2017-08-21,7,LINGERIE,8.815375
2017-08-22,7,LINGERIE,8.505663
2017-08-23,7,LINGERIE,8.784043
2017-08-24,7,LINGERIE,8.153652
2017-08-25,7,LINGERIE,9.407403
2017-08-26,7,LINGERIE,10.499077
2017-08-27,7,LINGERIE,11.722247
2017-08-28,7,LINGERIE,9.452449
2017-08-29,7,LINGERIE,9.743035
2017-08-30,7,LINGERIE,9.975766
2017-08-16,7,"LIQUOR,WINE,BEER",164.51404
2017-08-17,7,"LIQUOR,WINE,BEER",153.57767
2017-08-18,7,"LIQUOR,WINE,BEER",212.92928
2017-08-19,7,"LIQUOR,WINE,BEER",138.74745
2017-08-20,7,"LIQUOR,WINE,BEER",126.33998
2017-08-21,7,"LIQUOR,WINE,BEER",171.37083
2017-08-22,7,"LIQUOR,WINE,BEER",139.39009
2017-08-23,7,"LIQUOR,WINE,BEER",164.91751
2017-08-24,7,"LIQUOR,WINE,BEER",167.50432
2017-08-25,7,"LIQUOR,WINE,BEER",163.42966
2017-08-26,7,"LIQUOR,WINE,BEER",116.934616
2017-08-27,7,"LIQUOR,WINE,BEER",131.12354
2017-08-28,7,"LIQUOR,WINE,BEER",179.84445
2017-08-29,7,"LIQUOR,WINE,BEER",146.3241
2017-08-30,7,"LIQUOR,WINE,BEER",167.6364
2017-08-16,7,MAGAZINES,16.550144
2017-08-17,7,MAGAZINES,15.600722
2017-08-18,7,MAGAZINES,15.009152
2017-08-19,7,MAGAZINES,17.02063
2017-08-20,7,MAGAZINES,14.0850725
2017-08-21,7,MAGAZINES,13.279946
2017-08-22,7,MAGAZINES,11.818731
2017-08-23,7,MAGAZINES,13.009382
2017-08-24,7,MAGAZINES,13.707494
2017-08-25,7,MAGAZINES,14.1761055
2017-08-26,7,MAGAZINES,17.675018
2017-08-27,7,MAGAZINES,15.357817
2017-08-28,7,MAGAZINES,12.931319
2017-08-29,7,MAGAZINES,11.29852
2017-08-30,7,MAGAZINES,12.630109
2017-08-16,7,MEATS,502.7885
2017-08-17,7,MEATS,476.02155
2017-08-18,7,MEATS,674.13293
2017-08-19,7,MEATS,478.26474
2017-08-20,7,MEATS,494.52148
2017-08-21,7,MEATS,447.36215
2017-08-22,7,MEATS,468.25952
2017-08-23,7,MEATS,511.2033
2017-08-24,7,MEATS,497.8898
2017-08-25,7,MEATS,686.83875
2017-08-26,7,MEATS,468.8478
2017-08-27,7,MEATS,501.07465
2017-08-28,7,MEATS,461.82272
2017-08-29,7,MEATS,481.107
2017-08-30,7,MEATS,521.4891
2017-08-16,7,PERSONAL CARE,232.51396
2017-08-17,7,PERSONAL CARE,216.24213
2017-08-18,7,PERSONAL CARE,251.71585
2017-08-19,7,PERSONAL CARE,260.93893
2017-08-20,7,PERSONAL CARE,263.03973
2017-08-21,7,PERSONAL CARE,236.99655
2017-08-22,7,PERSONAL CARE,237.7946
2017-08-23,7,PERSONAL CARE,243.38332
2017-08-24,7,PERSONAL CARE,252.47304
2017-08-25,7,PERSONAL CARE,242.96619
2017-08-26,7,PERSONAL CARE,283.525
2017-08-27,7,PERSONAL CARE,269.74457
2017-08-28,7,PERSONAL CARE,252.31349
2017-08-29,7,PERSONAL CARE,236.7683
2017-08-30,7,PERSONAL CARE,237.38249
2017-08-16,7,PET SUPPLIES,7.221414
2017-08-17,7,PET SUPPLIES,8.037342
2017-08-18,7,PET SUPPLIES,7.101522
2017-08-19,7,PET SUPPLIES,7.23408
2017-08-20,7,PET SUPPLIES,6.9400353
2017-08-21,7,PET SUPPLIES,7.047037
2017-08-22,7,PET SUPPLIES,6.656962
2017-08-23,7,PET SUPPLIES,7.5187607
2017-08-24,7,PET SUPPLIES,7.3321276
2017-08-25,7,PET SUPPLIES,6.58359
2017-08-26,7,PET SUPPLIES,7.2233524
2017-08-27,7,PET SUPPLIES,6.5677934
2017-08-28,7,PET SUPPLIES,7.585467
2017-08-29,7,PET SUPPLIES,6.314872
2017-08-30,7,PET SUPPLIES,6.9869847
2017-08-16,7,PLAYERS AND ELECTRONICS,13.93059
2017-08-17,7,PLAYERS AND ELECTRONICS,13.659904
2017-08-18,7,PLAYERS AND ELECTRONICS,15.025484
2017-08-19,7,PLAYERS AND ELECTRONICS,14.578793
2017-08-20,7,PLAYERS AND ELECTRONICS,14.1006365
2017-08-21,7,PLAYERS AND ELECTRONICS,12.417705
2017-08-22,7,PLAYERS AND ELECTRONICS,10.830499
2017-08-23,7,PLAYERS AND ELECTRONICS,11.6867695
2017-08-24,7,PLAYERS AND ELECTRONICS,12.406221
2017-08-25,7,PLAYERS AND ELECTRONICS,13.132457
2017-08-26,7,PLAYERS AND ELECTRONICS,13.289496
2017-08-27,7,PLAYERS AND ELECTRONICS,12.425249
2017-08-28,7,PLAYERS AND ELECTRONICS,11.558774
2017-08-29,7,PLAYERS AND ELECTRONICS,10.980959
2017-08-30,7,PLAYERS AND ELECTRONICS,12.583203
2017-08-16,7,POULTRY,629.59796
2017-08-17,7,POULTRY,623.75726
2017-08-18,7,POULTRY,800.1563
2017-08-19,7,POULTRY,617.8902
2017-08-20,7,POULTRY,654.9591
2017-08-21,7,POULTRY,573.95605
2017-08-22,7,POULTRY,629.41864
2017-08-23,7,POULTRY,638.71497
2017-08-24,7,POULTRY,633.386
2017-08-25,7,POULTRY,783.1844
2017-08-26,7,POULTRY,615.7271
2017-08-27,7,POULTRY,690.4194
2017-08-28,7,POULTRY,607.8
2017-08-29,7,POULTRY,618.4053
2017-08-30,7,POULTRY,652.9231
2017-08-16,7,PREPARED FOODS,128.64941
2017-08-17,7,PREPARED FOODS,134.15489
2017-08-18,7,PREPARED FOODS,127.62465
2017-08-19,7,PREPARED FOODS,136.55621
2017-08-20,7,PREPARED FOODS,134.13475
2017-08-21,7,PREPARED FOODS,126.217125
2017-08-22,7,PREPARED FOODS,123.26793
2017-08-23,7,PREPARED FOODS,131.99818
2017-08-24,7,PREPARED FOODS,127.65862
2017-08-25,7,PREPARED FOODS,121.63255
2017-08-26,7,PREPARED FOODS,140.59299
2017-08-27,7,PREPARED FOODS,143.19191
2017-08-28,7,PREPARED FOODS,132.815
2017-08-29,7,PREPARED FOODS,129.01717
2017-08-30,7,PREPARED FOODS,139.85115
2017-08-16,7,PRODUCE,6728.1226
2017-08-17,7,PRODUCE,3506.4883
2017-08-18,7,PRODUCE,3987.2856
2017-08-19,7,PRODUCE,4196.172
2017-08-20,7,PRODUCE,4490.4556
2017-08-21,7,PRODUCE,3974.9277
2017-08-22,7,PRODUCE,3638.4368
2017-08-23,7,PRODUCE,6424.8115
2017-08-24,7,PRODUCE,3489.707
2017-08-25,7,PRODUCE,3956.6255
2017-08-26,7,PRODUCE,4240.8535
2017-08-27,7,PRODUCE,4548.4194
2017-08-28,7,PRODUCE,3855.9795
2017-08-29,7,PRODUCE,3745.777
2017-08-30,7,PRODUCE,6339.0513
2017-08-16,7,SCHOOL AND OFFICE SUPPLIES,0.6090969
2017-08-17,7,SCHOOL AND OFFICE SUPPLIES,0.5350027
2017-08-18,7,SCHOOL AND OFFICE SUPPLIES,0.44942096
2017-08-19,7,SCHOOL AND OFFICE SUPPLIES,0.4755977
2017-08-20,7,SCHOOL AND OFFICE SUPPLIES,0.5324373
2017-08-21,7,SCHOOL AND OFFICE SUPPLIES,0.4072608
2017-08-22,7,SCHOOL AND OFFICE SUPPLIES,0.43482792
2017-08-23,7,SCHOOL AND OFFICE SUPPLIES,0.5278991
2017-08-24,7,SCHOOL AND OFFICE SUPPLIES,0.5519345
2017-08-25,7,SCHOOL AND OFFICE SUPPLIES,0.3947306
2017-08-26,7,SCHOOL AND OFFICE SUPPLIES,0.50957346
2017-08-27,7,SCHOOL AND OFFICE SUPPLIES,0.60961664
2017-08-28,7,SCHOOL AND OFFICE SUPPLIES,0.525682
2017-08-29,7,SCHOOL AND OFFICE SUPPLIES,0.49878788
2017-08-30,7,SCHOOL AND OFFICE SUPPLIES,0.41613242
2017-08-16,7,SEAFOOD,42.924534
2017-08-17,7,SEAFOOD,48.297955
2017-08-18,7,SEAFOOD,44.229755
2017-08-19,7,SEAFOOD,46.816658
2017-08-20,7,SEAFOOD,44.783283
2017-08-21,7,SEAFOOD,40.18885
2017-08-22,7,SEAFOOD,41.047405
2017-08-23,7,SEAFOOD,42.972576
2017-08-24,7,SEAFOOD,47.80161
2017-08-25,7,SEAFOOD,41.653336
2017-08-26,7,SEAFOOD,44.972363
2017-08-27,7,SEAFOOD,47.975594
2017-08-28,7,SEAFOOD,43.49584
2017-08-29,7,SEAFOOD,44.846546
2017-08-30,7,SEAFOOD,43.8129
2017-08-16,8,AUTOMOTIVE,4.1896033
2017-08-17,8,AUTOMOTIVE,4.523058
2017-08-18,8,AUTOMOTIVE,4.6926003
2017-08-19,8,AUTOMOTIVE,5.807082
2017-08-20,8,AUTOMOTIVE,4.577448
2017-08-21,8,AUTOMOTIVE,4.5796733
2017-08-22,8,AUTOMOTIVE,4.5679536
2017-08-23,8,AUTOMOTIVE,4.2564187
2017-08-24,8,AUTOMOTIVE,4.894943
2017-08-25,8,AUTOMOTIVE,4.572221
2017-08-26,8,AUTOMOTIVE,5.4160595
2017-08-27,8,AUTOMOTIVE,4.7045336
2017-08-28,8,AUTOMOTIVE,4.8171144
2017-08-29,8,AUTOMOTIVE,4.238446
2017-08-30,8,AUTOMOTIVE,4.2255793
2017-08-16,8,BABY CARE,0.47404632
2017-08-17,8,BABY CARE,0.70075554
2017-08-18,8,BABY CARE,0.4027027
2017-08-19,8,BABY CARE,0.4395211
2017-08-20,8,BABY CARE,0.41673446
2017-08-21,8,BABY CARE,0.36674616
2017-08-22,8,BABY CARE,0.36506507
2017-08-23,8,BABY CARE,0.43525717
2017-08-24,8,BABY CARE,0.3877606
2017-08-25,8,BABY CARE,0.35604328
2017-08-26,8,BABY CARE,0.3370595
2017-08-27,8,BABY CARE,0.3332146
2017-08-28,8,BABY CARE,0.2504113
2017-08-29,8,BABY CARE,0.2791184
2017-08-30,8,BABY CARE,0.33972403
2017-08-16,8,BEAUTY,11.67077
2017-08-17,8,BEAUTY,12.483766
2017-08-18,8,BEAUTY,10.274833
2017-08-19,8,BEAUTY,10.186434
2017-08-20,8,BEAUTY,10.734288
2017-08-21,8,BEAUTY,9.63947
2017-08-22,8,BEAUTY,9.754893
2017-08-23,8,BEAUTY,11.297827
2017-08-24,8,BEAUTY,11.5824375
2017-08-25,8,BEAUTY,9.645348
2017-08-26,8,BEAUTY,10.920224
2017-08-27,8,BEAUTY,10.34393
2017-08-28,8,BEAUTY,8.66294
2017-08-29,8,BEAUTY,10.193278
2017-08-30,8,BEAUTY,11.299958
2017-08-16,8,BEVERAGES,4698.8525
2017-08-17,8,BEVERAGES,4512.2437
2017-08-18,8,BEVERAGES,4095.7903
2017-08-19,8,BEVERAGES,4197.4194
2017-08-20,8,BEVERAGES,4498.9644
2017-08-21,8,BEVERAGES,4048.871
2017-08-22,8,BEVERAGES,4264.0347
2017-08-23,8,BEVERAGES,4893.661
2017-08-24,8,BEVERAGES,5103.769
2017-08-25,8,BEVERAGES,4631.6367
2017-08-26,8,BEVERAGES,4559.855
2017-08-27,8,BEVERAGES,4524.6636
2017-08-28,8,BEVERAGES,4293.3506
2017-08-29,8,BEVERAGES,3928.9692
2017-08-30,8,BEVERAGES,5010.7593
2017-08-16,8,BOOKS,0.06439951
2017-08-17,8,BOOKS,0.06022526
2017-08-18,8,BOOKS,0.016766667
2017-08-19,8,BOOKS,0.03432083
2017-08-20,8,BOOKS,0.060532074
2017-08-21,8,BOOKS,0.053273186
2017-08-22,8,BOOKS,0.04844208
2017-08-23,8,BOOKS,0.07168909
2017-08-24,8,BOOKS,0.10365903
2017-08-25,8,BOOKS,0.07490281
2017-08-26,8,BOOKS,0.11123464
2017-08-27,8,BOOKS,0.11236128
2017-08-28,8,BOOKS,0.0850901
2017-08-29,8,BOOKS,0.1272397
2017-08-30,8,BOOKS,0.082692176
2017-08-16,8,BREAD/BAKERY,858.62225
2017-08-17,8,BREAD/BAKERY,865.05585
2017-08-18,8,BREAD/BAKERY,830.9817
2017-08-19,8,BREAD/BAKERY,830.6967
2017-08-20,8,BREAD/BAKERY,877.7489
2017-08-21,8,BREAD/BAKERY,770.01654
2017-08-22,8,BREAD/BAKERY,797.07153
2017-08-23,8,BREAD/BAKERY,896.2637
2017-08-24,8,BREAD/BAKERY,899.60913
2017-08-25,8,BREAD/BAKERY,881.9402
2017-08-26,8,BREAD/BAKERY,873.3967
2017-08-27,8,BREAD/BAKERY,891.0617
2017-08-28,8,BREAD/BAKERY,801.02856
2017-08-29,8,BREAD/BAKERY,764.6557
2017-08-30,8,BREAD/BAKERY,931.5206
2017-08-16,8,CELEBRATION,21.708715
2017-08-17,8,CELEBRATION,19.3369
2017-08-18,8,CELEBRATION,19.229982
2017-08-19,8,CELEBRATION,20.481697
2017-08-20,8,CELEBRATION,16.569164
2017-08-21,8,CELEBRATION,21.32027
2017-08-22,8,CELEBRATION,19.640202
2017-08-23,8,CELEBRATION,20.659075
2017-08-24,8,CELEBRATION,17.756874
2017-08-25,8,CELEBRATION,19.220572
2017-08-26,8,CELEBRATION,19.93147
2017-08-27,8,CELEBRATION,15.793624
2017-08-28,8,CELEBRATION,24.141785
2017-08-29,8,CELEBRATION,17.18852
2017-08-30,8,CELEBRATION,20.284693
2017-08-16,8,CLEANING,1372.3939
2017-08-17,8,CLEANING,1223.8113
2017-08-18,8,CLEANING,1263.527
2017-08-19,8,CLEANING,1411.3872
2017-08-20,8,CLEANING,1445.1978
2017-08-21,8,CLEANING,1231.0621
2017-08-22,8,CLEANING,1309.1191
2017-08-23,8,CLEANING,1425.4204
2017-08-24,8,CLEANING,1386.1068
2017-08-25,8,CLEANING,1342.3892
2017-08-26,8,CLEANING,1377.1987
2017-08-27,8,CLEANING,1453.9528
2017-08-28,8,CLEANING,1242.6968
2017-08-29,8,CLEANING,1172.0398
2017-08-30,8,CLEANING,1371.2743
2017-08-16,8,DAIRY,1580.4321
2017-08-17,8,DAIRY,1433.137
2017-08-18,8,DAIRY,1325.8926
2017-08-19,8,DAIRY,1479.0078
2017-08-20,8,DAIRY,1583.3826
2017-08-21,8,DAIRY,1366.5186
2017-08-22,8,DAIRY,1549.4337
2017-08-23,8,DAIRY,1674.762
2017-08-24,8,DAIRY,1735.6659
2017-08-25,8,DAIRY,1463.6549
2017-08-26,8,DAIRY,1520.8992
2017-08-27,8,DAIRY,1624.7092
2017-08-28,8,DAIRY,1418.2834
2017-08-29,8,DAIRY,1474.9131
2017-08-30,8,DAIRY,1721.4603
2017-08-16,8,DELI,309.42792
2017-08-17,8,DELI,302.08615
2017-08-18,8,DELI,358.27524
2017-08-19,8,DELI,296.43866
2017-08-20,8,DELI,264.58545
2017-08-21,8,DELI,262.32797
2017-08-22,8,DELI,280.13107
2017-08-23,8,DELI,323.49994
2017-08-24,8,DELI,344.89404
2017-08-25,8,DELI,361.17154
2017-08-26,8,DELI,299.94098
2017-08-27,8,DELI,279.72894
2017-08-28,8,DELI,276.47284
2017-08-29,8,DELI,268.1863
2017-08-30,8,DELI,338.06516
2017-08-16,8,EGGS,368.14777
2017-08-17,8,EGGS,397.9116
2017-08-18,8,EGGS,388.05142
2017-08-19,8,EGGS,298.08612
2017-08-20,8,EGGS,356.99417
2017-08-21,8,EGGS,291.34604
2017-08-22,8,EGGS,337.38647
2017-08-23,8,EGGS,393.32883
2017-08-24,8,EGGS,450.33347
2017-08-25,8,EGGS,425.81238
2017-08-26,8,EGGS,304.64804
2017-08-27,8,EGGS,352.89047
2017-08-28,8,EGGS,279.76083
2017-08-29,8,EGGS,327.304
2017-08-30,8,EGGS,388.31335
2017-08-16,8,FROZEN FOODS,179.03824
2017-08-17,8,FROZEN FOODS,175.2787
2017-08-18,8,FROZEN FOODS,145.5316
2017-08-19,8,FROZEN FOODS,162.11366
2017-08-20,8,FROZEN FOODS,165.41017
2017-08-21,8,FROZEN FOODS,157.8827
2017-08-22,8,FROZEN FOODS,174.20908
2017-08-23,8,FROZEN FOODS,206.2957
2017-08-24,8,FROZEN FOODS,188.01883
2017-08-25,8,FROZEN FOODS,153.875
2017-08-26,8,FROZEN FOODS,180.10783
2017-08-27,8,FROZEN FOODS,172.12411
2017-08-28,8,FROZEN FOODS,161.9517
2017-08-29,8,FROZEN FOODS,189.28697
2017-08-30,8,FROZEN FOODS,207.83559
2017-08-16,8,GROCERY I,5070.0405
2017-08-17,8,GROCERY I,4428.243
2017-08-18,8,GROCERY I,4327.7866
2017-08-19,8,GROCERY I,5167.8584
2017-08-20,8,GROCERY I,5490.5854
2017-08-21,8,GROCERY I,4634.62
2017-08-22,8,GROCERY I,5106.3975
2017-08-23,8,GROCERY I,5875.998
2017-08-24,8,GROCERY I,6347.835
2017-08-25,8,GROCERY I,5456.1685
2017-08-26,8,GROCERY I,5346.0254
2017-08-27,8,GROCERY I,5574.1113
2017-08-28,8,GROCERY I,4787.105
2017-08-29,8,GROCERY I,4406.447
2017-08-30,8,GROCERY I,6197.1396
2017-08-16,8,GROCERY II,41.318386
2017-08-17,8,GROCERY II,41.81187
2017-08-18,8,GROCERY II,42.778954
2017-08-19,8,GROCERY II,46.228745
2017-08-20,8,GROCERY II,42.384033
2017-08-21,8,GROCERY II,39.14955
2017-08-22,8,GROCERY II,36.860477
2017-08-23,8,GROCERY II,43.579082
2017-08-24,8,GROCERY II,47.394344
2017-08-25,8,GROCERY II,45.65695
2017-08-26,8,GROCERY II,49.69533
2017-08-27,8,GROCERY II,42.08872
2017-08-28,8,GROCERY II,37.39642
2017-08-29,8,GROCERY II,35.792603
2017-08-30,8,GROCERY II,45.931362
2017-08-16,8,HARDWARE,3.073167
2017-08-17,8,HARDWARE,3.2649062
2017-08-18,8,HARDWARE,2.6539125
2017-08-19,8,HARDWARE,3.5296917
2017-08-20,8,HARDWARE,3.036525
2017-08-21,8,HARDWARE,2.4335647
2017-08-22,8,HARDWARE,2.753184
2017-08-23,8,HARDWARE,3.268619
2017-08-24,8,HARDWARE,3.3414812
2017-08-25,8,HARDWARE,3.003952
2017-08-26,8,HARDWARE,3.2072325
2017-08-27,8,HARDWARE,3.611798
2017-08-28,8,HARDWARE,2.6838672
2017-08-29,8,HARDWARE,2.5518653
2017-08-30,8,HARDWARE,3.0942829
2017-08-16,8,HOME AND KITCHEN I,44.283073
2017-08-17,8,HOME AND KITCHEN I,31.019384
2017-08-18,8,HOME AND KITCHEN I,35.581375
2017-08-19,8,HOME AND KITCHEN I,45.56283
2017-08-20,8,HOME AND KITCHEN I,36.140236
2017-08-21,8,HOME AND KITCHEN I,34.056664
2017-08-22,8,HOME AND KITCHEN I,30.697933
2017-08-23,8,HOME AND KITCHEN I,38.15099
2017-08-24,8,HOME AND KITCHEN I,34.71507
2017-08-25,8,HOME AND KITCHEN I,32.793495
2017-08-26,8,HOME AND KITCHEN I,40.133995
2017-08-27,8,HOME AND KITCHEN I,34.021667
2017-08-28,8,HOME AND KITCHEN I,33.086765
2017-08-29,8,HOME AND KITCHEN I,29.226202
2017-08-30,8,HOME AND KITCHEN I,33.81222
2017-08-16,8,HOME AND KITCHEN II,45.710014
2017-08-17,8,HOME AND KITCHEN II,38.076763
2017-08-18,8,HOME AND KITCHEN II,40.3506
2017-08-19,8,HOME AND KITCHEN II,51.027138
2017-08-20,8,HOME AND KITCHEN II,50.921814
2017-08-21,8,HOME AND KITCHEN II,37.70533
2017-08-22,8,HOME AND KITCHEN II,35.864902
2017-08-23,8,HOME AND KITCHEN II,41.656082
2017-08-24,8,HOME AND KITCHEN II,41.365067
2017-08-25,8,HOME AND KITCHEN II,33.78292
2017-08-26,8,HOME AND KITCHEN II,44.684734
2017-08-27,8,HOME AND KITCHEN II,50.690556
2017-08-28,8,HOME AND KITCHEN II,40.030724
2017-08-29,8,HOME AND KITCHEN II,34.407757
2017-08-30,8,HOME AND KITCHEN II,39.97693
2017-08-16,8,HOME APPLIANCES,0.02397746
2017-08-17,8,HOME APPLIANCES,0.0
2017-08-18,8,HOME APPLIANCES,0.007460547
2017-08-19,8,HOME APPLIANCES,0.014646868
2017-08-20,8,HOME APPLIANCES,0.00896062
2017-08-21,8,HOME APPLIANCES,0.0442295
2017-08-22,8,HOME APPLIANCES,0.087074906
2017-08-23,8,HOME APPLIANCES,0.09658385
2017-08-24,8,HOME APPLIANCES,0.12312113
2017-08-25,8,HOME APPLIANCES,0.08634199
2017-08-26,8,HOME APPLIANCES,0.10996306
2017-08-27,8,HOME APPLIANCES,0.13992715
2017-08-28,8,HOME APPLIANCES,0.15531255
2017-08-29,8,HOME APPLIANCES,0.10686975
2017-08-30,8,HOME APPLIANCES,0.17055751
2017-08-16,8,HOME CARE,296.0578
2017-08-17,8,HOME CARE,250.90218
2017-08-18,8,HOME CARE,270.67215
2017-08-19,8,HOME CARE,273.50723
2017-08-20,8,HOME CARE,297.06967
2017-08-21,8,HOME CARE,216.2699
2017-08-22,8,HOME CARE,220.87975
2017-08-23,8,HOME CARE,252.37837
2017-08-24,8,HOME CARE,249.32005
2017-08-25,8,HOME CARE,269.6157
2017-08-26,8,HOME CARE,263.71686
2017-08-27,8,HOME CARE,284.92596
2017-08-28,8,HOME CARE,213.33405
2017-08-29,8,HOME CARE,202.70375
2017-08-30,8,HOME CARE,246.04161
2017-08-16,8,LADIESWEAR,29.975307
2017-08-17,8,LADIESWEAR,34.254818
2017-08-18,8,LADIESWEAR,31.713993
2017-08-19,8,LADIESWEAR,30.73117
2017-08-20,8,LADIESWEAR,28.03676
2017-08-21,8,LADIESWEAR,25.833231
2017-08-22,8,LADIESWEAR,27.211332
2017-08-23,8,LADIESWEAR,32.308033
2017-08-24,8,LADIESWEAR,30.991068
2017-08-25,8,LADIESWEAR,29.20523
2017-08-26,8,LADIESWEAR,31.527737
2017-08-27,8,LADIESWEAR,26.982727
2017-08-28,8,LADIESWEAR,27.052177
2017-08-29,8,LADIESWEAR,26.469904
2017-08-30,8,LADIESWEAR,28.873251
2017-08-16,8,LAWN AND GARDEN,51.996887
2017-08-17,8,LAWN AND GARDEN,48.42206
2017-08-18,8,LAWN AND GARDEN,45.054344
2017-08-19,8,LAWN AND GARDEN,44.110577
2017-08-20,8,LAWN AND GARDEN,44.618546
2017-08-21,8,LAWN AND GARDEN,43.590076
2017-08-22,8,LAWN AND GARDEN,32.436604
2017-08-23,8,LAWN AND GARDEN,51.750412
2017-08-24,8,LAWN AND GARDEN,48.813686
2017-08-25,8,LAWN AND GARDEN,47.251854
2017-08-26,8,LAWN AND GARDEN,44.848885
2017-08-27,8,LAWN AND GARDEN,45.602596
2017-08-28,8,LAWN AND GARDEN,44.3607
2017-08-29,8,LAWN AND GARDEN,33.720245
2017-08-30,8,LAWN AND GARDEN,48.3508
2017-08-16,8,LINGERIE,24.417759
2017-08-17,8,LINGERIE,23.393932
2017-08-18,8,LINGERIE,22.45895
2017-08-19,8,LINGERIE,22.03138
2017-08-20,8,LINGERIE,21.778162
2017-08-21,8,LINGERIE,20.113993
2017-08-22,8,LINGERIE,21.990654
2017-08-23,8,LINGERIE,25.759636
2017-08-24,8,LINGERIE,23.950596
2017-08-25,8,LINGERIE,21.867598
2017-08-26,8,LINGERIE,24.221779
2017-08-27,8,LINGERIE,23.04931
2017-08-28,8,LINGERIE,19.705725
2017-08-29,8,LINGERIE,20.998047
2017-08-30,8,LINGERIE,23.62029
2017-08-16,8,"LIQUOR,WINE,BEER",128.44157
2017-08-17,8,"LIQUOR,WINE,BEER",87.9374
2017-08-18,8,"LIQUOR,WINE,BEER",113.261246
2017-08-19,8,"LIQUOR,WINE,BEER",112.39057
2017-08-20,8,"LIQUOR,WINE,BEER",81.104355
2017-08-21,8,"LIQUOR,WINE,BEER",119.02872
2017-08-22,8,"LIQUOR,WINE,BEER",119.131226
2017-08-23,8,"LIQUOR,WINE,BEER",115.9713
2017-08-24,8,"LIQUOR,WINE,BEER",97.24653
2017-08-25,8,"LIQUOR,WINE,BEER",135.46918
2017-08-26,8,"LIQUOR,WINE,BEER",108.77683
2017-08-27,8,"LIQUOR,WINE,BEER",85.40574
2017-08-28,8,"LIQUOR,WINE,BEER",111.226944
2017-08-29,8,"LIQUOR,WINE,BEER",130.02994
2017-08-30,8,"LIQUOR,WINE,BEER",111.106895
2017-08-16,8,MAGAZINES,20.642242
2017-08-17,8,MAGAZINES,21.129152
2017-08-18,8,MAGAZINES,19.468346
2017-08-19,8,MAGAZINES,18.622234
2017-08-20,8,MAGAZINES,18.376478
2017-08-21,8,MAGAZINES,15.896799
2017-08-22,8,MAGAZINES,13.38665
2017-08-23,8,MAGAZINES,17.670765
2017-08-24,8,MAGAZINES,18.08667
2017-08-25,8,MAGAZINES,14.759104
2017-08-26,8,MAGAZINES,17.106104
2017-08-27,8,MAGAZINES,16.06405
2017-08-28,8,MAGAZINES,13.5786085
2017-08-29,8,MAGAZINES,11.719248
2017-08-30,8,MAGAZINES,15.417757
2017-08-16,8,MEATS,531.61646
2017-08-17,8,MEATS,489.62018
2017-08-18,8,MEATS,620.7146
2017-08-19,8,MEATS,380.74454
2017-08-20,8,MEATS,447.36633
2017-08-21,8,MEATS,406.04532
2017-08-22,8,MEATS,434.18546
2017-08-23,8,MEATS,535.1934
2017-08-24,8,MEATS,497.4673
2017-08-25,8,MEATS,668.8486
2017-08-26,8,MEATS,411.72147
2017-08-27,8,MEATS,440.49896
2017-08-28,8,MEATS,409.8271
2017-08-29,8,MEATS,446.3591
2017-08-30,8,MEATS,542.0286
2017-08-16,8,PERSONAL CARE,369.04163
2017-08-17,8,PERSONAL CARE,368.85406
2017-08-18,8,PERSONAL CARE,334.6069
2017-08-19,8,PERSONAL CARE,373.33945
2017-08-20,8,PERSONAL CARE,361.09467
2017-08-21,8,PERSONAL CARE,301.17773
2017-08-22,8,PERSONAL CARE,319.7258
2017-08-23,8,PERSONAL CARE,383.50076
2017-08-24,8,PERSONAL CARE,420.05594
2017-08-25,8,PERSONAL CARE,376.1779
2017-08-26,8,PERSONAL CARE,406.2403
2017-08-27,8,PERSONAL CARE,386.00644
2017-08-28,8,PERSONAL CARE,340.95663
2017-08-29,8,PERSONAL CARE,321.72598
2017-08-30,8,PERSONAL CARE,395.8058
2017-08-16,8,PET SUPPLIES,15.315308
2017-08-17,8,PET SUPPLIES,15.345793
2017-08-18,8,PET SUPPLIES,15.878027
2017-08-19,8,PET SUPPLIES,15.482971
2017-08-20,8,PET SUPPLIES,15.527047
2017-08-21,8,PET SUPPLIES,14.584871
2017-08-22,8,PET SUPPLIES,14.623384
2017-08-23,8,PET SUPPLIES,15.977339
2017-08-24,8,PET SUPPLIES,15.596005
2017-08-25,8,PET SUPPLIES,15.514668
2017-08-26,8,PET SUPPLIES,15.054439
2017-08-27,8,PET SUPPLIES,14.494722
2017-08-28,8,PET SUPPLIES,13.099897
2017-08-29,8,PET SUPPLIES,12.813895
2017-08-30,8,PET SUPPLIES,15.503424
2017-08-16,8,PLAYERS AND ELECTRONICS,18.0315
2017-08-17,8,PLAYERS AND ELECTRONICS,19.037859
2017-08-18,8,PLAYERS AND ELECTRONICS,19.50399
2017-08-19,8,PLAYERS AND ELECTRONICS,17.868652
2017-08-20,8,PLAYERS AND ELECTRONICS,17.1444
2017-08-21,8,PLAYERS AND ELECTRONICS,16.719614
2017-08-22,8,PLAYERS AND ELECTRONICS,16.63928
2017-08-23,8,PLAYERS AND ELECTRONICS,18.99997
2017-08-24,8,PLAYERS AND ELECTRONICS,17.368942
2017-08-25,8,PLAYERS AND ELECTRONICS,17.422499
2017-08-26,8,PLAYERS AND ELECTRONICS,17.783337
2017-08-27,8,PLAYERS AND ELECTRONICS,16.706835
2017-08-28,8,PLAYERS AND ELECTRONICS,14.992002
2017-08-29,8,PLAYERS AND ELECTRONICS,13.817669
2017-08-30,8,PLAYERS AND ELECTRONICS,17.500055
2017-08-16,8,POULTRY,682.78107
2017-08-17,8,POULTRY,670.77264
2017-08-18,8,POULTRY,781.8848
2017-08-19,8,POULTRY,542.84595
2017-08-20,8,POULTRY,597.42676
2017-08-21,8,POULTRY,527.248
2017-08-22,8,POULTRY,624.3836
2017-08-23,8,POULTRY,739.3414
2017-08-24,8,POULTRY,668.79724
2017-08-25,8,POULTRY,793.2458
2017-08-26,8,POULTRY,546.155
2017-08-27,8,POULTRY,599.87787
2017-08-28,8,POULTRY,527.1846
2017-08-29,8,POULTRY,601.9495
2017-08-30,8,POULTRY,742.7001
2017-08-16,8,PREPARED FOODS,155.09863
2017-08-17,8,PREPARED FOODS,154.08987
2017-08-18,8,PREPARED FOODS,136.36505
2017-08-19,8,PREPARED FOODS,162.00397
2017-08-20,8,PREPARED FOODS,155.80745
2017-08-21,8,PREPARED FOODS,147.2628
2017-08-22,8,PREPARED FOODS,150.88591
2017-08-23,8,PREPARED FOODS,169.9145
2017-08-24,8,PREPARED FOODS,161.97035
2017-08-25,8,PREPARED FOODS,146.06332
2017-08-26,8,PREPARED FOODS,171.98555
2017-08-27,8,PREPARED FOODS,155.25441
2017-08-28,8,PREPARED FOODS,149.14056
2017-08-29,8,PREPARED FOODS,154.98085
2017-08-30,8,PREPARED FOODS,180.92085
2017-08-16,8,PRODUCE,6757.9854
2017-08-17,8,PRODUCE,3036.9202
2017-08-18,8,PRODUCE,3268.344
2017-08-19,8,PRODUCE,3313.9836
2017-08-20,8,PRODUCE,3877.5476
2017-08-21,8,PRODUCE,3372.24
2017-08-22,8,PRODUCE,2992.7712
2017-08-23,8,PRODUCE,6807.049
2017-08-24,8,PRODUCE,2892.097
2017-08-25,8,PRODUCE,3163.634
2017-08-26,8,PRODUCE,3236.6533
2017-08-27,8,PRODUCE,3628.3428
2017-08-28,8,PRODUCE,3377.6821
2017-08-29,8,PRODUCE,3011.443
2017-08-30,8,PRODUCE,6992.829
2017-08-16,8,SCHOOL AND OFFICE SUPPLIES,1.1354681
2017-08-17,8,SCHOOL AND OFFICE SUPPLIES,0.686855
2017-08-18,8,SCHOOL AND OFFICE SUPPLIES,0.90911144
2017-08-19,8,SCHOOL AND OFFICE SUPPLIES,0.74234337
2017-08-20,8,SCHOOL AND OFFICE SUPPLIES,0.8204072
2017-08-21,8,SCHOOL AND OFFICE SUPPLIES,0.6511943
2017-08-22,8,SCHOOL AND OFFICE SUPPLIES,0.8412988
2017-08-23,8,SCHOOL AND OFFICE SUPPLIES,0.90646917
2017-08-24,8,SCHOOL AND OFFICE SUPPLIES,0.8434056
2017-08-25,8,SCHOOL AND OFFICE SUPPLIES,0.61825943
2017-08-26,8,SCHOOL AND OFFICE SUPPLIES,0.7848456
2017-08-27,8,SCHOOL AND OFFICE SUPPLIES,0.76054776
2017-08-28,8,SCHOOL AND OFFICE SUPPLIES,0.8472859
2017-08-29,8,SCHOOL AND OFFICE SUPPLIES,0.64021623
2017-08-30,8,SCHOOL AND OFFICE SUPPLIES,0.7953802
2017-08-16,8,SEAFOOD,38.356
2017-08-17,8,SEAFOOD,44.979317
2017-08-18,8,SEAFOOD,38.920025
2017-08-19,8,SEAFOOD,41.42578
2017-08-20,8,SEAFOOD,36.772423
2017-08-21,8,SEAFOOD,32.00961
2017-08-22,8,SEAFOOD,36.478333
2017-08-23,8,SEAFOOD,42.11061
2017-08-24,8,SEAFOOD,39.788223
2017-08-25,8,SEAFOOD,37.85442
2017-08-26,8,SEAFOOD,42.382343
2017-08-27,8,SEAFOOD,40.77011
2017-08-28,8,SEAFOOD,36.354576
2017-08-29,8,SEAFOOD,40.571106
2017-08-30,8,SEAFOOD,43.877567
2017-08-16,9,AUTOMOTIVE,13.482982
2017-08-17,9,AUTOMOTIVE,16.10389
2017-08-18,9,AUTOMOTIVE,16.174553
2017-08-19,9,AUTOMOTIVE,14.618248
2017-08-20,9,AUTOMOTIVE,13.457953
2017-08-21,9,AUTOMOTIVE,13.123671
2017-08-22,9,AUTOMOTIVE,11.44571
2017-08-23,9,AUTOMOTIVE,14.077385
2017-08-24,9,AUTOMOTIVE,13.7261715
2017-08-25,9,AUTOMOTIVE,15.538842
2017-08-26,9,AUTOMOTIVE,13.91757
2017-08-27,9,AUTOMOTIVE,12.929465
2017-08-28,9,AUTOMOTIVE,11.324216
2017-08-29,9,AUTOMOTIVE,12.690698
2017-08-30,9,AUTOMOTIVE,13.474552
2017-08-16,9,BABY CARE,0.22737396
2017-08-17,9,BABY CARE,0.38254592
2017-08-18,9,BABY CARE,0.36027354
2017-08-19,9,BABY CARE,0.36396316
2017-08-20,9,BABY CARE,0.26871997
2017-08-21,9,BABY CARE,0.24984972
2017-08-22,9,BABY CARE,0.33522284
2017-08-23,9,BABY CARE,0.30141726
2017-08-24,9,BABY CARE,0.28650945
2017-08-25,9,BABY CARE,0.2788778
2017-08-26,9,BABY CARE,0.39019006
2017-08-27,9,BABY CARE,0.3171939
2017-08-28,9,BABY CARE,0.19445372
2017-08-29,9,BABY CARE,0.27847555
2017-08-30,9,BABY CARE,0.21866626
2017-08-16,9,BEAUTY,8.387361
2017-08-17,9,BEAUTY,9.467644
2017-08-18,9,BEAUTY,8.66755
2017-08-19,9,BEAUTY,9.975347
2017-08-20,9,BEAUTY,8.882031
2017-08-21,9,BEAUTY,7.3315635
2017-08-22,9,BEAUTY,7.7016416
2017-08-23,9,BEAUTY,8.816602
2017-08-24,9,BEAUTY,9.844007
2017-08-25,9,BEAUTY,8.058014
2017-08-26,9,BEAUTY,9.150176
2017-08-27,9,BEAUTY,7.2738323
2017-08-28,9,BEAUTY,6.7317753
2017-08-29,9,BEAUTY,6.7628098
2017-08-30,9,BEAUTY,8.560893
2017-08-16,9,BEVERAGES,3767.5576
2017-08-17,9,BEVERAGES,3939.0815
2017-08-18,9,BEVERAGES,4120.0264
2017-08-19,9,BEVERAGES,3834.005
2017-08-20,9,BEVERAGES,3222.6992
2017-08-21,9,BEVERAGES,3352.7805
2017-08-22,9,BEVERAGES,3255.1946
2017-08-23,9,BEVERAGES,3826.0413
2017-08-24,9,BEVERAGES,4095.5405
2017-08-25,9,BEVERAGES,4292.2446
2017-08-26,9,BEVERAGES,4029.7505
2017-08-27,9,BEVERAGES,3268.684
2017-08-28,9,BEVERAGES,3354.9827
2017-08-29,9,BEVERAGES,3160.8743
2017-08-30,9,BEVERAGES,3836.806
2017-08-16,9,BREAD/BAKERY,557.67224
2017-08-17,9,BREAD/BAKERY,514.6055
2017-08-18,9,BREAD/BAKERY,603.4467
2017-08-19,9,BREAD/BAKERY,637.42365
2017-08-20,9,BREAD/BAKERY,623.2943
2017-08-21,9,BREAD/BAKERY,547.37775
2017-08-22,9,BREAD/BAKERY,503.2789
2017-08-23,9,BREAD/BAKERY,552.4213
2017-08-24,9,BREAD/BAKERY,482.63525
2017-08-25,9,BREAD/BAKERY,593.15674
2017-08-26,9,BREAD/BAKERY,623.2908
2017-08-27,9,BREAD/BAKERY,604.66943
2017-08-28,9,BREAD/BAKERY,479.08524
2017-08-29,9,BREAD/BAKERY,454.79953
2017-08-30,9,BREAD/BAKERY,556.9172
2017-08-16,9,CELEBRATION,17.26399
2017-08-17,9,CELEBRATION,13.975798
2017-08-18,9,CELEBRATION,14.974492
2017-08-19,9,CELEBRATION,12.967573
2017-08-20,9,CELEBRATION,11.312554
2017-08-21,9,CELEBRATION,15.240185
2017-08-22,9,CELEBRATION,14.722598
2017-08-23,9,CELEBRATION,18.136665
2017-08-24,9,CELEBRATION,14.2324915
2017-08-25,9,CELEBRATION,13.294569
2017-08-26,9,CELEBRATION,13.132919
2017-08-27,9,CELEBRATION,11.563647
2017-08-28,9,CELEBRATION,14.647824
2017-08-29,9,CELEBRATION,14.340167
2017-08-30,9,CELEBRATION,15.545295
2017-08-16,9,CLEANING,1638.7925
2017-08-17,9,CLEANING,1738.1919
2017-08-18,9,CLEANING,1686.2559
2017-08-19,9,CLEANING,1979.625
2017-08-20,9,CLEANING,1622.0712
2017-08-21,9,CLEANING,1688.3602
2017-08-22,9,CLEANING,1764.2615
2017-08-23,9,CLEANING,1938.4581
2017-08-24,9,CLEANING,1938.3467
2017-08-25,9,CLEANING,1964.2031
2017-08-26,9,CLEANING,2102.9353
2017-08-27,9,CLEANING,1663.7825
2017-08-28,9,CLEANING,1678.6265
2017-08-29,9,CLEANING,1770.471
2017-08-30,9,CLEANING,1862.1224
2017-08-16,9,DAIRY,1073.6274
2017-08-17,9,DAIRY,883.15594
2017-08-18,9,DAIRY,824.55133
2017-08-19,9,DAIRY,852.18097
2017-08-20,9,DAIRY,801.3201
2017-08-21,9,DAIRY,776.9898
2017-08-22,9,DAIRY,815.63934
2017-08-23,9,DAIRY,1146.9061
2017-08-24,9,DAIRY,896.55725
2017-08-25,9,DAIRY,875.0247
2017-08-26,9,DAIRY,898.9005
2017-08-27,9,DAIRY,804.09845
2017-08-28,9,DAIRY,796.9986
2017-08-29,9,DAIRY,821.7755
2017-08-30,9,DAIRY,1118.4899
2017-08-16,9,DELI,611.5748
2017-08-17,9,DELI,577.5097
2017-08-18,9,DELI,790.64154
2017-08-19,9,DELI,639.6341
2017-08-20,9,DELI,512.1117
2017-08-21,9,DELI,492.16855
2017-08-22,9,DELI,512.39606
2017-08-23,9,DELI,570.5143
2017-08-24,9,DELI,591.47064
2017-08-25,9,DELI,791.5042
2017-08-26,9,DELI,666.88904
2017-08-27,9,DELI,545.3576
2017-08-28,9,DELI,527.87134
2017-08-29,9,DELI,523.7397
2017-08-30,9,DELI,616.8163
2017-08-16,9,EGGS,186.67184
2017-08-17,9,EGGS,182.62991
2017-08-18,9,EGGS,252.7101
2017-08-19,9,EGGS,243.18272
2017-08-20,9,EGGS,186.45065
2017-08-21,9,EGGS,208.74284
2017-08-22,9,EGGS,144.99953
2017-08-23,9,EGGS,195.2955
2017-08-24,9,EGGS,181.31093
2017-08-25,9,EGGS,254.55156
2017-08-26,9,EGGS,226.87175
2017-08-27,9,EGGS,167.28267
2017-08-28,9,EGGS,232.22914
2017-08-29,9,EGGS,166.51443
2017-08-30,9,EGGS,188.92747
2017-08-16,9,FROZEN FOODS,130.001
2017-08-17,9,FROZEN FOODS,112.21699
2017-08-18,9,FROZEN FOODS,108.1199
2017-08-19,9,FROZEN FOODS,133.22365
2017-08-20,9,FROZEN FOODS,96.75879
2017-08-21,9,FROZEN FOODS,107.58061
2017-08-22,9,FROZEN FOODS,97.81745
2017-08-23,9,FROZEN FOODS,123.37146
2017-08-24,9,FROZEN FOODS,117.52609
2017-08-25,9,FROZEN FOODS,106.400856
2017-08-26,9,FROZEN FOODS,133.84338
2017-08-27,9,FROZEN FOODS,90.0216
2017-08-28,9,FROZEN FOODS,98.61382
2017-08-29,9,FROZEN FOODS,98.91931
2017-08-30,9,FROZEN FOODS,118.96022
2017-08-16,9,GROCERY I,7720.8574
2017-08-17,9,GROCERY I,7493.7285
2017-08-18,9,GROCERY I,7626.7983
2017-08-19,9,GROCERY I,7876.4824
2017-08-20,9,GROCERY I,6749.756
2017-08-21,9,GROCERY I,6872.429
2017-08-22,9,GROCERY I,6773.4097
2017-08-23,9,GROCERY I,7510.355
2017-08-24,9,GROCERY I,7822.1655
2017-08-25,9,GROCERY I,8043.118
2017-08-26,9,GROCERY I,7962.1367
2017-08-27,9,GROCERY I,6649.82
2017-08-28,9,GROCERY I,6758.5537
2017-08-29,9,GROCERY I,6584.0337
2017-08-30,9,GROCERY I,7922.4375
2017-08-16,9,GROCERY II,11.354621
2017-08-17,9,GROCERY II,11.378502
2017-08-18,9,GROCERY II,12.318422
2017-08-19,9,GROCERY II,13.517018
2017-08-20,9,GROCERY II,11.285027
2017-08-21,9,GROCERY II,10.423955
2017-08-22,9,GROCERY II,9.746265
2017-08-23,9,GROCERY II,12.108159
2017-08-24,9,GROCERY II,12.578674
2017-08-25,9,GROCERY II,13.614458
2017-08-26,9,GROCERY II,13.133336
2017-08-27,9,GROCERY II,9.798969
2017-08-28,9,GROCERY II,10.340128
2017-08-29,9,GROCERY II,9.131045
2017-08-30,9,GROCERY II,13.219539
2017-08-16,9,HARDWARE,1.8026713
2017-08-17,9,HARDWARE,1.5282965
2017-08-18,9,HARDWARE,1.5369745
2017-08-19,9,HARDWARE,1.7694174
2017-08-20,9,HARDWARE,1.4187466
2017-08-21,9,HARDWARE,1.3332965
2017-08-22,9,HARDWARE,1.5028702
2017-08-23,9,HARDWARE,1.6207169
2017-08-24,9,HARDWARE,1.719245
2017-08-25,9,HARDWARE,1.5890257
2017-08-26,9,HARDWARE,1.5813547
2017-08-27,9,HARDWARE,1.4629952
2017-08-28,9,HARDWARE,1.7076266
2017-08-29,9,HARDWARE,1.6150416
2017-08-30,9,HARDWARE,1.8764944
2017-08-16,9,HOME AND KITCHEN I,57.92443
2017-08-17,9,HOME AND KITCHEN I,41.008114
2017-08-18,9,HOME AND KITCHEN I,50.035923
2017-08-19,9,HOME AND KITCHEN I,50.84927
2017-08-20,9,HOME AND KITCHEN I,41.795776
2017-08-21,9,HOME AND KITCHEN I,38.440506
2017-08-22,9,HOME AND KITCHEN I,40.64183
2017-08-23,9,HOME AND KITCHEN I,45.29803
2017-08-24,9,HOME AND KITCHEN I,37.282646
2017-08-25,9,HOME AND KITCHEN I,38.672897
2017-08-26,9,HOME AND KITCHEN I,40.829834
2017-08-27,9,HOME AND KITCHEN I,35.06246
2017-08-28,9,HOME AND KITCHEN I,33.144432
2017-08-29,9,HOME AND KITCHEN I,31.764618
2017-08-30,9,HOME AND KITCHEN I,40.562447
2017-08-16,9,HOME AND KITCHEN II,57.516495
2017-08-17,9,HOME AND KITCHEN II,48.6079
2017-08-18,9,HOME AND KITCHEN II,47.278603
2017-08-19,9,HOME AND KITCHEN II,57.992695
2017-08-20,9,HOME AND KITCHEN II,51.076736
2017-08-21,9,HOME AND KITCHEN II,41.29389
2017-08-22,9,HOME AND KITCHEN II,34.001785
2017-08-23,9,HOME AND KITCHEN II,44.86095
2017-08-24,9,HOME AND KITCHEN II,40.48035
2017-08-25,9,HOME AND KITCHEN II,42.48597
2017-08-26,9,HOME AND KITCHEN II,54.16298
2017-08-27,9,HOME AND KITCHEN II,40.38295
2017-08-28,9,HOME AND KITCHEN II,35.59367
2017-08-29,9,HOME AND KITCHEN II,32.89989
2017-08-30,9,HOME AND KITCHEN II,40.65043
2017-08-16,9,HOME APPLIANCES,0.023223238
2017-08-17,9,HOME APPLIANCES,0.049031142
2017-08-18,9,HOME APPLIANCES,0.117269225
2017-08-19,9,HOME APPLIANCES,0.119388156
2017-08-20,9,HOME APPLIANCES,0.078593165
2017-08-21,9,HOME APPLIANCES,0.13599448
2017-08-22,9,HOME APPLIANCES,0.1661146
2017-08-23,9,HOME APPLIANCES,0.1855107
2017-08-24,9,HOME APPLIANCES,0.109908484
2017-08-25,9,HOME APPLIANCES,0.20106521
2017-08-26,9,HOME APPLIANCES,0.20629007
2017-08-27,9,HOME APPLIANCES,0.22115402
2017-08-28,9,HOME APPLIANCES,0.19891216
2017-08-29,9,HOME APPLIANCES,0.14705716
2017-08-30,9,HOME APPLIANCES,0.23186088
2017-08-16,9,HOME CARE,350.7037
2017-08-17,9,HOME CARE,287.66385
2017-08-18,9,HOME CARE,348.25385
2017-08-19,9,HOME CARE,327.94742
2017-08-20,9,HOME CARE,313.53824
2017-08-21,9,HOME CARE,290.05832
2017-08-22,9,HOME CARE,275.8353
2017-08-23,9,HOME CARE,297.7198
2017-08-24,9,HOME CARE,259.37085
2017-08-25,9,HOME CARE,330.31158
2017-08-26,9,HOME CARE,310.1861
2017-08-27,9,HOME CARE,287.4139
2017-08-28,9,HOME CARE,260.55307
2017-08-29,9,HOME CARE,250.28699
2017-08-30,9,HOME CARE,276.16476
2017-08-16,9,LADIESWEAR,9.464875
2017-08-17,9,LADIESWEAR,10.463191
2017-08-18,9,LADIESWEAR,14.338593
2017-08-19,9,LADIESWEAR,11.177222
2017-08-20,9,LADIESWEAR,11.087372
2017-08-21,9,LADIESWEAR,9.260285
2017-08-22,9,LADIESWEAR,9.627786
2017-08-23,9,LADIESWEAR,9.582701
2017-08-24,9,LADIESWEAR,13.032995
2017-08-25,9,LADIESWEAR,11.294186
2017-08-26,9,LADIESWEAR,12.969775
2017-08-27,9,LADIESWEAR,10.279782
2017-08-28,9,LADIESWEAR,10.277258
2017-08-29,9,LADIESWEAR,12.338364
2017-08-30,9,LADIESWEAR,11.651953
2017-08-16,9,LAWN AND GARDEN,7.4443173
2017-08-17,9,LAWN AND GARDEN,5.8080997
2017-08-18,9,LAWN AND GARDEN,6.9736023
2017-08-19,9,LAWN AND GARDEN,7.533982
2017-08-20,9,LAWN AND GARDEN,6.559658
2017-08-21,9,LAWN AND GARDEN,7.6415
2017-08-22,9,LAWN AND GARDEN,5.6526036
2017-08-23,9,LAWN AND GARDEN,8.285401
2017-08-24,9,LAWN AND GARDEN,7.099965
2017-08-25,9,LAWN AND GARDEN,6.7043395
2017-08-26,9,LAWN AND GARDEN,6.6270103
2017-08-27,9,LAWN AND GARDEN,5.8469114
2017-08-28,9,LAWN AND GARDEN,8.60601
2017-08-29,9,LAWN AND GARDEN,5.807951
2017-08-30,9,LAWN AND GARDEN,7.8792562
2017-08-16,9,LINGERIE,8.732947
2017-08-17,9,LINGERIE,9.172031
2017-08-18,9,LINGERIE,8.147146
2017-08-19,9,LINGERIE,9.81379
2017-08-20,9,LINGERIE,7.832396
2017-08-21,9,LINGERIE,7.1939154
2017-08-22,9,LINGERIE,7.469218
2017-08-23,9,LINGERIE,8.138346
2017-08-24,9,LINGERIE,7.390825
2017-08-25,9,LINGERIE,9.369992
2017-08-26,9,LINGERIE,8.426617
2017-08-27,9,LINGERIE,6.652054
2017-08-28,9,LINGERIE,7.586969
2017-08-29,9,LINGERIE,6.829058
2017-08-30,9,LINGERIE,8.319065
2017-08-16,9,"LIQUOR,WINE,BEER",58.440205
2017-08-17,9,"LIQUOR,WINE,BEER",78.59969
2017-08-18,9,"LIQUOR,WINE,BEER",74.803734
2017-08-19,9,"LIQUOR,WINE,BEER",63.48979
2017-08-20,9,"LIQUOR,WINE,BEER",42.621864
2017-08-21,9,"LIQUOR,WINE,BEER",65.27158
2017-08-22,9,"LIQUOR,WINE,BEER",44.30937
2017-08-23,9,"LIQUOR,WINE,BEER",58.490993
2017-08-24,9,"LIQUOR,WINE,BEER",62.418514
2017-08-25,9,"LIQUOR,WINE,BEER",69.64114
2017-08-26,9,"LIQUOR,WINE,BEER",65.44751
2017-08-27,9,"LIQUOR,WINE,BEER",43.80788
2017-08-28,9,"LIQUOR,WINE,BEER",68.05575
2017-08-29,9,"LIQUOR,WINE,BEER",50.09803
2017-08-30,9,"LIQUOR,WINE,BEER",66.04571
2017-08-16,9,MAGAZINES,5.7196465
2017-08-17,9,MAGAZINES,5.9489574
2017-08-18,9,MAGAZINES,5.386141
2017-08-19,9,MAGAZINES,5.1254444
2017-08-20,9,MAGAZINES,3.7302196
2017-08-21,9,MAGAZINES,3.6041527
2017-08-22,9,MAGAZINES,3.9368627
2017-08-23,9,MAGAZINES,3.5399327
2017-08-24,9,MAGAZINES,4.741106
2017-08-25,9,MAGAZINES,3.9648702
2017-08-26,9,MAGAZINES,4.032044
2017-08-27,9,MAGAZINES,4.0803003
2017-08-28,9,MAGAZINES,3.343847
2017-08-29,9,MAGAZINES,3.454427
2017-08-30,9,MAGAZINES,3.6471941
2017-08-16,9,MEATS,410.77524
2017-08-17,9,MEATS,449.95734
2017-08-18,9,MEATS,364.80862
2017-08-19,9,MEATS,428.88937
2017-08-20,9,MEATS,344.98993
2017-08-21,9,MEATS,394.54144
2017-08-22,9,MEATS,304.8972
2017-08-23,9,MEATS,370.56686
2017-08-24,9,MEATS,434.51617
2017-08-25,9,MEATS,371.56085
2017-08-26,9,MEATS,402.6725
2017-08-27,9,MEATS,294.8478
2017-08-28,9,MEATS,383.87283
2017-08-29,9,MEATS,286.83798
2017-08-30,9,MEATS,368.83508
2017-08-16,9,PERSONAL CARE,467.21045
2017-08-17,9,PERSONAL CARE,424.4126
2017-08-18,9,PERSONAL CARE,490.1857
2017-08-19,9,PERSONAL CARE,547.83185
2017-08-20,9,PERSONAL CARE,473.20007
2017-08-21,9,PERSONAL CARE,483.00366
2017-08-22,9,PERSONAL CARE,435.42358
2017-08-23,9,PERSONAL CARE,486.5207
2017-08-24,9,PERSONAL CARE,487.80542
2017-08-25,9,PERSONAL CARE,466.8456
2017-08-26,9,PERSONAL CARE,530.65283
2017-08-27,9,PERSONAL CARE,434.85925
2017-08-28,9,PERSONAL CARE,430.52682
2017-08-29,9,PERSONAL CARE,423.9347
2017-08-30,9,PERSONAL CARE,465.1708
2017-08-16,9,PET SUPPLIES,7.0574594
2017-08-17,9,PET SUPPLIES,7.754491
2017-08-18,9,PET SUPPLIES,7.0937815
2017-08-19,9,PET SUPPLIES,7.2024493
2017-08-20,9,PET SUPPLIES,6.2116003
2017-08-21,9,PET SUPPLIES,6.2900696
2017-08-22,9,PET SUPPLIES,5.982554
2017-08-23,9,PET SUPPLIES,7.3917594
2017-08-24,9,PET SUPPLIES,7.6323767
2017-08-25,9,PET SUPPLIES,7.612151
2017-08-26,9,PET SUPPLIES,7.6622314
2017-08-27,9,PET SUPPLIES,6.2797008
2017-08-28,9,PET SUPPLIES,6.412393
2017-08-29,9,PET SUPPLIES,5.739381
2017-08-30,9,PET SUPPLIES,6.2932467
2017-08-16,9,PLAYERS AND ELECTRONICS,8.657978
2017-08-17,9,PLAYERS AND ELECTRONICS,9.087734
2017-08-18,9,PLAYERS AND ELECTRONICS,9.317803
2017-08-19,9,PLAYERS AND ELECTRONICS,10.606061
2017-08-20,9,PLAYERS AND ELECTRONICS,9.34027
2017-08-21,9,PLAYERS AND ELECTRONICS,8.534892
2017-08-22,9,PLAYERS AND ELECTRONICS,9.166483
2017-08-23,9,PLAYERS AND ELECTRONICS,8.450716
2017-08-24,9,PLAYERS AND ELECTRONICS,9.09492
2017-08-25,9,PLAYERS AND ELECTRONICS,9.641011
2017-08-26,9,PLAYERS AND ELECTRONICS,9.362551
2017-08-27,9,PLAYERS AND ELECTRONICS,7.4947424
2017-08-28,9,PLAYERS AND ELECTRONICS,8.425228
2017-08-29,9,PLAYERS AND ELECTRONICS,8.753322
2017-08-30,9,PLAYERS AND ELECTRONICS,9.121159
2017-08-16,9,POULTRY,456.008
2017-08-17,9,POULTRY,411.70303
2017-08-18,9,POULTRY,523.27936
2017-08-19,9,POULTRY,432.41507
2017-08-20,9,POULTRY,400.74478
2017-08-21,9,POULTRY,390.15903
2017-08-22,9,POULTRY,369.57452
2017-08-23,9,POULTRY,442.04407
2017-08-24,9,POULTRY,412.7157
2017-08-25,9,POULTRY,556.96185
2017-08-26,9,POULTRY,436.12408
2017-08-27,9,POULTRY,392.10547
2017-08-28,9,POULTRY,378.65305
2017-08-29,9,POULTRY,367.2592
2017-08-30,9,POULTRY,472.93655
2017-08-16,9,PREPARED FOODS,107.67477
2017-08-17,9,PREPARED FOODS,107.46359
2017-08-18,9,PREPARED FOODS,118.9628
2017-08-19,9,PREPARED FOODS,135.76994
2017-08-20,9,PREPARED FOODS,102.7384
2017-08-21,9,PREPARED FOODS,102.72879
2017-08-22,9,PREPARED FOODS,92.855965
2017-08-23,9,PREPARED FOODS,105.69752
2017-08-24,9,PREPARED FOODS,110.15115
2017-08-25,9,PREPARED FOODS,119.48958
2017-08-26,9,PREPARED FOODS,124.260864
2017-08-27,9,PREPARED FOODS,98.41309
2017-08-28,9,PREPARED FOODS,97.756004
2017-08-29,9,PREPARED FOODS,85.219025
2017-08-30,9,PREPARED FOODS,108.37791
2017-08-16,9,PRODUCE,1923.7646
2017-08-17,9,PRODUCE,959.7443
2017-08-18,9,PRODUCE,897.1494
2017-08-19,9,PRODUCE,841.0392
2017-08-20,9,PRODUCE,942.75604
2017-08-21,9,PRODUCE,1096.4873
2017-08-22,9,PRODUCE,1409.6095
2017-08-23,9,PRODUCE,976.3907
2017-08-24,9,PRODUCE,831.8069
2017-08-25,9,PRODUCE,861.80786
2017-08-26,9,PRODUCE,1019.5409
2017-08-27,9,PRODUCE,929.8461
2017-08-28,9,PRODUCE,1022.4947
2017-08-29,9,PRODUCE,1251.4666
2017-08-30,9,PRODUCE,850.86084
2017-08-16,9,SCHOOL AND OFFICE SUPPLIES,166.07005
2017-08-17,9,SCHOOL AND OFFICE SUPPLIES,117.310455
2017-08-18,9,SCHOOL AND OFFICE SUPPLIES,164.67699
2017-08-19,9,SCHOOL AND OFFICE SUPPLIES,102.24428
2017-08-20,9,SCHOOL AND OFFICE SUPPLIES,84.01041
2017-08-21,9,SCHOOL AND OFFICE SUPPLIES,47.063446
2017-08-22,9,SCHOOL AND OFFICE SUPPLIES,40.054634
2017-08-23,9,SCHOOL AND OFFICE SUPPLIES,58.713703
2017-08-24,9,SCHOOL AND OFFICE SUPPLIES,77.74344
2017-08-25,9,SCHOOL AND OFFICE SUPPLIES,61.636326
2017-08-26,9,SCHOOL AND OFFICE SUPPLIES,62.709843
2017-08-27,9,SCHOOL AND OFFICE SUPPLIES,54.122265
2017-08-28,9,SCHOOL AND OFFICE SUPPLIES,45.7078
2017-08-29,9,SCHOOL AND OFFICE SUPPLIES,27.44862
2017-08-30,9,SCHOOL AND OFFICE SUPPLIES,38.619232
2017-08-16,9,SEAFOOD,17.864737
2017-08-17,9,SEAFOOD,16.8679
2017-08-18,9,SEAFOOD,19.68236
2017-08-19,9,SEAFOOD,19.446768
2017-08-20,9,SEAFOOD,15.07099
2017-08-21,9,SEAFOOD,16.9815
2017-08-22,9,SEAFOOD,15.093453
2017-08-23,9,SEAFOOD,18.365213
2017-08-24,9,SEAFOOD,17.765867
2017-08-25,9,SEAFOOD,20.091078
2017-08-26,9,SEAFOOD,20.054806
2017-08-27,9,SEAFOOD,14.914837
2017-08-28,9,SEAFOOD,17.896357
2017-08-29,9,SEAFOOD,14.405214
2017-08-30,9,SEAFOOD,17.97506
