store_nbr,family,forecast_demand,average_daily_demand,max_daily_demand,lead_time_demand,safety_stock,recommended_order_qty
44,FROZEN FOODS,179241.61,11949.44,16671.068,35848.32,7169.664,43018.0
46,FROZEN FOODS,167176.19,11145.079,14969.034,33435.24,6687.048,40122.0
43,EGGS,166448.14,11096.543,14864.904,33289.63,6657.926,39948.0
45,FROZEN FOODS,146403.33,9760.222,14406.287,29280.664,5856.133,35137.0
43,AUTOMOTIVE,145792.94,9719.529,12486.024,29158.588,5831.718,34990.0
47,FROZEN FOODS,136497.25,9099.816,14748.015,27299.45,5459.89,32759.0
44,BEAUTY,131548.22,8769.881,11688.81,26309.643,5261.9287,31572.0
43,PREPARED FOODS,130691.73,8712.782,15321.705,26138.348,5227.6694,31366.0
39,GROCERY I,129196.13,8613.075,10670.934,25839.227,5167.845,31007.0
46,BEAUTY,125787.7,8385.847,10989.97,25157.54,5031.508,30189.0
39,BEAUTY,121343.766,8089.5845,9836.882,24268.754,4853.751,29123.0
48,FROZEN FOODS,120543.95,8036.2637,9571.333,24108.791,4821.7583,28931.0
10,GROCERY I,116234.13,7748.9424,8328.367,23246.828,4649.3657,27896.0
9,GROCERY I,110366.08,7357.739,8043.118,22073.217,4414.6436,26488.0
5,FROZEN FOODS,110263.3,7350.886,9598.4795,22052.658,4410.5317,26463.0
39,PRODUCE,102360.06,6824.0044,11047.422,20472.014,4094.4028,24566.0
48,BEAUTY,99171.41,6611.4272,7637.933,19834.281,3966.8562,23801.0
48,PREPARED FOODS,98005.68,6533.712,10849.55,19601.137,3920.2273,23521.0
4,FROZEN FOODS,93422.766,6228.1846,7269.9097,18684.555,3736.911,22421.0
50,FROZEN FOODS,89789.24,5985.9497,6983.661,17957.85,3591.57,21549.0
45,BEAUTY,87680.2,5845.3467,7897.7476,17536.04,3507.2078,21043.0
44,PREPARED FOODS,87060.05,5804.003,10125.909,17412.008,3482.4016,20894.0
38,FROZEN FOODS,81115.99,5407.733,6054.988,16223.199,3244.64,19468.0
27,FROZEN FOODS,79481.375,5298.7583,7540.5215,15896.275,3179.2551,19076.0
8,GROCERY I,78216.36,5214.424,6347.835,15643.271,3128.6543,18772.0
6,GROCERY I,77552.53,5170.169,6570.016,15510.507,3102.1013,18613.0
46,PREPARED FOODS,76009.9,5067.3267,8819.196,15201.98,3040.3962,18242.0
30,EGGS,75059.27,5003.9517,5788.259,15011.855,3002.371,18014.0
50,BEAUTY,74787.8,4985.853,5730.298,14957.559,2991.5117,17949.0
50,PREPARED FOODS,74272.39,4951.4927,8606.596,14854.479,2970.8958,17825.0
16,FROZEN FOODS,74211.19,4947.4126,5681.335,14842.238,2968.4478,17811.0
42,FROZEN FOODS,73315.89,4887.726,5576.75,14663.178,2932.6355,17596.0
42,BEVERAGES,72594.73,4839.6484,6102.699,14518.945,2903.789,17423.0
10,BEVERAGES,70499.3,4699.953,5415.1797,14099.859,2819.972,16920.0
47,BEAUTY,69106.24,4607.083,6938.9565,13821.249,2764.2498,16585.0
4,BEVERAGES,68924.57,4594.971,6421.871,13784.914,2756.983,16542.0
8,BEVERAGES,67262.84,4484.1895,5103.769,13452.568,2690.5137,16143.0
7,PRODUCE,67123.11,4474.874,6728.1226,13424.622,2684.9246,16110.0
33,EGGS,65654.19,4376.946,4835.309,13130.838,2626.1677,15757.0
5,BEAUTY,63767.586,4251.1724,5086.5474,12753.518,2550.7036,15304.0
26,GROCERY I,63557.72,4237.181,5606.6694,12711.543,2542.3086,15254.0
37,GROCERY I,62854.875,4190.325,5640.3223,12570.976,2514.195,15085.0
7,GROCERY I,62820.83,4188.055,4694.689,12564.166,2512.8333,15077.0
29,FROZEN FOODS,62011.477,4134.0986,5003.477,12402.296,2480.4592,14883.0
40,FROZEN FOODS,60960.156,4064.0105,5422.527,12192.031,2438.4062,14630.0
8,PRODUCE,59729.523,3981.9683,6992.829,11945.904,2389.181,14335.0
7,BEVERAGES,58766.984,3917.799,4170.1934,11753.397,2350.6794,14104.0
49,GROCERY I,55604.92,3706.9949,5091.5244,11120.984,2224.197,13345.0
35,EGGS,55575.43,3705.0286,4856.048,11115.086,2223.0173,13338.0
27,BEVERAGES,55498.625,3699.9084,4519.6045,11099.726,2219.945,13320.0
9,BEVERAGES,55356.27,3690.418,4292.2446,11071.254,2214.2507,13286.0
18,GROCERY I,54307.594,3620.5063,4540.178,10861.52,2172.304,13034.0
32,EGGS,53470.28,3564.6853,4263.5938,10694.056,2138.8113,12833.0
23,GROCERY I,53076.016,3538.4011,4144.5063,10615.203,2123.0408,12738.0
36,GROCERY I,53011.09,3534.0728,4140.741,10602.219,2120.4438,12723.0
30,BABY CARE,52499.35,3499.9568,4544.6973,10499.87,2099.974,12600.0
53,FROZEN FOODS,51960.07,3464.0046,4764.904,10392.014,2078.4028,12470.0
6,BEVERAGES,51707.145,3447.143,4388.613,10341.43,2068.286,12410.0
26,BEVERAGES,51655.285,3443.6858,4177.1025,10331.058,2066.2117,12397.0
38,BEVERAGES,51206.184,3413.7456,3833.0508,10241.236,2048.2473,12289.0
16,BEAUTY,49734.43,3315.6287,3864.2292,9946.886,1989.3772,11936.0
54,EGGS,47923.574,3194.905,3618.1042,9584.715,1916.943,11502.0
13,GROCERY I,47799.844,3186.6562,3800.084,9559.969,1911.9938,11472.0
35,BABY CARE,47425.453,3161.6968,3862.5637,9485.09,1897.018,11382.0
23,PRODUCE,45847.29,3056.4858,5293.613,9169.457,1833.8915,11003.0
12,FROZEN FOODS,44661.426,2977.4285,3362.1687,8932.285,1786.457,10719.0
23,BEVERAGES,44391.855,2959.457,3457.9175,8878.371,1775.6742,10654.0
14,FROZEN FOODS,44108.414,2940.561,3453.673,8821.684,1764.3368,10586.0
29,BABY CARE,44086.934,2939.129,3542.0925,8817.387,1763.4774,10581.0
17,GROCERY I,43702.688,2913.5125,3453.1167,8740.537,1748.1074,10489.0
1,GROCERY I,43546.82,2903.1213,3830.6797,8709.364,1741.8729,10451.0
44,CELEBRATION,42173.883,2811.5923,3893.006,8434.777,1686.9554,10122.0
11,GROCERY I,42122.645,2808.1763,2989.8342,8424.529,1684.9059,10109.0
43,CELEBRATION,41412.773,2760.8516,3395.1775,8282.555,1656.511,9939.0
43,BREAD/BAKERY,40602.69,2706.8462,3568.172,8120.5386,1624.1078,9745.0
53,BEVERAGES,39580.188,2638.6792,3768.2344,7916.0376,1583.2075,9499.0
18,BEVERAGES,39352.355,2623.4905,3087.222,7870.4717,1574.0944,9445.0
33,BABY CARE,39238.805,2615.9204,2900.3994,7847.761,1569.5522,9417.0
15,GROCERY I,38878.82,2591.9214,3314.2615,7775.764,1555.1528,9331.0
45,PREPARED FOODS,38823.29,2588.2192,4517.8916,7764.6577,1552.9315,9318.0
49,BEVERAGES,38640.992,2576.0662,3239.163,7728.198,1545.6396,9274.0
46,CELEBRATION,37760.027,2517.3352,3364.3142,7552.006,1510.4012,9062.0
37,BEVERAGES,37267.426,2484.495,3135.7568,7453.4854,1490.6971,8944.0
6,PRODUCE,36722.207,2448.1472,3597.038,7344.4414,1468.8883,8813.0
26,PRODUCE,36685.418,2445.6946,3919.2031,7337.084,1467.4169,8805.0
44,CLEANING,36385.254,2425.6836,3171.2427,7277.051,1455.4102,8732.0
45,CELEBRATION,35648.46,2376.564,3556.268,7129.692,1425.9384,8556.0
36,BEAUTY,34979.145,2331.9429,2600.4924,6995.8286,1399.1658,8395.0
40,BABY CARE,34941.004,2329.4001,3061.1594,6988.2,1397.64,8386.0
29,PRODUCE,34907.203,2327.147,3696.846,6981.441,1396.2882,8378.0
22,FROZEN FOODS,34799.74,2319.9827,2619.9722,6959.948,1391.9896,8352.0
39,DAIRY,34684.29,2312.286,2803.286,6936.8574,1387.3715,8324.0
47,CELEBRATION,34125.11,2275.0073,3447.5203,6825.022,1365.0044,8190.0
46,CLEANING,33873.85,2258.2568,2852.7512,6774.7705,1354.9541,8130.0
48,CLEANING,33425.79,2228.386,2528.5996,6685.158,1337.0316,8022.0
17,BEVERAGES,33136.754,2209.117,2633.4324,6627.3506,1325.4701,7953.0
49,PRODUCE,33061.48,2204.0986,3501.0962,6612.296,1322.4592,7935.0
32,BABY CARE,32984.137,2198.9424,2683.1963,6596.827,1319.3655,7916.0
39,CLEANING,32254.967,2150.331,2686.7825,6450.993,1290.1986,7741.0
36,PRODUCE,32025.447,2135.0298,3404.3464,6405.0894,1281.018,7686.0
34,FROZEN FOODS,31207.67,2080.5112,2462.4807,6241.5337,1248.3068,7490.0
19,GROCERY I,31082.031,2072.1355,2548.4802,6216.4062,1243.2812,7460.0
5,PREPARED FOODS,30633.07,2042.2047,3421.9165,6126.6143,1225.3229,7352.0
3,FROZEN FOODS,30407.695,2027.1797,2873.7134,6081.539,1216.3079,7298.0
10,CLEANING,29901.87,1993.4579,2221.136,5980.3735,1196.0747,7176.0
24,BEVERAGES,29731.162,1982.0775,2196.781,5946.2324,1189.2465,7135.0
48,CELEBRATION,29547.191,1969.8127,2260.689,5909.4385,1181.8877,7091.0
37,PRODUCE,28989.924,1932.6616,3285.7468,5797.985,1159.597,6958.0
31,FROZEN FOODS,28126.598,1875.1066,2284.2383,5625.32,1125.064,6750.0
40,PRODUCE,27946.012,1863.0675,3080.6523,5589.2026,1117.8406,6707.0
54,AUTOMOTIVE,27735.53,1849.0353,2079.1787,5547.106,1109.4213,6657.0
47,PREPARED FOODS,27134.586,1808.9724,2976.6543,5426.917,1085.3834,6512.0
9,CLEANING,27036.504,1802.4336,2102.9353,5407.301,1081.4602,6489.0
50,CLEANING,26971.998,1798.1332,2107.2068,5394.3994,1078.8799,6473.0
19,BEAUTY,26917.596,1794.5063,2288.3105,5383.519,1076.7039,6460.0
52,GROCERY I,26908.762,1793.9175,2412.5752,5381.7524,1076.3505,6458.0
43,BEAUTY,26112.293,1740.8196,2229.287,5222.459,1044.4918,6267.0
4,CELEBRATION,25974.717,1731.6478,2386.511,5194.9434,1038.9886,6234.0
5,CELEBRATION,25870.068,1724.6713,2043.2821,5174.0137,1034.8027,6209.0
19,PRODUCE,25858.443,1723.8962,3291.6606,5171.6885,1034.3378,6206.0
14,BEAUTY,24874.441,1658.2961,1921.4036,4974.8887,994.9777,5970.0
25,FROZEN FOODS,24746.896,1649.7931,2297.358,4949.3794,989.8759,5939.0
45,CLEANING,24700.748,1646.7166,2291.7476,4940.1494,988.0299,5928.0
50,CELEBRATION,24022.969,1601.5312,1842.5569,4804.5938,960.91876,5766.0
12,BEAUTY,23820.691,1588.0461,1820.2665,4764.1387,952.82776,5717.0
15,BEVERAGES,23522.484,1568.1656,1904.4946,4704.497,940.8994,5645.0
52,BEAUTY,23382.17,1558.8113,2240.7942,4676.4336,935.28674,5612.0
24,GROCERY I,23127.969,1541.8646,2085.4163,4625.5938,925.1188,5551.0
8,DAIRY,22952.152,1530.1434,1735.6659,4590.43,918.08606,5509.0
3,BEVERAGES,22953.97,1530.2648,2050.0981,4590.7944,918.1589,5509.0
34,BEAUTY,22753.293,1516.8862,1775.3948,4550.6587,910.1318,5461.0
2,BEVERAGES,22465.732,1497.7155,2819.9788,4493.1465,898.62933,5392.0
22,BABY CARE,22438.518,1495.9011,1759.1525,4487.703,897.54065,5385.0
13,BEVERAGES,22280.959,1485.3972,1802.8729,4456.1914,891.2383,5347.0
11,BEVERAGES,22132.53,1475.502,1653.849,4426.506,885.3012,5312.0
2,FROZEN FOODS,21759.523,1450.6349,2665.8313,4351.905,870.381,5222.0
1,BOOKS,21088.133,1405.8755,1677.3335,4217.6265,843.5253,5061.0
44,PLAYERS AND ELECTRONICS,20742.62,1382.8413,1715.787,4148.524,829.7048,4978.0
38,CELEBRATION,20672.146,1378.1431,1640.7384,4134.429,826.88586,4961.0
54,PRODUCE,20604.223,1373.6149,2192.2197,4120.8447,824.16895,4945.0
7,DAIRY,20425.781,1361.7188,1464.9615,4085.1562,817.03125,4902.0
17,PRODUCE,20389.54,1359.3026,2732.6438,4077.9077,815.58154,4893.0
47,CLEANING,20367.857,1357.8572,2035.2406,4073.5715,814.7143,4888.0
52,PRODUCE,20305.676,1353.7117,2284.1572,4061.135,812.227,4873.0
24,PREPARED FOODS,20151.84,1343.4559,2758.4058,4030.3677,806.07355,4836.0
8,CLEANING,20027.578,1335.1719,1453.9528,4005.5156,801.10315,4807.0
44,BOOKS,19931.926,1328.795,1705.3506,3986.3853,797.27704,4784.0
43,PLAYERS AND ELECTRONICS,19516.936,1301.129,1693.9064,3903.3872,780.6774,4684.0
39,BREAD/BAKERY,19324.676,1288.3118,1466.9302,3864.9353,772.98706,4638.0
46,BOOKS,19272.125,1284.8083,1650.1815,3854.425,770.885,4625.0
44,MAGAZINES,19114.035,1274.269,1895.697,3822.8071,764.56146,4587.0
6,CLEANING,19063.498,1270.8999,1713.837,3812.6997,762.54,4575.0
30,BREAD/BAKERY,18974.531,1264.9688,1501.7748,3794.9062,758.98126,4554.0
39,POULTRY,18880.197,1258.6798,1596.5223,3776.0396,755.20795,4531.0
42,CELEBRATION,18552.414,1236.8276,1463.9731,3710.483,742.0966,4453.0
48,BOOKS,18309.146,1220.6097,1397.2542,3661.829,732.36584,4394.0
16,CELEBRATION,18053.992,1203.5995,1409.1958,3610.7983,722.15967,4333.0
27,CELEBRATION,18048.092,1203.2062,1428.5154,3609.6187,721.92377,4332.0
46,PLAYERS AND ELECTRONICS,17999.076,1199.9384,1460.9403,3599.815,719.963,4320.0
5,CLEANING,17961.375,1197.425,1455.3641,3592.2751,718.455,4311.0
45,MAGAZINES,17647.26,1176.484,1679.3856,3529.4521,705.89044,4235.0
53,CELEBRATION,17119.064,1141.271,1372.8484,3423.813,684.76263,4109.0
23,DAIRY,17093.014,1139.5343,1323.2534,3418.603,683.72064,4102.0
35,PREPARED FOODS,16953.441,1130.2294,2323.039,3390.688,678.13763,4069.0
26,DAIRY,16910.371,1127.358,1428.2981,3382.0742,676.41486,4058.0
27,POULTRY,16851.16,1123.4106,2242.385,3370.232,674.0464,4044.0
28,BABY CARE,16749.87,1116.658,1974.329,3349.9739,669.9948,4020.0
7,CLEANING,16574.457,1104.9637,1232.3533,3314.891,662.9782,3978.0
22,PREPARED FOODS,16353.88,1090.2587,1767.5544,3270.776,654.1552,3925.0
37,CLEANING,16132.605,1075.5071,1304.9891,3226.5212,645.30426,3872.0
38,PREPARED FOODS,16020.644,1068.0428,1817.9713,3204.1284,640.8257,3845.0
6,DAIRY,15930.536,1062.0358,1338.7478,3186.1074,637.2215,3823.0
28,EGGS,15842.67,1056.178,1998.7252,3168.534,633.7068,3802.0
9,PRODUCE,15814.765,1054.3176,1923.7646,3162.953,632.5906,3796.0
30,PREPARED FOODS,15648.563,1043.2375,2056.9072,3129.7126,625.94257,3756.0
31,BEAUTY,15517.897,1034.5265,1278.2015,3103.5796,620.71594,3724.0
50,BOOKS,15512.836,1034.1891,1251.422,3102.5674,620.5135,3723.0
40,CELEBRATION,15407.635,1027.1757,1355.8655,3081.5269,616.30536,3698.0
32,BREAD/BAKERY,15354.942,1023.66284,1221.9071,3070.9885,614.1977,3685.0
48,PLAYERS AND ELECTRONICS,15156.068,1010.40454,1306.0198,3031.2136,606.24274,3637.0
18,CLEANING,15122.133,1008.1422,1301.2429,3024.4268,604.8854,3629.0
43,MAGAZINES,14981.219,998.7479,1484.7279,2996.2437,599.2487,3595.0
27,CLEANING,14871.507,991.4338,1335.8154,2974.3013,594.8603,3569.0
13,CLEANING,14662.322,977.48816,1174.3606,2932.4644,586.49286,3519.0
25,BEAUTY,14635.851,975.7234,1134.7181,2927.1702,585.434,3513.0
45,BOOKS,14531.933,968.79553,1379.7834,2906.3867,581.27734,3488.0
33,BREAD/BAKERY,14477.441,965.1628,1103.2041,2895.4883,579.09766,3475.0
46,MAGAZINES,14454.923,963.6615,1369.5985,2890.9844,578.1969,3469.0
47,MAGAZINES,14401.448,960.09656,1374.1814,2880.2896,576.0579,3456.0
20,FROZEN FOODS,14389.707,959.3138,2504.0847,2877.9414,575.5883,3454.0
26,CLEANING,14351.419,956.7613,1159.1302,2870.284,574.0568,3444.0
23,CLEANING,14351.362,956.7575,1107.2683,2870.2725,574.0545,3444.0
36,CLEANING,14239.191,949.2794,1078.6205,2847.8384,569.5677,3417.0
20,BEAUTY,14125.148,941.6766,1917.0352,2825.0298,565.006,3390.0
10,PRODUCE,14035.805,935.72034,1650.4794,2807.1611,561.43225,3369.0
15,CLEANING,13848.104,923.2069,1250.8231,2769.6206,553.92413,3324.0
29,CLEANING,13716.379,914.42523,1072.5897,2743.2756,548.65515,3292.0
50,PLAYERS AND ELECTRONICS,13680.241,912.01605,1248.5847,2736.048,547.20966,3283.0
32,POULTRY,13670.366,911.3577,1785.4862,2734.0732,546.81464,3281.0
14,CELEBRATION,13641.047,909.40314,1058.0225,2728.2095,545.6419,3274.0
54,BREAD/BAKERY,13614.147,907.6098,1044.65,2722.8293,544.56586,3267.0
47,PLAYERS AND ELECTRONICS,13416.414,894.4276,1258.5142,2683.2827,536.65656,3220.0
9,DAIRY,13386.216,892.41437,1146.9061,2677.2432,535.44867,3213.0
29,CELEBRATION,13383.727,892.2484,1005.9094,2676.745,535.34906,3212.0
36,DAIRY,13341.3545,889.42365,989.2906,2668.271,533.65424,3202.0
47,BOOKS,13327.033,888.4689,1315.769,2665.4067,533.08136,3198.0
45,DAIRY,13314.038,887.60254,1200.6322,2662.8076,532.5615,3195.0
45,PLAYERS AND ELECTRONICS,13232.851,882.19006,1169.3666,2646.5703,529.3141,3176.0
37,DAIRY,13192.744,879.5163,1032.1338,2638.5488,527.7098,3166.0
35,BREAD/BAKERY,13145.418,876.3612,1197.8882,2629.0835,525.8167,3155.0
4,POULTRY,12817.886,854.5257,1532.4205,2563.5771,512.71545,3076.0
16,PRODUCE,12809.86,853.99066,1556.205,2561.972,512.3944,3074.0
44,MEATS,12779.573,851.97156,1185.0037,2555.9146,511.18292,3067.0
8,BREAD/BAKERY,12769.67,851.31134,931.5206,2553.934,510.78683,3065.0
49,DAIRY,12627.083,841.80554,1118.1592,2525.4165,505.0833,3030.0
49,CLEANING,12496.998,833.1332,1020.7181,2499.3994,499.87988,2999.0
47,MEATS,12484.9,832.3267,1284.7993,2496.9802,499.39606,2996.0
48,MAGAZINES,12482.658,832.1772,1188.8093,2496.5315,499.3063,2996.0
39,MEATS,12446.337,829.7558,1237.8372,2489.2673,497.8535,2987.0
45,MEATS,12392.014,826.1342,1104.0311,2478.4026,495.6805,2974.0
46,MEATS,12382.982,825.53217,1130.2421,2476.5964,495.3193,2972.0
42,POULTRY,12371.456,824.76373,1493.8268,2474.2913,494.85825,2969.0
44,DAIRY,11967.905,797.86035,1023.5394,2393.581,478.71622,2872.0
11,CLEANING,11893.876,792.92505,846.39075,2378.7751,475.75504,2855.0
40,CLEANING,11784.947,785.66315,992.3113,2356.9895,471.39792,2828.0
16,CLEANING,11596.273,773.0849,949.3173,2319.2546,463.85092,2783.0
1,CLEANING,11472.721,764.848,1102.5366,2294.544,458.90878,2753.0
41,PRODUCE,11394.734,759.649,1708.7412,2278.947,455.7894,2735.0
12,CELEBRATION,11223.323,748.22156,982.61554,2244.6646,448.93292,2694.0
38,BOOKS,11200.97,746.7313,866.89355,2240.1938,448.0388,2688.0
26,BREAD/BAKERY,11148.92,743.26135,896.7373,2229.7842,445.95685,2676.0
30,CELEBRATION,10991.335,732.7557,940.6578,2198.267,439.6534,2638.0
33,BEAUTY,10989.367,732.62445,859.3608,2197.8733,439.57468,2637.0
46,DAIRY,10745.877,716.3918,912.7615,2149.1753,429.83505,2579.0
47,DAIRY,10718.646,714.5764,1110.0835,2143.7292,428.74585,2572.0
10,BREAD/BAKERY,10680.435,712.029,820.8228,2136.087,427.21738,2563.0
50,MAGAZINES,10631.098,708.73987,1030.0748,2126.2197,425.24396,2551.0
23,BREAD/BAKERY,10526.761,701.78406,797.33344,2105.352,421.0704,2526.0
27,BOOKS,10509.527,700.63513,895.31964,2101.9053,420.38107,2522.0
43,DAIRY,10480.381,698.6921,923.3942,2096.0762,419.21524,2515.0
42,CLEANING,10470.052,698.0035,852.82184,2094.0105,418.8021,2513.0
29,BEVERAGES,10219.471,681.29803,784.49207,2043.894,408.7788,2453.0
7,BREAD/BAKERY,10181.583,678.7722,729.0728,2036.3167,407.26334,2444.0
22,MAGAZINES,10132.186,675.47906,1153.1578,2026.4373,405.28745,2432.0
10,DAIRY,10124.448,674.9632,790.3527,2024.8896,404.97794,2430.0
38,CLEANING,10086.7295,672.4486,841.69196,2017.3458,403.46918,2421.0
10,MEATS,10006.701,667.1134,786.48157,2001.3402,400.26804,2402.0
4,CLEANING,9993.632,666.2421,838.5879,1998.7263,399.74527,2398.0
33,CELEBRATION,9861.159,657.4106,782.7422,1972.2317,394.44635,2367.0
43,MEATS,9812.8545,654.1903,969.7355,1962.5709,392.5142,2355.0
7,POULTRY,9770.296,651.3531,800.1563,1954.0593,390.81186,2345.0
5,BOOKS,9703.34,646.88934,808.80475,1940.668,388.1336,2329.0
17,DAIRY,9666.278,644.4186,865.6653,1933.2557,386.65115,2320.0
8,POULTRY,9646.595,643.1063,793.2458,1929.319,385.8638,2315.0
35,CELEBRATION,9580.254,638.6836,892.2352,1916.0508,383.21017,2299.0
43,CLEANING,9445.532,629.70215,829.7392,1889.1064,377.8213,2267.0
19,DAIRY,9429.72,628.648,784.6417,1885.9441,377.1888,2263.0
5,MAGAZINES,9245.747,616.3831,921.81036,1849.1494,369.8299,2219.0
17,BREAD/BAKERY,9194.042,612.93616,668.5289,1838.8085,367.7617,2207.0
28,POULTRY,9118.672,607.91144,1589.7567,1823.7344,364.7469,2188.0
51,BEAUTY,9070.324,604.6883,3138.4905,1814.065,362.813,2177.0
41,BEVERAGES,9071.206,604.7471,928.4883,1814.2412,362.84824,2177.0
9,DELI,8970.199,598.0133,791.5042,1794.0399,358.80798,2153.0
17,CLEANING,8970.741,598.04944,677.08984,1794.1483,358.82968,2153.0
39,PERSONAL CARE,8923.309,594.88727,785.2358,1784.6619,356.93237,2142.0
30,BEAUTY,8857.701,590.5134,736.5807,1771.5403,354.30807,2126.0
6,POULTRY,8842.443,589.4962,734.72235,1768.4886,353.69772,2122.0
6,BREAD/BAKERY,8802.034,586.8023,700.9797,1760.407,352.0814,2112.0
19,CLEANING,8769.509,584.6339,823.2341,1753.9017,350.78036,2105.0
22,CELEBRATION,8681.335,578.7557,656.5475,1736.2671,347.25342,2084.0
54,CELEBRATION,8670.636,578.04236,642.7275,1734.1271,346.8254,2081.0
43,PRODUCE,8650.799,576.7199,1325.3672,1730.1597,346.03195,2076.0
35,BEAUTY,8580.874,572.0583,707.3606,1716.1748,343.23495,2059.0
5,MEATS,8533.295,568.88635,711.066,1706.659,341.33182,2048.0
3,CELEBRATION,8454.273,563.6182,754.08514,1690.8547,338.17096,2029.0
39,EGGS,8444.392,562.9594,721.53613,1688.8782,337.77563,2027.0
40,BEVERAGES,8379.773,558.65155,693.97327,1675.9546,335.19092,2011.0
9,BREAD/BAKERY,8334.074,555.6049,637.42365,1666.8147,333.36295,2000.0
52,CLEANING,8318.475,554.565,721.0299,1663.6951,332.739,1996.0
48,MEATS,8250.275,550.0184,670.58875,1650.0552,330.01105,1980.0
20,PREPARED FOODS,8240.25,549.35,1671.776,1648.0499,329.61,1978.0
24,DAIRY,8056.103,537.07355,655.4747,1611.2207,322.24414,1933.0
29,MEATS,7979.4375,531.9625,788.88574,1595.8876,319.17752,1915.0
36,BREAD/BAKERY,7975.062,531.6708,594.84174,1595.0123,319.00247,1914.0
41,GROCERY I,7931.6704,528.778,1076.8037,1586.334,317.2668,1904.0
16,DAIRY,7917.539,527.83594,759.46063,1583.5078,316.70157,1900.0
22,CLEANING,7888.3076,525.88715,562.58575,1577.6614,315.5323,1893.0
5,DAIRY,7883.2925,525.55286,690.3656,1576.6586,315.33173,1892.0
37,BREAD/BAKERY,7838.778,522.5852,619.1388,1567.7556,313.55112,1881.0
33,PREPARED FOODS,7818.3125,521.2208,954.81085,1563.6625,312.7325,1876.0
31,CELEBRATION,7802.988,520.19916,652.4726,1560.5974,312.11948,1873.0
10,DELI,7764.3223,517.62146,686.32196,1552.8644,310.57288,1863.0
2,PREPARED FOODS,7677.9683,511.86456,1215.307,1535.5938,307.11874,1843.0
7,MEATS,7671.624,511.4416,686.83875,1534.3247,306.86496,1841.0
42,BOOKS,7670.045,511.33633,639.88586,1534.009,306.80182,1841.0
25,PRODUCE,7560.049,504.00327,889.5782,1512.0098,302.40195,1814.0
6,MEATS,7509.576,500.6384,693.4467,1501.9152,300.38303,1802.0
48,DELI,7381.546,492.10306,624.124,1476.3092,295.26184,1772.0
29,POULTRY,7371.0884,491.40588,645.87415,1474.2177,294.84354,1769.0
23,POULTRY,7295.926,486.39505,605.7829,1459.1852,291.83704,1751.0
53,PLAYERS AND ELECTRONICS,7287.5874,485.83917,899.20575,1457.5176,291.5035,1749.0
8,MEATS,7262.2373,484.14914,668.8486,1452.4474,290.48947,1743.0
34,CELEBRATION,7179.455,478.63034,588.977,1435.891,287.1782,1723.0
32,CELEBRATION,7088.904,472.5936,597.96094,1417.7808,283.55615,1701.0
9,PERSONAL CARE,7047.584,469.83893,547.83185,1409.5168,281.90338,1691.0
15,PREPARED FOODS,6955.333,463.68887,785.1581,1391.0667,278.21335,1669.0
43,HOME AND KITCHEN II,6885.6694,459.04462,548.4895,1377.1338,275.42676,1653.0
48,DAIRY,6851.9844,456.79895,586.1142,1370.3969,274.07938,1644.0
4,BOOKS,6826.891,455.12607,536.9458,1365.3782,273.07565,1638.0
2,CELEBRATION,6815.0923,454.33948,736.82214,1363.0184,272.6037,1636.0
44,HOME APPLIANCES,6761.5454,450.76968,543.3225,1352.3091,270.46182,1623.0
5,PLAYERS AND ELECTRONICS,6682.232,445.48212,581.4225,1336.4463,267.28928,1604.0
43,DELI,6636.6187,442.44125,540.0509,1327.3237,265.46475,1593.0
10,POULTRY,6606.862,440.45746,584.6161,1321.3723,264.27448,1586.0
44,DELI,6572.0996,438.13998,617.5766,1314.4199,262.884,1577.0
49,POULTRY,6545.493,436.3662,564.08655,1309.0986,261.81973,1571.0
3,POULTRY,6546.6636,436.44424,905.1332,1309.3328,261.86655,1571.0
26,POULTRY,6525.077,435.00516,616.03345,1305.0155,261.0031,1566.0
14,PRODUCE,6519.9077,434.66052,640.37006,1303.9816,260.79633,1565.0
46,HOME APPLIANCES,6446.9272,429.79514,508.69705,1289.3854,257.87708,1547.0
9,POULTRY,6442.6836,429.51224,556.96185,1288.5367,257.70737,1546.0
45,HOME APPLIANCES,6412.2124,427.48083,527.90375,1282.4425,256.4885,1539.0
52,DAIRY,6406.641,427.1094,556.8878,1281.3282,256.26566,1538.0
10,PERSONAL CARE,6336.6846,422.44565,497.2899,1267.3369,253.46739,1521.0
2,CLEANING,6201.736,413.44907,756.8154,1240.3472,248.06944,1488.0
39,DELI,6094.275,406.285,517.8388,1218.855,243.771,1463.0
27,DAIRY,6025.872,401.7248,589.5841,1205.1743,241.03487,1446.0
49,BREAD/BAKERY,6026.1646,401.7443,499.00992,1205.2329,241.04659,1446.0
49,MEATS,5998.2075,399.8805,570.07965,1199.6415,239.9283,1440.0
13,DAIRY,5991.799,399.45325,512.90936,1198.3597,239.67195,1438.0
37,PERSONAL CARE,5976.659,398.44394,499.15765,1195.3318,239.06636,1434.0
46,DELI,5906.754,393.7836,554.4685,1181.3508,236.27017,1418.0
47,HOME APPLIANCES,5902.596,393.5064,505.79578,1180.5193,236.10387,1417.0
44,PRODUCE,5855.0737,390.33826,894.6794,1171.0148,234.20296,1405.0
50,DELI,5814.825,387.655,487.44342,1162.965,232.593,1396.0
38,DELI,5816.3433,387.75623,518.4529,1163.2687,232.65373,1396.0
11,DAIRY,5805.217,387.01447,451.4914,1161.0435,232.2087,1393.0
47,PRODUCE,5770.0664,384.67108,1491.944,1154.0132,230.80264,1385.0
54,BEAUTY,5725.133,381.6755,414.2068,1145.0265,229.0053,1374.0
52,BREAD/BAKERY,5710.6914,380.71277,495.1581,1142.1383,228.42766,1371.0
6,DELI,5703.403,380.22687,464.82715,1140.6807,228.13614,1369.0
24,CLEANING,5684.6753,378.97836,462.5455,1136.935,227.38701,1364.0
20,CELEBRATION,5632.532,375.50214,658.27954,1126.5063,225.30127,1352.0
9,MEATS,5612.5693,374.1713,449.95734,1122.5139,224.50279,1347.0
24,BREAD/BAKERY,5609.1636,373.94424,419.64343,1121.8328,224.36656,1346.0
23,MEATS,5568.4644,371.23096,537.032,1113.6929,222.73857,1336.0
18,DAIRY,5533.196,368.87973,467.38577,1106.6392,221.32784,1328.0
25,CELEBRATION,5529.3877,368.62585,447.524,1105.8776,221.17552,1327.0
30,MAGAZINES,5496.2686,366.4179,419.8962,1099.2537,219.85074,1319.0
16,POULTRY,5469.8145,364.6543,480.05664,1093.9629,218.79259,1313.0
8,PERSONAL CARE,5458.31,363.88733,420.05594,1091.662,218.3324,1310.0
6,PERSONAL CARE,5410.4697,360.69797,459.81754,1082.0939,216.41878,1299.0
8,EGGS,5360.315,357.35434,450.33347,1072.063,214.4126,1286.0
28,BREAD/BAKERY,5331.0864,355.40576,561.25543,1066.2173,213.24345,1279.0
39,FROZEN FOODS,5285.79,352.38602,425.6941,1057.1581,211.43163,1269.0
39,HOME CARE,5289.091,352.60605,425.94937,1057.8181,211.56363,1269.0
34,POULTRY,5249.35,349.95667,786.88715,1049.87,209.974,1260.0
44,EGGS,5218.793,347.91953,433.94522,1043.7585,208.75171,1253.0
48,HOME APPLIANCES,5171.4946,344.7663,423.4686,1034.2988,206.85977,1241.0
14,CLEANING,5138.5825,342.57217,392.00943,1027.7166,205.54332,1233.0
40,PERSONAL CARE,5138.804,342.58694,430.19745,1027.7609,205.55217,1233.0
22,PLAYERS AND ELECTRONICS,5134.6714,342.31143,439.86542,1026.9343,205.38687,1232.0
16,BEVERAGES,5122.3135,341.48758,398.8228,1024.4628,204.89256,1229.0
38,MEATS,5122.074,341.47162,406.96457,1024.4148,204.88297,1229.0
28,CELEBRATION,5116.5483,341.1032,615.24036,1023.30963,204.66193,1228.0
18,PRODUCE,5006.8223,333.78815,646.84076,1001.36444,200.27289,1202.0
4,MAGAZINES,4983.292,332.21945,429.48572,996.6583,199.33167,1196.0
48,EGGS,4955.928,330.3952,386.45508,991.1856,198.23712,1189.0
43,POULTRY,4934.786,328.98575,378.49295,986.9573,197.39146,1184.0
27,MAGAZINES,4878.136,325.20908,416.38052,975.6272,195.12544,1171.0
26,DELI,4853.132,323.5421,415.24365,970.62634,194.12527,1165.0
45,PRODUCE,4803.2344,320.21564,847.9892,960.6469,192.12938,1153.0
19,BREAD/BAKERY,4798.205,319.88034,424.67633,959.641,191.9282,1152.0
50,MEATS,4771.3164,318.08777,376.07843,954.2633,190.85266,1145.0
10,HOME CARE,4721.504,314.76694,380.47717,944.3008,188.86015,1133.0
26,MEATS,4676.7397,311.78265,440.0736,935.34796,187.0696,1122.0
1,DAIRY,4673.981,311.59872,392.505,934.79614,186.95923,1122.0
42,DAIRY,4630.3213,308.68808,394.49805,926.0642,185.21284,1111.0
18,DELI,4619.6377,307.97586,433.75217,923.9276,184.78552,1109.0
8,DELI,4565.2324,304.34882,361.17154,913.04645,182.6093,1096.0
30,DAIRY,4557.366,303.8244,385.31592,911.4732,182.29465,1094.0
2,DAIRY,4544.253,302.9502,560.3736,908.8506,181.77013,1091.0
21,FROZEN FOODS,4515.3384,301.02255,675.32324,903.0676,180.61353,1084.0
9,HOME CARE,4466.008,297.73386,350.7037,893.20154,178.6403,1072.0
51,EGGS,4464.896,297.65973,1560.1118,892.9792,178.59584,1072.0
13,PREPARED FOODS,4443.3433,296.22287,471.45816,888.6686,177.73372,1066.0
25,MEATS,4436.345,295.75635,462.3335,887.26904,177.45381,1065.0
50,DAIRY,4439.5757,295.9717,373.2442,887.91516,177.58304,1065.0
12,CLEANING,4435.064,295.67093,360.32343,887.0128,177.40257,1064.0
19,MEATS,4420.9717,294.73145,439.29858,884.19434,176.83887,1061.0
42,MAGAZINES,4410.0654,294.00436,347.6965,882.01306,176.40262,1058.0
16,PERSONAL CARE,4374.825,291.655,349.6248,874.96497,174.993,1050.0
7,EGGS,4376.7734,291.78488,345.36218,875.3546,175.07092,1050.0
4,DAIRY,4352.8643,290.19095,393.5546,870.5729,174.11458,1045.0
5,HOME APPLIANCES,4323.264,288.21762,326.12836,864.65283,172.93057,1038.0
15,DAIRY,4302.426,286.8284,323.70068,860.4852,172.09705,1033.0
53,CLEANING,4300.4424,286.69617,349.0911,860.0885,172.0177,1032.0
46,PRODUCE,4287.336,285.8224,592.0274,857.46716,171.49344,1029.0
22,BEVERAGES,4243.632,282.90878,319.41962,848.7263,169.74527,1018.0
36,PERSONAL CARE,4223.806,281.58707,326.2164,844.7612,168.95226,1014.0
33,MEATS,4201.449,280.09662,314.35858,840.28986,168.05797,1008.0
50,EGGS,4197.6763,279.8451,318.86432,839.5353,167.90706,1007.0
3,CLEANING,4168.182,277.8788,328.54373,833.6365,166.7273,1000.0
29,PERSONAL CARE,4141.709,276.11392,322.01202,828.3418,165.66837,994.0
23,DELI,4087.2378,272.4825,312.09882,817.4475,163.4895,981.0
11,PRODUCE,4076.4888,271.76593,475.74576,815.2978,163.05956,978.0
14,DAIRY,4057.8818,270.52545,354.36322,811.57635,162.31528,974.0
54,MEATS,4057.0408,270.4694,361.8499,811.4082,162.28165,974.0
25,CLEANING,4049.9683,269.9979,315.54935,809.99365,161.99873,972.0
26,PERSONAL CARE,4044.3176,269.6212,315.25473,808.8635,161.7727,971.0
28,BEAUTY,4043.5562,269.5704,447.0059,808.7112,161.74223,970.0
23,PERSONAL CARE,4031.9812,268.79874,299.94623,806.39624,161.27925,968.0
19,POULTRY,4034.5593,268.9706,338.61844,806.91187,161.38237,968.0
30,MEATS,4030.828,268.72186,322.8042,806.1656,161.23312,967.0
32,"LIQUOR,WINE,BEER",4021.998,268.1332,303.57892,804.39966,160.87993,965.0
13,MEATS,4009.2063,267.28043,332.97937,801.8413,160.36827,962.0
44,POULTRY,3978.6826,265.2455,326.02216,795.7366,159.14732,955.0
30,CLEANING,3948.9678,263.26453,338.57123,789.7936,157.95872,948.0
46,EGGS,3941.3545,262.75696,321.72858,788.2709,157.65417,946.0
16,MEATS,3927.4812,261.8321,310.47305,785.4963,157.09926,943.0
45,EGGS,3927.1743,261.8116,328.53214,785.4348,157.08696,943.0
49,PERSONAL CARE,3918.594,261.2396,337.64957,783.71875,156.74376,940.0
53,BOOKS,3897.0776,259.80518,309.68478,779.4155,155.8831,935.0
2,HOME APPLIANCES,3892.9648,259.53098,405.20856,778.5929,155.71858,934.0
36,POULTRY,3870.6318,258.0421,309.83478,774.12634,154.82527,929.0
26,EGGS,3861.9006,257.46005,354.65833,772.3801,154.47603,927.0
21,BEAUTY,3864.5715,257.6381,528.9944,772.9143,154.58287,927.0
39,PREPARED FOODS,3841.8167,256.12112,291.58054,768.3634,153.67268,922.0
54,PERSONAL CARE,3813.3186,254.22124,289.49014,762.6637,152.53275,915.0
8,HOME CARE,3807.395,253.82634,297.06967,761.479,152.2958,914.0
1,DELI,3791.6243,252.77495,325.1901,758.3248,151.66496,910.0
43,LINGERIE,3790.6938,252.71292,301.96286,758.1388,151.62776,910.0
27,DELI,3780.6804,252.04536,354.74753,756.1361,151.22722,907.0
54,POULTRY,3763.8564,250.92377,287.9165,752.7713,150.55426,903.0
4,HOME APPLIANCES,3752.4326,250.16217,298.64426,750.4865,150.0973,901.0
2,MEATS,3745.0396,249.6693,317.16278,749.0079,149.80157,899.0
35,MAGAZINES,3724.954,248.33028,300.08667,744.99084,148.99817,894.0
7,PERSONAL CARE,3717.798,247.85321,283.525,743.55963,148.71193,892.0
29,DAIRY,3705.213,247.01419,284.40793,741.0426,148.20853,889.0
30,HOME AND KITCHEN II,3701.07,246.738,293.65738,740.214,148.0428,888.0
46,POULTRY,3698.1982,246.54655,291.38416,739.63965,147.92793,888.0
25,BOOKS,3696.0908,246.40605,284.66263,739.21814,147.84363,887.0
13,MAGAZINES,3686.3616,245.75743,305.9538,737.2723,147.45445,885.0
40,DAIRY,3669.7842,244.65228,303.12112,733.95685,146.79137,881.0
35,MEATS,3660.8298,244.05533,297.17047,732.166,146.43321,879.0
54,CLEANING,3656.949,243.7966,286.23523,731.3898,146.27795,878.0
50,HOME APPLIANCES,3636.0703,242.4047,295.86945,727.2141,145.44283,873.0
10,EGGS,3632.515,242.16766,318.7826,726.503,145.3006,872.0
38,HOME APPLIANCES,3618.1392,241.20927,301.5783,723.6278,144.72557,868.0
36,MEATS,3598.2612,239.88408,328.831,719.6522,143.93045,864.0
13,DELI,3582.225,238.815,328.95996,716.445,143.289,860.0
33,CLEANING,3574.5457,238.30304,286.66116,714.9091,142.98183,858.0
38,PLAYERS AND ELECTRONICS,3570.3757,238.02505,291.81857,714.0752,142.81505,857.0
41,DAIRY,3572.3523,238.15681,409.0936,714.47046,142.89409,857.0
37,HOME CARE,3562.1934,237.47955,284.60434,712.43866,142.48773,855.0
20,CLEANING,3546.7646,236.45097,550.0348,709.3529,141.87059,851.0
42,PET SUPPLIES,3542.7883,236.18588,308.16595,708.5576,141.71153,850.0
40,MEATS,3533.3892,235.55928,346.68112,706.67786,141.33557,848.0
51,POULTRY,3529.4924,235.2995,2410.3994,705.8985,141.1797,847.0
2,BOOKS,3500.4817,233.36545,330.91086,700.0963,140.01927,840.0
32,BEAUTY,3489.853,232.65688,264.00974,697.97064,139.59413,838.0
17,DELI,3458.9636,230.59758,271.07114,691.7927,138.35855,830.0
32,MAGAZINES,3460.2444,230.68295,290.95377,692.0488,138.40977,830.0
35,CLEANING,3431.7083,228.78055,305.94965,686.3417,137.26834,824.0
2,PLAYERS AND ELECTRONICS,3426.7922,228.45282,335.7161,685.35846,137.0717,822.0
48,POULTRY,3426.9773,228.46515,262.43927,685.39545,137.07909,822.0
27,PET SUPPLIES,3408.1274,227.2085,296.73917,681.6255,136.3251,818.0
49,DELI,3397.928,226.52853,278.908,679.5856,135.91711,816.0
53,DAIRY,3384.852,225.6568,295.2447,676.9704,135.39409,812.0
27,HOME APPLIANCES,3365.5522,224.37015,283.53632,673.1105,134.6221,808.0
1,PRODUCE,3367.5852,224.50568,435.70667,673.517,134.70341,808.0
32,PET SUPPLIES,3368.033,224.53554,310.27274,673.6066,134.72133,808.0
42,DELI,3345.2542,223.01694,283.35,669.0508,133.81017,803.0
7,FROZEN FOODS,3338.49,222.566,235.45477,667.698,133.5396,801.0
6,HOME CARE,3269.1636,217.94424,272.98825,653.83276,130.76656,785.0
16,HOME APPLIANCES,3222.7576,214.85051,248.40129,644.5515,128.91031,773.0
42,"LIQUOR,WINE,BEER",3219.6533,214.64355,253.24016,643.93066,128.78613,773.0
52,MEATS,3211.683,214.11221,383.39078,642.3367,128.46733,771.0
2,MAGAZINES,3200.0579,213.33719,374.31744,640.0116,128.00232,768.0
20,HOME APPLIANCES,3187.7188,212.51459,328.44995,637.54376,127.50875,765.0
27,"LIQUOR,WINE,BEER",3175.365,211.691,251.45033,635.073,127.0146,762.0
23,EGGS,3160.6301,210.70868,236.5056,632.12604,126.42521,759.0
24,MAGAZINES,3136.5527,209.10352,323.17453,627.31055,125.46211,753.0
52,DELI,3133.4915,208.89943,298.59464,626.6983,125.33966,752.0
40,POULTRY,3096.3884,206.42589,256.02347,619.27765,123.85553,743.0
6,EGGS,3094.2732,206.28488,286.03006,618.8546,123.77093,743.0
18,PERSONAL CARE,3058.0369,203.86913,272.7818,611.60736,122.32147,734.0
11,DELI,3038.7454,202.58302,239.42209,607.7491,121.54982,729.0
28,HOME AND KITCHEN II,3034.9565,202.33043,281.5461,606.9913,121.398254,728.0
26,"LIQUOR,WINE,BEER",3016.0261,201.0684,281.34958,603.2052,120.641045,724.0
9,EGGS,3018.371,201.22475,254.55156,603.67426,120.734856,724.0
38,DAIRY,2995.2998,199.68666,245.79921,599.06,119.812004,719.0
40,HOME APPLIANCES,2962.9246,197.5283,244.49655,592.5849,118.51698,711.0
29,HOME APPLIANCES,2961.5251,197.43501,221.37605,592.30505,118.46101,711.0
42,HOME APPLIANCES,2947.426,196.49507,244.34166,589.4852,117.89705,707.0
34,"LIQUOR,WINE,BEER",2942.417,196.16113,244.42258,588.4834,117.69668,706.0
31,POULTRY,2932.457,195.49713,368.81296,586.4914,117.29828,704.0
7,DELI,2916.5369,194.43579,223.86163,583.3074,116.661476,700.0
16,DELI,2916.9673,194.4645,266.89343,583.3935,116.6787,700.0
17,POULTRY,2886.9624,192.46416,241.4765,577.39246,115.47849,693.0
35,HOME AND KITCHEN II,2881.4175,192.0945,248.54793,576.2835,115.25671,692.0
5,PRODUCE,2876.218,191.74786,533.88403,575.2436,115.04872,690.0
53,"LIQUOR,WINE,BEER",2871.262,191.41747,232.57973,574.2524,114.85048,689.0
47,EGGS,2863.8901,190.92601,249.41437,572.778,114.5556,687.0
11,BREAD/BAKERY,2855.1445,190.34297,207.05716,571.02893,114.20579,685.0
29,DELI,2853.863,190.25754,242.92757,570.7726,114.15452,685.0
32,CLEANING,2847.8945,189.85963,257.26456,569.5789,113.91579,683.0
34,CLEANING,2819.6626,187.97751,224.7025,563.9325,112.7865,677.0
12,MEATS,2810.0579,187.33719,260.2761,562.0116,112.40232,674.0
33,MAGAZINES,2798.787,186.5858,207.67531,559.7574,111.95148,672.0
14,PERSONAL CARE,2772.7588,184.85059,225.41011,554.55176,110.910355,665.0
1,PERSONAL CARE,2749.0596,183.27065,222.88339,549.81195,109.962395,660.0
31,DELI,2740.7676,182.71783,270.3462,548.1535,109.6307,658.0
13,BREAD/BAKERY,2742.2708,182.81805,212.21574,548.45416,109.690834,658.0
1,MEATS,2737.5508,182.50339,211.5966,547.51013,109.50203,657.0
23,HOME CARE,2733.769,182.25127,233.62537,546.7538,109.35076,656.0
39,"LIQUOR,WINE,BEER",2718.683,181.24554,212.61266,543.73663,108.74733,652.0
4,PET SUPPLIES,2718.7256,181.24837,231.47577,543.7451,108.74902,652.0
52,PERSONAL CARE,2713.685,180.91234,207.01775,542.737,108.5474,651.0
24,PLAYERS AND ELECTRONICS,2695.3572,179.69048,255.60191,539.0714,107.814285,647.0
26,HOME CARE,2695.7988,179.71992,223.95398,539.1598,107.83196,647.0
48,PRODUCE,2689.7036,179.31357,558.0493,537.9407,107.588135,646.0
18,BREAD/BAKERY,2657.2476,177.14984,219.31184,531.4495,106.28991,638.0
37,MEATS,2658.1187,177.20792,233.75977,531.6238,106.32476,638.0
4,DELI,2653.5925,176.90617,212.4099,530.7185,106.1437,637.0
41,CLEANING,2644.1406,176.27605,297.25995,528.8281,105.765625,635.0
52,POULTRY,2643.6372,176.24248,249.30255,528.7274,105.74548,634.0
15,DELI,2640.4504,176.03003,224.4331,528.0901,105.61802,634.0
49,HOME CARE,2641.3308,176.08871,210.2102,528.2661,105.65322,634.0
8,FROZEN FOODS,2618.96,174.59734,207.83559,523.792,104.7584,629.0
20,BEVERAGES,2603.9028,173.59352,317.9085,520.7806,104.15612,625.0
3,BOOKS,2596.768,173.11787,200.21602,519.35364,103.87073,623.0
7,HOME CARE,2593.147,172.87646,208.18898,518.6294,103.72588,622.0
32,HOME AND KITCHEN II,2592.4878,172.83252,221.81937,518.49756,103.69952,622.0
17,PERSONAL CARE,2582.839,172.18927,195.53122,516.5678,103.31356,620.0
17,EGGS,2581.2847,172.08565,205.08855,516.25696,103.251396,620.0
28,CLEANING,2578.5232,171.90155,267.84933,515.70465,103.14093,619.0
48,LINGERIE,2575.1648,171.67766,214.83333,515.03296,103.00659,618.0
12,PREPARED FOODS,2552.8157,170.18771,340.99658,510.56314,102.11263,613.0
31,CLEANING,2547.945,169.863,196.36374,509.58902,101.91781,612.0
38,MAGAZINES,2551.8616,170.1241,200.02156,510.3723,102.07446,612.0
11,PERSONAL CARE,2541.2717,169.41812,192.93906,508.25436,101.65087,610.0
32,DAIRY,2539.3677,169.29118,217.79256,507.87354,101.57471,609.0
51,CELEBRATION,2498.4758,166.56505,736.5598,499.69513,99.939026,600.0
15,BREAD/BAKERY,2479.5186,165.30124,182.68831,495.90372,99.18075,595.0
44,LINGERIE,2469.9573,164.66382,202.65913,493.99146,98.798294,593.0
23,FROZEN FOODS,2461.8757,164.12505,195.07327,492.37512,98.47503,591.0
12,DAIRY,2457.9773,163.86516,224.35925,491.59546,98.31909,590.0
5,EGGS,2446.7903,163.11935,201.74277,489.35806,97.87161,587.0
25,POULTRY,2441.1838,162.74559,205.49593,488.23676,97.647354,586.0
15,EGGS,2432.0422,162.13615,206.63066,486.40845,97.28169,584.0
49,EGGS,2428.7332,161.91554,212.39348,485.74664,97.14933,583.0
14,BEVERAGES,2412.2402,160.81601,181.59215,482.44803,96.48961,579.0
20,DAIRY,2412.5093,160.83395,263.0382,482.50186,96.500374,579.0
53,HOME APPLIANCES,2398.7336,159.91557,196.46198,479.7467,95.94934,576.0
36,DELI,2396.9797,159.79865,184.85765,479.39594,95.87919,575.0
28,PET SUPPLIES,2390.4055,159.36037,199.48863,478.08112,95.61623,574.0
36,HOME CARE,2390.3962,159.35976,199.05144,478.07928,95.61586,574.0
45,DELI,2387.6494,159.17662,224.6623,477.52985,95.505974,573.0
12,MAGAZINES,2369.236,157.94907,188.76392,473.8472,94.76944,569.0
11,POULTRY,2367.8772,157.85847,176.46379,473.57544,94.71509,568.0
35,DAIRY,2363.3254,157.55502,233.59747,472.66507,94.53301,567.0
54,HOME AND KITCHEN II,2350.274,156.68492,180.00421,470.05475,94.01095,564.0
8,PREPARED FOODS,2351.7441,156.78294,180.92085,470.34882,94.06976,564.0
22,MEATS,2348.4207,156.56137,180.13362,469.6841,93.93682,564.0
20,MEATS,2348.4565,156.56377,219.61972,469.69128,93.938255,564.0
7,"LIQUOR,WINE,BEER",2344.584,156.3056,212.92928,468.9168,93.78336,563.0
37,DELI,2336.28,155.752,190.08936,467.25598,93.451195,561.0
34,DELI,2312.5732,154.17155,198.4639,462.51465,92.50293,555.0
6,FROZEN FOODS,2303.5796,153.57198,191.59483,460.71594,92.14319,553.0
28,MAGAZINES,2301.1482,153.40988,190.34935,460.22964,92.04593,552.0
15,MEATS,2292.8704,152.85802,186.16252,458.57404,91.714806,550.0
33,HOME AND KITCHEN II,2286.318,152.4212,179.21179,457.2636,91.45272,549.0
41,BREAD/BAKERY,2280.039,152.00261,257.01877,456.0078,91.20156,547.0
24,DELI,2270.7493,151.38329,178.629,454.14984,90.82997,545.0
24,LINGERIE,2266.1018,151.07346,213.31805,453.22037,90.64407,544.0
33,PLAYERS AND ELECTRONICS,2250.7441,150.0496,173.819,450.1488,90.02976,540.0
52,HOME CARE,2233.8076,148.9205,196.56097,446.7615,89.3523,536.0
26,FROZEN FOODS,2218.147,147.87646,169.54536,443.6294,88.72588,532.0
46,LINGERIE,2208.2507,147.21672,197.40356,441.65015,88.33003,530.0
1,POULTRY,2194.2375,146.2825,176.30339,438.8475,87.7695,527.0
17,HOME CARE,2183.203,145.54686,181.39915,436.64056,87.32812,524.0
18,MEATS,2182.5015,145.50009,177.95055,436.50027,87.30006,524.0
40,EGGS,2182.9536,145.53024,167.53719,436.59073,87.318146,524.0
35,PLAYERS AND ELECTRONICS,2159.434,143.96227,180.43402,431.88678,86.37736,518.0
37,POULTRY,2160.074,144.00493,171.28195,432.01477,86.402954,518.0
40,DELI,2157.8455,143.85637,193.79494,431.5691,86.31382,518.0
11,MEATS,2138.9834,142.59889,163.11519,427.7967,85.55934,513.0
14,HOME APPLIANCES,2129.502,141.9668,173.75972,425.9004,85.18008,511.0
4,"LIQUOR,WINE,BEER",2128.7307,141.91537,168.30911,425.74612,85.14922,511.0
15,HOME CARE,2118.8508,141.25673,165.04347,423.7702,84.75404,509.0
3,DELI,2116.0503,141.07002,174.51378,423.21008,84.64202,508.0
30,PLAYERS AND ELECTRONICS,2100.5532,140.03688,171.62422,420.11066,84.02213,504.0
50,LINGERIE,2091.478,139.43187,178.45839,418.2956,83.65912,502.0
19,PERSONAL CARE,2090.5793,139.37196,189.87682,418.1159,83.623184,502.0
28,DAIRY,2058.1006,137.20671,203.65918,411.62012,82.32403,494.0
18,HOME CARE,2046.9452,136.46301,166.14415,409.38904,81.87781,491.0
25,PERSONAL CARE,2047.1921,136.47948,165.73788,409.43842,81.88769,491.0
45,POULTRY,2026.5682,135.10455,166.55597,405.31366,81.06274,486.0
20,DELI,2024.0577,134.93718,212.33751,404.81152,80.9623,486.0
13,HOME CARE,2008.7017,133.91344,169.28726,401.7403,80.34806,482.0
21,PREPARED FOODS,2002.064,133.47093,406.03687,400.41278,80.08256,480.0
19,EGGS,1989.5802,132.63869,153.79794,397.91608,79.58321,477.0
36,EGGS,1983.1971,132.21315,145.15147,396.63947,79.327896,476.0
7,PREPARED FOODS,1977.3625,131.82417,143.19191,395.47253,79.094505,475.0
1,HOME CARE,1969.2308,131.28206,159.27249,393.8462,78.76924,473.0
14,MEATS,1945.4015,129.69344,147.58855,389.08032,77.81606,467.0
22,DAIRY,1944.7433,129.64955,153.81682,388.94867,77.789734,467.0
47,DELI,1916.0432,127.73621,210.64665,383.20865,76.64173,460.0
50,POULTRY,1918.1125,127.87417,148.33604,383.6225,76.7245,460.0
28,LAWN AND GARDEN,1899.4387,126.62925,184.32077,379.88776,75.977554,456.0
24,EGGS,1879.5049,125.30032,148.60289,375.90097,75.1802,451.0
31,BEVERAGES,1872.0696,124.80464,151.8124,374.41394,74.88279,449.0
12,BEVERAGES,1864.1875,124.27917,150.66687,372.8375,74.5675,447.0
18,POULTRY,1860.7269,124.04846,182.38458,372.1454,74.42908,447.0
33,DAIRY,1850.7566,123.38377,158.30803,370.1513,74.030266,444.0
43,HARDWARE,1851.8593,123.45728,173.45312,370.37186,74.07437,444.0
37,FROZEN FOODS,1835.0609,122.337395,140.4424,367.01218,73.402435,440.0
19,DELI,1814.1451,120.94301,149.83162,362.82904,72.56581,435.0
11,HOME CARE,1811.6919,120.77946,140.49605,362.33838,72.467674,435.0
23,PREPARED FOODS,1797.4348,119.82899,131.14458,359.48697,71.89739,431.0
3,DAIRY,1786.8384,119.12256,144.37572,357.36768,71.47353,429.0
14,POULTRY,1760.0974,117.33983,149.1242,352.01947,70.40389,422.0
5,DELI,1752.7336,116.84891,149.4607,350.54672,70.109344,421.0
36,FROZEN FOODS,1743.87,116.258,139.06711,348.77402,69.75481,419.0
51,PET SUPPLIES,1729.2498,115.28332,417.0239,345.84995,69.16999,415.0
51,BREAD/BAKERY,1720.6345,114.70897,542.3033,344.1269,68.82538,413.0
3,PET SUPPLIES,1719.1025,114.606834,137.41553,343.8205,68.7641,413.0
40,"LIQUOR,WINE,BEER",1719.5125,114.63416,153.99704,343.9025,68.7805,413.0
29,EGGS,1715.4503,114.36336,133.14941,343.0901,68.61802,412.0
12,HOME APPLIANCES,1712.3647,114.157646,138.10602,342.47293,68.49459,411.0
3,HOME APPLIANCES,1706.3076,113.75384,152.854,341.2615,68.252304,410.0
51,BEVERAGES,1702.7189,113.514595,453.8075,340.5438,68.10876,409.0
35,LINGERIE,1690.4768,112.698456,231.19054,338.09537,67.61907,406.0
21,CELEBRATION,1692.734,112.84893,199.198,338.54678,67.70936,406.0
16,EGGS,1686.5913,112.43942,150.90495,337.31827,67.46365,405.0
9,FROZEN FOODS,1673.3751,111.55834,133.84338,334.67502,66.935005,402.0
8,"LIQUOR,WINE,BEER",1656.5284,110.43523,135.46918,331.30566,66.26113,398.0
19,HOME CARE,1658.1586,110.54391,163.7404,331.6317,66.32635,398.0
19,FROZEN FOODS,1653.638,110.24253,143.2621,330.7276,66.14552,397.0
34,BEVERAGES,1647.9581,109.86388,132.23152,329.5916,65.91833,396.0
20,PLAYERS AND ELECTRONICS,1637.2205,109.14803,160.7976,327.4441,65.48882,393.0
42,PLAYERS AND ELECTRONICS,1636.947,109.1298,141.54955,327.3894,65.47788,393.0
29,PREPARED FOODS,1634.993,108.999535,123.065506,326.9986,65.39972,392.0
9,PREPARED FOODS,1617.5594,107.837296,135.76994,323.5119,64.702385,388.0
6,PREPARED FOODS,1577.658,105.1772,126.49277,315.53162,63.106323,379.0
5,LINGERIE,1580.6671,105.37781,141.23103,316.13342,63.226685,379.0
41,POULTRY,1559.3392,103.95595,168.75952,311.86786,62.373573,374.0
42,LAWN AND GARDEN,1555.3547,103.690315,181.4957,311.07095,62.21419,373.0
24,FROZEN FOODS,1550.5211,103.36807,150.01549,310.10422,62.020844,372.0
22,HOME APPLIANCES,1541.7828,102.78552,122.04015,308.35657,61.671314,370.0
3,MAGAZINES,1540.8694,102.724625,140.82552,308.1739,61.634777,370.0
24,MEATS,1533.6738,102.24492,127.81158,306.73474,61.34695,368.0
37,EGGS,1534.3752,102.29168,127.52257,306.87503,61.375008,368.0
35,DELI,1529.4325,101.962166,145.42285,305.8865,61.177303,367.0
17,MEATS,1518.7987,101.25325,132.7229,303.75977,60.751953,365.0
43,SCHOOL AND OFFICE SUPPLIES,1514.9679,100.997856,121.539635,302.99356,60.598713,364.0
43,GROCERY II,1493.254,99.55027,114.13193,298.65082,59.730164,358.0
1,BREAD/BAKERY,1491.3015,99.4201,119.986595,298.26028,59.652058,358.0
47,LINGERIE,1477.3671,98.491135,151.78601,295.4734,59.094677,355.0
45,LINGERIE,1457.7496,97.18331,119.68295,291.54993,58.309986,350.0
36,"LIQUOR,WINE,BEER",1453.6907,96.91271,114.66486,290.73813,58.147625,349.0
25,DAIRY,1453.393,96.89286,114.085945,290.6786,58.13572,349.0
31,DAIRY,1450.8435,96.7229,126.76235,290.1687,58.03374,348.0
34,DAIRY,1435.8519,95.723465,121.35472,287.1704,57.434082,345.0
47,POULTRY,1434.3936,95.626236,130.08626,286.87872,57.375744,344.0
44,SCHOOL AND OFFICE SUPPLIES,1430.7684,95.38456,124.422104,286.1537,57.23074,343.0
52,FROZEN FOODS,1429.2844,95.28563,110.88597,285.85687,57.171375,343.0
44,GROCERY I,1421.4203,94.76135,108.412476,284.28406,56.85681,341.0
12,PLAYERS AND ELECTRONICS,1417.8755,94.52503,117.93937,283.5751,56.715023,340.0
41,HOME CARE,1418.7388,94.58259,140.79787,283.74777,56.749554,340.0
2,DELI,1415.6202,94.37468,150.28424,283.12402,56.624805,340.0
54,DELI,1412.3507,94.156715,108.35205,282.47015,56.49403,339.0
49,FROZEN FOODS,1410.5427,94.03618,112.36874,282.10852,56.421703,339.0
24,HOME CARE,1410.1492,94.00994,123.112946,282.02982,56.405964,338.0
28,"LIQUOR,WINE,BEER",1406.8068,93.78712,139.32593,281.36136,56.272274,338.0
14,DELI,1382.201,92.146736,111.15246,276.44022,55.288044,332.0
37,"LIQUOR,WINE,BEER",1374.9312,91.66208,137.41104,274.98624,54.99725,330.0
54,DAIRY,1356.4432,90.42955,104.8532,271.28864,54.25773,326.0
41,MEATS,1358.1431,90.54287,175.85416,271.6286,54.32572,326.0
19,"LIQUOR,WINE,BEER",1344.388,89.62586,118.103035,268.8776,53.77552,323.0
30,DELI,1345.5428,89.70286,122.77084,269.10858,53.821716,323.0
10,PREPARED FOODS,1337.253,89.1502,108.79564,267.4506,53.49012,321.0
41,PERSONAL CARE,1338.5234,89.23489,142.8409,267.70468,53.540936,321.0
20,LINGERIE,1339.3069,89.287125,126.633415,267.8614,53.572277,321.0
5,POULTRY,1315.0645,87.67097,98.35636,263.0129,52.60258,316.0
10,FROZEN FOODS,1316.5637,87.77091,107.90317,263.31274,52.662548,316.0
43,FROZEN FOODS,1315.1294,87.67529,100.725174,263.02588,52.605175,316.0
34,HOME APPLIANCES,1318.2219,87.88146,110.47031,263.64438,52.728878,316.0
48,SCHOOL AND OFFICE SUPPLIES,1300.4283,86.69522,112.51051,260.08566,52.01713,312.0
29,"LIQUOR,WINE,BEER",1296.4243,86.42829,114.276474,259.28488,51.856976,311.0
39,SEAFOOD,1279.7035,85.31357,100.662384,255.9407,51.18814,307.0
26,PREPARED FOODS,1269.8477,84.65651,94.17091,253.96953,50.793907,305.0
52,EGGS,1272.3112,84.82075,132.99577,254.46225,50.892452,305.0
44,HOME AND KITCHEN I,1267.1122,84.474144,99.71896,253.42242,50.684486,304.0
37,PREPARED FOODS,1263.1279,84.20853,92.67439,252.62558,50.525116,303.0
49,"LIQUOR,WINE,BEER",1256.5518,83.77012,109.426094,251.31036,50.262074,302.0
53,PET SUPPLIES,1252.3542,83.49028,99.37986,250.47084,50.09417,301.0
34,MAGAZINES,1249.7246,83.31497,106.59935,249.94492,49.988983,300.0
27,EGGS,1250.8118,83.38745,120.7001,250.16235,50.03247,300.0
6,"LIQUOR,WINE,BEER",1238.7239,82.58159,104.43381,247.74477,49.548954,297.0
25,HOME APPLIANCES,1234.3588,82.29058,96.27962,246.87173,49.374348,296.0
21,CLEANING,1230.6157,82.041046,166.04048,246.12314,49.22463,295.0
39,GROCERY II,1228.4158,81.89439,89.642715,245.68317,49.136635,295.0
13,PLAYERS AND ELECTRONICS,1230.7268,82.048454,101.1757,246.14536,49.229073,295.0
13,POULTRY,1225.9363,81.72909,104.251915,245.18726,49.037453,294.0
2,EGGS,1212.6278,80.84185,122.08046,242.52554,48.505108,291.0
27,PLAYERS AND ELECTRONICS,1209.769,80.65127,95.62591,241.9538,48.39076,290.0
31,MAGAZINES,1197.031,79.80207,93.9005,239.40622,47.881245,287.0
27,LAWN AND GARDEN,1190.9425,79.396164,124.548416,238.18849,47.6377,286.0
20,MAGAZINES,1189.9023,79.32682,131.70428,237.98047,47.596096,286.0
21,HOME APPLIANCES,1154.513,76.96753,142.7976,230.90259,46.18052,277.0
9,SCHOOL AND OFFICE SUPPLIES,1148.1315,76.5421,166.07005,229.6263,45.92526,276.0
53,DELI,1146.3405,76.4227,104.55787,229.2681,45.85362,275.0
46,SCHOOL AND OFFICE SUPPLIES,1141.2688,76.08459,91.9126,228.25375,45.650753,274.0
36,PREPARED FOODS,1122.4778,74.831856,84.26707,224.49557,44.899117,269.0
33,DELI,1114.5632,74.304214,86.888145,222.91264,44.58253,267.0
46,HOME AND KITCHEN I,1092.3254,72.82169,86.38592,218.46509,43.69302,262.0
38,EGGS,1087.2336,72.48225,88.81962,217.44675,43.48935,261.0
28,DELI,1088.6263,72.57509,117.46338,217.72527,43.545055,261.0
23,"LIQUOR,WINE,BEER",1085.3883,72.35922,101.75826,217.07767,43.415535,260.0
48,GROCERY I,1079.7697,71.98464,81.86487,215.95392,43.190784,259.0
42,EGGS,1078.4965,71.899765,102.995155,215.6993,43.13986,259.0
41,DELI,1078.5552,71.90368,121.137505,215.71103,43.14221,259.0
31,"LIQUOR,WINE,BEER",1075.7979,71.71986,86.884705,215.15958,43.031918,258.0
15,PLAYERS AND ELECTRONICS,1069.237,71.28247,84.050476,213.84741,42.76948,257.0
4,EGGS,1063.8099,70.92066,92.11681,212.762,42.5524,255.0
22,EGGS,1058.0127,70.53418,79.015236,211.60254,42.320507,254.0
31,HOME APPLIANCES,1041.9852,69.46568,83.75462,208.39705,41.67941,250.0
20,POULTRY,1039.837,69.32247,103.21282,207.9674,41.593483,250.0
51,"LIQUOR,WINE,BEER",1040.3695,69.35796,374.45554,208.07388,41.614777,250.0
30,POULTRY,1035.8339,69.05559,81.03043,207.16676,41.433353,249.0
54,"LIQUOR,WINE,BEER",1036.5457,69.10304,90.26976,207.30913,41.461826,249.0
3,"LIQUOR,WINE,BEER",1021.82166,68.121445,83.88983,204.36433,40.872868,245.0
20,EGGS,1010.4571,67.36381,113.744316,202.09143,40.418285,243.0
52,"LIQUOR,WINE,BEER",1002.8351,66.855675,87.718925,200.56702,40.113403,241.0
51,CLEANING,1000.9968,66.73312,379.581,200.19937,40.039875,240.0
41,EGGS,1001.03046,66.73537,109.4769,200.2061,40.04122,240.0
40,PREPARED FOODS,990.17664,66.01177,73.5403,198.03531,39.607063,238.0
51,HOME AND KITCHEN II,989.786,65.98573,236.37117,197.9572,39.591442,238.0
46,HARDWARE,975.34485,65.02299,82.2787,195.06897,39.013794,234.0
22,LINGERIE,973.3974,64.89316,83.308334,194.67947,38.935894,234.0
53,PERSONAL CARE,973.63245,64.90883,77.66667,194.72649,38.945297,234.0
14,EGGS,973.5721,64.90481,76.29604,194.71442,38.942883,234.0
32,DELI,956.0413,63.736088,78.27155,191.20827,38.241653,229.0
15,MAGAZINES,948.16943,63.211296,75.14697,189.63388,37.926777,228.0
17,FROZEN FOODS,946.2483,63.083218,79.277275,189.24965,37.84993,227.0
4,LAWN AND GARDEN,940.51074,62.700718,99.08613,188.10216,37.620434,226.0
18,EGGS,932.50183,62.16679,86.78703,186.50037,37.300076,224.0
44,HARDWARE,929.70764,61.98051,77.20924,185.94153,37.188305,223.0
54,PREPARED FOODS,920.7014,61.380093,68.39549,184.14027,36.828056,221.0
19,PREPARED FOODS,919.6233,61.30822,85.598946,183.92465,36.78493,221.0
16,PREPARED FOODS,921.29736,61.419823,68.32619,184.25946,36.851894,221.0
2,LINGERIE,918.0251,61.20167,88.02285,183.60501,36.721004,220.0
2,POULTRY,913.959,60.9306,78.470116,182.7918,36.55836,219.0
39,LAWN AND GARDEN,913.78253,60.918835,70.77869,182.7565,36.5513,219.0
9,"LIQUOR,WINE,BEER",911.54175,60.76945,78.59969,182.30835,36.46167,219.0
5,GROCERY I,912.2405,60.816032,73.69328,182.44809,36.48962,219.0
41,FROZEN FOODS,900.48987,60.032658,78.345924,180.09798,36.019596,216.0
52,PREPARED FOODS,891.70184,59.44679,66.639946,178.34036,35.66807,214.0
31,PET SUPPLIES,891.8898,59.459316,74.14299,178.37794,35.67559,214.0
34,PET SUPPLIES,886.9463,59.129753,79.986244,177.38925,35.47785,213.0
11,EGGS,885.2925,59.019497,77.81997,177.05849,35.411697,212.0
17,PREPARED FOODS,878.9109,58.59406,66.8104,175.78218,35.156437,211.0
3,LAWN AND GARDEN,867.58295,57.838863,108.64181,173.51659,34.70332,208.0
49,PREPARED FOODS,864.7768,57.651787,64.67474,172.95535,34.591072,208.0
4,PLAYERS AND ELECTRONICS,854.2206,56.94804,64.29128,170.84412,34.168823,205.0
38,POULTRY,846.0221,56.401474,66.82112,169.20442,33.840885,203.0
34,EGGS,835.5444,55.702957,77.38241,167.10887,33.421776,201.0
46,GROCERY I,832.2149,55.480995,66.30964,166.443,33.2886,200.0
21,PLAYERS AND ELECTRONICS,829.208,55.280533,100.46535,165.8416,33.16832,199.0
28,PLAYERS AND ELECTRONICS,830.0121,55.33414,68.39227,166.00243,33.200485,199.0
48,HOME AND KITCHEN I,815.93414,54.39561,65.95785,163.18683,32.637367,196.0
53,LINGERIE,810.6307,54.042046,59.913143,162.12613,32.42523,195.0
38,LINGERIE,812.7453,54.18302,68.02679,162.54907,32.509815,195.0
31,LAWN AND GARDEN,803.5958,53.573055,125.70484,160.71916,32.143833,193.0
32,LAWN AND GARDEN,798.47845,53.231895,74.717964,159.69568,31.939137,192.0
39,HOME AND KITCHEN I,793.42206,52.894802,62.654892,158.6844,31.736881,190.0
34,LAWN AND GARDEN,790.97833,52.731888,75.75678,158.19566,31.639133,190.0
39,HOME AND KITCHEN II,788.285,52.55233,60.51667,157.65698,31.531397,189.0
45,SCHOOL AND OFFICE SUPPLIES,779.3661,51.95774,63.883774,155.87323,31.174646,187.0
21,DAIRY,774.81995,51.654663,82.315155,154.96399,30.992798,186.0
50,SCHOOL AND OFFICE SUPPLIES,773.44696,51.56313,64.13519,154.68939,30.93788,186.0
21,MEATS,776.5981,51.773205,73.79635,155.31961,31.063923,186.0
11,"LIQUOR,WINE,BEER",776.3588,51.757256,74.471375,155.27176,31.054352,186.0
50,LADIESWEAR,773.4557,51.563713,62.625034,154.69113,30.938227,186.0
22,DELI,770.6749,51.37833,61.730083,154.135,30.827,185.0
5,HARDWARE,770.65094,51.376728,60.992542,154.13019,30.826038,185.0
3,EGGS,760.1144,50.674294,64.37662,152.02289,30.404577,182.0
12,DELI,749.7941,49.986275,67.71352,149.95883,29.991766,180.0
35,POULTRY,751.66425,50.11095,57.325848,150.33286,30.066572,180.0
1,EGGS,740.1524,49.343494,63.077152,148.03049,29.606098,178.0
17,"LIQUOR,WINE,BEER",738.27106,49.21807,69.69676,147.6542,29.530842,177.0
51,DAIRY,734.34033,48.95602,178.76259,146.86806,29.373611,176.0
18,"LIQUOR,WINE,BEER",728.94543,48.596363,70.487625,145.7891,29.15782,175.0
36,GROCERY II,723.4924,48.232826,58.938618,144.69849,28.939697,174.0
13,FROZEN FOODS,721.6055,48.107037,57.54041,144.3211,28.864222,173.0
48,HARDWARE,712.4347,47.495647,57.415375,142.48694,28.497389,171.0
41,"LIQUOR,WINE,BEER",707.7644,47.18429,71.97839,141.55287,28.310575,170.0
18,FROZEN FOODS,708.2703,47.21802,56.989735,141.65407,28.330814,170.0
7,LAWN AND GARDEN,707.76514,47.18434,56.84994,141.55302,28.310606,170.0
45,GROCERY I,693.732,46.2488,51.916298,138.7464,27.74928,166.0
50,GROCERY I,675.6389,45.042595,56.45899,135.12778,27.025557,162.0
47,GROCERY I,677.0178,45.13452,56.040108,135.40356,27.080713,162.0
8,LAWN AND GARDEN,674.9283,44.99522,51.996887,134.98566,26.997131,162.0
9,HOME AND KITCHEN II,669.2853,44.61902,57.992695,133.85706,26.771412,161.0
44,LADIESWEAR,666.1347,44.40898,57.65519,133.22694,26.64539,160.0
10,"LIQUOR,WINE,BEER",666.7525,44.45017,58.78099,133.35051,26.670103,160.0
7,SEAFOOD,665.8192,44.387947,48.297955,133.16385,26.63277,160.0
45,HARDWARE,664.8125,44.320835,60.22498,132.96251,26.592503,160.0
21,MAGAZINES,650.7891,43.38594,77.46779,130.15782,26.031565,156.0
6,HOME AND KITCHEN II,650.0357,43.335712,50.294685,130.00714,26.001429,156.0
33,LINGERIE,637.83044,42.52203,57.729877,127.566086,25.513218,153.0
8,GROCERY II,638.06683,42.53779,49.69533,127.613365,25.522673,153.0
11,FROZEN FOODS,635.57294,42.37153,50.83988,127.114586,25.422918,153.0
12,LINGERIE,635.2174,42.347828,72.11723,127.04349,25.408697,152.0
21,BEVERAGES,628.2155,41.881035,68.10043,125.643105,25.128622,151.0
6,SEAFOOD,628.9008,41.92672,51.520554,125.78016,25.156033,151.0
9,HOME AND KITCHEN I,623.31323,41.554214,57.92443,124.66264,24.93253,150.0
53,LADIESWEAR,627.07947,41.805298,59.50938,125.41589,25.08318,150.0
8,HOME AND KITCHEN II,626.25134,41.750088,51.027138,125.25026,25.050053,150.0
16,"LIQUOR,WINE,BEER",619.3657,41.29105,48.882473,123.87315,24.774632,149.0
24,POULTRY,614.37695,40.95846,48.17579,122.87538,24.575077,147.0
14,PREPARED FOODS,606.9874,40.465828,48.77121,121.397484,24.279497,146.0
43,LAWN AND GARDEN,601.4813,40.098755,62.723118,120.296265,24.059254,144.0
25,DELI,598.40564,39.89371,51.620663,119.68114,23.936228,144.0
47,HOME AND KITCHEN I,595.6384,39.70923,47.728153,119.127686,23.825537,143.0
51,MAGAZINES,597.23755,39.815838,167.48688,119.44751,23.889502,143.0
8,SEAFOOD,592.65045,39.51003,44.979317,118.53009,23.706018,142.0
48,LADIESWEAR,585.5597,39.03731,49.855938,117.11194,23.422388,141.0
7,GROCERY II,589.5374,39.302494,47.002937,117.907486,23.581497,141.0
26,LAWN AND GARDEN,577.3873,38.49249,45.13855,115.47746,23.095493,139.0
39,LADIESWEAR,580.60144,38.706764,47.102158,116.12029,23.224058,139.0
5,HOME AND KITCHEN I,579.91254,38.660835,45.285347,115.982506,23.1965,139.0
21,DELI,570.60754,38.040504,57.109585,114.12151,22.824303,137.0
1,FROZEN FOODS,571.55194,38.103462,46.407387,114.31039,22.862078,137.0
13,EGGS,569.2511,37.950073,50.46642,113.85022,22.770044,137.0
15,LINGERIE,571.26526,38.08435,48.071507,114.25305,22.85061,137.0
46,LADIESWEAR,561.0024,37.400158,45.93396,112.20047,22.440094,135.0
15,POULTRY,559.92993,37.328663,43.950726,111.98599,22.3972,134.0
6,GROCERY II,555.1408,37.009388,41.706394,111.02817,22.205633,133.0
23,LAWN AND GARDEN,550.6689,36.711258,44.015984,110.13377,22.026754,132.0
15,FROZEN FOODS,548.5835,36.57223,44.159798,109.71669,21.943338,132.0
43,PET SUPPLIES,543.22296,36.214863,40.352486,108.64459,21.728918,130.0
43,HOME APPLIANCES,540.14,36.009335,45.25485,108.028,21.6056,130.0
8,HOME AND KITCHEN I,533.2819,35.552128,45.56283,106.65639,21.331278,128.0
39,CELEBRATION,534.75885,35.65059,42.926483,106.95177,21.390354,128.0
21,LINGERIE,527.1682,35.144547,65.18302,105.43364,21.08673,127.0
22,POULTRY,527.7643,35.184284,39.357143,105.55286,21.11057,127.0
53,EGGS,525.76117,35.050743,42.114754,105.15223,21.030447,126.0
50,HOME AND KITCHEN I,526.8964,35.126427,45.71331,105.37928,21.075857,126.0
14,"LIQUOR,WINE,BEER",520.4797,34.698647,47.43422,104.09594,20.81919,125.0
29,GROCERY I,521.4365,34.762436,41.296272,104.28731,20.857462,125.0
47,HARDWARE,515.7247,34.381645,40.399284,103.144936,20.628988,124.0
29,SEAFOOD,518.18726,34.54582,39.018745,103.63745,20.727491,124.0
45,PET SUPPLIES,512.86005,34.19067,48.269154,102.57201,20.514402,123.0
10,SCHOOL AND OFFICE SUPPLIES,513.39484,34.226322,56.28207,102.67897,20.535795,123.0
33,HARDWARE,513.4266,34.22844,45.39466,102.68532,20.537064,123.0
43,HOME CARE,507.11847,33.8079,42.609035,101.4237,20.28474,122.0
37,HOME AND KITCHEN I,507.48492,33.83233,41.981346,101.49699,20.299398,122.0
41,PREPARED FOODS,504.54004,33.636,41.40073,100.908005,20.1816,121.0
25,EGGS,499.0079,33.267193,41.751846,99.801575,19.960316,120.0
45,HOME CARE,494.27252,32.9515,44.864628,98.8545,19.7709,119.0
23,HOME AND KITCHEN II,494.69547,32.9797,38.946033,98.939095,19.787819,119.0
12,EGGS,493.9544,32.930294,41.986492,98.79088,19.758177,119.0
41,LAWN AND GARDEN,489.89923,32.65995,42.699673,97.97985,19.59597,118.0
40,GROCERY I,487.67023,32.51135,39.211166,97.53404,19.50681,117.0
11,PREPARED FOODS,488.44763,32.563175,37.344143,97.68953,19.537907,117.0
45,HOME AND KITCHEN I,484.14386,32.276257,38.048645,96.828766,19.365753,116.0
7,HOME AND KITCHEN II,469.57742,31.305162,45.74747,93.91549,18.783098,113.0
40,HOME AND KITCHEN I,471.14673,31.409782,38.845264,94.22935,18.84587,113.0
51,DELI,467.34848,31.156565,145.96683,93.469696,18.69394,112.0
33,POULTRY,465.19186,31.01279,33.639942,93.038376,18.607676,112.0
43,BEVERAGES,453.5532,30.23688,33.573215,90.71064,18.142128,109.0
43,PERSONAL CARE,456.23575,30.415716,35.89346,91.24715,18.24943,109.0
37,HOME AND KITCHEN II,449.63446,29.97563,37.512962,89.92689,17.985378,108.0
32,PLAYERS AND ELECTRONICS,448.23575,29.882383,33.251793,89.64715,17.92943,108.0
36,LAWN AND GARDEN,448.46875,29.897917,35.779285,89.69375,17.93875,108.0
27,HARDWARE,451.0507,30.070045,37.81404,90.21014,18.042028,108.0
46,HOME CARE,444.66223,29.644148,37.216408,88.93244,17.78649,107.0
38,GROCERY I,442.09,29.472666,34.066547,88.418,17.6836,106.0
8,LADIESWEAR,441.16675,29.411116,34.254818,88.233345,17.64667,106.0
26,GROCERY II,441.8599,29.457327,35.35694,88.37198,17.674397,106.0
5,BREAD/BAKERY,440.723,29.381533,37.375767,88.1446,17.62892,106.0
29,HOME AND KITCHEN I,437.59073,29.172716,36.973064,87.51815,17.50363,105.0
21,EGGS,435.95236,29.06349,45.344353,87.19047,17.438093,105.0
47,HOME CARE,432.12494,28.808329,43.807823,86.42499,17.284998,104.0
32,GROCERY II,433.30783,28.887188,34.073265,86.66156,17.332312,104.0
23,SEAFOOD,432.03958,28.802639,33.750496,86.40791,17.281584,104.0
30,LINGERIE,427.18405,28.478937,42.18419,85.43681,17.087362,103.0
48,PET SUPPLIES,428.3224,28.554827,32.436893,85.66448,17.132896,103.0
44,BREAD/BAKERY,424.49353,28.299568,35.723007,84.898705,16.979742,102.0
48,BREAD/BAKERY,419.4837,27.96558,32.413574,83.89674,16.779348,101.0
41,HOME AND KITCHEN II,422.59262,28.172842,42.175053,84.518524,16.903706,101.0
45,LADIESWEAR,418.3296,27.88864,33.95571,83.66592,16.733183,100.0
26,HOME AND KITCHEN II,416.83823,27.789215,33.478863,83.367645,16.673529,100.0
51,LAWN AND GARDEN,416.35376,27.756918,107.88273,83.27075,16.65415,100.0
25,"LIQUOR,WINE,BEER",417.68137,27.845425,36.84266,83.53627,16.707254,100.0
23,GROCERY II,412.62,27.508,35.890385,82.524,16.5048,99.0
50,HARDWARE,411.07635,27.40509,33.205112,82.21527,16.443054,99.0
44,PET SUPPLIES,412.0388,27.469252,33.927193,82.40775,16.48155,99.0
37,GROCERY II,407.28012,27.152008,31.924538,81.456024,16.291204,98.0
44,HOME CARE,405.56546,27.037697,35.658035,81.11309,16.222618,97.0
33,GROCERY II,398.3294,26.555294,30.615292,79.66588,15.933176,96.0
35,HOME CARE,398.63583,26.575722,34.553978,79.727165,15.945434,96.0
49,SEAFOOD,400.56018,26.704012,31.46183,80.11204,16.022408,96.0
46,PET SUPPLIES,401.4119,26.760794,30.793236,80.28238,16.056477,96.0
20,HOME AND KITCHEN I,400.37265,26.69151,36.61262,80.074524,16.014906,96.0
4,HARDWARE,391.9405,26.129366,30.645851,78.3881,15.67762,94.0
49,LAWN AND GARDEN,392.18515,26.145678,32.05037,78.437035,15.6874075,94.0
18,PREPARED FOODS,387.32492,25.821661,30.471615,77.46498,15.492996,93.0
10,HOME AND KITCHEN I,385.635,25.709002,28.081512,77.12701,15.425402,93.0
43,"LIQUOR,WINE,BEER",382.74207,25.516138,30.969233,76.548416,15.309684,92.0
1,PREPARED FOODS,383.6991,25.579939,31.583807,76.739815,15.347963,92.0
19,SEAFOOD,378.12195,25.20813,30.297783,75.62439,15.124878,91.0
47,SCHOOL AND OFFICE SUPPLIES,381.00372,25.400248,33.620014,76.200745,15.2401495,91.0
49,GROCERY II,381.13757,25.409172,29.061733,76.227516,15.245503,91.0
36,HOME AND KITCHEN I,381.06464,25.404308,30.626287,76.21292,15.242584,91.0
39,MAGAZINES,379.5115,25.300768,30.604635,75.902306,15.180461,91.0
35,GROCERY II,374.16177,24.944118,32.6878,74.83235,14.966471,90.0
39,PLAYERS AND ELECTRONICS,370.86328,24.724218,28.739,74.17265,14.834531,89.0
46,AUTOMOTIVE,369.59717,24.63981,33.584354,73.91943,14.783887,89.0
13,LINGERIE,371.53894,24.769262,36.74366,74.307785,14.861557,89.0
22,GROCERY I,370.74295,24.716196,26.98035,74.14859,14.829719,89.0
38,HARDWARE,368.34583,24.556389,31.177015,73.66917,14.733833,88.0
20,HARDWARE,360.84225,24.05615,34.63748,72.16845,14.43369,87.0
54,BEVERAGES,363.57397,24.238264,27.996727,72.71479,14.542958,87.0
25,PREPARED FOODS,361.33374,24.088917,28.241508,72.266754,14.453351,87.0
39,LINGERIE,363.80695,24.253796,27.252722,72.76138,14.552277,87.0
37,LADIESWEAR,364.04083,24.269388,31.925766,72.80817,14.561633,87.0
12,POULTRY,356.45496,23.763664,29.332716,71.29099,14.258199,86.0
3,PLAYERS AND ELECTRONICS,354.63565,23.642376,31.285213,70.927124,14.185425,85.0
54,GROCERY II,354.91742,23.661161,27.732513,70.98348,14.196696,85.0
40,HARDWARE,355.23264,23.682177,31.543097,71.04653,14.209307,85.0
16,HOME AND KITCHEN I,354.77457,23.651638,27.283848,70.95491,14.190982,85.0
47,AUTOMOTIVE,352.16418,23.477612,33.96023,70.43283,14.086566,85.0
10,GROCERY II,351.92938,23.461958,27.241972,70.38587,14.077174,84.0
54,FROZEN FOODS,350.36502,23.357668,25.884577,70.073006,14.014602,84.0
47,PET SUPPLIES,349.63696,23.309132,28.442978,69.9274,13.98548,84.0
29,HOME CARE,350.8367,23.389112,30.44312,70.167336,14.033467,84.0
4,HOME AND KITCHEN I,350.92532,23.395021,28.92309,70.18507,14.037013,84.0
2,PRODUCE,351.12836,23.408558,63.798862,70.22568,14.0451355,84.0
6,HOME AND KITCHEN I,343.9041,22.92694,27.89886,68.78082,13.756165,83.0
46,BREAD/BAKERY,344.61737,22.974491,29.851973,68.92348,13.784696,83.0
6,LAWN AND GARDEN,345.30844,23.020563,28.984837,69.06169,13.812339,83.0
6,LADIESWEAR,345.9377,23.062513,29.593073,69.18754,13.837508,83.0
7,HOME AND KITCHEN I,341.57028,22.771353,30.000673,68.31406,13.662811,82.0
8,LINGERIE,339.35782,22.623854,25.759636,67.87156,13.574312,81.0
45,AUTOMOTIVE,337.80762,22.520508,31.238073,67.56152,13.512305,81.0
36,HOME AND KITCHEN II,335.4581,22.363873,27.200317,67.09161,13.418323,81.0
5,PET SUPPLIES,331.57336,22.10489,26.203972,66.314674,13.262935,80.0
54,HARDWARE,333.65027,22.243351,24.950624,66.73006,13.346011,80.0
44,PERSONAL CARE,332.68387,22.178925,26.996483,66.53677,13.307355,80.0
45,PERSONAL CARE,328.90012,21.926674,27.063173,65.78002,13.156005,79.0
16,HARDWARE,330.96133,22.064089,26.633867,66.19227,13.238454,79.0
17,HOME AND KITCHEN II,320.91913,21.39461,30.958126,64.18383,12.836766,77.0
36,LADIESWEAR,321.80515,21.453676,23.572206,64.36103,12.872207,77.0
24,LADIESWEAR,317.21786,21.147858,34.77083,63.443573,12.688715,76.0
52,HOME AND KITCHEN II,311.58887,20.77259,25.07955,62.317772,12.463554,75.0
30,HARDWARE,310.6681,20.711206,24.648361,62.13362,12.426724,75.0
42,HOME AND KITCHEN I,312.8921,20.859472,25.28012,62.578415,12.515683,75.0
46,PERSONAL CARE,310.2892,20.685947,26.346376,62.057842,12.411569,74.0
31,EGGS,307.83417,20.522278,23.268244,61.566833,12.313367,74.0
29,LAWN AND GARDEN,308.14984,20.543324,25.140259,61.62997,12.3259945,74.0
51,HOME CARE,308.08844,20.539228,82.0472,61.617683,12.323537,74.0
44,"LIQUOR,WINE,BEER",302.50226,20.166817,23.877821,60.50045,12.10009,73.0
26,SEAFOOD,300.85248,20.056831,24.07477,60.170494,12.034099,72.0
40,LAWN AND GARDEN,301.62238,20.108158,23.900879,60.324474,12.064895,72.0
49,LADIESWEAR,298.28705,19.885803,23.807497,59.65741,11.931482,72.0
28,GROCERY II,298.73434,19.915623,27.043285,59.74687,11.949374,72.0
37,LAWN AND GARDEN,297.3182,19.821215,24.280197,59.463646,11.89273,71.0
34,PLAYERS AND ELECTRONICS,294.08554,19.605703,22.978685,58.81711,11.763422,71.0
8,CELEBRATION,293.26355,19.550903,24.141785,58.65271,11.730542,70.0
21,POULTRY,288.19095,19.21273,23.906227,57.63819,11.527638,69.0
11,HOME AND KITCHEN II,288.7813,19.252087,24.374882,57.75626,11.551252,69.0
52,HOME AND KITCHEN I,287.07086,19.138058,21.961416,57.414173,11.482835,69.0
53,HARDWARE,285.87173,19.058115,23.019072,57.174347,11.43487,69.0
5,SCHOOL AND OFFICE SUPPLIES,286.5804,19.10536,21.48915,57.31608,11.463216,69.0
30,GROCERY II,288.51465,19.23431,23.602705,57.70293,11.540586,69.0
29,HARDWARE,286.54495,19.102997,22.263393,57.30899,11.461799,69.0
23,HOME AND KITCHEN I,285.3644,19.024294,22.31706,57.072884,11.414577,68.0
42,HARDWARE,283.01205,18.86747,21.97409,56.60241,11.320482,68.0
27,HOME AND KITCHEN I,282.90176,18.860117,24.004995,56.580353,11.316071,68.0
19,GROCERY II,283.06897,18.871265,24.441996,56.613796,11.32276,68.0
24,HOME AND KITCHEN I,279.14954,18.609968,22.747494,55.829903,11.16598,67.0
10,HOME AND KITCHEN II,277.319,18.487934,20.55269,55.463802,11.092761,67.0
48,HOME CARE,273.51285,18.23419,22.465168,54.702568,10.940514,66.0
40,HOME CARE,271.39255,18.092836,24.482983,54.27851,10.855702,65.0
13,HOME AND KITCHEN II,269.8891,17.992607,21.167753,53.97782,10.795565,65.0
47,BREAD/BAKERY,272.89288,18.19286,22.917841,54.57858,10.915716,65.0
48,"LIQUOR,WINE,BEER",270.8888,18.059254,24.328405,54.17776,10.835552,65.0
28,HARDWARE,271.08105,18.072071,22.99585,54.216213,10.843243,65.0
5,HOME CARE,265.21875,17.68125,21.916094,53.043747,10.608749,64.0
38,HOME AND KITCHEN I,267.4035,17.8269,20.721481,53.4807,10.69614,64.0
47,PERSONAL CARE,265.22403,17.681602,23.742615,53.044807,10.608962,64.0
19,HOME AND KITCHEN II,264.91522,17.661015,23.89852,52.983044,10.596609,64.0
26,CELEBRATION,268.47958,17.89864,19.612526,53.69592,10.739184,64.0
19,HOME AND KITCHEN I,260.68906,17.37927,22.284983,52.13781,10.427562,63.0
26,HOME AND KITCHEN I,263.18182,17.545454,21.247446,52.63636,10.527272,63.0
9,SEAFOOD,262.47614,17.49841,20.091078,52.495228,10.499045,63.0
2,HARDWARE,263.0557,17.537046,23.227224,52.611137,10.522227,63.0
50,PERSONAL CARE,262.5418,17.502787,19.993395,52.50836,10.501673,63.0
8,PLAYERS AND ELECTRONICS,259.5366,17.302439,19.50399,51.90732,10.381464,62.0
38,LADIESWEAR,260.03375,17.335583,22.129814,52.00675,10.40135,62.0
39,PET SUPPLIES,258.96777,17.264519,19.742702,51.793556,10.358711,62.0
45,BREAD/BAKERY,256.80392,17.120262,21.167467,51.360786,10.272158,62.0
17,HOME AND KITCHEN I,260.19537,17.346357,22.43806,52.03907,10.407814,62.0
32,HARDWARE,259.8773,17.325153,22.302118,51.97546,10.395092,62.0
39,BABY CARE,258.61566,17.241045,22.684702,51.723137,10.344627,62.0
19,LAWN AND GARDEN,254.85545,16.990364,26.880219,50.971092,10.194219,61.0
48,PERSONAL CARE,253.9032,16.92688,19.639936,50.78064,10.156128,61.0
51,PLAYERS AND ELECTRONICS,254.16628,16.944418,58.975388,50.833252,10.166651,61.0
7,CELEBRATION,252.18158,16.812105,20.40345,50.436317,10.087264,61.0
43,SEAFOOD,255.12971,17.008648,19.889309,51.025944,10.205189,61.0
8,MAGAZINES,251.92421,16.794947,21.129152,50.384842,10.076968,60.0
1,"LIQUOR,WINE,BEER",248.63954,16.57597,22.788198,49.72791,9.945582,60.0
49,HOME AND KITCHEN I,251.46283,16.764189,20.986233,50.292564,10.058513,60.0
37,SEAFOOD,244.33281,16.288855,18.802582,48.86656,9.773313,59.0
42,SEAFOOD,242.80138,16.186758,21.198647,48.560272,9.712054,58.0
24,GROCERY II,242.7291,16.18194,21.875813,48.545822,9.709165,58.0
23,CELEBRATION,242.76048,16.184032,19.155312,48.552097,9.71042,58.0
45,SEAFOOD,235.70607,15.713738,20.39749,47.141216,9.428244,57.0
44,AUTOMOTIVE,239.48418,15.965611,20.152304,47.896835,9.579368,57.0
46,"LIQUOR,WINE,BEER",235.92169,15.728113,20.854408,47.18434,9.436869,57.0
2,HOME AND KITCHEN I,231.85092,15.456728,20.081938,46.370186,9.274037,56.0
14,HARDWARE,232.0149,15.46766,18.291613,46.40298,9.280597,56.0
47,LADIESWEAR,232.32344,15.48823,18.8689,46.46469,9.292938,56.0
42,SCHOOL AND OFFICE SUPPLIES,232.10785,15.473857,17.753485,46.42157,9.284314,56.0
17,GROCERY II,229.74825,15.316549,17.50412,45.949646,9.189929,55.0
38,SCHOOL AND OFFICE SUPPLIES,231.01309,15.400873,19.151379,46.20262,9.240524,55.0
41,HOME AND KITCHEN I,230.6724,15.3781595,22.805529,46.13448,9.226896,55.0
15,HOME AND KITCHEN II,223.24619,14.883079,17.4214,44.649235,8.929847,54.0
8,PET SUPPLIES,224.8118,14.987453,15.977339,44.96236,8.992473,54.0
7,LADIESWEAR,226.95346,15.130231,17.381937,45.390694,9.078139,54.0
14,HOME AND KITCHEN I,224.91739,14.994493,17.623943,44.98348,8.9966955,54.0
17,SCHOOL AND OFFICE SUPPLIES,223.4197,14.894647,35.011246,44.68394,8.936789,54.0
5,BABY CARE,223.78194,14.918796,19.66979,44.756386,8.951278,54.0
24,HOME AND KITCHEN II,221.296,14.753067,17.612637,44.2592,8.85184,53.0
21,HARDWARE,221.65909,14.777272,20.988983,44.331818,8.866364,53.0
32,HOME CARE,214.88393,14.325595,16.785255,42.976784,8.595357,52.0
9,CELEBRATION,215.35077,14.356718,18.136665,43.070152,8.614031,52.0
41,GROCERY II,217.84099,14.522733,20.434002,43.5682,8.71364,52.0
10,CELEBRATION,216.85037,14.456692,17.14615,43.370075,8.674015,52.0
16,SEAFOOD,211.96791,14.131194,17.625284,42.39358,8.478717,51.0
6,PLAYERS AND ELECTRONICS,213.3708,14.22472,17.542173,42.67416,8.534832,51.0
18,HOME AND KITCHEN II,211.26631,14.084421,17.419756,42.253265,8.450653,51.0
18,HOME AND KITCHEN I,214.48715,14.299144,17.667675,42.89743,8.579486,51.0
7,MAGAZINES,214.15016,14.276677,17.675018,42.830032,8.566007,51.0
10,PLAYERS AND ELECTRONICS,211.58293,14.105529,17.197039,42.316586,8.463317,51.0
23,PET SUPPLIES,210.63115,14.042077,16.904095,42.126232,8.425246,51.0
15,HOME AND KITCHEN I,210.37387,14.024924,16.283712,42.07477,8.414954,50.0
17,SEAFOOD,209.38866,13.959244,17.61847,41.87773,8.375546,50.0
40,BREAD/BAKERY,206.3075,13.753833,16.375551,41.261497,8.252299,50.0
6,CELEBRATION,203.57639,13.571759,16.723759,40.71528,8.143056,49.0
46,SEAFOOD,203.34258,13.556171,19.683838,40.668514,8.133703,49.0
52,GROCERY II,205.22424,13.681616,15.992624,41.044846,8.208969,49.0
9,AUTOMOTIVE,206.0859,13.73906,16.174553,41.217182,8.243437,49.0
2,SCHOOL AND OFFICE SUPPLIES,201.1255,13.408367,17.235706,40.2251,8.04502,48.0
48,AUTOMOTIVE,201.71062,13.447374,17.964542,40.342125,8.068425,48.0
11,HOME AND KITCHEN I,200.21141,13.347427,15.896683,40.042282,8.008456,48.0
54,LINGERIE,198.3185,13.221233,15.2455225,39.6637,7.93274,48.0
50,BREAD/BAKERY,201.68433,13.4456215,15.833574,40.336864,8.067373,48.0
22,HOME AND KITCHEN I,200.01085,13.334057,15.355714,40.00217,8.000434,48.0
54,HOME APPLIANCES,200.42325,13.36155,15.744946,40.084652,8.016931,48.0
21,HOME AND KITCHEN I,201.1024,13.406827,19.458908,40.22048,8.044097,48.0
19,LADIESWEAR,195.52017,13.034678,17.738708,39.104034,7.820807,47.0
37,CELEBRATION,196.81242,13.120829,16.010283,39.362488,7.8724976,47.0
27,GROCERY I,194.25146,12.950098,17.193907,38.850296,7.770059,47.0
16,GROCERY I,196.10886,13.073924,15.482573,39.22177,7.844354,47.0
36,SEAFOOD,194.91788,12.994525,14.330873,38.983574,7.796715,47.0
7,PLAYERS AND ELECTRONICS,192.60674,12.840449,15.025484,38.521347,7.7042694,46.0
12,HARDWARE,190.49747,12.699831,15.533836,38.099495,7.6198993,46.0
19,CELEBRATION,186.6363,12.44242,16.261122,37.32726,7.4654517,45.0
45,"LIQUOR,WINE,BEER",189.44635,12.629757,17.276442,37.88927,7.577854,45.0
11,CELEBRATION,189.1761,12.61174,14.861705,37.83522,7.5670443,45.0
27,BREAD/BAKERY,187.21045,12.480697,15.015194,37.44209,7.488418,45.0
35,HARDWARE,186.48325,12.432217,15.093569,37.29665,7.45933,45.0
41,LADIESWEAR,187.40347,12.493565,16.383648,37.480694,7.496139,45.0
22,HOME CARE,187.94148,12.529432,15.907411,37.588295,7.517659,45.0
5,LADIESWEAR,188.32481,12.554988,15.096621,37.664963,7.532993,45.0
44,SEAFOOD,187.7605,12.517366,15.132177,37.5521,7.5104203,45.0
29,BREAD/BAKERY,183.45566,12.230377,14.22796,36.69113,7.3382263,44.0
52,LAWN AND GARDEN,182.58649,12.172433,14.664922,36.5173,7.30346,44.0
40,MAGAZINES,181.28482,12.085654,14.228403,36.25696,7.2513924,44.0
41,SEAFOOD,182.04358,12.136239,14.686854,36.40872,7.2817435,44.0
37,MAGAZINES,178.3456,11.889707,15.136922,35.66912,7.1338243,43.0
23,LADIESWEAR,177.59433,11.839622,15.548852,35.518864,7.1037726,43.0
18,GROCERY II,181.03171,12.068781,17.999767,36.206345,7.241269,43.0
31,PLAYERS AND ELECTRONICS,178.44728,11.896485,14.365499,35.689457,7.1378913,43.0
30,FROZEN FOODS,179.7204,11.9813595,14.664088,35.944077,7.1888156,43.0
37,LINGERIE,179.46211,11.964141,15.381885,35.89242,7.1784844,43.0
47,SEAFOOD,177.45811,11.830541,13.838069,35.491623,7.098325,43.0
9,GROCERY II,173.94812,11.596541,13.614458,34.789623,6.957925,42.0
5,"LIQUOR,WINE,BEER",173.19234,11.546156,15.07426,34.638466,6.9276934,42.0
42,BREAD/BAKERY,176.39777,11.759851,14.830855,35.279556,7.0559115,42.0
3,HARDWARE,173.47379,11.564919,13.28113,34.69476,6.938952,42.0
23,MAGAZINES,174.79694,11.653129,14.066067,34.959385,6.991877,42.0
23,LINGERIE,174.03055,11.602036,12.969022,34.80611,6.961222,42.0
48,LAWN AND GARDEN,174.15807,11.610538,12.929006,34.83161,6.9663224,42.0
50,"LIQUOR,WINE,BEER",170.02513,11.335009,12.961598,34.005028,6.801006,41.0
40,PET SUPPLIES,170.96838,11.397892,14.586204,34.193676,6.838735,41.0
49,HOME AND KITCHEN II,171.62355,11.44157,13.156172,34.32471,6.864942,41.0
13,HOME AND KITCHEN I,171.31525,11.421017,13.265749,34.26305,6.85261,41.0
5,PERSONAL CARE,169.0129,11.267527,13.856434,33.80258,6.7605166,41.0
53,HOME AND KITCHEN I,167.8366,11.189106,13.764671,33.567318,6.713464,40.0
50,PET SUPPLIES,166.78516,11.11901,13.619586,33.35703,6.671406,40.0
10,LADIESWEAR,167.99478,11.199652,13.001329,33.598953,6.719791,40.0
36,PLAYERS AND ELECTRONICS,165.70433,11.046955,13.644555,33.140865,6.6281734,40.0
9,LADIESWEAR,166.84634,11.12309,14.338593,33.36927,6.6738544,40.0
36,PET SUPPLIES,165.29636,11.019757,12.273216,33.059273,6.6118546,40.0
30,BEVERAGES,164.7602,10.984013,14.783315,32.952038,6.590408,40.0
22,BREAD/BAKERY,166.68294,11.112196,13.101337,33.336586,6.6673174,40.0
2,GROCERY I,161.11601,10.741068,13.646249,32.223206,6.444641,39.0
5,AUTOMOTIVE,162.8702,10.858013,12.431732,32.57404,6.514808,39.0
30,LADIESWEAR,164.44409,10.962939,12.862368,32.888817,6.5777636,39.0
4,GROCERY I,156.46584,10.431056,13.59175,31.293167,6.2586336,38.0
8,BEAUTY,158.6904,10.57936,12.483766,31.73808,6.3476157,38.0
4,LADIESWEAR,157.29839,10.486559,11.979985,31.459677,6.2919354,38.0
28,BEVERAGES,160.17693,10.678462,14.507552,32.035385,6.4070773,38.0
54,SEAFOOD,157.55524,10.503682,11.527987,31.511047,6.3022094,38.0
28,FROZEN FOODS,154.74245,10.316163,15.0963745,30.94849,6.189698,37.0
23,PLAYERS AND ELECTRONICS,153.23622,10.215748,12.093828,30.647243,6.129449,37.0
33,BEVERAGES,154.48851,10.299234,12.08715,30.897703,6.1795406,37.0
37,PLAYERS AND ELECTRONICS,155.20245,10.34683,12.370468,31.040491,6.2080984,37.0
38,SEAFOOD,156.10349,10.406899,11.478646,31.2207,6.24414,37.0
6,LINGERIE,154.6865,10.312433,13.267444,30.9373,6.18746,37.0
12,HOME AND KITCHEN I,153.19661,10.213107,11.943775,30.63932,6.1278644,37.0
12,GROCERY I,156.2367,10.41578,16.412926,31.247341,6.2494683,37.0
26,PET SUPPLIES,153.60301,10.240201,11.40114,30.720604,6.1441207,37.0
38,PRODUCE,148.07185,9.871457,14.327377,29.614372,5.9228745,36.0
10,LINGERIE,149.97545,9.9983635,11.29385,29.99509,5.999018,36.0
25,HARDWARE,151.7107,10.114046,14.322092,30.342138,6.0684276,36.0
35,BEVERAGES,151.71115,10.114077,13.71739,30.34223,6.068446,36.0
26,LINGERIE,146.05191,9.736794,12.281086,29.210384,5.842077,35.0
10,SEAFOOD,143.76505,9.584336,11.343633,28.75301,5.7506022,35.0
26,PLAYERS AND ELECTRONICS,144.4167,9.62778,11.221183,28.883339,5.776668,35.0
34,HARDWARE,144.25136,9.616757,11.360152,28.850273,5.770055,35.0
53,GROCERY I,146.00006,9.733337,11.535906,29.200012,5.8400025,35.0
36,MAGAZINES,145.28499,9.685666,12.341437,29.057,5.8114,35.0
54,HOME CARE,145.55481,9.703654,11.767429,29.110962,5.8221927,35.0
29,MAGAZINES,144.03816,9.602544,12.09965,28.807632,5.7615266,35.0
22,HARDWARE,146.89867,9.793244,11.881319,29.379734,5.875947,35.0
45,LAWN AND GARDEN,143.23572,9.549047,11.161308,28.647142,5.729429,34.0
17,LADIESWEAR,139.88475,9.32565,11.427979,27.976952,5.5953903,34.0
7,LINGERIE,142.86882,9.524588,11.722247,28.573763,5.7147527,34.0
6,PET SUPPLIES,142.6739,9.511594,10.62766,28.534782,5.7069564,34.0
38,PET SUPPLIES,141.81372,9.454248,11.533732,28.362745,5.6725492,34.0
1,HOME AND KITCHEN I,141.69853,9.4465685,11.479267,28.339706,5.6679416,34.0
20,GROCERY I,137.83655,9.189103,12.266248,27.56731,5.513462,33.0
1,HOME AND KITCHEN II,138.68288,9.245525,12.730101,27.736576,5.547315,33.0
40,LINGERIE,137.11122,9.140748,10.464246,27.422245,5.484449,33.0
29,PET SUPPLIES,137.68185,9.17879,10.371527,27.53637,5.507274,33.0
54,MAGAZINES,137.81467,9.187644,10.597882,27.562931,5.512586,33.0
36,CELEBRATION,136.83331,9.122221,11.87425,27.366663,5.473333,33.0
9,PLAYERS AND ELECTRONICS,135.05487,9.003658,10.606061,27.010975,5.402195,32.0
3,SCHOOL AND OFFICE SUPPLIES,135.10301,9.006867,10.006428,27.020603,5.404121,32.0
22,SCHOOL AND OFFICE SUPPLIES,132.58568,8.839046,10.506375,26.517136,5.303427,32.0
29,PLAYERS AND ELECTRONICS,131.5452,8.76968,9.8587055,26.30904,5.261808,32.0
41,MAGAZINES,132.15628,8.810419,11.286949,26.431257,5.2862515,32.0
42,GROCERY I,134.97104,8.998069,12.161865,26.994205,5.3988414,32.0
52,CELEBRATION,132.30655,8.8204365,10.924246,26.46131,5.292262,32.0
25,HOME AND KITCHEN I,132.91722,8.861148,11.178879,26.583443,5.3166885,32.0
11,GROCERY II,127.42727,8.4951515,10.489266,25.485455,5.097091,31.0
4,BREAD/BAKERY,130.02133,8.668089,10.336153,26.004267,5.2008533,31.0
37,BEAUTY,127.34888,8.489925,11.6315565,25.469776,5.0939555,31.0
49,CELEBRATION,130.07153,8.671435,10.520757,26.014305,5.2028613,31.0
16,PLAYERS AND ELECTRONICS,131.22247,8.748165,10.477568,26.244495,5.248899,31.0
41,CELEBRATION,127.04852,8.469901,10.06757,25.409702,5.0819407,30.0
40,AUTOMOTIVE,125.671684,8.378112,11.013384,25.134335,5.026867,30.0
49,PLAYERS AND ELECTRONICS,123.966286,8.264419,9.959494,24.793255,4.958651,30.0
32,BEVERAGES,125.24131,8.349421,10.872656,25.048262,5.0096526,30.0
9,BEAUTY,125.611244,8.374083,9.975347,25.122248,5.02445,30.0
37,PET SUPPLIES,124.49656,8.29977,10.431677,24.899311,4.979862,30.0
17,CELEBRATION,124.42567,8.295045,12.106996,24.885136,4.9770274,30.0
40,PLAYERS AND ELECTRONICS,124.53476,8.302318,9.301196,24.906952,4.9813905,30.0
38,AUTOMOTIVE,126.06801,8.404534,9.408909,25.213604,5.042721,30.0
5,SEAFOOD,125.73596,8.382398,10.12297,25.147194,5.029439,30.0
14,HOME CARE,122.153625,8.143575,9.394786,24.430725,4.886145,29.0
4,PERSONAL CARE,122.45371,8.163581,9.973585,24.490742,4.8981485,29.0
49,MAGAZINES,119.94097,7.9960647,9.56721,23.988194,4.797639,29.0
9,LINGERIE,121.07437,8.071625,9.81379,24.214874,4.842975,29.0
51,HARDWARE,122.14195,8.1427965,32.77293,24.42839,4.8856783,29.0
6,MAGAZINES,119.689064,7.979271,10.004831,23.937813,4.787563,29.0
31,HARDWARE,120.486725,8.032449,10.246369,24.097347,4.8194695,29.0
14,GROCERY I,122.0015,8.133433,9.446867,24.4003,4.8800597,29.0
35,FROZEN FOODS,122.003296,8.1335535,10.805411,24.400661,4.880132,29.0
29,AUTOMOTIVE,119.86624,7.9910827,10.051898,23.973248,4.7946496,29.0
47,"LIQUOR,WINE,BEER",117.86432,7.857621,10.514275,23.572865,4.714573,28.0
18,LADIESWEAR,116.00885,7.7339234,8.822039,23.20177,4.640354,28.0
30,PET SUPPLIES,116.80525,7.787017,8.623422,23.36105,4.67221,28.0
10,AUTOMOTIVE,115.87529,7.7250195,9.115728,23.175058,4.6350117,28.0
13,CELEBRATION,117.48115,7.8320765,11.079184,23.49623,4.699246,28.0
2,SEAFOOD,114.86128,7.6574187,10.481489,22.972256,4.5944514,28.0
40,SEAFOOD,115.05455,7.6703033,9.273075,23.01091,4.602182,28.0
15,SEAFOOD,114.87153,7.658102,9.149719,22.974306,4.5948615,28.0
42,AUTOMOTIVE,114.74975,7.6499834,9.136698,22.949951,4.58999,28.0
17,PLAYERS AND ELECTRONICS,113.77867,7.5852447,8.889634,22.755733,4.551147,27.0
31,SCHOOL AND OFFICE SUPPLIES,112.00084,7.4667225,8.70787,22.400167,4.4800334,27.0
51,SCHOOL AND OFFICE SUPPLIES,114.52542,7.635028,8.923557,22.905083,4.5810165,27.0
46,LAWN AND GARDEN,114.27735,7.61849,10.198538,22.85547,4.571094,27.0
54,PLAYERS AND ELECTRONICS,113.56843,7.5712285,8.871471,22.713686,4.5427375,27.0
38,BREAD/BAKERY,113.97352,7.5982347,9.413443,22.794704,4.558941,27.0
26,LADIESWEAR,108.675186,7.2450123,10.154627,21.735037,4.3470073,26.0
52,LINGERIE,106.49824,7.0998826,8.815525,21.299648,4.2599297,26.0
38,LAWN AND GARDEN,109.38938,7.2926254,8.21337,21.877876,4.3755755,26.0
6,AUTOMOTIVE,107.73624,7.182416,8.78242,21.547249,4.3094497,26.0
18,CELEBRATION,107.33658,7.1557717,8.915865,21.467316,4.293463,26.0
49,PET SUPPLIES,106.52195,7.1014633,8.589959,21.30439,4.260878,26.0
7,PET SUPPLIES,106.35134,7.0900893,8.037342,21.270267,4.2540536,26.0
19,PLAYERS AND ELECTRONICS,107.47543,7.165029,9.273276,21.495087,4.2990174,26.0
3,HOME AND KITCHEN I,109.079414,7.2719607,9.487222,21.815882,4.3631763,26.0
25,BREAD/BAKERY,102.604,6.840266,7.9665165,20.520798,4.10416,25.0
52,LADIESWEAR,102.39697,6.8264647,10.890966,20.479393,4.0958786,25.0
33,FROZEN FOODS,106.039764,7.069318,8.604351,21.207954,4.241591,25.0
4,SCHOOL AND OFFICE SUPPLIES,102.55337,6.836891,8.540651,20.510674,4.1021347,25.0
24,"LIQUOR,WINE,BEER",105.97823,7.0652156,12.679975,21.195646,4.2391295,25.0
41,PET SUPPLIES,103.16521,6.8776803,9.593749,20.633041,4.1266084,25.0
28,PRODUCE,104.87841,6.9918942,8.467526,20.975683,4.1951365,25.0
20,LAWN AND GARDEN,104.73091,6.982061,8.687512,20.946182,4.1892366,25.0
27,AUTOMOTIVE,102.48122,6.8320813,7.790278,20.496244,4.099249,25.0
9,LAWN AND GARDEN,104.47061,6.9647074,8.60601,20.894123,4.178825,25.0
24,SCHOOL AND OFFICE SUPPLIES,102.207214,6.813814,8.45845,20.441442,4.088289,25.0
2,AUTOMOTIVE,106.18279,7.0788527,9.033322,21.236557,4.2473116,25.0
9,PET SUPPLIES,102.61565,6.841043,7.754491,20.523129,4.1046257,25.0
24,CELEBRATION,105.2707,7.0180464,8.536019,21.054138,4.210828,25.0
11,PLAYERS AND ELECTRONICS,105.91368,7.060912,8.689762,21.182735,4.236547,25.0
6,BEAUTY,106.144356,7.0762906,9.638372,21.228872,4.2457747,25.0
34,HOME AND KITCHEN I,100.17319,6.6782126,7.8094125,20.034637,4.0069275,24.0
27,LADIESWEAR,98.33774,6.555849,7.926829,19.667547,3.9335096,24.0
2,LADIESWEAR,99.95134,6.6634226,8.389923,19.990269,3.9980538,24.0
28,SCHOOL AND OFFICE SUPPLIES,98.367035,6.557802,7.84564,19.673407,3.9346814,24.0
53,AUTOMOTIVE,100.954124,6.730275,7.5135684,20.190826,4.0381656,24.0
41,PLAYERS AND ELECTRONICS,100.180214,6.678681,8.893183,20.036043,4.007209,24.0
18,AUTOMOTIVE,98.63552,6.575701,8.426928,19.727104,3.945421,24.0
36,BABY CARE,101.852036,6.790136,8.520231,20.370407,4.0740814,24.0
12,BREAD/BAKERY,100.64388,6.7095923,9.028228,20.128777,4.0257554,24.0
24,LAWN AND GARDEN,96.76069,6.4507127,7.9577036,19.352139,3.8704278,23.0
19,LINGERIE,96.28779,6.419186,8.177281,19.257559,3.8515117,23.0
50,LAWN AND GARDEN,94.116806,6.2744536,7.7383795,18.82336,3.764672,23.0
7,BEAUTY,94.760826,6.3173885,7.3280516,18.952166,3.7904332,23.0
20,BREAD/BAKERY,96.67148,6.444765,8.751029,19.334295,3.8668592,23.0
52,PLAYERS AND ELECTRONICS,96.00733,6.400489,7.6172924,19.201466,3.8402932,23.0
2,PET SUPPLIES,94.14985,6.2766566,8.352444,18.82997,3.7659938,23.0
11,AUTOMOTIVE,94.17656,6.278437,7.346694,18.835312,3.7670624,23.0
2,BREAD/BAKERY,96.28515,6.4190097,7.6729236,19.257029,3.8514059,23.0
51,FROZEN FOODS,94.30482,6.286988,20.070835,18.860964,3.7721927,23.0
51,GROCERY II,95.98456,6.3989706,26.939493,19.19691,3.8393822,23.0
30,SCHOOL AND OFFICE SUPPLIES,97.42514,6.4950094,7.6201663,19.485027,3.8970056,23.0
29,LINGERIE,94.19887,6.2799244,7.7745605,18.839773,3.7679546,23.0
38,PERSONAL CARE,94.19252,6.2795014,7.6646967,18.838505,3.767701,23.0
26,AUTOMOTIVE,96.26997,6.4179983,7.9106727,19.253994,3.8507988,23.0
16,LINGERIE,94.77314,6.318209,7.563252,18.954628,3.7909257,23.0
50,AUTOMOTIVE,89.92538,5.995025,7.6401157,17.985075,3.5970151,22.0
17,LINGERIE,93.62843,6.2418957,7.069934,18.725687,3.7451375,22.0
37,AUTOMOTIVE,91.75552,6.117035,7.640443,18.351105,3.670221,22.0
16,BREAD/BAKERY,92.262955,6.1508636,7.7769823,18.45259,3.6905181,22.0
33,PET SUPPLIES,91.78662,6.119108,7.2631946,18.357325,3.671465,22.0
53,PRODUCE,90.62417,6.041611,6.601217,18.124834,3.6249669,22.0
38,HOME CARE,93.386665,6.2257776,7.3061957,18.677334,3.7354667,22.0
53,SEAFOOD,93.43602,6.229068,7.731101,18.687202,3.7374406,22.0
21,BREAD/BAKERY,88.13197,5.875465,7.646665,17.626394,3.5252788,21.0
15,GROCERY II,86.166214,5.7444143,7.1393924,17.233242,3.4466484,21.0
13,PET SUPPLIES,87.37166,5.824777,7.522389,17.47433,3.4948661,21.0
20,PET SUPPLIES,88.56839,5.904559,8.322036,17.713676,3.5427353,21.0
27,PRODUCE,88.02921,5.868614,8.152176,17.605843,3.5211685,21.0
13,GROCERY II,83.18241,5.545494,6.804685,16.636482,3.3272965,20.0
27,MEATS,83.06503,5.5376687,6.4603477,16.613007,3.3226013,20.0
11,LINGERIE,83.34728,5.5564857,6.646642,16.669456,3.3338914,20.0
33,HOME CARE,85.41385,5.694257,7.2881393,17.082771,3.4165542,20.0
15,CELEBRATION,84.24924,5.616616,6.9295197,16.849848,3.3699696,20.0
52,SEAFOOD,82.21029,5.4806857,6.8726816,16.442057,3.2884114,20.0
27,HOME CARE,83.93103,5.5954022,7.3633857,16.786207,3.3572414,20.0
15,AUTOMOTIVE,78.235176,5.215678,6.0208898,15.647035,3.129407,19.0
4,PRODUCE,77.33509,5.1556726,6.3105783,15.467018,3.0934036,19.0
49,BEAUTY,80.52503,5.3683352,6.8632646,16.105005,3.2210011,19.0
18,PLAYERS AND ELECTRONICS,79.06048,5.2706985,6.3342876,15.812096,3.162419,19.0
25,GROCERY I,77.15253,5.1435018,5.94191,15.430506,3.0861013,19.0
10,BEAUTY,79.7448,5.31632,6.1713777,15.948959,3.189792,19.0
33,LAWN AND GARDEN,80.67503,5.3783355,6.4147806,16.135006,3.2270012,19.0
2,BEAUTY,79.758575,5.3172383,7.602926,15.951715,3.1903431,19.0
14,SEAFOOD,78.13791,5.2091937,5.829968,15.627581,3.1255162,19.0
53,BREAD/BAKERY,81.217476,5.4144983,7.2395883,16.243496,3.2486992,19.0
27,PERSONAL CARE,80.08705,5.3391366,6.178927,16.01741,3.2034822,19.0
7,AUTOMOTIVE,80.32764,5.355176,5.9796286,16.065529,3.213106,19.0
38,"LIQUOR,WINE,BEER",73.254745,4.88365,7.060883,14.6509495,2.9301898,18.0
5,LAWN AND GARDEN,73.324615,4.8883076,5.679126,14.664923,2.9329846,18.0
52,MAGAZINES,73.8112,4.920747,6.0925717,14.76224,2.9524481,18.0
3,PRODUCE,74.0797,4.9386463,6.5706787,14.815939,2.963188,18.0
11,LADIESWEAR,73.97286,4.9315243,7.7039895,14.794573,2.9589145,18.0
19,MAGAZINES,75.30335,5.0202236,6.5317526,15.060671,3.0121343,18.0
44,LAWN AND GARDEN,75.82805,5.0552034,6.289902,15.16561,3.033122,18.0
33,PRODUCE,73.74168,4.916112,5.8594437,14.748336,2.9496672,18.0
1,GROCERY II,73.08369,4.872246,6.9432726,14.616737,2.9233475,18.0
34,GROCERY I,76.24651,5.083101,7.023893,15.249302,3.0498605,18.0
20,SCHOOL AND OFFICE SUPPLIES,73.20748,4.880499,6.4480906,14.641497,2.9282994,18.0
34,SCHOOL AND OFFICE SUPPLIES,75.61226,5.0408173,6.047514,15.122452,3.0244904,18.0
27,SCHOOL AND OFFICE SUPPLIES,75.50342,5.033561,6.0680676,15.100683,3.0201366,18.0
3,GROCERY I,74.729485,4.9819655,6.145827,14.945896,2.9891794,18.0
28,PERSONAL CARE,71.19953,4.7466354,5.731974,14.239906,2.8479812,17.0
33,SEAFOOD,69.93555,4.6623697,5.1611156,13.987109,2.797422,17.0
24,PET SUPPLIES,70.93768,4.729179,6.297231,14.187536,2.8375072,17.0
19,PET SUPPLIES,69.31406,4.620937,5.8970623,13.86281,2.772562,17.0
14,PLAYERS AND ELECTRONICS,70.40708,4.693805,5.4424777,14.081415,2.816283,17.0
53,HOME CARE,70.95775,4.7305164,6.0086966,14.191549,2.83831,17.0
18,SEAFOOD,69.108604,4.60724,5.738591,13.82172,2.764344,17.0
52,AUTOMOTIVE,69.49378,4.632919,5.6117315,13.898756,2.7797513,17.0
25,LAWN AND GARDEN,71.796486,4.7864323,5.8921623,14.359297,2.8718593,17.0
41,BEAUTY,71.38267,4.7588444,6.3278637,14.276533,2.8553066,17.0
12,AUTOMOTIVE,71.57246,4.7714972,5.560273,14.314491,2.8628983,17.0
22,"LIQUOR,WINE,BEER",69.91147,4.6607647,5.836057,13.982294,2.796459,17.0
30,HOME CARE,72.77304,4.8515363,7.5867996,14.554609,2.9109218,17.0
22,PET SUPPLIES,72.665855,4.8443904,5.7802997,14.533171,2.906634,17.0
8,AUTOMOTIVE,70.06274,4.6708493,5.807082,14.012548,2.8025098,17.0
48,SEAFOOD,69.36855,4.6245704,5.5145245,13.873711,2.7747421,17.0
43,GROCERY I,71.42589,4.761726,5.498666,14.285177,2.8570354,17.0
12,PET SUPPLIES,66.82578,4.4550524,5.4904838,13.365157,2.6730316,16.0
23,BEAUTY,67.75177,4.5167847,5.1243834,13.550354,2.7100708,16.0
3,PERSONAL CARE,66.62624,4.4417496,5.2473764,13.325249,2.6650498,16.0
17,AUTOMOTIVE,65.60652,4.3737683,5.0694656,13.121305,2.6242611,16.0
3,BREAD/BAKERY,66.782364,4.4521575,6.271952,13.356472,2.6712945,16.0
28,HOME CARE,66.19802,4.4132013,5.7946057,13.239604,2.6479208,16.0
28,HOME APPLIANCES,67.61301,4.5075336,5.4678974,13.5226,2.70452,16.0
52,PET SUPPLIES,67.08891,4.4725943,6.4306254,13.417783,2.6835566,16.0
26,MAGAZINES,64.79993,4.319995,5.572943,12.959985,2.591997,16.0
42,HOME CARE,65.64459,4.376306,5.8584604,13.128918,2.6257837,16.0
31,HOME AND KITCHEN I,65.603874,4.3735914,5.5099406,13.120774,2.6241548,16.0
9,MAGAZINES,64.25514,4.283676,5.9489574,12.851028,2.5702057,15.0
18,LINGERIE,63.707733,4.2471824,5.060623,12.741547,2.5483093,15.0
1,LADIESWEAR,61.234272,4.082285,5.235362,12.246855,2.449371,15.0
28,MEATS,62.43364,4.1622424,4.851296,12.486727,2.4973454,15.0
24,SEAFOOD,63.583412,4.238894,4.644026,12.716682,2.5433366,15.0
32,PERSONAL CARE,63.680443,4.2453628,4.9865117,12.736088,2.5472176,15.0
14,LINGERIE,64.04669,4.2697797,5.0367393,12.80934,2.561868,15.0
13,SCHOOL AND OFFICE SUPPLIES,63.036846,4.2024565,5.9698563,12.607369,2.521474,15.0
47,LAWN AND GARDEN,62.36114,4.157409,5.9618144,12.472227,2.4944456,15.0
14,BREAD/BAKERY,61.38833,4.092555,6.1151114,12.277665,2.455533,15.0
1,CELEBRATION,64.52183,4.301455,5.6562347,12.904366,2.5808733,15.0
21,PET SUPPLIES,62.502605,4.1668406,4.9613504,12.500522,2.5001044,15.0
31,BREAD/BAKERY,61.256218,4.083748,5.352108,12.251244,2.4502487,15.0
50,PRODUCE,56.87062,3.7913747,4.895141,11.374125,2.2748249,14.0
17,BEAUTY,58.12105,3.8747368,5.3552165,11.62421,2.3248422,14.0
24,BEAUTY,60.24167,4.0161114,5.578791,12.048334,2.4096668,14.0
51,PERSONAL CARE,58.156273,3.877085,13.30405,11.631255,2.326251,14.0
16,SCHOOL AND OFFICE SUPPLIES,56.53194,3.768796,8.566967,11.306388,2.2612777,14.0
12,SEAFOOD,58.446774,3.8964515,4.865617,11.689354,2.3378708,14.0
35,PET SUPPLIES,59.783234,3.985549,4.6274357,11.956647,2.3913295,14.0
11,SCHOOL AND OFFICE SUPPLIES,60.27023,4.0180154,7.142154,12.054047,2.4108093,14.0
19,AUTOMOTIVE,56.9146,3.7943068,5.4051657,11.38292,2.2765841,14.0
20,HOME CARE,59.993023,3.9995348,5.413208,11.998605,2.399721,14.0
32,FROZEN FOODS,57.930874,3.8620582,4.9492283,11.586174,2.3172348,14.0
35,SEAFOOD,55.027546,3.668503,4.2231293,11.005509,2.201102,13.0
13,SEAFOOD,53.143425,3.542895,4.1667466,10.628685,2.125737,13.0
4,AUTOMOTIVE,54.735657,3.6490438,4.3544235,10.947131,2.1894262,13.0
38,BEAUTY,52.437218,3.4958146,4.330001,10.487444,2.0974889,13.0
3,LADIESWEAR,52.616035,3.5077357,4.4369636,10.523207,2.1046414,13.0
1,PLAYERS AND ELECTRONICS,54.07979,3.6053193,4.250822,10.815958,2.1631916,13.0
24,PERSONAL CARE,53.27608,3.5517387,4.891105,10.655216,2.1310432,13.0
21,GROCERY I,54.21339,3.614226,5.0467796,10.842678,2.1685357,13.0
2,LAWN AND GARDEN,52.92052,3.5280347,4.62072,10.584105,2.116821,13.0
35,LAWN AND GARDEN,53.418594,3.5612397,4.505142,10.68372,2.136744,13.0
15,LAWN AND GARDEN,53.13228,3.542152,4.1452155,10.626455,2.125291,13.0
33,PERSONAL CARE,51.907284,3.4604857,4.1135287,10.381457,2.0762916,12.0
32,SCHOOL AND OFFICE SUPPLIES,51.53254,3.4355025,4.013857,10.306507,2.0613015,12.0
42,PERSONAL CARE,49.35231,3.290154,3.8596098,9.870462,1.9740925,12.0
42,PREPARED FOODS,49.132473,3.2754982,3.9876833,9.826494,1.9652989,12.0
33,HOME APPLIANCES,48.38759,3.2258391,4.949753,9.677517,1.9355034,12.0
2,PERSONAL CARE,49.5059,3.3003933,4.0908594,9.90118,1.980236,12.0
54,PET SUPPLIES,49.09198,3.2727988,4.456677,9.818397,1.9636793,12.0
16,MAGAZINES,49.07705,3.2718034,4.7312837,9.815411,1.9630822,12.0
35,PERSONAL CARE,47.939205,3.195947,4.290946,9.587841,1.9175682,12.0
14,BABY CARE,51.94878,3.463252,4.842766,10.389756,2.0779512,12.0
13,LAWN AND GARDEN,49.635654,3.3090436,4.187289,9.927131,1.9854262,12.0
41,LINGERIE,51.791164,3.4527442,4.084285,10.3582325,2.0716465,12.0
26,BEAUTY,48.876328,3.258422,4.0881605,9.775266,1.9550532,12.0
30,PERSONAL CARE,51.26294,3.4175293,4.130774,10.252588,2.0505178,12.0
42,BEAUTY,51.491077,3.4327385,4.5480175,10.298216,2.0596433,12.0
22,PERSONAL CARE,51.035057,3.402337,3.8888376,10.207011,2.0414023,12.0
22,LAWN AND GARDEN,48.97031,3.2646873,3.8537407,9.794062,1.9588124,12.0
17,PET SUPPLIES,51.57304,3.4382026,4.127479,10.314608,2.0629215,12.0
21,LAWN AND GARDEN,49.796936,3.3197958,4.467299,9.959388,1.9918776,12.0
15,PET SUPPLIES,49.10053,3.2733686,4.4399853,9.820106,1.9640211,12.0
27,PREPARED FOODS,49.914772,3.3276515,3.8973172,9.982954,1.9965909,12.0
18,SCHOOL AND OFFICE SUPPLIES,49.75993,3.3173287,6.0944924,9.951986,1.9903973,12.0
3,AUTOMOTIVE,50.328648,3.3552432,4.0787606,10.065729,2.013146,12.0
20,BABY CARE,51.88348,3.4588988,5.599033,10.376697,2.0753393,12.0
8,HARDWARE,45.50805,3.03387,3.611798,9.10161,1.820322,11.0
33,SCHOOL AND OFFICE SUPPLIES,45.549534,3.0366356,3.8810692,9.109907,1.8219814,11.0
22,SEAFOOD,47.400246,3.1600163,3.723548,9.480049,1.8960098,11.0
50,HOME CARE,44.850647,2.9900432,3.7595062,8.970129,1.7940258,11.0
49,LINGERIE,47.533028,3.1688685,4.158641,9.506605,1.901321,11.0
51,PRODUCE,43.788197,2.919213,6.087957,8.757639,1.7515278,11.0
51,PREPARED FOODS,45.200638,3.0133758,6.8792896,9.040127,1.8080254,11.0
25,SEAFOOD,44.299053,2.9532702,3.4589472,8.859811,1.7719622,11.0
27,BEAUTY,45.243755,3.0162504,4.1048303,9.048751,1.8097502,11.0
11,SEAFOOD,44.740463,2.9826975,3.8790326,8.948092,1.7896185,11.0
39,HARDWARE,44.469166,2.964611,3.6419094,8.893833,1.7787666,11.0
14,SCHOOL AND OFFICE SUPPLIES,44.56596,2.971064,4.89991,8.913193,1.7826385,11.0
7,HARDWARE,39.899483,2.6599655,3.1564837,7.9798965,1.5959793,10.0
18,MAGAZINES,40.015816,2.667721,3.6515124,8.003163,1.6006327,10.0
2,HOME CARE,40.32077,2.6880515,3.8615997,8.064155,1.612831,10.0
36,LINGERIE,43.038258,2.8692172,4.5490613,8.607652,1.7215303,10.0
12,LAWN AND GARDEN,39.820908,2.6547272,3.0858812,7.964182,1.5928364,10.0
28,AUTOMOTIVE,39.94776,2.6631842,3.3222935,7.9895525,1.5979105,10.0
41,AUTOMOTIVE,41.45105,2.7634034,3.703863,8.290211,1.6580422,10.0
42,MEATS,42.9636,2.86424,4.0026655,8.59272,1.718544,10.0
24,AUTOMOTIVE,42.591675,2.8394449,3.744748,8.518334,1.7036669,10.0
45,GROCERY II,41.631226,2.775415,3.8723297,8.326244,1.6652489,10.0
18,BEAUTY,43.018986,2.8679323,3.876067,8.603797,1.7207594,10.0
20,SEAFOOD,42.751457,2.8500972,4.0416484,8.550291,1.7100582,10.0
19,BABY CARE,43.181217,2.8787477,4.0708714,8.636243,1.7272485,10.0
33,GROCERY I,39.83652,2.6557682,3.2878392,7.967304,1.5934609,10.0
33,"LIQUOR,WINE,BEER",35.673733,2.378249,2.9595113,7.1347466,1.4269494,9.0
20,LADIESWEAR,37.68508,2.5123389,3.056369,7.537017,1.5074034,9.0
1,LINGERIE,39.249424,2.6166282,3.3230388,7.8498845,1.5699769,9.0
12,BABY CARE,37.612076,2.5074718,3.2544818,7.522415,1.5044831,9.0
17,LAWN AND GARDEN,35.525887,2.3683925,3.1423225,7.1051774,1.4210355,9.0
17,MAGAZINES,38.138935,2.5425956,3.2736456,7.6277866,1.5255574,9.0
4,MEATS,37.453598,2.4969065,3.254732,7.49072,1.498144,9.0
12,PRODUCE,38.32803,2.555202,7.265515,7.665606,1.5331212,9.0
51,MEATS,35.643402,2.376227,7.165944,7.1286807,1.4257362,9.0
16,BABY CARE,38.723118,2.5815413,3.0624633,7.744624,1.5489248,9.0
13,"LIQUOR,WINE,BEER",36.382343,2.4254897,3.7256927,7.276469,1.4552939,9.0
10,MAGAZINES,39.111736,2.607449,3.1513772,7.822347,1.5644695,9.0
10,LAWN AND GARDEN,36.465034,2.4310024,3.1453729,7.293007,1.4586014,9.0
13,PRODUCE,36.842716,2.456181,4.5151377,7.368543,1.4737086,9.0
26,HARDWARE,37.363396,2.4908931,2.8046465,7.472679,1.4945358,9.0
42,LADIESWEAR,39.004677,2.6003118,3.3120668,7.8009353,1.5601871,9.0
42,LINGERIE,35.514286,2.367619,3.3417668,7.102857,1.4205714,9.0
21,SEAFOOD,34.19576,2.2797172,2.627627,6.8391514,1.3678303,8.0
51,BOOKS,32.761963,2.184131,7.7710366,6.552393,1.3104786,8.0
22,AUTOMOTIVE,32.738438,2.1825626,2.6504803,6.5476875,1.3095375,8.0
16,PET SUPPLIES,31.77351,2.118234,2.8239844,6.354702,1.2709404,8.0
51,HOME APPLIANCES,33.938976,2.2625985,6.609303,6.7877955,1.3575591,8.0
53,MEATS,34.162884,2.2775257,2.7007499,6.8325768,1.3665154,8.0
53,PREPARED FOODS,35.125343,2.3416896,3.2374463,7.0250688,1.4050138,8.0
28,PREPARED FOODS,33.764233,2.250949,2.832222,6.7528467,1.3505694,8.0
30,AUTOMOTIVE,33.981224,2.265415,2.7241673,6.7962446,1.359249,8.0
21,"LIQUOR,WINE,BEER",34.99234,2.3328226,3.1961713,6.9984674,1.3996935,8.0
34,BREAD/BAKERY,35.10051,2.340034,2.8326821,7.020102,1.4040204,8.0
51,LINGERIE,32.686935,2.1791291,6.9253364,6.5373874,1.3074775,8.0
1,SCHOOL AND OFFICE SUPPLIES,32.33412,2.1556082,4.523503,6.4668245,1.2933649,8.0
1,SEAFOOD,32.19368,2.1462452,2.6817627,6.438736,1.2877473,8.0
33,AUTOMOTIVE,33.092583,2.2061722,2.7028022,6.618517,1.3237034,8.0
30,PRODUCE,32.925503,2.1950336,2.9563863,6.5851007,1.3170202,8.0
20,"LIQUOR,WINE,BEER",27.464273,1.8309516,2.4538171,5.4928546,1.098571,7.0
46,HOME AND KITCHEN II,28.661123,1.9107416,2.3750298,5.7322245,1.1464449,7.0
11,MAGAZINES,30.428291,2.0285528,2.3966887,6.085658,1.2171316,7.0
1,BEVERAGES,29.505627,1.9670417,2.5937762,5.901125,1.180225,7.0
31,PRODUCE,30.004982,2.000332,2.4951382,6.0009966,1.2001994,7.0
32,AUTOMOTIVE,29.926409,1.995094,2.225967,5.985282,1.1970564,7.0
25,PLAYERS AND ELECTRONICS,28.539808,1.9026539,2.1675339,5.707962,1.1415924,7.0
25,PET SUPPLIES,30.418165,2.0278776,2.4190307,6.0836325,1.2167265,7.0
4,LINGERIE,30.908089,2.0605392,2.721725,6.1816177,1.2363236,7.0
4,BEAUTY,30.973577,2.0649052,2.5898645,6.1947155,1.2389431,7.0
15,SCHOOL AND OFFICE SUPPLIES,28.63378,1.9089186,2.3354697,5.726756,1.1453513,7.0
4,GROCERY II,28.008064,1.8672043,2.1429684,5.601613,1.1203226,7.0
12,HOME CARE,30.779612,2.051974,2.477413,6.155922,1.2311844,7.0
3,MEATS,30.615892,2.0410595,2.2692716,6.1231785,1.2246357,7.0
13,BEAUTY,28.62453,1.9083021,2.462033,5.724906,1.1449813,7.0
10,PET SUPPLIES,31.195148,2.0796766,2.66124,6.23903,1.247806,7.0
46,GROCERY II,28.035381,1.8690255,2.4219904,5.6070766,1.1214154,7.0
22,LADIESWEAR,28.603447,1.9068965,2.587218,5.7206893,1.1441379,7.0
35,PRODUCE,27.088223,1.8058815,2.9304125,5.4176445,1.0835289,7.0
1,AUTOMOTIVE,30.804455,2.0536304,2.5135717,6.160891,1.2321782,7.0
50,GROCERY II,27.24722,1.8164812,2.1369295,5.449444,1.0898888,7.0
19,HARDWARE,25.905432,1.7270287,2.2961228,5.181086,1.0362172,6.0
51,LADIESWEAR,26.171402,1.7447602,4.7446594,5.2342806,1.0468562,6.0
36,HARDWARE,24.120106,1.6080071,1.8674148,4.8240213,0.9648043,6.0
9,HARDWARE,24.064774,1.6043183,1.8764944,4.812955,0.962591,6.0
20,PERSONAL CARE,26.977785,1.798519,2.2626884,5.395557,1.0791115,6.0
25,LINGERIE,26.343391,1.7562261,2.2881744,5.268678,1.0537356,6.0
44,GROCERY II,25.05612,1.670408,2.0305538,5.011224,1.0022448,6.0
51,AUTOMOTIVE,25.20445,1.6802967,3.9369705,5.0408897,1.008178,6.0
30,SEAFOOD,25.699492,1.7132994,2.0421295,5.1398983,1.0279797,6.0
32,MEATS,25.703358,1.7135571,2.3187034,5.1406713,1.0281342,6.0
48,GROCERY II,26.207594,1.747173,2.0519426,5.241519,1.0483038,6.0
32,LINGERIE,25.831673,1.7221115,2.1112869,5.166334,1.0332669,6.0
31,GROCERY I,24.92053,1.6613687,1.9786303,4.984106,0.9968212,6.0
14,MAGAZINES,26.50145,1.7667633,2.1853266,5.30029,1.060058,6.0
38,GROCERY II,26.96803,1.7978687,2.0874956,5.393606,1.0787213,6.0
5,GROCERY II,25.774574,1.718305,2.1461172,5.154915,1.030983,6.0
50,SEAFOOD,26.717312,1.7811542,3.1980853,5.3434625,1.0686926,6.0
21,PRODUCE,26.92329,1.794886,3.3053632,5.384658,1.0769316,6.0
44,HOME AND KITCHEN II,19.232668,1.2821778,1.7571757,3.8465333,0.76930666,5.0
30,HOME APPLIANCES,20.368895,1.3579262,1.6764576,4.0737786,0.81475574,5.0
30,"LIQUOR,WINE,BEER",21.369719,1.4246479,1.9290079,4.273944,0.8547888,5.0
28,LINGERIE,22.05398,1.4702653,1.9049448,4.4107957,0.8821592,5.0
37,HARDWARE,20.629917,1.3753278,1.7014798,4.125983,0.8251967,5.0
52,HARDWARE,22.877804,1.5251869,2.000941,4.5755606,0.91511214,5.0
24,HARDWARE,19.678595,1.3119063,1.599523,3.935719,0.7871438,5.0
35,SCHOOL AND OFFICE SUPPLIES,19.972513,1.3315009,1.7600106,3.9945025,0.79890054,5.0
18,HARDWARE,19.747004,1.3164669,1.7049823,3.949401,0.7898802,5.0
49,HARDWARE,22.097101,1.4731401,1.8262223,4.4194202,0.8838841,5.0
26,SCHOOL AND OFFICE SUPPLIES,21.229818,1.4153212,1.9368771,4.2459636,0.84919274,5.0
40,GROCERY II,20.404655,1.3603103,1.673778,4.0809307,0.81618613,5.0
27,LINGERIE,19.384222,1.2922815,1.6063851,3.8768444,0.77536887,5.0
15,"LIQUOR,WINE,BEER",19.905783,1.3270522,1.5663027,3.9811568,0.7962314,5.0
12,SCHOOL AND OFFICE SUPPLIES,21.444344,1.4296229,1.6502539,4.288869,0.8577738,5.0
29,GROCERY II,21.00713,1.4004753,1.6441079,4.2014256,0.8402851,5.0
2,"LIQUOR,WINE,BEER",19.063522,1.2709014,1.5700021,3.8127043,0.7625409,5.0
11,PET SUPPLIES,22.59885,1.50659,1.9979659,4.51977,0.903954,5.0
31,LADIESWEAR,21.73737,1.449158,1.9453754,4.347474,0.86949486,5.0
35,"LIQUOR,WINE,BEER",21.21766,1.4145107,1.9374348,4.243532,0.8487064,5.0
31,PERSONAL CARE,17.62203,1.1748021,1.4862756,3.5244062,0.70488125,4.0
11,BEAUTY,18.106924,1.2071283,1.5689797,3.6213849,0.72427696,4.0
23,HARDWARE,16.664236,1.110949,1.4346932,3.332847,0.6665694,4.0
18,PET SUPPLIES,18.13189,1.2087926,1.6212378,3.6263776,0.7252755,4.0
16,GROCERY II,16.119017,1.074601,1.3856474,3.223803,0.6447606,4.0
21,SCHOOL AND OFFICE SUPPLIES,18.588852,1.2392567,1.7530932,3.71777,0.74355406,4.0
21,BABY CARE,18.748579,1.2499052,1.5935141,3.7497158,0.7499432,4.0
7,HOME APPLIANCES,14.799525,0.986635,1.1479577,2.9599051,0.59198105,4.0
35,AUTOMOTIVE,16.50033,1.100022,1.5973661,3.300066,0.6600132,4.0
14,GROCERY II,16.48719,1.099146,1.2542729,3.2974381,0.65948766,4.0
6,HARDWARE,14.750803,0.9833869,1.3201694,2.9501605,0.5900321,4.0
17,HARDWARE,16.51177,1.1007847,1.4160103,3.3023539,0.6604708,4.0
28,GROCERY I,14.921624,0.99477494,1.2567878,2.984325,0.596865,4.0
39,SCHOOL AND OFFICE SUPPLIES,16.842896,1.1228597,1.3145711,3.3685791,0.67371583,4.0
54,GROCERY I,17.46916,1.1646106,1.3077123,3.4938319,0.6987664,4.0
34,PERSONAL CARE,16.272243,1.0848162,1.4271957,3.2544487,0.65088975,4.0
32,PRODUCE,16.089489,1.0726326,1.4112931,3.2178977,0.64357954,4.0
53,LAWN AND GARDEN,15.897617,1.0598412,1.2293922,3.1795235,0.6359047,4.0
15,BEAUTY,18.50196,1.233464,1.6537145,3.700392,0.7400784,4.0
34,MEATS,10.541264,0.7027509,0.98714566,2.1082528,0.42165056,3.0
48,HOME AND KITCHEN II,11.7270355,0.78180236,1.1376026,2.345407,0.4690814,3.0
54,SCHOOL AND OFFICE SUPPLIES,10.958037,0.7305358,1.0485444,2.1916075,0.4383215,3.0
12,"LIQUOR,WINE,BEER",13.983493,0.93223286,1.1556957,2.7966986,0.5593397,3.0
13,LADIESWEAR,12.211641,0.81410944,1.1331047,2.4423285,0.4884657,3.0
14,AUTOMOTIVE,13.842988,0.92286587,1.2702346,2.7685976,0.5537195,3.0
25,GROCERY II,11.730941,0.7820627,0.96983016,2.346188,0.46923763,3.0
45,HOME AND KITCHEN II,13.957132,0.9304755,1.1698444,2.7914264,0.5582853,3.0
37,SCHOOL AND OFFICE SUPPLIES,10.95769,0.7305127,1.1875204,2.191538,0.4383076,3.0
3,LINGERIE,11.097676,0.7398451,0.90048325,2.2195354,0.44390708,3.0
10,HARDWARE,12.170429,0.81136197,0.98820007,2.4340858,0.48681718,3.0
34,LADIESWEAR,11.303249,0.75354993,1.1160686,2.2606497,0.45212993,3.0
25,SCHOOL AND OFFICE SUPPLIES,12.566172,0.8377448,1.1046554,2.5132344,0.50264686,3.0
51,GROCERY I,11.409592,0.7606394,1.3751667,2.2819183,0.45638368,3.0
27,GROCERY II,14.099812,0.9399874,1.0843343,2.8199623,0.56399244,3.0
27,HOME AND KITCHEN II,11.356906,0.75712705,0.96979016,2.2713811,0.45427623,3.0
40,SCHOOL AND OFFICE SUPPLIES,10.496618,0.69977456,0.8136804,2.0993237,0.41986474,3.0
13,PERSONAL CARE,12.718856,0.8479237,1.1395296,2.543771,0.5087542,3.0
41,HARDWARE,11.444824,0.76298827,0.97859114,2.2889647,0.45779297,3.0
53,GROCERY II,11.76878,0.7845853,0.97446984,2.353756,0.4707512,3.0
53,BEAUTY,10.473558,0.69823724,0.9726898,2.0947118,0.41894236,3.0
14,PET SUPPLIES,10.550267,0.70335114,0.88876694,2.1100535,0.42201072,3.0
34,PRODUCE,12.693575,0.8462383,1.1681038,2.538715,0.507743,3.0
21,PERSONAL CARE,11.808112,0.7872075,1.0327216,2.3616223,0.47232446,3.0
42,PRODUCE,12.538501,0.83590007,1.0026838,2.5077002,0.50154006,3.0
8,SCHOOL AND OFFICE SUPPLIES,11.9830885,0.7988726,1.1354681,2.396618,0.4793236,3.0
7,SCHOOL AND OFFICE SUPPLIES,7.4780006,0.49853337,0.60961664,1.4956001,0.29912004,2.0
34,GROCERY II,9.321717,0.6214478,0.80936825,1.8643434,0.3728687,2.0
35,GROCERY I,6.4834204,0.43222803,0.5345055,1.296684,0.2593368,2.0
21,GROCERY II,7.6143694,0.5076246,0.62348294,1.5228739,0.3045748,2.0
47,GROCERY II,8.416709,0.56111395,0.6999981,1.6833419,0.33666837,2.0
34,BABY CARE,7.093311,0.4728874,0.61113286,1.4186622,0.28373244,2.0
32,GROCERY I,10.160922,0.6773948,0.89316493,2.0321844,0.4064369,2.0
1,MAGAZINES,6.8102627,0.45401752,0.5918105,1.3620526,0.2724105,2.0
1,PET SUPPLIES,9.537446,0.63582975,0.7669842,1.9074893,0.38149786,2.0
2,GROCERY II,8.813082,0.5875388,0.67764187,1.7626164,0.3525233,2.0
43,HOME AND KITCHEN I,8.331051,0.5554034,0.81801087,1.6662102,0.33324203,2.0
25,BABY CARE,10.157651,0.6771767,0.9094237,2.0315301,0.40630603,2.0
41,SCHOOL AND OFFICE SUPPLIES,6.332411,0.4221607,0.51059604,1.2664821,0.25329643,2.0
52,SCHOOL AND OFFICE SUPPLIES,9.025503,0.6017002,0.8339419,1.8051006,0.36102012,2.0
31,BABY CARE,8.80624,0.5870827,0.75258976,1.7612481,0.35224962,2.0
31,GROCERY II,6.3765783,0.4251052,0.57878304,1.2753156,0.25506315,2.0
15,PERSONAL CARE,10.229575,0.68197167,0.932805,2.0459151,0.40918303,2.0
42,GROCERY II,7.315868,0.4877245,0.6919452,1.4631735,0.2926347,2.0
3,HOME CARE,7.7046576,0.51364386,0.68371475,1.5409316,0.30818632,2.0
11,HARDWARE,9.174267,0.6116178,0.86242414,1.8348534,0.3669707,2.0
30,GROCERY I,8.688948,0.57926315,0.87303936,1.7377894,0.34755787,2.0
3,GROCERY II,9.235512,0.6157008,0.76610154,1.8471024,0.3694205,2.0
3,BEAUTY,9.580191,0.6386794,0.8333201,1.9160382,0.38320765,2.0
12,PERSONAL CARE,6.9538183,0.46358788,0.5803236,1.3907636,0.27815273,2.0
34,LINGERIE,10.342613,0.68950754,0.94743544,2.0685227,0.41370454,2.0
47,HOME AND KITCHEN II,6.4097767,0.42731845,0.7234868,1.2819554,0.25639108,2.0
24,PRODUCE,10.220341,0.6813561,1.19369,2.0440683,0.4088137,2.0
50,HOME AND KITCHEN II,9.715235,0.6476823,0.9571754,1.9430469,0.38860938,2.0
39,AUTOMOTIVE,6.8651924,0.45767948,0.5902582,1.3730384,0.2746077,2.0
1,HARDWARE,8.988773,0.59925157,0.82604635,1.7977548,0.35955095,2.0
49,HOME APPLIANCES,4.6411657,0.30941105,0.39985102,0.92823315,0.18564664,1.0
31,LINGERIE,3.5586076,0.23724051,0.2975438,0.71172154,0.14234431,1.0
42,HOME AND KITCHEN II,2.661938,0.17746253,0.2719381,0.5323876,0.10647752,1.0
17,BABY CARE,2.6376019,0.17584012,0.2842615,0.52752036,0.10550407,1.0
31,MEATS,5.664765,0.377651,0.45147994,1.132953,0.22659062,1.0
21,HOME CARE,2.7940328,0.18626885,0.2746733,0.55880654,0.11176131,1.0
22,HOME AND KITCHEN II,4.068507,0.27123383,0.34655243,0.8137015,0.1627403,1.0
45,BEVERAGES,2.228948,0.14859654,0.2105759,0.44578964,0.08915793,1.0
22,GROCERY II,3.5423694,0.23615795,0.34537944,0.70847386,0.14169477,1.0
18,BABY CARE,4.466632,0.29777545,0.41225618,0.89332634,0.17866527,1.0
12,GROCERY II,3.847211,0.25648072,0.48120207,0.7694422,0.15388845,1.0
25,HOME CARE,3.4094439,0.22729626,0.40129963,0.6818888,0.13637777,1.0
25,HOME AND KITCHEN II,5.086136,0.3390757,0.43560827,1.0172272,0.20344543,1.0
36,HOME APPLIANCES,2.3274825,0.1551655,0.28055355,0.46549648,0.093099296,1.0
49,SCHOOL AND OFFICE SUPPLIES,4.1212173,0.27474782,0.36276177,0.8242434,0.16484869,1.0
18,HOME APPLIANCES,2.3829606,0.15886404,0.21440269,0.47659212,0.09531843,1.0
20,HOME AND KITCHEN II,2.781344,0.18542293,0.2373357,0.5562688,0.11125376,1.0
20,GROCERY II,5.9465785,0.39643857,0.6589762,1.1893157,0.23786314,1.0
20,PRODUCE,4.704502,0.31363347,0.44855022,0.94090044,0.18818009,1.0
9,HOME APPLIANCES,2.1913726,0.1460915,0.23186088,0.4382745,0.0876549,1.0
32,HOME AND KITCHEN I,3.0894024,0.20596017,0.26889977,0.6178805,0.123576105,1.0
1,HOME APPLIANCES,2.2441485,0.1496099,0.2033432,0.44882968,0.089765936,1.0
11,HOME APPLIANCES,3.056893,0.20379287,0.29920992,0.6113786,0.122275725,1.0
34,PREPARED FOODS,2.8308063,0.18872042,0.30949077,0.5661613,0.113232255,1.0
33,HOME AND KITCHEN I,4.140063,0.2760042,0.4666951,0.8280126,0.16560252,1.0
5,HOME AND KITCHEN II,4.2443695,0.28295797,0.39359367,0.8488739,0.16977479,1.0
8,BABY CARE,5.88416,0.39227733,0.70075554,1.176832,0.23536639,1.0
7,BOOKS,2.4195178,0.16130118,0.20401214,0.48390353,0.09678071,1.0
35,HOME AND KITCHEN I,2.2306342,0.14870895,0.19119674,0.44612688,0.089225374,1.0
26,HOME APPLIANCES,4.0903797,0.272692,0.38214606,0.818076,0.16361521,1.0
39,HOME APPLIANCES,2.6957972,0.17971982,0.31509525,0.5391595,0.107831895,1.0
29,HOME AND KITCHEN II,3.2528374,0.21685582,0.34320816,0.6505675,0.1301135,1.0
53,HOME AND KITCHEN II,2.5501544,0.1700103,0.2269933,0.51003087,0.102006175,1.0
4,HOME AND KITCHEN II,3.2309365,0.21539576,0.31663564,0.6461873,0.12923746,1.0
27,SEAFOOD,5.200678,0.34671184,0.4225859,1.0401355,0.20802711,1.0
19,HOME APPLIANCES,3.040839,0.2027226,0.31667498,0.60816777,0.12163355,1.0
20,AUTOMOTIVE,5.409333,0.36062223,0.48572683,1.0818667,0.21637335,1.0
15,BABY CARE,3.5271244,0.23514162,0.3124734,0.70542485,0.14108497,1.0
31,HOME AND KITCHEN II,3.0136614,0.20091076,0.24496694,0.6027323,0.12054646,1.0
16,AUTOMOTIVE,5.9960976,0.39973983,0.5142898,1.1992195,0.23984389,1.0
51,HOME AND KITCHEN I,2.1281717,0.14187811,0.2162997,0.42563432,0.08512687,1.0
25,MAGAZINES,3.326158,0.22174387,0.34039727,0.6652316,0.13304631,1.0
15,HARDWARE,5.229379,0.34862527,0.47106037,1.0458758,0.20917515,1.0
15,HOME APPLIANCES,2.6263242,0.17508827,0.25179604,0.5252648,0.10505296,1.0
40,HOME AND KITCHEN II,2.9598527,0.19732352,0.30959976,0.59197056,0.118394114,1.0
38,HOME AND KITCHEN II,3.8786883,0.25857922,0.35622638,0.77573764,0.15514754,1.0
54,HOME AND KITCHEN I,3.4721901,0.23147935,0.35814017,0.69443804,0.13888761,1.0
3,BABY CARE,2.8657882,0.19105254,0.28199694,0.5731576,0.114631526,1.0
53,SCHOOL AND OFFICE SUPPLIES,3.9272795,0.26181862,0.31295642,0.7854558,0.15709117,1.0
3,HOME AND KITCHEN II,3.2934458,0.21956305,0.3003825,0.65868914,0.13173783,1.0
4,BABY CARE,2.1402934,0.14268622,0.23961185,0.42805865,0.08561173,1.0
13,HARDWARE,3.6501665,0.24334444,0.36154827,0.73003334,0.14600667,1.0
30,HOME AND KITCHEN I,2.3166006,0.15444003,0.29557747,0.46332008,0.09266402,1.0
3,PREPARED FOODS,4.4067974,0.2937865,0.4984412,0.88135946,0.1762719,1.0
34,HOME AND KITCHEN II,3.186206,0.21241374,0.27399722,0.63724124,0.12744825,1.0
10,BABY CARE,3.191188,0.21274588,0.25742194,0.6382376,0.12764752,1.0
9,BABY CARE,4.453733,0.29691553,0.39019006,0.8907466,0.17814933,1.0
38,BABY CARE,4.3573437,0.29048958,0.38034874,0.8714688,0.17429376,1.0
3,SEAFOOD,4.3105774,0.2873718,0.5149442,0.86211544,0.1724231,1.0
10,HOME APPLIANCES,4.091579,0.27277192,0.48912936,0.81831574,0.16366315,1.0
32,SEAFOOD,6.0558996,0.40372664,0.5342944,1.21118,0.242236,1.0
2,BABY CARE,2.7592783,0.18395188,0.2966303,0.5518557,0.110371135,1.0
19,SCHOOL AND OFFICE SUPPLIES,0.6492725,0.043284833,0.12821898,0.1298545,0.0259709,0.0
49,AUTOMOTIVE,0.42478874,0.028319249,0.06040034,0.08495775,0.01699155,0.0
19,BEVERAGES,0.7222052,0.048147015,0.090326145,0.14444104,0.028888209,0.0
32,PREPARED FOODS,0.051861495,0.003457433,0.040898893,0.0103723,0.00207446,0.0
34,AUTOMOTIVE,0.15315624,0.010210415,0.03097492,0.030631246,0.006126249,0.0
34,HOME CARE,0.013805648,0.00092037657,0.0015666294,0.0027611298,0.000552226,0.0
8,BOOKS,1.1068285,0.07378856,0.1272397,0.22136569,0.044273138,0.0
48,BEVERAGES,0.4975459,0.033169728,0.098097816,0.09950918,0.019901836,0.0
54,BABY CARE,0.3648943,0.024326287,0.046243463,0.07297886,0.014595772,0.0
37,HOME APPLIANCES,1.1803705,0.07869136,0.1752054,0.23607409,0.047214817,0.0
29,SCHOOL AND OFFICE SUPPLIES,0.004021865,0.00026812433,0.004021865,0.000804373,0.00016087461,0.0
53,POULTRY,0.0,0.0,0.0,0.0,0.0,0.0
13,AUTOMOTIVE,0.010205349,0.0006803566,0.0047872625,0.0020410698,0.00040821396,0.0
13,HOME APPLIANCES,1.5034176,0.10022784,0.15503503,0.30068353,0.060136706,0.0
12,LADIESWEAR,0.0,0.0,0.0,0.0,0.0,0.0
37,BABY CARE,0.004559401,0.00030396006,0.0023175697,0.00091188017,0.00018237604,0.0
31,AUTOMOTIVE,0.18965228,0.012643485,0.049281634,0.037930455,0.0075860913,0.0
37,BOOKS,0.29342127,0.019561417,0.05151703,0.058684252,0.01173685,0.0
28,SEAFOOD,0.09850309,0.006566873,0.026863303,0.019700618,0.0039401236,0.0
39,BEVERAGES,0.8414561,0.056097075,0.10430464,0.16829123,0.033658247,0.0
29,BEAUTY,0.30976766,0.020651178,0.07720146,0.061953537,0.012390708,0.0
14,HOME AND KITCHEN II,1.8094891,0.12063261,0.16256115,0.36189783,0.07237957,0.0
53,MAGAZINES,0.0351801,0.0023453399,0.019107394,0.0070360196,0.001407204,0.0
28,HOME AND KITCHEN I,1.3046834,0.0869789,0.15715703,0.26093668,0.052187335,0.0
4,HOME CARE,1.6009624,0.106730826,0.24012628,0.3201925,0.0640385,0.0
14,LADIESWEAR,0.011253082,0.0007502055,0.0011613572,0.0022506164,0.0004501233,0.0
53,BABY CARE,0.42516983,0.028344655,0.07047859,0.08503397,0.017006794,0.0
36,SCHOOL AND OFFICE SUPPLIES,0.0,0.0,0.0,0.0,0.0,0.0
6,BOOKS,0.19968168,0.013312113,0.03598398,0.039936338,0.007987267,0.0
6,HOME APPLIANCES,1.5168669,0.10112446,0.20697087,0.30337337,0.060674675,0.0
6,SCHOOL AND OFFICE SUPPLIES,0.0092757065,0.00061838044,0.0036319892,0.0018551413,0.00037102826,0.0
49,BOOKS,1.3545325,0.09030216,0.17576934,0.27090648,0.054181296,0.0
41,BABY CARE,0.0042182254,0.00028121503,0.0042182254,0.0008436451,0.00016872902,0.0
27,BABY CARE,0.1022633,0.0068175537,0.028234085,0.020452661,0.004090532,0.0
4,PREPARED FOODS,0.016657706,0.0011105138,0.0109532615,0.0033315415,0.00066630833,0.0
4,SEAFOOD,0.29184914,0.019456608,0.03688517,0.058369823,0.011673965,0.0
40,BEAUTY,0.2771823,0.01847882,0.04649806,0.055436462,0.011087293,0.0
52,HOME APPLIANCES,1.2007647,0.080050975,0.1311347,0.24015293,0.048030585,0.0
51,SEAFOOD,0.0,0.0,0.0,0.0,0.0,0.0
41,BOOKS,0.6285522,0.04190348,0.073063254,0.12571044,0.025142089,0.0
41,HOME APPLIANCES,1.1549567,0.076997116,0.11461968,0.23099135,0.04619827,0.0
15,LADIESWEAR,0.0008553666,5.7024437e-05,0.0003562659,0.0001710733,3.4214663e-05,0.0
15,PRODUCE,0.0,0.0,0.0,0.0,0.0,0.0
52,BEVERAGES,0.12599283,0.008399522,0.021806935,0.025198566,0.0050397133,0.0
26,BABY CARE,1.9782692,0.13188462,0.19317089,0.39565384,0.07913077,0.0
26,BOOKS,1.8531702,0.12354468,0.16031505,0.37063402,0.0741268,0.0
42,BABY CARE,1.0128994,0.06752662,0.084270485,0.20257987,0.040515974,0.0
2,HOME AND KITCHEN II,0.57350904,0.038233936,0.06783564,0.11470181,0.022940362,0.0
47,BEVERAGES,0.21728827,0.014485884,0.032580633,0.043457653,0.008691531,0.0
18,LAWN AND GARDEN,0.04010941,0.0026739608,0.0034212982,0.008021882,0.0016043764,0.0
31,PREPARED FOODS,0.9208729,0.06139153,0.10140923,0.18417458,0.036834918,0.0
31,SEAFOOD,0.4610024,0.030733494,0.06602516,0.09220048,0.018440096,0.0
25,BEVERAGES,0.1527179,0.010181193,0.023617519,0.03054358,0.006108716,0.0
43,BABY CARE,1.1582224,0.07721483,0.16146472,0.23164448,0.0463289,0.0
16,HOME AND KITCHEN II,1.8632535,0.1242169,0.1960367,0.37265068,0.07453014,0.0
16,HOME CARE,0.0,0.0,0.0,0.0,0.0,0.0
23,BOOKS,0.0836873,0.005579153,0.03981728,0.01673746,0.0033474918,0.0
23,HOME APPLIANCES,1.1034122,0.07356081,0.12137858,0.22068244,0.04413649,0.0
24,BOOKS,0.001188631,7.924207e-05,0.001188631,0.0002377262,4.754524e-05,0.0
24,HOME APPLIANCES,0.590382,0.0393588,0.07835428,0.1180764,0.02361528,0.0
23,SCHOOL AND OFFICE SUPPLIES,0.0,0.0,0.0,0.0,0.0,0.0
25,AUTOMOTIVE,0.18748754,0.012499169,0.030010365,0.03749751,0.007499502,0.0
16,LAWN AND GARDEN,0.0,0.0,0.0,0.0,0.0,0.0
7,BABY CARE,0.44700274,0.029800182,0.049850073,0.089400545,0.01788011,0.0
12,HOME AND KITCHEN II,1.1109561,0.07406374,0.13854615,0.22219121,0.044438243,0.0
35,HOME APPLIANCES,0.0029935185,0.0001995679,0.0016483598,0.00059870374,0.00011974075,0.0
36,AUTOMOTIVE,0.005356537,0.0003571025,0.0033038436,0.0010713075,0.0002142615,0.0
36,BEVERAGES,0.39959958,0.026639972,0.059480734,0.07991992,0.015983984,0.0
31,HOME CARE,0.051338784,0.0034225855,0.00400125,0.010267757,0.0020535514,0.0
22,BEAUTY,1.0102572,0.067350484,0.08821407,0.20205146,0.04041029,0.0
22,PRODUCE,0.298945,0.019929668,0.036748473,0.059789002,0.011957801,0.0
23,AUTOMOTIVE,0.36359575,0.024239717,0.039407663,0.07271915,0.01454383,0.0
17,HOME APPLIANCES,1.656488,0.11043253,0.18676525,0.33129758,0.06625952,0.0
50,BEVERAGES,1.2788689,0.085257925,0.115737855,0.25577378,0.05115476,0.0
24,BABY CARE,0.363556,0.024237067,0.045176487,0.0727112,0.01454224,0.0
44,BEVERAGES,1.3771974,0.09181316,0.18288486,0.2754395,0.0550879,0.0
21,LADIESWEAR,0.000412609,2.7507265e-05,0.00018458367,8.2521794e-05,1.6504358e-05,0.0
46,BEVERAGES,1.0858624,0.072390825,0.1457043,0.21717247,0.043434497,0.0
5,BEVERAGES,0.90311426,0.060207617,0.13961655,0.18062285,0.03612457,0.0
21,AUTOMOTIVE,1.8236347,0.121575646,0.15638998,0.36472693,0.072945386,0.0
21,HOME AND KITCHEN II,0.74070275,0.049380183,0.08685233,0.14814055,0.029628111,0.0
11,LAWN AND GARDEN,0.00924566,0.00061637734,0.0011240846,0.001849132,0.00036982642,0.0
34,SEAFOOD,0.16700989,0.011133993,0.040682092,0.03340198,0.0066803964,0.0
32,HOME APPLIANCES,0.012257445,0.000817163,0.0015255606,0.002451489,0.0004902978,0.0
11,BABY CARE,0.34698057,0.023132037,0.06948168,0.06939611,0.013879222,0.0
1,BEAUTY,0.45288795,0.03019253,0.08690937,0.09057759,0.018115519,0.0
1,LAWN AND GARDEN,0.0,0.0,0.0,0.0,0.0,0.0
8,HOME APPLIANCES,1.1750269,0.07833513,0.17055751,0.23500538,0.047001075,0.0
